type,severity,status,target_ref,rule_id,primary_source,primary_ref,secondary_ref,detail
strong_control_sequence_difference,medium,resolved_by_locked_runtime_authority_contract,1Chr.11.27,uk5-969d245ac7c5ecb68575,oshb,1Chr.11.27,1Chr.11.27,locked runtime authority retained; raw secondary textual/segmentation variant recorded
strong_control_sequence_difference,medium,resolved_by_locked_runtime_authority_contract,1Chr.11.36,uk5-aef30bb46e333f6459a8,oshb,1Chr.11.36,1Chr.11.36,locked runtime authority retained; raw secondary textual/segmentation variant recorded
strong_control_sequence_difference,low,resolved_by_locked_runtime_authority_contract,1Chr.11.9,uk5-32d6bc4029ed665f4b11,oshb,1Chr.11.9,1Chr.11.9,locked runtime authority retained; raw secondary textual/segmentation variant recorded
strong_control_sequence_difference,high,resolved_by_locked_runtime_authority_contract,1Chr.12.10,uk5-8d347ca9d57d8f4b13b0,oshb,1Chr.12.10,,locked runtime authority retained; raw secondary textual/segmentation variant recorded
strong_control_sequence_difference,high,resolved_by_locked_runtime_authority_contract,1Chr.12.11,uk5-56928384b9a309187e22,oshb,1Chr.12.11,,locked runtime authority retained; raw secondary textual/segmentation variant recorded
strong_control_sequence_difference,high,resolved_by_locked_runtime_authority_contract,1Chr.12.12,uk5-346fb1127be116045766,oshb,1Chr.12.12,,locked runtime authority retained; raw secondary textual/segmentation variant recorded
strong_control_sequence_difference,high,resolved_by_locked_runtime_authority_contract,1Chr.12.13,uk5-2ae7672b45211708ec6e,oshb,1Chr.12.13,,locked runtime authority retained; raw secondary textual/segmentation variant recorded
strong_control_sequence_difference,high,resolved_by_locked_runtime_authority_contract,1Chr.12.14,uk5-0042bc5c7c413acf7145,oshb,1Chr.12.14,,locked runtime authority retained; raw secondary textual/segmentation variant recorded
strong_control_sequence_difference,high,resolved_by_locked_runtime_authority_contract,1Chr.12.15,uk5-edc1cd6efdfbb101ba04,oshb,1Chr.12.15,,locked runtime authority retained; raw secondary textual/segmentation variant recorded
strong_control_sequence_difference,high,resolved_by_locked_runtime_authority_contract,1Chr.12.16,uk5-5f5596d3e6f1058c208d,oshb,1Chr.12.16,,locked runtime authority retained; raw secondary textual/segmentation variant recorded
strong_control_sequence_difference,high,resolved_by_locked_runtime_authority_contract,1Chr.12.17,uk5-9bfa9f564e34c34c967d,oshb,1Chr.12.17,,locked runtime authority retained; raw secondary textual/segmentation variant recorded
strong_control_sequence_difference,high,resolved_by_locked_runtime_authority_contract,1Chr.12.18,uk5-af2e7625b6e29c62877f,oshb,1Chr.12.18,,locked runtime authority retained; raw secondary textual/segmentation variant recorded
strong_control_sequence_difference,high,resolved_by_locked_runtime_authority_contract,1Chr.12.19,uk5-0f6e044accb71460d18b,oshb,1Chr.12.19,,locked runtime authority retained; raw secondary textual/segmentation variant recorded
strong_control_sequence_difference,high,resolved_by_locked_runtime_authority_contract,1Chr.12.20,uk5-33c2b25c0f44ef38aafb,oshb,1Chr.12.20,,locked runtime authority retained; raw secondary textual/segmentation variant recorded
strong_control_sequence_difference,high,resolved_by_locked_runtime_authority_contract,1Chr.12.21,uk5-d624de9b7051ccd8a3c1,oshb,1Chr.12.21,,locked runtime authority retained; raw secondary textual/segmentation variant recorded
strong_control_sequence_difference,high,resolved_by_locked_runtime_authority_contract,1Chr.12.22,uk5-9427e2dd28588e22e419,oshb,1Chr.12.22,,locked runtime authority retained; raw secondary textual/segmentation variant recorded
strong_control_sequence_difference,high,resolved_by_locked_runtime_authority_contract,1Chr.12.23,uk5-27e15511bf77503b4bfa,oshb,1Chr.12.23,,locked runtime authority retained; raw secondary textual/segmentation variant recorded
strong_control_sequence_difference,high,resolved_by_locked_runtime_authority_contract,1Chr.12.24,uk5-fcda18f571958084e984,oshb,1Chr.12.24,,locked runtime authority retained; raw secondary textual/segmentation variant recorded
strong_control_sequence_difference,high,resolved_by_locked_runtime_authority_contract,1Chr.12.25,uk5-799bd2ad7af13c5a1650,oshb,1Chr.12.25,,locked runtime authority retained; raw secondary textual/segmentation variant recorded
strong_control_sequence_difference,high,resolved_by_locked_runtime_authority_contract,1Chr.12.26,uk5-514d0f8b16ba8f35eff7,oshb,1Chr.12.26,,locked runtime authority retained; raw secondary textual/segmentation variant recorded
strong_control_sequence_difference,high,resolved_by_locked_runtime_authority_contract,1Chr.12.27,uk5-28c23b4c2647e259367e,oshb,1Chr.12.27,,locked runtime authority retained; raw secondary textual/segmentation variant recorded
strong_control_sequence_difference,high,resolved_by_locked_runtime_authority_contract,1Chr.12.28,uk5-038a6d638dac9bb81fb2,oshb,1Chr.12.28,,locked runtime authority retained; raw secondary textual/segmentation variant recorded
strong_control_sequence_difference,high,resolved_by_locked_runtime_authority_contract,1Chr.12.29,uk5-7c3130fdefeb67a48ef7,oshb,1Chr.12.29,,locked runtime authority retained; raw secondary textual/segmentation variant recorded
strong_control_sequence_difference,high,resolved_by_locked_runtime_authority_contract,1Chr.12.30,uk5-5d08adee7048c51d282d,oshb,1Chr.12.30,,locked runtime authority retained; raw secondary textual/segmentation variant recorded
strong_control_sequence_difference,high,resolved_by_locked_runtime_authority_contract,1Chr.12.31,uk5-dab1d67984563b38f9f1,oshb,1Chr.12.31,,locked runtime authority retained; raw secondary textual/segmentation variant recorded
strong_control_sequence_difference,high,resolved_by_locked_runtime_authority_contract,1Chr.12.32,uk5-30aa5da5c949c344fab0,oshb,1Chr.12.32,,locked runtime authority retained; raw secondary textual/segmentation variant recorded
strong_control_sequence_difference,high,resolved_by_locked_runtime_authority_contract,1Chr.12.33,uk5-9ad25a8f80ffa9e97f0d,oshb,1Chr.12.33,,locked runtime authority retained; raw secondary textual/segmentation variant recorded
strong_control_sequence_difference,high,resolved_by_locked_runtime_authority_contract,1Chr.12.34,uk5-0050ddadbae93efe3f7f,oshb,1Chr.12.34,,locked runtime authority retained; raw secondary textual/segmentation variant recorded
strong_control_sequence_difference,high,resolved_by_locked_runtime_authority_contract,1Chr.12.35,uk5-f6052a702bbbcc7b7555,oshb,1Chr.12.35,,locked runtime authority retained; raw secondary textual/segmentation variant recorded
strong_control_sequence_difference,high,resolved_by_locked_runtime_authority_contract,1Chr.12.36,uk5-85b6424b0f5e72321282,oshb,1Chr.12.36,,locked runtime authority retained; raw secondary textual/segmentation variant recorded
strong_control_sequence_difference,high,resolved_by_locked_runtime_authority_contract,1Chr.12.37,uk5-51ae0e8cbbec6778eeea,oshb,1Chr.12.37,,locked runtime authority retained; raw secondary textual/segmentation variant recorded
strong_control_sequence_difference,high,resolved_by_locked_runtime_authority_contract,1Chr.12.38,uk5-fec3d114c4fc0568e84d,oshb,1Chr.12.38,,locked runtime authority retained; raw secondary textual/segmentation variant recorded
strong_control_sequence_difference,high,resolved_by_locked_runtime_authority_contract,1Chr.12.39,uk5-16900b9c962340479e88,oshb,1Chr.12.39,,locked runtime authority retained; raw secondary textual/segmentation variant recorded
strong_control_sequence_difference,high,resolved_by_locked_runtime_authority_contract,1Chr.12.40,uk5-3bb12911bce9437c8f87,oshb,1Chr.12.40,,locked runtime authority retained; raw secondary textual/segmentation variant recorded
strong_control_sequence_difference,high,resolved_by_locked_runtime_authority_contract,1Chr.12.5,uk5-67757b44285b7b2462d2,oshb,1Chr.12.5,,locked runtime authority retained; raw secondary textual/segmentation variant recorded
strong_control_sequence_difference,high,resolved_by_locked_runtime_authority_contract,1Chr.12.6,uk5-90dc15b0a47eb05bed08,oshb,1Chr.12.6,,locked runtime authority retained; raw secondary textual/segmentation variant recorded
strong_control_sequence_difference,high,resolved_by_locked_runtime_authority_contract,1Chr.12.7,uk5-7a677e910dfce9a16857,oshb,1Chr.12.7,,locked runtime authority retained; raw secondary textual/segmentation variant recorded
strong_control_sequence_difference,high,resolved_by_locked_runtime_authority_contract,1Chr.12.8,uk5-cf36e2fe88c80d3f5900,oshb,1Chr.12.8,,locked runtime authority retained; raw secondary textual/segmentation variant recorded
strong_control_sequence_difference,high,resolved_by_locked_runtime_authority_contract,1Chr.12.9,uk5-5024669c076d2683acbe,oshb,1Chr.12.9,,locked runtime authority retained; raw secondary textual/segmentation variant recorded
strong_control_sequence_difference,low,resolved_by_locked_runtime_authority_contract,1Chr.18.10,uk5-9c1cf8ed1d2b87706c30,oshb,1Chr.18.10,1Chr.18.10,locked runtime authority retained; raw secondary textual/segmentation variant recorded
strong_control_sequence_difference,low,resolved_by_locked_runtime_authority_contract,1Chr.18.3,uk5-9de7e94785ec8f28e5c6,oshb,1Chr.18.3,1Chr.18.3,locked runtime authority retained; raw secondary textual/segmentation variant recorded
strong_control_sequence_difference,low,resolved_by_locked_runtime_authority_contract,1Chr.18.9,uk5-81470230f07b495851ff,oshb,1Chr.18.9,1Chr.18.9,locked runtime authority retained; raw secondary textual/segmentation variant recorded
strong_control_sequence_difference,low,resolved_by_locked_runtime_authority_contract,1Chr.2.23,uk5-827d1a77961f619e1311,oshb,1Chr.2.23,1Chr.2.23,locked runtime authority retained; raw secondary textual/segmentation variant recorded
strong_control_sequence_difference,low,resolved_by_locked_runtime_authority_contract,1Chr.2.51,uk5-43f941cdae607c20a4bd,oshb,1Chr.2.51,1Chr.2.51,locked runtime authority retained; raw secondary textual/segmentation variant recorded
strong_control_sequence_difference,medium,resolved_by_locked_runtime_authority_contract,1Chr.2.52,uk5-253eb38c0782fbbba26c,oshb,1Chr.2.52,1Chr.2.52,locked runtime authority retained; raw secondary textual/segmentation variant recorded
strong_control_sequence_difference,medium,resolved_by_locked_runtime_authority_contract,1Chr.2.54,uk5-1d0968893fc77c8f87f7,oshb,1Chr.2.54,1Chr.2.54,locked runtime authority retained; raw secondary textual/segmentation variant recorded
strong_control_sequence_difference,low,resolved_by_locked_runtime_authority_contract,1Chr.23.6,uk5-b96b398a5631dfbfaf1a,oshb,1Chr.23.6,1Chr.23.6,locked runtime authority retained; raw secondary textual/segmentation variant recorded
strong_control_sequence_difference,low,resolved_by_locked_runtime_authority_contract,1Chr.25.9,uk5-61124b03ea2a6a417536,oshb,1Chr.25.9,1Chr.25.9,locked runtime authority retained; raw secondary textual/segmentation variant recorded
strong_control_sequence_difference,low,resolved_by_locked_runtime_authority_contract,1Chr.4.12,uk5-b847b8523a911dad3a98,oshb,1Chr.4.12,1Chr.4.12,locked runtime authority retained; raw secondary textual/segmentation variant recorded
strong_control_sequence_difference,low,resolved_by_locked_runtime_authority_contract,1Chr.4.20,uk5-98745d37c5da1c5c344d,oshb,1Chr.4.20,1Chr.4.20,locked runtime authority retained; raw secondary textual/segmentation variant recorded
strong_control_sequence_difference,low,resolved_by_locked_runtime_authority_contract,1Chr.4.22,uk5-3e32ce55756d83d396e7,oshb,1Chr.4.22,1Chr.4.22,locked runtime authority retained; raw secondary textual/segmentation variant recorded
strong_control_sequence_difference,low,resolved_by_locked_runtime_authority_contract,1Chr.4.28,uk5-ba5bd3c139b778e8d4ea,oshb,1Chr.4.28,1Chr.4.28,locked runtime authority retained; raw secondary textual/segmentation variant recorded
strong_control_sequence_difference,low,resolved_by_locked_runtime_authority_contract,1Chr.4.31,uk5-f8ca7d9d70392b3540ab,oshb,1Chr.4.31,1Chr.4.31,locked runtime authority retained; raw secondary textual/segmentation variant recorded
strong_control_sequence_difference,high,resolved_by_locked_runtime_authority_contract,1Chr.6.1,uk5-22f1d766245c2a832d42,oshb,1Chr.6.1,,locked runtime authority retained; raw secondary textual/segmentation variant recorded
strong_control_sequence_difference,high,resolved_by_locked_runtime_authority_contract,1Chr.6.10,uk5-2418b66cca8024ef9d7b,oshb,1Chr.6.10,,locked runtime authority retained; raw secondary textual/segmentation variant recorded
strong_control_sequence_difference,high,resolved_by_locked_runtime_authority_contract,1Chr.6.11,uk5-66f44ff2637cd1075b4b,oshb,1Chr.6.11,,locked runtime authority retained; raw secondary textual/segmentation variant recorded
strong_control_sequence_difference,high,resolved_by_locked_runtime_authority_contract,1Chr.6.12,uk5-48526416c92f0940bbe7,oshb,1Chr.6.12,,locked runtime authority retained; raw secondary textual/segmentation variant recorded
strong_control_sequence_difference,high,resolved_by_locked_runtime_authority_contract,1Chr.6.13,uk5-9845a2378ddfcc790568,oshb,1Chr.6.13,,locked runtime authority retained; raw secondary textual/segmentation variant recorded
strong_control_sequence_difference,high,resolved_by_locked_runtime_authority_contract,1Chr.6.14,uk5-d20178de25c8d765f305,oshb,1Chr.6.14,,locked runtime authority retained; raw secondary textual/segmentation variant recorded
strong_control_sequence_difference,high,resolved_by_locked_runtime_authority_contract,1Chr.6.15,uk5-4a5c7b85e2a6be06ccf7,oshb,1Chr.6.15,,locked runtime authority retained; raw secondary textual/segmentation variant recorded
strong_control_sequence_difference,high,resolved_by_locked_runtime_authority_contract,1Chr.6.16,uk5-5d10380c30eb423fa0d6,oshb,1Chr.6.16,,locked runtime authority retained; raw secondary textual/segmentation variant recorded
strong_control_sequence_difference,high,resolved_by_locked_runtime_authority_contract,1Chr.6.17,uk5-9fd1d998411808faa018,oshb,1Chr.6.17,,locked runtime authority retained; raw secondary textual/segmentation variant recorded
strong_control_sequence_difference,high,resolved_by_locked_runtime_authority_contract,1Chr.6.18,uk5-109eeb7c1a3356074523,oshb,1Chr.6.18,,locked runtime authority retained; raw secondary textual/segmentation variant recorded
strong_control_sequence_difference,high,resolved_by_locked_runtime_authority_contract,1Chr.6.19,uk5-add840995d7f0dc259c3,oshb,1Chr.6.19,,locked runtime authority retained; raw secondary textual/segmentation variant recorded
strong_control_sequence_difference,high,resolved_by_locked_runtime_authority_contract,1Chr.6.2,uk5-83faa099175b5cd873e2,oshb,1Chr.6.2,,locked runtime authority retained; raw secondary textual/segmentation variant recorded
strong_control_sequence_difference,high,resolved_by_locked_runtime_authority_contract,1Chr.6.20,uk5-53e37a84a85a082c828a,oshb,1Chr.6.20,,locked runtime authority retained; raw secondary textual/segmentation variant recorded
strong_control_sequence_difference,high,resolved_by_locked_runtime_authority_contract,1Chr.6.21,uk5-de71d880dc2075e91fec,oshb,1Chr.6.21,,locked runtime authority retained; raw secondary textual/segmentation variant recorded
strong_control_sequence_difference,high,resolved_by_locked_runtime_authority_contract,1Chr.6.22,uk5-a148564f1b7f91e52581,oshb,1Chr.6.22,,locked runtime authority retained; raw secondary textual/segmentation variant recorded
strong_control_sequence_difference,high,resolved_by_locked_runtime_authority_contract,1Chr.6.23,uk5-3f0a6af115e8e15012c5,oshb,1Chr.6.23,,locked runtime authority retained; raw secondary textual/segmentation variant recorded
strong_control_sequence_difference,high,resolved_by_locked_runtime_authority_contract,1Chr.6.24,uk5-ee45f3d58a37a3ed39d0,oshb,1Chr.6.24,,locked runtime authority retained; raw secondary textual/segmentation variant recorded
strong_control_sequence_difference,high,resolved_by_locked_runtime_authority_contract,1Chr.6.25,uk5-1a67546e96365cdee0f8,oshb,1Chr.6.25,,locked runtime authority retained; raw secondary textual/segmentation variant recorded
strong_control_sequence_difference,high,resolved_by_locked_runtime_authority_contract,1Chr.6.26,uk5-a82f89f3f63d99a6ef99,oshb,1Chr.6.26,,locked runtime authority retained; raw secondary textual/segmentation variant recorded
strong_control_sequence_difference,high,resolved_by_locked_runtime_authority_contract,1Chr.6.27,uk5-1efd73a7187df1470b4b,oshb,1Chr.6.27,,locked runtime authority retained; raw secondary textual/segmentation variant recorded
strong_control_sequence_difference,high,resolved_by_locked_runtime_authority_contract,1Chr.6.28,uk5-0d45d2b9d1cec5715ad2,oshb,1Chr.6.28,,locked runtime authority retained; raw secondary textual/segmentation variant recorded
strong_control_sequence_difference,high,resolved_by_locked_runtime_authority_contract,1Chr.6.29,uk5-f28a6f566e6bb1a28e04,oshb,1Chr.6.29,,locked runtime authority retained; raw secondary textual/segmentation variant recorded
strong_control_sequence_difference,high,resolved_by_locked_runtime_authority_contract,1Chr.6.3,uk5-d7174772fd6ee16a8baf,oshb,1Chr.6.3,,locked runtime authority retained; raw secondary textual/segmentation variant recorded
strong_control_sequence_difference,high,resolved_by_locked_runtime_authority_contract,1Chr.6.30,uk5-3ab74461d48e12baf177,oshb,1Chr.6.30,,locked runtime authority retained; raw secondary textual/segmentation variant recorded
strong_control_sequence_difference,high,resolved_by_locked_runtime_authority_contract,1Chr.6.31,uk5-7c99096fc9db9de37326,oshb,1Chr.6.31,,locked runtime authority retained; raw secondary textual/segmentation variant recorded
strong_control_sequence_difference,high,resolved_by_locked_runtime_authority_contract,1Chr.6.32,uk5-7b82b64bb76a2f658bfc,oshb,1Chr.6.32,,locked runtime authority retained; raw secondary textual/segmentation variant recorded
strong_control_sequence_difference,high,resolved_by_locked_runtime_authority_contract,1Chr.6.33,uk5-54d2db7f22d3e9b07e87,oshb,1Chr.6.33,,locked runtime authority retained; raw secondary textual/segmentation variant recorded
strong_control_sequence_difference,high,resolved_by_locked_runtime_authority_contract,1Chr.6.34,uk5-f0b2416410e36cea5c5d,oshb,1Chr.6.34,,locked runtime authority retained; raw secondary textual/segmentation variant recorded
strong_control_sequence_difference,high,resolved_by_locked_runtime_authority_contract,1Chr.6.35,uk5-7dd7e1a7205b0974aa74,oshb,1Chr.6.35,,locked runtime authority retained; raw secondary textual/segmentation variant recorded
strong_control_sequence_difference,high,resolved_by_locked_runtime_authority_contract,1Chr.6.36,uk5-c919791ef8e9dec5a014,oshb,1Chr.6.36,,locked runtime authority retained; raw secondary textual/segmentation variant recorded
strong_control_sequence_difference,high,resolved_by_locked_runtime_authority_contract,1Chr.6.37,uk5-603cdb8854b08cdf954f,oshb,1Chr.6.37,,locked runtime authority retained; raw secondary textual/segmentation variant recorded
strong_control_sequence_difference,high,resolved_by_locked_runtime_authority_contract,1Chr.6.38,uk5-b17b0ca6c2f0dee14cbd,oshb,1Chr.6.38,,locked runtime authority retained; raw secondary textual/segmentation variant recorded
strong_control_sequence_difference,high,resolved_by_locked_runtime_authority_contract,1Chr.6.39,uk5-bad3051eb52fe460f954,oshb,1Chr.6.39,,locked runtime authority retained; raw secondary textual/segmentation variant recorded
strong_control_sequence_difference,high,resolved_by_locked_runtime_authority_contract,1Chr.6.4,uk5-17c901b78d8405bb9be5,oshb,1Chr.6.4,,locked runtime authority retained; raw secondary textual/segmentation variant recorded
strong_control_sequence_difference,high,resolved_by_locked_runtime_authority_contract,1Chr.6.40,uk5-8b725537765dad980962,oshb,1Chr.6.40,,locked runtime authority retained; raw secondary textual/segmentation variant recorded
strong_control_sequence_difference,high,resolved_by_locked_runtime_authority_contract,1Chr.6.41,uk5-9eb41dfa93d7355b1045,oshb,1Chr.6.41,,locked runtime authority retained; raw secondary textual/segmentation variant recorded
strong_control_sequence_difference,high,resolved_by_locked_runtime_authority_contract,1Chr.6.42,uk5-e0a8b8c9f930071346db,oshb,1Chr.6.42,,locked runtime authority retained; raw secondary textual/segmentation variant recorded
strong_control_sequence_difference,high,resolved_by_locked_runtime_authority_contract,1Chr.6.43,uk5-419778cbfb130b5c01a7,oshb,1Chr.6.43,,locked runtime authority retained; raw secondary textual/segmentation variant recorded
strong_control_sequence_difference,high,resolved_by_locked_runtime_authority_contract,1Chr.6.44,uk5-8c6a308e9f1a6c7e80d9,oshb,1Chr.6.44,,locked runtime authority retained; raw secondary textual/segmentation variant recorded
strong_control_sequence_difference,high,resolved_by_locked_runtime_authority_contract,1Chr.6.45,uk5-6b3e40bf7a6c34217b01,oshb,1Chr.6.45,,locked runtime authority retained; raw secondary textual/segmentation variant recorded
strong_control_sequence_difference,high,resolved_by_locked_runtime_authority_contract,1Chr.6.46,uk5-4e60fc39b7489f85b541,oshb,1Chr.6.46,,locked runtime authority retained; raw secondary textual/segmentation variant recorded
strong_control_sequence_difference,high,resolved_by_locked_runtime_authority_contract,1Chr.6.47,uk5-4c398a94e0118ecbc38a,oshb,1Chr.6.47,,locked runtime authority retained; raw secondary textual/segmentation variant recorded
strong_control_sequence_difference,high,resolved_by_locked_runtime_authority_contract,1Chr.6.48,uk5-aee446d31ad3e4714236,oshb,1Chr.6.48,,locked runtime authority retained; raw secondary textual/segmentation variant recorded
strong_control_sequence_difference,high,resolved_by_locked_runtime_authority_contract,1Chr.6.49,uk5-d45419f730897725d7b8,oshb,1Chr.6.49,,locked runtime authority retained; raw secondary textual/segmentation variant recorded
strong_control_sequence_difference,high,resolved_by_locked_runtime_authority_contract,1Chr.6.5,uk5-5dc9dab2cbdc7a1abee5,oshb,1Chr.6.5,,locked runtime authority retained; raw secondary textual/segmentation variant recorded
strong_control_sequence_difference,high,resolved_by_locked_runtime_authority_contract,1Chr.6.50,uk5-23cd0817a12cbe401820,oshb,1Chr.6.50,,locked runtime authority retained; raw secondary textual/segmentation variant recorded
strong_control_sequence_difference,high,resolved_by_locked_runtime_authority_contract,1Chr.6.51,uk5-ee9c8c414df7608bbdcb,oshb,1Chr.6.51,,locked runtime authority retained; raw secondary textual/segmentation variant recorded
strong_control_sequence_difference,high,resolved_by_locked_runtime_authority_contract,1Chr.6.52,uk5-41fecd2edbe00012fba7,oshb,1Chr.6.52,,locked runtime authority retained; raw secondary textual/segmentation variant recorded
strong_control_sequence_difference,high,resolved_by_locked_runtime_authority_contract,1Chr.6.53,uk5-b842fe5ca9e8382c2b85,oshb,1Chr.6.53,,locked runtime authority retained; raw secondary textual/segmentation variant recorded
strong_control_sequence_difference,high,resolved_by_locked_runtime_authority_contract,1Chr.6.54,uk5-a7e595881ded84fef88a,oshb,1Chr.6.54,,locked runtime authority retained; raw secondary textual/segmentation variant recorded
strong_control_sequence_difference,high,resolved_by_locked_runtime_authority_contract,1Chr.6.55,uk5-a0572b7b8f1f4eab44e4,oshb,1Chr.6.55,,locked runtime authority retained; raw secondary textual/segmentation variant recorded
strong_control_sequence_difference,high,resolved_by_locked_runtime_authority_contract,1Chr.6.56,uk5-cf45eadc72b531a53446,oshb,1Chr.6.56,,locked runtime authority retained; raw secondary textual/segmentation variant recorded
strong_control_sequence_difference,high,resolved_by_locked_runtime_authority_contract,1Chr.6.57,uk5-bdcc9e8172f1808b2f7d,oshb,1Chr.6.57,,locked runtime authority retained; raw secondary textual/segmentation variant recorded
strong_control_sequence_difference,high,resolved_by_locked_runtime_authority_contract,1Chr.6.58,uk5-a55547a7006b9c1d2855,oshb,1Chr.6.58,,locked runtime authority retained; raw secondary textual/segmentation variant recorded
strong_control_sequence_difference,high,resolved_by_locked_runtime_authority_contract,1Chr.6.59,uk5-367eb13edbb8a1a29114,oshb,1Chr.6.59,,locked runtime authority retained; raw secondary textual/segmentation variant recorded
strong_control_sequence_difference,high,resolved_by_locked_runtime_authority_contract,1Chr.6.6,uk5-82cae22eef561bed042a,oshb,1Chr.6.6,,locked runtime authority retained; raw secondary textual/segmentation variant recorded
strong_control_sequence_difference,high,resolved_by_locked_runtime_authority_contract,1Chr.6.60,uk5-44056d5eb3c4239fe390,oshb,1Chr.6.60,,locked runtime authority retained; raw secondary textual/segmentation variant recorded
strong_control_sequence_difference,high,resolved_by_locked_runtime_authority_contract,1Chr.6.61,uk5-4a4aa63503c18b1e9360,oshb,1Chr.6.61,,locked runtime authority retained; raw secondary textual/segmentation variant recorded
strong_control_sequence_difference,high,resolved_by_locked_runtime_authority_contract,1Chr.6.62,uk5-f35a8bfba625ed34fa7e,oshb,1Chr.6.62,,locked runtime authority retained; raw secondary textual/segmentation variant recorded
strong_control_sequence_difference,high,resolved_by_locked_runtime_authority_contract,1Chr.6.63,uk5-d8644fdcdf70c347bc03,oshb,1Chr.6.63,,locked runtime authority retained; raw secondary textual/segmentation variant recorded
strong_control_sequence_difference,high,resolved_by_locked_runtime_authority_contract,1Chr.6.64,uk5-7e6b6026461b2b3e21e5,oshb,1Chr.6.64,,locked runtime authority retained; raw secondary textual/segmentation variant recorded
strong_control_sequence_difference,high,resolved_by_locked_runtime_authority_contract,1Chr.6.65,uk5-a46d918e4c3ce6a3c105,oshb,1Chr.6.65,,locked runtime authority retained; raw secondary textual/segmentation variant recorded
strong_control_sequence_difference,high,resolved_by_locked_runtime_authority_contract,1Chr.6.66,uk5-75d066ad8b1929cd85e0,oshb,1Chr.6.66,,locked runtime authority retained; raw secondary textual/segmentation variant recorded
strong_control_sequence_difference,high,resolved_by_locked_runtime_authority_contract,1Chr.6.67,uk5-3a5b8defab7ee446426a,oshb,1Chr.6.52,,locked runtime authority retained; raw secondary textual/segmentation variant recorded
strong_control_sequence_difference,high,resolved_by_locked_runtime_authority_contract,1Chr.6.68,uk5-f3a3d9704269f4f14dc0,oshb,1Chr.6.53,,locked runtime authority retained; raw secondary textual/segmentation variant recorded
strong_control_sequence_difference,high,resolved_by_locked_runtime_authority_contract,1Chr.6.69,uk5-115ddc2543cec8360dd3,oshb,1Chr.6.54,,locked runtime authority retained; raw secondary textual/segmentation variant recorded
strong_control_sequence_difference,high,resolved_by_locked_runtime_authority_contract,1Chr.6.7,uk5-278321013bbf2417855f,oshb,1Chr.6.7,,locked runtime authority retained; raw secondary textual/segmentation variant recorded
strong_control_sequence_difference,high,resolved_by_locked_runtime_authority_contract,1Chr.6.70,uk5-6cdaeb8054814f63d1a7,oshb,1Chr.6.55,,locked runtime authority retained; raw secondary textual/segmentation variant recorded
strong_control_sequence_difference,high,resolved_by_locked_runtime_authority_contract,1Chr.6.71,uk5-bf052186764c83575b52,oshb,1Chr.6.56,,locked runtime authority retained; raw secondary textual/segmentation variant recorded
strong_control_sequence_difference,high,resolved_by_locked_runtime_authority_contract,1Chr.6.72,uk5-766342efab460f257fbf,oshb,1Chr.6.57,,locked runtime authority retained; raw secondary textual/segmentation variant recorded
strong_control_sequence_difference,high,resolved_by_locked_runtime_authority_contract,1Chr.6.73,uk5-42f9087faa64685a185e,oshb,1Chr.6.58,,locked runtime authority retained; raw secondary textual/segmentation variant recorded
strong_control_sequence_difference,high,resolved_by_locked_runtime_authority_contract,1Chr.6.74,uk5-2629849ec1490714f76a,oshb,1Chr.6.59,,locked runtime authority retained; raw secondary textual/segmentation variant recorded
strong_control_sequence_difference,high,resolved_by_locked_runtime_authority_contract,1Chr.6.75,uk5-62f7b9d047fa24689809,oshb,1Chr.6.60,,locked runtime authority retained; raw secondary textual/segmentation variant recorded
strong_control_sequence_difference,high,resolved_by_locked_runtime_authority_contract,1Chr.6.76,uk5-dc08613371cc5a6ce5eb,oshb,1Chr.6.61,,locked runtime authority retained; raw secondary textual/segmentation variant recorded
strong_control_sequence_difference,high,resolved_by_locked_runtime_authority_contract,1Chr.6.77,uk5-1a944489dd1cb33657fa,oshb,1Chr.6.62,,locked runtime authority retained; raw secondary textual/segmentation variant recorded
strong_control_sequence_difference,high,resolved_by_locked_runtime_authority_contract,1Chr.6.78,uk5-3c5fa98b70d88b0d0b61,oshb,1Chr.6.63,,locked runtime authority retained; raw secondary textual/segmentation variant recorded
strong_control_sequence_difference,high,resolved_by_locked_runtime_authority_contract,1Chr.6.79,uk5-1a7d9e0cc8c21e90a768,oshb,1Chr.6.64,,locked runtime authority retained; raw secondary textual/segmentation variant recorded
strong_control_sequence_difference,high,resolved_by_locked_runtime_authority_contract,1Chr.6.8,uk5-c6c29373221a0772d117,oshb,1Chr.6.8,,locked runtime authority retained; raw secondary textual/segmentation variant recorded
strong_control_sequence_difference,high,resolved_by_locked_runtime_authority_contract,1Chr.6.80,uk5-746ce93f7a8d501b924a,oshb,1Chr.6.65,,locked runtime authority retained; raw secondary textual/segmentation variant recorded
strong_control_sequence_difference,high,resolved_by_locked_runtime_authority_contract,1Chr.6.81,uk5-a29bc6d3fe566e3fb524,oshb,1Chr.6.66,,locked runtime authority retained; raw secondary textual/segmentation variant recorded
strong_control_sequence_difference,high,resolved_by_locked_runtime_authority_contract,1Chr.6.9,uk5-baf868dbbda964301e0b,oshb,1Chr.6.9,,locked runtime authority retained; raw secondary textual/segmentation variant recorded
strong_control_sequence_difference,low,resolved_by_locked_runtime_authority_contract,1Chr.7.34,uk5-a203460f37cc23a22db5,oshb,1Chr.7.34,1Chr.7.34,locked runtime authority retained; raw secondary textual/segmentation variant recorded
strong_control_sequence_difference,low,resolved_by_locked_runtime_authority_contract,1Chr.8.25,uk5-626205cf24a0aea8cb0a,oshb,1Chr.8.25,1Chr.8.25,locked runtime authority retained; raw secondary textual/segmentation variant recorded
strong_control_sequence_difference,low,resolved_by_locked_runtime_authority_contract,1Chr.8.29,uk5-76b3a14033092b9d4347,oshb,1Chr.8.29,1Chr.8.29,locked runtime authority retained; raw secondary textual/segmentation variant recorded
strong_control_sequence_difference,low,resolved_by_locked_runtime_authority_contract,1Chr.8.34,uk5-2a40f4278ba84729c7ac,oshb,1Chr.8.34,1Chr.8.34,locked runtime authority retained; raw secondary textual/segmentation variant recorded
strong_control_sequence_difference,low,resolved_by_locked_runtime_authority_contract,1Chr.9.35,uk5-173334159f174b05fd5a,oshb,1Chr.9.35,1Chr.9.35,locked runtime authority retained; raw secondary textual/segmentation variant recorded
strong_control_sequence_difference,low,resolved_by_locked_runtime_authority_contract,1Chr.9.37,uk5-a519272567ebfd39ce9c,oshb,1Chr.9.37,1Chr.9.37,locked runtime authority retained; raw secondary textual/segmentation variant recorded
strong_control_sequence_difference,low,resolved_by_locked_runtime_authority_contract,1Chr.9.40,uk5-9f891b6209ac5c64d10d,oshb,1Chr.9.40,1Chr.9.40,locked runtime authority retained; raw secondary textual/segmentation variant recorded
strong_control_sequence_difference,medium,resolved_by_locked_runtime_authority_contract,1Cor.1.11,uk5-00635eb951f67bcb7275,tagnt,1Cor.1.11,1Cor.1.11,locked runtime authority retained; raw secondary textual/segmentation variant recorded
strong_control_sequence_difference,low,resolved_by_locked_runtime_authority_contract,1Cor.1.15,uk5-b39d3dd3630eeb09631d,tagnt,1Cor.1.15,1Cor.1.15,locked runtime authority retained; raw secondary textual/segmentation variant recorded
strong_control_sequence_difference,low,resolved_by_locked_runtime_authority_contract,1Cor.1.2,uk5-dbf18203fe545d011eb7,tagnt,1Cor.1.2,1Cor.1.2,locked runtime authority retained; raw secondary textual/segmentation variant recorded
strong_control_sequence_difference,low,resolved_by_locked_runtime_authority_contract,1Cor.10.14,uk5-8759cd3e252ff780043d,tagnt,1Cor.10.14,1Cor.10.14,locked runtime authority retained; raw secondary textual/segmentation variant recorded
strong_control_sequence_difference,low,resolved_by_locked_runtime_authority_contract,1Cor.10.23,uk5-341e53f041bbf7291c76,tagnt,1Cor.10.23,1Cor.10.23,locked runtime authority retained; raw secondary textual/segmentation variant recorded
strong_control_sequence_difference,medium,resolved_by_locked_runtime_authority_contract,1Cor.10.28,uk5-112e43f4608e422d673f,tagnt,1Cor.10.28,1Cor.10.28,locked runtime authority retained; raw secondary textual/segmentation variant recorded
strong_control_sequence_difference,low,resolved_by_locked_runtime_authority_contract,1Cor.10.3,uk5-efb931890755d06b74ad,tagnt,1Cor.10.3,1Cor.10.3,locked runtime authority retained; raw secondary textual/segmentation variant recorded
strong_control_sequence_difference,low,resolved_by_locked_runtime_authority_contract,1Cor.10.33,uk5-9961e9c6b7379c9290e3,tagnt,1Cor.10.33,1Cor.10.33,locked runtime authority retained; raw secondary textual/segmentation variant recorded
strong_control_sequence_difference,high,resolved_by_locked_runtime_authority_contract,1Cor.10.6,uk5-c8be09981183a854d6ed,tagnt,1Cor.10.6,1Cor.10.6,locked runtime authority retained; raw secondary textual/segmentation variant recorded
strong_control_sequence_difference,low,resolved_by_locked_runtime_authority_contract,1Cor.10.9,uk5-1d900cb7d68db22fe24c,tagnt,1Cor.10.9,1Cor.10.9,locked runtime authority retained; raw secondary textual/segmentation variant recorded
strong_control_sequence_difference,low,resolved_by_locked_runtime_authority_contract,1Cor.11.1,uk5-157982f0b0d3b0bb1b12,tagnt,1Cor.11.1,1Cor.11.1,locked runtime authority retained; raw secondary textual/segmentation variant recorded
strong_control_sequence_difference,low,resolved_by_locked_runtime_authority_contract,1Cor.11.11,uk5-d70d5f9c08ded979dbf6,tagnt,1Cor.11.11,1Cor.11.11,locked runtime authority retained; raw secondary textual/segmentation variant recorded
strong_control_sequence_difference,low,resolved_by_locked_runtime_authority_contract,1Cor.11.12,uk5-045c91adb40e89210891,tagnt,1Cor.11.12,1Cor.11.12,locked runtime authority retained; raw secondary textual/segmentation variant recorded
strong_control_sequence_difference,low,resolved_by_locked_runtime_authority_contract,1Cor.11.16,uk5-51c8eb0114e7df2cf4d0,tagnt,1Cor.11.16,1Cor.11.16,locked runtime authority retained; raw secondary textual/segmentation variant recorded
strong_control_sequence_difference,low,resolved_by_locked_runtime_authority_contract,1Cor.11.19,uk5-83f80ee3199a83824925,tagnt,1Cor.11.19,1Cor.11.19,locked runtime authority retained; raw secondary textual/segmentation variant recorded
strong_control_sequence_difference,low,resolved_by_locked_runtime_authority_contract,1Cor.11.2,uk5-4692163738a949d67bd9,tagnt,1Cor.11.2,1Cor.11.2,locked runtime authority retained; raw secondary textual/segmentation variant recorded
strong_control_sequence_difference,low,resolved_by_locked_runtime_authority_contract,1Cor.11.24,uk5-0d663078e37413467a04,tagnt,1Cor.11.24,1Cor.11.24,locked runtime authority retained; raw secondary textual/segmentation variant recorded
strong_control_sequence_difference,low,resolved_by_locked_runtime_authority_contract,1Cor.11.33,uk5-508a91f127aa707a7948,tagnt,1Cor.11.33,1Cor.11.33,locked runtime authority retained; raw secondary textual/segmentation variant recorded
strong_control_sequence_difference,low,resolved_by_locked_runtime_authority_contract,1Cor.11.6,uk5-0a5f582123dd42b05e86,tagnt,1Cor.11.6,1Cor.11.6,locked runtime authority retained; raw secondary textual/segmentation variant recorded
strong_control_sequence_difference,low,resolved_by_locked_runtime_authority_contract,1Cor.11.8,uk5-8110f95246fbd5fd55a9,tagnt,1Cor.11.8,1Cor.11.8,locked runtime authority retained; raw secondary textual/segmentation variant recorded
strong_control_sequence_difference,low,resolved_by_locked_runtime_authority_contract,1Cor.11.9,uk5-697e714e39e939201856,tagnt,1Cor.11.9,1Cor.11.9,locked runtime authority retained; raw secondary textual/segmentation variant recorded
strong_control_sequence_difference,low,resolved_by_locked_runtime_authority_contract,1Cor.12.13,uk5-394706a00891885942d5,tagnt,1Cor.12.13,1Cor.12.13,locked runtime authority retained; raw secondary textual/segmentation variant recorded
strong_control_sequence_difference,low,resolved_by_locked_runtime_authority_contract,1Cor.12.22,uk5-615000ed40d81205c830,tagnt,1Cor.12.22,1Cor.12.22,locked runtime authority retained; raw secondary textual/segmentation variant recorded
strong_control_sequence_difference,low,resolved_by_locked_runtime_authority_contract,1Cor.12.23,uk5-64b38c057402fc7df1fb,tagnt,1Cor.12.23,1Cor.12.23,locked runtime authority retained; raw secondary textual/segmentation variant recorded
strong_control_sequence_difference,low,resolved_by_locked_runtime_authority_contract,1Cor.12.3,uk5-996d21b16997212916b4,tagnt,1Cor.12.3,1Cor.12.3,locked runtime authority retained; raw secondary textual/segmentation variant recorded
strong_control_sequence_difference,low,resolved_by_locked_runtime_authority_contract,1Cor.12.6,uk5-dd26116249dbe72dcab4,tagnt,1Cor.12.6,1Cor.12.6,locked runtime authority retained; raw secondary textual/segmentation variant recorded
strong_control_sequence_difference,low,resolved_by_locked_runtime_authority_contract,1Cor.12.9,uk5-799665c72809d4cc47c7,tagnt,1Cor.12.9,1Cor.12.9,locked runtime authority retained; raw secondary textual/segmentation variant recorded
strong_control_sequence_difference,low,resolved_by_locked_runtime_authority_contract,1Cor.13.13,uk5-616ac9530229b3116e77,tagnt,1Cor.13.13,1Cor.13.13,locked runtime authority retained; raw secondary textual/segmentation variant recorded
strong_control_sequence_difference,low,resolved_by_locked_runtime_authority_contract,1Cor.13.3,uk5-74c2ff1ff1bb78a2d960,tagnt,1Cor.13.3,1Cor.13.3,locked runtime authority retained; raw secondary textual/segmentation variant recorded
strong_control_sequence_difference,low,resolved_by_locked_runtime_authority_contract,1Cor.14.14,uk5-ae4526feedbc06e464cd,tagnt,1Cor.14.14,1Cor.14.14,locked runtime authority retained; raw secondary textual/segmentation variant recorded
strong_control_sequence_difference,low,resolved_by_locked_runtime_authority_contract,1Cor.14.16,uk5-d9f31922119899a63eea,tagnt,1Cor.14.16,1Cor.14.16,locked runtime authority retained; raw secondary textual/segmentation variant recorded
strong_control_sequence_difference,low,resolved_by_locked_runtime_authority_contract,1Cor.15.14,uk5-c4dfc24bac1923062a79,tagnt,1Cor.15.14,1Cor.15.14,locked runtime authority retained; raw secondary textual/segmentation variant recorded
strong_control_sequence_difference,low,resolved_by_locked_runtime_authority_contract,1Cor.15.19,uk5-84b3757f308e81c41fe8,tagnt,1Cor.15.19,1Cor.15.19,locked runtime authority retained; raw secondary textual/segmentation variant recorded
strong_control_sequence_difference,low,resolved_by_locked_runtime_authority_contract,1Cor.15.20,uk5-786c1ec870facef00294,tagnt,1Cor.15.20,1Cor.15.20,locked runtime authority retained; raw secondary textual/segmentation variant recorded
strong_control_sequence_difference,low,resolved_by_locked_runtime_authority_contract,1Cor.15.25,uk5-f5854764a2ad205d6ebb,tagnt,1Cor.15.25,1Cor.15.25,locked runtime authority retained; raw secondary textual/segmentation variant recorded
strong_control_sequence_difference,low,resolved_by_locked_runtime_authority_contract,1Cor.15.30,uk5-9616ba40f138104a0489,tagnt,1Cor.15.30,1Cor.15.30,locked runtime authority retained; raw secondary textual/segmentation variant recorded
strong_control_sequence_difference,low,resolved_by_locked_runtime_authority_contract,1Cor.15.31,uk5-d480b56257a3b6eaf5aa,tagnt,1Cor.15.31,1Cor.15.31,locked runtime authority retained; raw secondary textual/segmentation variant recorded
strong_control_sequence_difference,low,resolved_by_locked_runtime_authority_contract,1Cor.15.32,uk5-130a083e8ce002235733,tagnt,1Cor.15.32,1Cor.15.32,locked runtime authority retained; raw secondary textual/segmentation variant recorded
strong_control_sequence_difference,low,resolved_by_locked_runtime_authority_contract,1Cor.15.5,uk5-7767b80d4d20b5f38491,tagnt,1Cor.15.5,1Cor.15.5,locked runtime authority retained; raw secondary textual/segmentation variant recorded
strong_control_sequence_difference,low,resolved_by_locked_runtime_authority_contract,1Cor.15.51,uk5-045da842d031e22790bd,tagnt,1Cor.15.51,1Cor.15.51,locked runtime authority retained; raw secondary textual/segmentation variant recorded
strong_control_sequence_difference,low,resolved_by_locked_runtime_authority_contract,1Cor.15.57,uk5-d56a50a42a0d496bb5d6,tagnt,1Cor.15.57,1Cor.15.57,locked runtime authority retained; raw secondary textual/segmentation variant recorded
strong_control_sequence_difference,low,resolved_by_locked_runtime_authority_contract,1Cor.15.58,uk5-51fb0d38e5571f072a05,tagnt,1Cor.15.58,1Cor.15.58,locked runtime authority retained; raw secondary textual/segmentation variant recorded
strong_control_sequence_difference,low,resolved_by_locked_runtime_authority_contract,1Cor.15.7,uk5-5a5a7b6f57a7e39055b8,tagnt,1Cor.15.7,1Cor.15.7,locked runtime authority retained; raw secondary textual/segmentation variant recorded
strong_control_sequence_difference,medium,resolved_by_locked_runtime_authority_contract,1Cor.15.8,uk5-e19f42acd130db94b179,tagnt,1Cor.15.8,1Cor.15.8,locked runtime authority retained; raw secondary textual/segmentation variant recorded
strong_control_sequence_difference,low,resolved_by_locked_runtime_authority_contract,1Cor.16.21,uk5-fedcec823455b1ae56f3,tagnt,1Cor.16.21,1Cor.16.21,locked runtime authority retained; raw secondary textual/segmentation variant recorded
strong_control_sequence_difference,medium,resolved_by_locked_runtime_authority_contract,1Cor.16.24,uk5-ed0e71f99c74f73cec06,tagnt,1Cor.16.24,1Cor.16.24,locked runtime authority retained; raw secondary textual/segmentation variant recorded
strong_control_sequence_difference,low,resolved_by_locked_runtime_authority_contract,1Cor.16.4,uk5-20629a304350ca78ca6b,tagnt,1Cor.16.4,1Cor.16.4,locked runtime authority retained; raw secondary textual/segmentation variant recorded
strong_control_sequence_difference,low,resolved_by_locked_runtime_authority_contract,1Cor.2.10,uk5-4bdb3a7b220cb3eafa32,tagnt,1Cor.2.10,1Cor.2.10,locked runtime authority retained; raw secondary textual/segmentation variant recorded
strong_control_sequence_difference,low,resolved_by_locked_runtime_authority_contract,1Cor.2.12,uk5-1e20a68ce8f3e513eddf,tagnt,1Cor.2.12,1Cor.2.12,locked runtime authority retained; raw secondary textual/segmentation variant recorded
strong_control_sequence_difference,low,resolved_by_locked_runtime_authority_contract,1Cor.2.3,uk5-c8a8765a6bd290ee24da,tagnt,1Cor.2.3,1Cor.2.3,locked runtime authority retained; raw secondary textual/segmentation variant recorded
strong_control_sequence_difference,low,resolved_by_locked_runtime_authority_contract,1Cor.2.4,uk5-508df409a180a75cc2c8,tagnt,1Cor.2.4,1Cor.2.4,locked runtime authority retained; raw secondary textual/segmentation variant recorded
strong_control_sequence_difference,low,resolved_by_locked_runtime_authority_contract,1Cor.4.10,uk5-bae0dc6a355fadb93a52,tagnt,1Cor.4.10,1Cor.4.10,locked runtime authority retained; raw secondary textual/segmentation variant recorded
strong_control_sequence_difference,low,resolved_by_locked_runtime_authority_contract,1Cor.4.16,uk5-541e0f673d56244886fb,tagnt,1Cor.4.16,1Cor.4.16,locked runtime authority retained; raw secondary textual/segmentation variant recorded
strong_control_sequence_difference,low,resolved_by_locked_runtime_authority_contract,1Cor.4.18,uk5-93ab79f9fa43b327c929,tagnt,1Cor.4.18,1Cor.4.18,locked runtime authority retained; raw secondary textual/segmentation variant recorded
strong_control_sequence_difference,low,resolved_by_locked_runtime_authority_contract,1Cor.4.3,uk5-5dda234379c8c358b106,tagnt,1Cor.4.3,1Cor.4.3,locked runtime authority retained; raw secondary textual/segmentation variant recorded
strong_control_sequence_difference,low,resolved_by_locked_runtime_authority_contract,1Cor.4.4,uk5-9e4c96e55a2096431b7a,tagnt,1Cor.4.4,1Cor.4.4,locked runtime authority retained; raw secondary textual/segmentation variant recorded
strong_control_sequence_difference,low,resolved_by_locked_runtime_authority_contract,1Cor.4.8,uk5-31650bc964b4000b086d,tagnt,1Cor.4.8,1Cor.4.8,locked runtime authority retained; raw secondary textual/segmentation variant recorded
strong_control_sequence_difference,low,resolved_by_locked_runtime_authority_contract,1Cor.5.12,uk5-304974c9e0b78a89a527,tagnt,1Cor.5.12,1Cor.5.12,locked runtime authority retained; raw secondary textual/segmentation variant recorded
strong_control_sequence_difference,low,resolved_by_locked_runtime_authority_contract,1Cor.5.4,uk5-4985bb6733f03ef3e425,tagnt,1Cor.5.4,1Cor.5.4,locked runtime authority retained; raw secondary textual/segmentation variant recorded
strong_control_sequence_difference,low,resolved_by_locked_runtime_authority_contract,1Cor.5.7,uk5-13825ee4b19e52557abf,tagnt,1Cor.5.7,1Cor.5.7,locked runtime authority retained; raw secondary textual/segmentation variant recorded
strong_control_sequence_difference,low,resolved_by_locked_runtime_authority_contract,1Cor.6.12,uk5-a27118bad5e825328ae6,tagnt,1Cor.6.12,1Cor.6.12,locked runtime authority retained; raw secondary textual/segmentation variant recorded
strong_control_sequence_difference,medium,resolved_by_locked_runtime_authority_contract,1Cor.6.20,uk5-9b727b895cb5a14ad43f,tagnt,1Cor.6.20,1Cor.6.20,locked runtime authority retained; raw secondary textual/segmentation variant recorded
strong_control_sequence_difference,medium,resolved_by_locked_runtime_authority_contract,1Cor.7.16,uk5-f8d1cca14d1d222ecb00,tagnt,1Cor.7.16,1Cor.7.16,locked runtime authority retained; raw secondary textual/segmentation variant recorded
strong_control_sequence_difference,low,resolved_by_locked_runtime_authority_contract,1Cor.7.22,uk5-8949b5f107165838f085,tagnt,1Cor.7.22,1Cor.7.22,locked runtime authority retained; raw secondary textual/segmentation variant recorded
strong_control_sequence_difference,low,resolved_by_locked_runtime_authority_contract,1Cor.7.25,uk5-0089413b38451f671039,tagnt,1Cor.7.25,1Cor.7.25,locked runtime authority retained; raw secondary textual/segmentation variant recorded
strong_control_sequence_difference,low,resolved_by_locked_runtime_authority_contract,1Cor.7.26,uk5-d53dcd561a0d1f79f2b6,tagnt,1Cor.7.26,1Cor.7.26,locked runtime authority retained; raw secondary textual/segmentation variant recorded
strong_control_sequence_difference,low,resolved_by_locked_runtime_authority_contract,1Cor.7.27,uk5-b5eb2a96d7358c0b983b,tagnt,1Cor.7.27,1Cor.7.27,locked runtime authority retained; raw secondary textual/segmentation variant recorded
strong_control_sequence_difference,low,resolved_by_locked_runtime_authority_contract,1Cor.7.3,uk5-1c43c4960f085b30217d,tagnt,1Cor.7.3,1Cor.7.3,locked runtime authority retained; raw secondary textual/segmentation variant recorded
strong_control_sequence_difference,low,resolved_by_locked_runtime_authority_contract,1Cor.7.32,uk5-af23323ad7057923556f,tagnt,1Cor.7.32,1Cor.7.32,locked runtime authority retained; raw secondary textual/segmentation variant recorded
strong_control_sequence_difference,high,resolved_by_locked_runtime_authority_contract,1Cor.7.33,uk5-963c1a021586b6eaa18b,tagnt,1Cor.7.33,1Cor.7.33,locked runtime authority retained; raw secondary textual/segmentation variant recorded
strong_control_sequence_difference,low,resolved_by_locked_runtime_authority_contract,1Cor.7.34,uk5-35f5d44aa5cfa77fbf9c,tagnt,1Cor.7.34,1Cor.7.34,locked runtime authority retained; raw secondary textual/segmentation variant recorded
strong_control_sequence_difference,low,resolved_by_locked_runtime_authority_contract,1Cor.7.38,uk5-67995b5c27455b7c35b3,tagnt,1Cor.7.38,1Cor.7.38,locked runtime authority retained; raw secondary textual/segmentation variant recorded
strong_control_sequence_difference,low,resolved_by_locked_runtime_authority_contract,1Cor.7.39,uk5-dc795ad9ebfa4bf172ec,tagnt,1Cor.7.39,1Cor.7.39,locked runtime authority retained; raw secondary textual/segmentation variant recorded
strong_control_sequence_difference,low,resolved_by_locked_runtime_authority_contract,1Cor.7.40,uk5-82b0c163c2034f65dfba,tagnt,1Cor.7.40,1Cor.7.40,locked runtime authority retained; raw secondary textual/segmentation variant recorded
strong_control_sequence_difference,low,resolved_by_locked_runtime_authority_contract,1Cor.7.8,uk5-888c4e86f7d316bc6b30,tagnt,1Cor.7.8,1Cor.7.8,locked runtime authority retained; raw secondary textual/segmentation variant recorded
strong_control_sequence_difference,low,resolved_by_locked_runtime_authority_contract,1Cor.8.13,uk5-3d515f47d0e9fd4033bb,tagnt,1Cor.8.13,1Cor.8.13,locked runtime authority retained; raw secondary textual/segmentation variant recorded
strong_control_sequence_difference,low,resolved_by_locked_runtime_authority_contract,1Cor.8.2,uk5-30d9b7a962b1de91416a,tagnt,1Cor.8.2,1Cor.8.2,locked runtime authority retained; raw secondary textual/segmentation variant recorded
strong_control_sequence_difference,low,resolved_by_locked_runtime_authority_contract,1Cor.8.4,uk5-ec95f699e3d811897df3,tagnt,1Cor.8.4,1Cor.8.4,locked runtime authority retained; raw secondary textual/segmentation variant recorded
strong_control_sequence_difference,low,resolved_by_locked_runtime_authority_contract,1Cor.8.6,uk5-7d9957279b0614c59213,tagnt,1Cor.8.6,1Cor.8.6,locked runtime authority retained; raw secondary textual/segmentation variant recorded
strong_control_sequence_difference,low,resolved_by_locked_runtime_authority_contract,1Cor.8.8,uk5-bbfe42f437f49893f19c,tagnt,1Cor.8.8,1Cor.8.8,locked runtime authority retained; raw secondary textual/segmentation variant recorded
strong_control_sequence_difference,low,resolved_by_locked_runtime_authority_contract,1Cor.9.1,uk5-4aad09486fc507061a62,tagnt,1Cor.9.1,1Cor.9.1,locked runtime authority retained; raw secondary textual/segmentation variant recorded
strong_control_sequence_difference,low,resolved_by_locked_runtime_authority_contract,1Cor.9.10,uk5-ccf9af64f7c872f1eac5,tagnt,1Cor.9.10,1Cor.9.10,locked runtime authority retained; raw secondary textual/segmentation variant recorded
strong_control_sequence_difference,low,resolved_by_locked_runtime_authority_contract,1Cor.9.11,uk5-16823af70232e71fa7cc,tagnt,1Cor.9.11,1Cor.9.11,locked runtime authority retained; raw secondary textual/segmentation variant recorded
strong_control_sequence_difference,low,resolved_by_locked_runtime_authority_contract,1Cor.9.16,uk5-cc56ad384716f9f25764,tagnt,1Cor.9.16,1Cor.9.16,locked runtime authority retained; raw secondary textual/segmentation variant recorded
strong_control_sequence_difference,low,resolved_by_locked_runtime_authority_contract,1Cor.9.18,uk5-54a6272682fc19cc0dda,tagnt,1Cor.9.18,1Cor.9.18,locked runtime authority retained; raw secondary textual/segmentation variant recorded
strong_control_sequence_difference,low,resolved_by_locked_runtime_authority_contract,1Cor.9.22,uk5-bc3b2f1cdb6ac1cf5de9,tagnt,1Cor.9.22,1Cor.9.22,locked runtime authority retained; raw secondary textual/segmentation variant recorded
strong_control_sequence_difference,low,resolved_by_locked_runtime_authority_contract,1Cor.9.3,uk5-d3de91125e5867522cd0,tagnt,1Cor.9.3,1Cor.9.3,locked runtime authority retained; raw secondary textual/segmentation variant recorded
strong_control_sequence_difference,low,resolved_by_locked_runtime_authority_contract,1Cor.9.4,uk5-45380be3d6a33ef18949,tagnt,1Cor.9.4,1Cor.9.4,locked runtime authority retained; raw secondary textual/segmentation variant recorded
strong_control_sequence_difference,low,resolved_by_locked_runtime_authority_contract,1John.1.10,uk5-bcdfeeaa82d5a3a862cf,tagnt,1John.1.10,1John.1.10,locked runtime authority retained; raw secondary textual/segmentation variant recorded
strong_control_sequence_difference,low,resolved_by_locked_runtime_authority_contract,1John.1.4,uk5-84c1897d5a95027e7d2a,tagnt,1John.1.4,1John.1.4,locked runtime authority retained; raw secondary textual/segmentation variant recorded
strong_control_sequence_difference,low,resolved_by_locked_runtime_authority_contract,1John.1.8,uk5-c1912c70f46f7025ac0f,tagnt,1John.1.8,1John.1.8,locked runtime authority retained; raw secondary textual/segmentation variant recorded
strong_control_sequence_difference,low,resolved_by_locked_runtime_authority_contract,1John.1.9,uk5-fb074241d4a1d5abf2fd,tagnt,1John.1.9,1John.1.9,locked runtime authority retained; raw secondary textual/segmentation variant recorded
strong_control_sequence_difference,low,resolved_by_locked_runtime_authority_contract,1John.2.14,uk5-6a9b64638792ff9430f3,tagnt,1John.2.14,1John.2.14,locked runtime authority retained; raw secondary textual/segmentation variant recorded
strong_control_sequence_difference,low,resolved_by_locked_runtime_authority_contract,1John.2.19,uk5-132384d744059340bb35,tagnt,1John.2.19,1John.2.19,locked runtime authority retained; raw secondary textual/segmentation variant recorded
strong_control_sequence_difference,low,resolved_by_locked_runtime_authority_contract,1John.2.21,uk5-323d5391bb4db80eda5b,tagnt,1John.2.21,1John.2.21,locked runtime authority retained; raw secondary textual/segmentation variant recorded
strong_control_sequence_difference,low,resolved_by_locked_runtime_authority_contract,1John.2.29,uk5-b1231e3d9cb49831e1f1,tagnt,1John.2.29,1John.2.29,locked runtime authority retained; raw secondary textual/segmentation variant recorded
strong_control_sequence_difference,low,resolved_by_locked_runtime_authority_contract,1John.3.1,uk5-5f29dae6d8cc0b968726,tagnt,1John.3.1,1John.3.1,locked runtime authority retained; raw secondary textual/segmentation variant recorded
strong_control_sequence_difference,low,resolved_by_locked_runtime_authority_contract,1John.3.13,uk5-044d839d0c92f1f6a36c,tagnt,1John.3.13,1John.3.13,locked runtime authority retained; raw secondary textual/segmentation variant recorded
strong_control_sequence_difference,low,resolved_by_locked_runtime_authority_contract,1John.3.14,uk5-506039710249015cadab,tagnt,1John.3.14,1John.3.14,locked runtime authority retained; raw secondary textual/segmentation variant recorded
strong_control_sequence_difference,low,resolved_by_locked_runtime_authority_contract,1John.3.16,uk5-1558b747418841988f45,tagnt,1John.3.16,1John.3.16,locked runtime authority retained; raw secondary textual/segmentation variant recorded
strong_control_sequence_difference,low,resolved_by_locked_runtime_authority_contract,1John.3.2,uk5-804d9557a3b6c12cfc96,tagnt,1John.3.2,1John.3.2,locked runtime authority retained; raw secondary textual/segmentation variant recorded
strong_control_sequence_difference,low,resolved_by_locked_runtime_authority_contract,1John.3.20,uk5-4fd8fc346dd6100ffee1,tagnt,1John.3.20,1John.3.20,locked runtime authority retained; raw secondary textual/segmentation variant recorded
strong_control_sequence_difference,low,resolved_by_locked_runtime_authority_contract,1John.4.10,uk5-68ab35aef97ff95babf8,tagnt,1John.4.10,1John.4.10,locked runtime authority retained; raw secondary textual/segmentation variant recorded
strong_control_sequence_difference,low,resolved_by_locked_runtime_authority_contract,1John.4.11,uk5-55cb97c8326b2d346756,tagnt,1John.4.11,1John.4.11,locked runtime authority retained; raw secondary textual/segmentation variant recorded
strong_control_sequence_difference,low,resolved_by_locked_runtime_authority_contract,1John.4.13,uk5-690d1e2001309918c784,tagnt,1John.4.13,1John.4.13,locked runtime authority retained; raw secondary textual/segmentation variant recorded
strong_control_sequence_difference,medium,resolved_by_locked_runtime_authority_contract,1John.4.19,uk5-24afc395f215e769cc4e,tagnt,1John.4.19,1John.4.19,locked runtime authority retained; raw secondary textual/segmentation variant recorded
strong_control_sequence_difference,low,resolved_by_locked_runtime_authority_contract,1John.4.6,uk5-a8cfb3b1439bc30cc47f,tagnt,1John.4.6,1John.4.6,locked runtime authority retained; raw secondary textual/segmentation variant recorded
strong_control_sequence_difference,medium,resolved_by_locked_runtime_authority_contract,1John.5.13,uk5-0e6a327122d1ec943e34,tagnt,1John.5.13,1John.5.13,locked runtime authority retained; raw secondary textual/segmentation variant recorded
strong_control_sequence_difference,low,resolved_by_locked_runtime_authority_contract,1John.5.15,uk5-b2faf6d7173aefe5cc4a,tagnt,1John.5.15,1John.5.15,locked runtime authority retained; raw secondary textual/segmentation variant recorded
strong_control_sequence_difference,low,resolved_by_locked_runtime_authority_contract,1John.5.6,uk5-8a5f0b1c5d55971dac41,tagnt,1John.5.6,1John.5.6,locked runtime authority retained; raw secondary textual/segmentation variant recorded
strong_control_sequence_difference,high,resolved_by_locked_runtime_authority_contract,1John.5.7,uk5-4e115dc9a680d4ec1619,tagnt,1John.5.7,1John.5.7,locked runtime authority retained; raw secondary textual/segmentation variant recorded
strong_control_sequence_difference,low,resolved_by_locked_runtime_authority_contract,1John.5.8,uk5-81936ae81081263894bf,tagnt,1John.5.8,1John.5.8,locked runtime authority retained; raw secondary textual/segmentation variant recorded
strong_control_sequence_difference,low,resolved_by_locked_runtime_authority_contract,1Kgs.10.15,uk5-84971c3890f99bcf7fc0,oshb,1Kgs.10.15,1Kgs.10.15,locked runtime authority retained; raw secondary textual/segmentation variant recorded
strong_control_sequence_difference,low,resolved_by_locked_runtime_authority_contract,1Kgs.12.5,uk5-f7dba465c61e00f56d65,oshb,1Kgs.12.5,1Kgs.12.5,locked runtime authority retained; raw secondary textual/segmentation variant recorded
strong_control_sequence_difference,low,resolved_by_locked_runtime_authority_contract,1Kgs.17.15,uk5-7c47949574d2338956c5,oshb,1Kgs.17.15,1Kgs.17.15,locked runtime authority retained; raw secondary textual/segmentation variant recorded
strong_control_sequence_difference,medium,resolved_by_locked_runtime_authority_contract,1Kgs.17.5,uk5-13313f0a86713b6abbf2,oshb,1Kgs.17.5,1Kgs.17.5,locked runtime authority retained; raw secondary textual/segmentation variant recorded
strong_control_sequence_difference,medium,resolved_by_locked_runtime_authority_contract,1Kgs.18.16,uk5-b963f02b5ace78040206,oshb,1Kgs.18.16,1Kgs.18.16,locked runtime authority retained; raw secondary textual/segmentation variant recorded
strong_control_sequence_difference,medium,resolved_by_locked_runtime_authority_contract,1Kgs.18.34,uk5-fc2c604014e955c1a989,oshb,1Kgs.18.34,1Kgs.18.34,locked runtime authority retained; raw secondary textual/segmentation variant recorded
strong_control_sequence_difference,low,resolved_by_locked_runtime_authority_contract,1Kgs.19.20,uk5-e0129633b09d28ce5b5b,oshb,1Kgs.19.20,1Kgs.19.20,locked runtime authority retained; raw secondary textual/segmentation variant recorded
strong_control_sequence_difference,low,resolved_by_locked_runtime_authority_contract,1Kgs.19.3,uk5-44686d080bb5941ac24c,oshb,1Kgs.19.3,1Kgs.19.3,locked runtime authority retained; raw secondary textual/segmentation variant recorded
strong_control_sequence_difference,low,resolved_by_locked_runtime_authority_contract,1Kgs.2.40,uk5-1891a0c6996ae42c9a6a,oshb,1Kgs.2.40,1Kgs.2.40,locked runtime authority retained; raw secondary textual/segmentation variant recorded
strong_control_sequence_difference,low,resolved_by_locked_runtime_authority_contract,1Kgs.20.3,uk5-56fb92d1951fc7c679b4,oshb,1Kgs.20.3,1Kgs.20.3,locked runtime authority retained; raw secondary textual/segmentation variant recorded
strong_control_sequence_difference,low,resolved_by_locked_runtime_authority_contract,1Kgs.22.21,uk5-86d40268a41c57471198,oshb,1Kgs.22.21,1Kgs.22.21,locked runtime authority retained; raw secondary textual/segmentation variant recorded
strong_control_sequence_difference,high,resolved_by_locked_runtime_authority_contract,1Kgs.22.44,uk5-58cc2ca5bdf11ff7c8de,oshb,1Kgs.22.44,,locked runtime authority retained; raw secondary textual/segmentation variant recorded
strong_control_sequence_difference,high,resolved_by_locked_runtime_authority_contract,1Kgs.22.45,uk5-3ba65b889cdde1b07faa,oshb,1Kgs.22.45,,locked runtime authority retained; raw secondary textual/segmentation variant recorded
strong_control_sequence_difference,high,resolved_by_locked_runtime_authority_contract,1Kgs.22.46,uk5-920fd6555b0d8c641114,oshb,1Kgs.22.46,,locked runtime authority retained; raw secondary textual/segmentation variant recorded
strong_control_sequence_difference,high,resolved_by_locked_runtime_authority_contract,1Kgs.22.47,uk5-f054ccb8cb16b279b3a2,oshb,1Kgs.22.47,,locked runtime authority retained; raw secondary textual/segmentation variant recorded
strong_control_sequence_difference,high,resolved_by_locked_runtime_authority_contract,1Kgs.22.48,uk5-8e5e6252a646ea8f8221,oshb,1Kgs.22.48,,locked runtime authority retained; raw secondary textual/segmentation variant recorded
strong_control_sequence_difference,high,resolved_by_locked_runtime_authority_contract,1Kgs.22.49,uk5-9c437c8642fa71ab285c,oshb,1Kgs.22.49,,locked runtime authority retained; raw secondary textual/segmentation variant recorded
strong_control_sequence_difference,high,resolved_by_locked_runtime_authority_contract,1Kgs.22.50,uk5-2645e08fa1f1bf91e854,oshb,1Kgs.22.50,,locked runtime authority retained; raw secondary textual/segmentation variant recorded
strong_control_sequence_difference,high,resolved_by_locked_runtime_authority_contract,1Kgs.22.51,uk5-d48fb701a4f5712e810d,oshb,1Kgs.22.51,,locked runtime authority retained; raw secondary textual/segmentation variant recorded
strong_control_sequence_difference,high,resolved_by_locked_runtime_authority_contract,1Kgs.22.52,uk5-35b2285e9d3790025499,oshb,1Kgs.22.52,,locked runtime authority retained; raw secondary textual/segmentation variant recorded
strong_control_sequence_difference,high,resolved_by_locked_runtime_authority_contract,1Kgs.22.53,uk5-dc1be4b09c1784442c94,oshb,1Kgs.22.53,,locked runtime authority retained; raw secondary textual/segmentation variant recorded
strong_control_sequence_difference,low,resolved_by_locked_runtime_authority_contract,1Kgs.4.10,uk5-62dba18ee8a4cf0afda1,oshb,1Kgs.4.10,1Kgs.4.10,locked runtime authority retained; raw secondary textual/segmentation variant recorded
strong_control_sequence_difference,low,resolved_by_locked_runtime_authority_contract,1Kgs.4.11,uk5-f8ebfd5934f171a48395,oshb,1Kgs.4.11,1Kgs.4.11,locked runtime authority retained; raw secondary textual/segmentation variant recorded
strong_control_sequence_difference,high,resolved_by_locked_runtime_authority_contract,1Kgs.4.21,uk5-5e8d476866875215ada2,oshb,1Kgs.5.1,,locked runtime authority retained; raw secondary textual/segmentation variant recorded
strong_control_sequence_difference,high,resolved_by_locked_runtime_authority_contract,1Kgs.4.22,uk5-7e25c1d4fe9eae6660bc,oshb,1Kgs.5.2,,locked runtime authority retained; raw secondary textual/segmentation variant recorded
strong_control_sequence_difference,high,resolved_by_locked_runtime_authority_contract,1Kgs.4.23,uk5-49524bc6a07336eba0f3,oshb,1Kgs.5.3,,locked runtime authority retained; raw secondary textual/segmentation variant recorded
strong_control_sequence_difference,high,resolved_by_locked_runtime_authority_contract,1Kgs.4.24,uk5-797b8fe832e6aa3a09fc,oshb,1Kgs.5.4,,locked runtime authority retained; raw secondary textual/segmentation variant recorded
strong_control_sequence_difference,high,resolved_by_locked_runtime_authority_contract,1Kgs.4.25,uk5-426e18aee6c0f6f8f03e,oshb,1Kgs.5.5,,locked runtime authority retained; raw secondary textual/segmentation variant recorded
strong_control_sequence_difference,high,resolved_by_locked_runtime_authority_contract,1Kgs.4.26,uk5-dedda5cb9849f7d8a9a6,oshb,1Kgs.5.6,,locked runtime authority retained; raw secondary textual/segmentation variant recorded
strong_control_sequence_difference,high,resolved_by_locked_runtime_authority_contract,1Kgs.4.27,uk5-731f501c7fb4ce9a2d9c,oshb,1Kgs.5.7,,locked runtime authority retained; raw secondary textual/segmentation variant recorded
strong_control_sequence_difference,high,resolved_by_locked_runtime_authority_contract,1Kgs.4.28,uk5-d31faf56ddf2039a4d26,oshb,1Kgs.5.8,,locked runtime authority retained; raw secondary textual/segmentation variant recorded
strong_control_sequence_difference,high,resolved_by_locked_runtime_authority_contract,1Kgs.4.29,uk5-365c791fbf5b9d463ce0,oshb,1Kgs.5.9,,locked runtime authority retained; raw secondary textual/segmentation variant recorded
strong_control_sequence_difference,high,resolved_by_locked_runtime_authority_contract,1Kgs.4.30,uk5-1643364c3b0dba9d52dc,oshb,1Kgs.5.10,,locked runtime authority retained; raw secondary textual/segmentation variant recorded
strong_control_sequence_difference,high,resolved_by_locked_runtime_authority_contract,1Kgs.4.31,uk5-f23489a80222ad45c01b,oshb,1Kgs.5.11,,locked runtime authority retained; raw secondary textual/segmentation variant recorded
strong_control_sequence_difference,high,resolved_by_locked_runtime_authority_contract,1Kgs.4.32,uk5-4a81285d85d071a4363a,oshb,1Kgs.5.12,,locked runtime authority retained; raw secondary textual/segmentation variant recorded
strong_control_sequence_difference,high,resolved_by_locked_runtime_authority_contract,1Kgs.4.33,uk5-49d68935cc47910429f1,oshb,1Kgs.5.13,,locked runtime authority retained; raw secondary textual/segmentation variant recorded
strong_control_sequence_difference,high,resolved_by_locked_runtime_authority_contract,1Kgs.4.34,uk5-2dd644c2356ade4c4ac9,oshb,1Kgs.5.14,,locked runtime authority retained; raw secondary textual/segmentation variant recorded
strong_control_sequence_difference,medium,resolved_by_locked_runtime_authority_contract,1Kgs.4.9,uk5-19b2fceb51a463439a39,oshb,1Kgs.4.9,1Kgs.4.9,locked runtime authority retained; raw secondary textual/segmentation variant recorded
strong_control_sequence_difference,high,resolved_by_locked_runtime_authority_contract,1Kgs.5.1,uk5-f971502a1b2ef926f6b2,oshb,1Kgs.5.1,,locked runtime authority retained; raw secondary textual/segmentation variant recorded
strong_control_sequence_difference,high,resolved_by_locked_runtime_authority_contract,1Kgs.5.10,uk5-5dabeaf9a88872702067,oshb,1Kgs.5.10,,locked runtime authority retained; raw secondary textual/segmentation variant recorded
strong_control_sequence_difference,high,resolved_by_locked_runtime_authority_contract,1Kgs.5.11,uk5-9ac1d0b34ab6b3724c91,oshb,1Kgs.5.11,,locked runtime authority retained; raw secondary textual/segmentation variant recorded
strong_control_sequence_difference,high,resolved_by_locked_runtime_authority_contract,1Kgs.5.12,uk5-2b039dfeb4f0981a9ef6,oshb,1Kgs.5.12,,locked runtime authority retained; raw secondary textual/segmentation variant recorded
strong_control_sequence_difference,high,resolved_by_locked_runtime_authority_contract,1Kgs.5.13,uk5-28b18d52453e9ff9815a,oshb,1Kgs.5.13,,locked runtime authority retained; raw secondary textual/segmentation variant recorded
strong_control_sequence_difference,high,resolved_by_locked_runtime_authority_contract,1Kgs.5.14,uk5-220f34fb2edc344c0254,oshb,1Kgs.5.14,,locked runtime authority retained; raw secondary textual/segmentation variant recorded
strong_control_sequence_difference,high,resolved_by_locked_runtime_authority_contract,1Kgs.5.15,uk5-3be004d1479f43ad963a,oshb,1Kgs.5.15,,locked runtime authority retained; raw secondary textual/segmentation variant recorded
strong_control_sequence_difference,high,resolved_by_locked_runtime_authority_contract,1Kgs.5.16,uk5-eb9a912984c1fd13ff5b,oshb,1Kgs.5.16,,locked runtime authority retained; raw secondary textual/segmentation variant recorded
strong_control_sequence_difference,high,resolved_by_locked_runtime_authority_contract,1Kgs.5.17,uk5-006646d0594258da7bfc,oshb,1Kgs.5.17,,locked runtime authority retained; raw secondary textual/segmentation variant recorded
strong_control_sequence_difference,high,resolved_by_locked_runtime_authority_contract,1Kgs.5.18,uk5-2a5ff2f8a1b2cfd22192,oshb,1Kgs.5.18,,locked runtime authority retained; raw secondary textual/segmentation variant recorded
strong_control_sequence_difference,high,resolved_by_locked_runtime_authority_contract,1Kgs.5.2,uk5-e6e4835640980cd8754d,oshb,1Kgs.5.2,,locked runtime authority retained; raw secondary textual/segmentation variant recorded
strong_control_sequence_difference,high,resolved_by_locked_runtime_authority_contract,1Kgs.5.3,uk5-fd8c536f703eb605b7a9,oshb,1Kgs.5.3,,locked runtime authority retained; raw secondary textual/segmentation variant recorded
strong_control_sequence_difference,high,resolved_by_locked_runtime_authority_contract,1Kgs.5.4,uk5-4426cc70b39ea9822bf6,oshb,1Kgs.5.4,,locked runtime authority retained; raw secondary textual/segmentation variant recorded
strong_control_sequence_difference,high,resolved_by_locked_runtime_authority_contract,1Kgs.5.5,uk5-f931b8a66f46af1f3f7f,oshb,1Kgs.5.5,,locked runtime authority retained; raw secondary textual/segmentation variant recorded
strong_control_sequence_difference,high,resolved_by_locked_runtime_authority_contract,1Kgs.5.6,uk5-91dcc8923de460627346,oshb,1Kgs.5.6,,locked runtime authority retained; raw secondary textual/segmentation variant recorded
strong_control_sequence_difference,high,resolved_by_locked_runtime_authority_contract,1Kgs.5.7,uk5-71f9dcb2c18b8ae3fc65,oshb,1Kgs.5.7,,locked runtime authority retained; raw secondary textual/segmentation variant recorded
strong_control_sequence_difference,high,resolved_by_locked_runtime_authority_contract,1Kgs.5.8,uk5-a8fe864536503bfc91a5,oshb,1Kgs.5.8,,locked runtime authority retained; raw secondary textual/segmentation variant recorded
strong_control_sequence_difference,high,resolved_by_locked_runtime_authority_contract,1Kgs.5.9,uk5-3982f3a350f5fcf640c7,oshb,1Kgs.5.9,,locked runtime authority retained; raw secondary textual/segmentation variant recorded
strong_control_sequence_difference,low,resolved_by_locked_runtime_authority_contract,1Pet.1.15,uk5-0ea56ace7f0cfcb18bfd,tagnt,1Pet.1.15,1Pet.1.15,locked runtime authority retained; raw secondary textual/segmentation variant recorded
strong_control_sequence_difference,medium,resolved_by_locked_runtime_authority_contract,1Pet.1.16,uk5-d6d1dd1b1706b8cc7d65,tagnt,1Pet.1.16,1Pet.1.16,locked runtime authority retained; raw secondary textual/segmentation variant recorded
strong_control_sequence_difference,medium,resolved_by_locked_runtime_authority_contract,1Pet.1.23,uk5-dd416ab7dfa3453b6951,tagnt,1Pet.1.23,1Pet.1.23,locked runtime authority retained; raw secondary textual/segmentation variant recorded
strong_control_sequence_difference,low,resolved_by_locked_runtime_authority_contract,1Pet.1.3,uk5-6d3561ffff5ab3274c22,tagnt,1Pet.1.3,1Pet.1.3,locked runtime authority retained; raw secondary textual/segmentation variant recorded
strong_control_sequence_difference,low,resolved_by_locked_runtime_authority_contract,1Pet.1.6,uk5-e5f3c61e67566e163bd7,tagnt,1Pet.1.6,1Pet.1.6,locked runtime authority retained; raw secondary textual/segmentation variant recorded
strong_control_sequence_difference,low,resolved_by_locked_runtime_authority_contract,1Pet.3.16,uk5-23fd3455268e2f58539a,tagnt,1Pet.3.16,1Pet.3.16,locked runtime authority retained; raw secondary textual/segmentation variant recorded
strong_control_sequence_difference,low,resolved_by_locked_runtime_authority_contract,1Pet.4.14,uk5-a35cc52b1bae6231d2eb,tagnt,1Pet.4.14,1Pet.4.14,locked runtime authority retained; raw secondary textual/segmentation variant recorded
strong_control_sequence_difference,low,resolved_by_locked_runtime_authority_contract,1Pet.4.2,uk5-8af7d1f3e4ef89f222e7,tagnt,1Pet.4.2,1Pet.4.2,locked runtime authority retained; raw secondary textual/segmentation variant recorded
strong_control_sequence_difference,low,resolved_by_locked_runtime_authority_contract,1Pet.4.4,uk5-35ac12d20875c9911de6,tagnt,1Pet.4.4,1Pet.4.4,locked runtime authority retained; raw secondary textual/segmentation variant recorded
strong_control_sequence_difference,medium,resolved_by_locked_runtime_authority_contract,1Pet.5.11,uk5-37c341e3a86fef92386c,tagnt,1Pet.5.11,1Pet.5.11,locked runtime authority retained; raw secondary textual/segmentation variant recorded
strong_control_sequence_difference,medium,resolved_by_locked_runtime_authority_contract,1Sam.10.1,uk5-156b3c54d3494f9096c6,oshb,1Sam.10.1,1Sam.10.1,locked runtime authority retained; raw secondary textual/segmentation variant recorded
strong_control_sequence_difference,low,resolved_by_locked_runtime_authority_contract,1Sam.11.14,uk5-e2baf1a3db7d64205215,oshb,1Sam.11.14,1Sam.11.14,locked runtime authority retained; raw secondary textual/segmentation variant recorded
strong_control_sequence_difference,medium,resolved_by_locked_runtime_authority_contract,1Sam.13.15,uk5-2aa103f78918c621bc9e,oshb,1Sam.13.15,1Sam.13.15,locked runtime authority retained; raw secondary textual/segmentation variant recorded
strong_control_sequence_difference,medium,resolved_by_locked_runtime_authority_contract,1Sam.14.41,uk5-b17301704f3518feaac7,oshb,1Sam.14.41,1Sam.14.41,locked runtime authority retained; raw secondary textual/segmentation variant recorded
strong_control_sequence_difference,low,resolved_by_locked_runtime_authority_contract,1Sam.19.23,uk5-aa41f69ab569b797cb8f,oshb,1Sam.19.23,1Sam.19.23,locked runtime authority retained; raw secondary textual/segmentation variant recorded
strong_control_sequence_difference,low,resolved_by_locked_runtime_authority_contract,1Sam.2.26,uk5-2a7c9127988097db1ce3,oshb,1Sam.2.26,1Sam.2.26,locked runtime authority retained; raw secondary textual/segmentation variant recorded
strong_control_sequence_difference,low,resolved_by_locked_runtime_authority_contract,1Sam.20.16,uk5-b4728f959e0345159941,oshb,1Sam.20.16,1Sam.20.16,locked runtime authority retained; raw secondary textual/segmentation variant recorded
strong_control_sequence_difference,high,resolved_by_locked_runtime_authority_contract,1Sam.21.1,uk5-dc991ff4dd0f79172d4c,oshb,1Sam.21.1,,locked runtime authority retained; raw secondary textual/segmentation variant recorded
strong_control_sequence_difference,high,resolved_by_locked_runtime_authority_contract,1Sam.21.10,uk5-db198a2253a7642f6c3f,oshb,1Sam.21.10,,locked runtime authority retained; raw secondary textual/segmentation variant recorded
strong_control_sequence_difference,high,resolved_by_locked_runtime_authority_contract,1Sam.21.11,uk5-e9db5a661f88ea7d78db,oshb,1Sam.21.11,,locked runtime authority retained; raw secondary textual/segmentation variant recorded
strong_control_sequence_difference,high,resolved_by_locked_runtime_authority_contract,1Sam.21.12,uk5-f17ac0d796d1c7520b7d,oshb,1Sam.21.12,,locked runtime authority retained; raw secondary textual/segmentation variant recorded
strong_control_sequence_difference,high,resolved_by_locked_runtime_authority_contract,1Sam.21.13,uk5-7f93782a8b877be7ccf3,oshb,1Sam.21.13,,locked runtime authority retained; raw secondary textual/segmentation variant recorded
strong_control_sequence_difference,high,resolved_by_locked_runtime_authority_contract,1Sam.21.14,uk5-96fab2db453246398588,oshb,1Sam.21.14,,locked runtime authority retained; raw secondary textual/segmentation variant recorded
strong_control_sequence_difference,high,resolved_by_locked_runtime_authority_contract,1Sam.21.15,uk5-25d252128b9971ca38eb,oshb,1Sam.21.15,,locked runtime authority retained; raw secondary textual/segmentation variant recorded
strong_control_sequence_difference,high,resolved_by_locked_runtime_authority_contract,1Sam.21.2,uk5-7f90b6765d8cd0e24ddb,oshb,1Sam.21.2,,locked runtime authority retained; raw secondary textual/segmentation variant recorded
strong_control_sequence_difference,high,resolved_by_locked_runtime_authority_contract,1Sam.21.3,uk5-43c2f91c88c7fb48a23c,oshb,1Sam.21.3,,locked runtime authority retained; raw secondary textual/segmentation variant recorded
strong_control_sequence_difference,high,resolved_by_locked_runtime_authority_contract,1Sam.21.4,uk5-587e27e3508bab5c82dc,oshb,1Sam.21.4,,locked runtime authority retained; raw secondary textual/segmentation variant recorded
strong_control_sequence_difference,high,resolved_by_locked_runtime_authority_contract,1Sam.21.5,uk5-423523ba5f2252e3c390,oshb,1Sam.21.5,,locked runtime authority retained; raw secondary textual/segmentation variant recorded
strong_control_sequence_difference,high,resolved_by_locked_runtime_authority_contract,1Sam.21.6,uk5-03df5bc6308a9c9ab66b,oshb,1Sam.21.6,,locked runtime authority retained; raw secondary textual/segmentation variant recorded
strong_control_sequence_difference,high,resolved_by_locked_runtime_authority_contract,1Sam.21.7,uk5-0f971ce57c4f911faaa6,oshb,1Sam.21.7,,locked runtime authority retained; raw secondary textual/segmentation variant recorded
strong_control_sequence_difference,high,resolved_by_locked_runtime_authority_contract,1Sam.21.8,uk5-24e2227e74fc6d629ba1,oshb,1Sam.21.8,,locked runtime authority retained; raw secondary textual/segmentation variant recorded
strong_control_sequence_difference,high,resolved_by_locked_runtime_authority_contract,1Sam.21.9,uk5-dcbe8d19568fa10bd067,oshb,1Sam.21.9,,locked runtime authority retained; raw secondary textual/segmentation variant recorded
strong_control_sequence_difference,low,resolved_by_locked_runtime_authority_contract,1Sam.22.5,uk5-dbb02f57b76e4c28f23b,oshb,1Sam.22.5,1Sam.22.5,locked runtime authority retained; raw secondary textual/segmentation variant recorded
strong_control_sequence_difference,low,resolved_by_locked_runtime_authority_contract,1Sam.23.2,uk5-5f04efc11eaee068d2e1,oshb,1Sam.23.2,1Sam.23.2,locked runtime authority retained; raw secondary textual/segmentation variant recorded
strong_control_sequence_difference,low,resolved_by_locked_runtime_authority_contract,1Sam.23.26,uk5-8efc956726494432f86f,oshb,1Sam.23.26,1Sam.23.26,locked runtime authority retained; raw secondary textual/segmentation variant recorded
strong_control_sequence_difference,low,resolved_by_locked_runtime_authority_contract,1Sam.23.28,uk5-d403372378b474dfecf4,oshb,1Sam.23.28,1Sam.23.28,locked runtime authority retained; raw secondary textual/segmentation variant recorded
strong_control_sequence_difference,high,resolved_by_locked_runtime_authority_contract,1Sam.23.29,uk5-667741701e0bce2e0472,oshb,1Sam.24.1,,locked runtime authority retained; raw secondary textual/segmentation variant recorded
strong_control_sequence_difference,low,resolved_by_locked_runtime_authority_contract,1Sam.23.3,uk5-f96fea9ebe5cb384c52f,oshb,1Sam.23.3,1Sam.23.3,locked runtime authority retained; raw secondary textual/segmentation variant recorded
strong_control_sequence_difference,low,resolved_by_locked_runtime_authority_contract,1Sam.23.5,uk5-90c70c65d5ab1be1fd1f,oshb,1Sam.23.5,1Sam.23.5,locked runtime authority retained; raw secondary textual/segmentation variant recorded
strong_control_sequence_difference,high,resolved_by_locked_runtime_authority_contract,1Sam.24.1,uk5-1665308b2ee8665cdcd0,oshb,1Sam.24.1,,locked runtime authority retained; raw secondary textual/segmentation variant recorded
strong_control_sequence_difference,high,resolved_by_locked_runtime_authority_contract,1Sam.24.10,uk5-1588a536e1cae0647872,oshb,1Sam.24.10,,locked runtime authority retained; raw secondary textual/segmentation variant recorded
strong_control_sequence_difference,high,resolved_by_locked_runtime_authority_contract,1Sam.24.11,uk5-a85cf862e9ddd1b3ab99,oshb,1Sam.24.11,,locked runtime authority retained; raw secondary textual/segmentation variant recorded
strong_control_sequence_difference,high,resolved_by_locked_runtime_authority_contract,1Sam.24.12,uk5-fd663c8c5b93cd6da776,oshb,1Sam.24.12,,locked runtime authority retained; raw secondary textual/segmentation variant recorded
strong_control_sequence_difference,high,resolved_by_locked_runtime_authority_contract,1Sam.24.13,uk5-164c60c12b5dcc695bc7,oshb,1Sam.24.13,,locked runtime authority retained; raw secondary textual/segmentation variant recorded
strong_control_sequence_difference,high,resolved_by_locked_runtime_authority_contract,1Sam.24.14,uk5-984c391a9ea69f52d53c,oshb,1Sam.24.14,,locked runtime authority retained; raw secondary textual/segmentation variant recorded
strong_control_sequence_difference,high,resolved_by_locked_runtime_authority_contract,1Sam.24.15,uk5-8e3e53a853ed5367168f,oshb,1Sam.24.15,,locked runtime authority retained; raw secondary textual/segmentation variant recorded
strong_control_sequence_difference,high,resolved_by_locked_runtime_authority_contract,1Sam.24.16,uk5-8b2125295c05fd364a53,oshb,1Sam.24.16,,locked runtime authority retained; raw secondary textual/segmentation variant recorded
strong_control_sequence_difference,high,resolved_by_locked_runtime_authority_contract,1Sam.24.17,uk5-1cca431e094298ca40d4,oshb,1Sam.24.17,,locked runtime authority retained; raw secondary textual/segmentation variant recorded
strong_control_sequence_difference,high,resolved_by_locked_runtime_authority_contract,1Sam.24.18,uk5-4d18026275e02b30892f,oshb,1Sam.24.18,,locked runtime authority retained; raw secondary textual/segmentation variant recorded
strong_control_sequence_difference,high,resolved_by_locked_runtime_authority_contract,1Sam.24.19,uk5-f292d581035c66cd64c0,oshb,1Sam.24.19,,locked runtime authority retained; raw secondary textual/segmentation variant recorded
strong_control_sequence_difference,high,resolved_by_locked_runtime_authority_contract,1Sam.24.2,uk5-d95c2d1a1d2452b32081,oshb,1Sam.24.2,,locked runtime authority retained; raw secondary textual/segmentation variant recorded
strong_control_sequence_difference,high,resolved_by_locked_runtime_authority_contract,1Sam.24.20,uk5-0e3aefe38fd471d4634f,oshb,1Sam.24.20,,locked runtime authority retained; raw secondary textual/segmentation variant recorded
strong_control_sequence_difference,high,resolved_by_locked_runtime_authority_contract,1Sam.24.21,uk5-7b0abfe5a3b0352cfb2f,oshb,1Sam.24.21,,locked runtime authority retained; raw secondary textual/segmentation variant recorded
strong_control_sequence_difference,high,resolved_by_locked_runtime_authority_contract,1Sam.24.22,uk5-24d9fdc1d275612c4175,oshb,1Sam.24.22,,locked runtime authority retained; raw secondary textual/segmentation variant recorded
strong_control_sequence_difference,high,resolved_by_locked_runtime_authority_contract,1Sam.24.3,uk5-50dfbd35f032290cae12,oshb,1Sam.24.3,,locked runtime authority retained; raw secondary textual/segmentation variant recorded
strong_control_sequence_difference,high,resolved_by_locked_runtime_authority_contract,1Sam.24.4,uk5-48f441ac6de7c367c4ae,oshb,1Sam.24.4,,locked runtime authority retained; raw secondary textual/segmentation variant recorded
strong_control_sequence_difference,high,resolved_by_locked_runtime_authority_contract,1Sam.24.5,uk5-8e5b87625a37d0f8b8cc,oshb,1Sam.24.5,,locked runtime authority retained; raw secondary textual/segmentation variant recorded
strong_control_sequence_difference,high,resolved_by_locked_runtime_authority_contract,1Sam.24.6,uk5-3acd5ab74b115e7e2fe5,oshb,1Sam.24.6,,locked runtime authority retained; raw secondary textual/segmentation variant recorded
strong_control_sequence_difference,high,resolved_by_locked_runtime_authority_contract,1Sam.24.7,uk5-0a7544afb2c3641c50bf,oshb,1Sam.24.7,,locked runtime authority retained; raw secondary textual/segmentation variant recorded
strong_control_sequence_difference,high,resolved_by_locked_runtime_authority_contract,1Sam.24.8,uk5-d55b8aa629f10263d4e6,oshb,1Sam.24.8,,locked runtime authority retained; raw secondary textual/segmentation variant recorded
strong_control_sequence_difference,high,resolved_by_locked_runtime_authority_contract,1Sam.24.9,uk5-056991a117c0487a5a9b,oshb,1Sam.24.9,,locked runtime authority retained; raw secondary textual/segmentation variant recorded
strong_control_sequence_difference,low,resolved_by_locked_runtime_authority_contract,1Sam.27.3,uk5-4c8fe4a4abd415b2aa7b,oshb,1Sam.27.3,1Sam.27.3,locked runtime authority retained; raw secondary textual/segmentation variant recorded
strong_control_sequence_difference,low,resolved_by_locked_runtime_authority_contract,1Sam.3.9,uk5-a9268b2e13efdeb4d2e7,oshb,1Sam.3.9,1Sam.3.9,locked runtime authority retained; raw secondary textual/segmentation variant recorded
strong_control_sequence_difference,low,resolved_by_locked_runtime_authority_contract,1Sam.30.27,uk5-2d657ae6b82372220062,oshb,1Sam.30.27,1Sam.30.27,locked runtime authority retained; raw secondary textual/segmentation variant recorded
strong_control_sequence_difference,low,resolved_by_locked_runtime_authority_contract,1Sam.30.30,uk5-2c07c7368278394ea7d9,oshb,1Sam.30.30,1Sam.30.30,locked runtime authority retained; raw secondary textual/segmentation variant recorded
strong_control_sequence_difference,low,resolved_by_locked_runtime_authority_contract,1Sam.31.10,uk5-5432de4ccb1d42bbca66,oshb,1Sam.31.10,1Sam.31.10,locked runtime authority retained; raw secondary textual/segmentation variant recorded
strong_control_sequence_difference,low,resolved_by_locked_runtime_authority_contract,1Sam.9.10,uk5-953489a87a7dc81340db,oshb,1Sam.9.10,1Sam.9.10,locked runtime authority retained; raw secondary textual/segmentation variant recorded
strong_control_sequence_difference,low,resolved_by_locked_runtime_authority_contract,1Sam.9.9,uk5-458da8de1c0b1a873959,oshb,1Sam.9.9,1Sam.9.9,locked runtime authority retained; raw secondary textual/segmentation variant recorded
strong_control_sequence_difference,low,resolved_by_locked_runtime_authority_contract,1Thess.1.1,uk5-07d222288c663f270d5d,tagnt,1Thess.1.1,1Thess.1.1,locked runtime authority retained; raw secondary textual/segmentation variant recorded
strong_control_sequence_difference,low,resolved_by_locked_runtime_authority_contract,1Thess.1.2,uk5-a5a3893abd9c7378f0ba,tagnt,1Thess.1.2,1Thess.1.2,locked runtime authority retained; raw secondary textual/segmentation variant recorded
strong_control_sequence_difference,low,resolved_by_locked_runtime_authority_contract,1Thess.1.5,uk5-1785bbf8413166e35c6e,tagnt,1Thess.1.5,1Thess.1.5,locked runtime authority retained; raw secondary textual/segmentation variant recorded
strong_control_sequence_difference,low,resolved_by_locked_runtime_authority_contract,1Thess.2.1,uk5-33d2d0ce331890937936,tagnt,1Thess.2.1,1Thess.2.1,locked runtime authority retained; raw secondary textual/segmentation variant recorded
strong_control_sequence_difference,low,resolved_by_locked_runtime_authority_contract,1Thess.2.12,uk5-1d7a9b469d484d281f70,tagnt,1Thess.2.12,1Thess.2.12,locked runtime authority retained; raw secondary textual/segmentation variant recorded
strong_control_sequence_difference,low,resolved_by_locked_runtime_authority_contract,1Thess.2.18,uk5-c78b51ab3e827b39f2b7,tagnt,1Thess.2.18,1Thess.2.18,locked runtime authority retained; raw secondary textual/segmentation variant recorded
strong_control_sequence_difference,low,resolved_by_locked_runtime_authority_contract,1Thess.2.19,uk5-63652e6a65203dac2d83,tagnt,1Thess.2.19,1Thess.2.19,locked runtime authority retained; raw secondary textual/segmentation variant recorded
strong_control_sequence_difference,low,resolved_by_locked_runtime_authority_contract,1Thess.2.20,uk5-5e3b7ff5ffc96c5e9336,tagnt,1Thess.2.20,1Thess.2.20,locked runtime authority retained; raw secondary textual/segmentation variant recorded
strong_control_sequence_difference,medium,resolved_by_locked_runtime_authority_contract,1Thess.2.7,uk5-834cf23629faa2991bcc,tagnt,1Thess.2.7,1Thess.2.7,locked runtime authority retained; raw secondary textual/segmentation variant recorded
strong_control_sequence_difference,low,resolved_by_locked_runtime_authority_contract,1Thess.2.8,uk5-08a831bff0c2ffa877f8,tagnt,1Thess.2.8,1Thess.2.8,locked runtime authority retained; raw secondary textual/segmentation variant recorded
strong_control_sequence_difference,low,resolved_by_locked_runtime_authority_contract,1Thess.3.10,uk5-0ef29e1ae44f7a091131,tagnt,1Thess.3.10,1Thess.3.10,locked runtime authority retained; raw secondary textual/segmentation variant recorded
strong_control_sequence_difference,low,resolved_by_locked_runtime_authority_contract,1Thess.3.11,uk5-a1de4439af662b9c1f6c,tagnt,1Thess.3.11,1Thess.3.11,locked runtime authority retained; raw secondary textual/segmentation variant recorded
strong_control_sequence_difference,low,resolved_by_locked_runtime_authority_contract,1Thess.3.13,uk5-68faa35efda996491735,tagnt,1Thess.3.13,1Thess.3.13,locked runtime authority retained; raw secondary textual/segmentation variant recorded
strong_control_sequence_difference,low,resolved_by_locked_runtime_authority_contract,1Thess.3.2,uk5-176ed1ff0d33ca3293e6,tagnt,1Thess.3.2,1Thess.3.2,locked runtime authority retained; raw secondary textual/segmentation variant recorded
strong_control_sequence_difference,low,resolved_by_locked_runtime_authority_contract,1Thess.3.5,uk5-565587afe7a829121b30,tagnt,1Thess.3.5,1Thess.3.5,locked runtime authority retained; raw secondary textual/segmentation variant recorded
strong_control_sequence_difference,low,resolved_by_locked_runtime_authority_contract,1Thess.3.6,uk5-b3b0dd7f375ca71b3556,tagnt,1Thess.3.6,1Thess.3.6,locked runtime authority retained; raw secondary textual/segmentation variant recorded
strong_control_sequence_difference,low,resolved_by_locked_runtime_authority_contract,1Thess.4.1,uk5-5b0c6215779dacf5afc4,tagnt,1Thess.4.1,1Thess.4.1,locked runtime authority retained; raw secondary textual/segmentation variant recorded
strong_control_sequence_difference,low,resolved_by_locked_runtime_authority_contract,1Thess.5.10,uk5-216653c538b5f74d7b1d,tagnt,1Thess.5.10,1Thess.5.10,locked runtime authority retained; raw secondary textual/segmentation variant recorded
strong_control_sequence_difference,low,resolved_by_locked_runtime_authority_contract,1Thess.5.13,uk5-babd5856ca55fc7ad6aa,tagnt,1Thess.5.13,1Thess.5.13,locked runtime authority retained; raw secondary textual/segmentation variant recorded
strong_control_sequence_difference,low,resolved_by_locked_runtime_authority_contract,1Thess.5.25,uk5-d02718e9390f8fef4491,tagnt,1Thess.5.25,1Thess.5.25,locked runtime authority retained; raw secondary textual/segmentation variant recorded
strong_control_sequence_difference,medium,resolved_by_locked_runtime_authority_contract,1Thess.5.28,uk5-13b00c701889338f36de,tagnt,1Thess.5.28,1Thess.5.28,locked runtime authority retained; raw secondary textual/segmentation variant recorded
strong_control_sequence_difference,low,resolved_by_locked_runtime_authority_contract,1Thess.5.9,uk5-52034dd732e4783445cf,tagnt,1Thess.5.9,1Thess.5.9,locked runtime authority retained; raw secondary textual/segmentation variant recorded
strong_control_sequence_difference,low,resolved_by_locked_runtime_authority_contract,1Tim.1.1,uk5-fd6f4c5a4df10c6f227b,tagnt,1Tim.1.1,1Tim.1.1,locked runtime authority retained; raw secondary textual/segmentation variant recorded
strong_control_sequence_difference,low,resolved_by_locked_runtime_authority_contract,1Tim.1.12,uk5-d51f7e8301fcd3c5b5bb,tagnt,1Tim.1.12,1Tim.1.12,locked runtime authority retained; raw secondary textual/segmentation variant recorded
strong_control_sequence_difference,low,resolved_by_locked_runtime_authority_contract,1Tim.1.17,uk5-4d04aa52e51227e102ec,tagnt,1Tim.1.17,1Tim.1.17,locked runtime authority retained; raw secondary textual/segmentation variant recorded
strong_control_sequence_difference,low,resolved_by_locked_runtime_authority_contract,1Tim.2.3,uk5-51d59f6f88a22eaabc81,tagnt,1Tim.2.3,1Tim.2.3,locked runtime authority retained; raw secondary textual/segmentation variant recorded
strong_control_sequence_difference,low,resolved_by_locked_runtime_authority_contract,1Tim.3.10,uk5-007491938a510258a1f8,tagnt,1Tim.3.10,1Tim.3.10,locked runtime authority retained; raw secondary textual/segmentation variant recorded
strong_control_sequence_difference,low,resolved_by_locked_runtime_authority_contract,1Tim.3.2,uk5-d8bab15621ec250eb11b,tagnt,1Tim.3.2,1Tim.3.2,locked runtime authority retained; raw secondary textual/segmentation variant recorded
strong_control_sequence_difference,low,resolved_by_locked_runtime_authority_contract,1Tim.3.3,uk5-1746dfe7854b95421610,tagnt,1Tim.3.3,1Tim.3.3,locked runtime authority retained; raw secondary textual/segmentation variant recorded
strong_control_sequence_difference,low,resolved_by_locked_runtime_authority_contract,1Tim.4.16,uk5-c6d19d97c376e144c407,tagnt,1Tim.4.16,1Tim.4.16,locked runtime authority retained; raw secondary textual/segmentation variant recorded
strong_control_sequence_difference,low,resolved_by_locked_runtime_authority_contract,1Tim.5.10,uk5-3f220f32a41719748086,tagnt,1Tim.5.10,1Tim.5.10,locked runtime authority retained; raw secondary textual/segmentation variant recorded
strong_control_sequence_difference,low,resolved_by_locked_runtime_authority_contract,1Tim.5.15,uk5-29701e7ccb2ff8838f7e,tagnt,1Tim.5.15,1Tim.5.15,locked runtime authority retained; raw secondary textual/segmentation variant recorded
strong_control_sequence_difference,low,resolved_by_locked_runtime_authority_contract,1Tim.6.18,uk5-c5bc09997bc8e47dc760,tagnt,1Tim.6.18,1Tim.6.18,locked runtime authority retained; raw secondary textual/segmentation variant recorded
strong_control_sequence_difference,low,resolved_by_locked_runtime_authority_contract,1Tim.6.21,uk5-e7f550b816db09e614ee,tagnt,1Tim.6.21,1Tim.6.21,locked runtime authority retained; raw secondary textual/segmentation variant recorded
strong_control_sequence_difference,low,resolved_by_locked_runtime_authority_contract,1Tim.6.5,uk5-258661c024c16dbc3b5c,tagnt,1Tim.6.5,1Tim.6.5,locked runtime authority retained; raw secondary textual/segmentation variant recorded
strong_control_sequence_difference,high,resolved_by_locked_runtime_authority_contract,2Chr.13.23,uk5-0610ce90421d68ba131f,oshb,2Chr.13.23,,locked runtime authority retained; raw secondary textual/segmentation variant recorded
strong_control_sequence_difference,high,resolved_by_locked_runtime_authority_contract,2Chr.14.1,uk5-0610ce90421d68ba131f,oshb,2Chr.14.1,,locked runtime authority retained; raw secondary textual/segmentation variant recorded
strong_control_sequence_difference,high,resolved_by_locked_runtime_authority_contract,2Chr.14.10,uk5-dac6618527200ec01194,oshb,2Chr.14.10,,locked runtime authority retained; raw secondary textual/segmentation variant recorded
strong_control_sequence_difference,high,resolved_by_locked_runtime_authority_contract,2Chr.14.11,uk5-00ec0f4cd2ca2a04a53b,oshb,2Chr.14.11,,locked runtime authority retained; raw secondary textual/segmentation variant recorded
strong_control_sequence_difference,high,resolved_by_locked_runtime_authority_contract,2Chr.14.12,uk5-ebec3932cd4fa82bd2fc,oshb,2Chr.14.12,,locked runtime authority retained; raw secondary textual/segmentation variant recorded
strong_control_sequence_difference,high,resolved_by_locked_runtime_authority_contract,2Chr.14.13,uk5-52e68ef61176eff1146a,oshb,2Chr.14.13,,locked runtime authority retained; raw secondary textual/segmentation variant recorded
strong_control_sequence_difference,high,resolved_by_locked_runtime_authority_contract,2Chr.14.14,uk5-48e36ce86d94722c3e3b,oshb,2Chr.14.14,,locked runtime authority retained; raw secondary textual/segmentation variant recorded
strong_control_sequence_difference,high,resolved_by_locked_runtime_authority_contract,2Chr.14.2,uk5-031fb2bec9b27ff0abd9,oshb,2Chr.14.2,,locked runtime authority retained; raw secondary textual/segmentation variant recorded
strong_control_sequence_difference,high,resolved_by_locked_runtime_authority_contract,2Chr.14.3,uk5-e800a0c315dc6b335a4d,oshb,2Chr.14.3,,locked runtime authority retained; raw secondary textual/segmentation variant recorded
strong_control_sequence_difference,high,resolved_by_locked_runtime_authority_contract,2Chr.14.4,uk5-de976b33b6cadf708eef,oshb,2Chr.14.4,,locked runtime authority retained; raw secondary textual/segmentation variant recorded
strong_control_sequence_difference,high,resolved_by_locked_runtime_authority_contract,2Chr.14.5,uk5-c435605bf8949c7e861e,oshb,2Chr.14.5,,locked runtime authority retained; raw secondary textual/segmentation variant recorded
strong_control_sequence_difference,high,resolved_by_locked_runtime_authority_contract,2Chr.14.6,uk5-a5934aec0427fe829ca9,oshb,2Chr.14.6,,locked runtime authority retained; raw secondary textual/segmentation variant recorded
strong_control_sequence_difference,high,resolved_by_locked_runtime_authority_contract,2Chr.14.7,uk5-de61775f1742fa405095,oshb,2Chr.14.7,,locked runtime authority retained; raw secondary textual/segmentation variant recorded
strong_control_sequence_difference,high,resolved_by_locked_runtime_authority_contract,2Chr.14.8,uk5-dcbc89e6999687cf1aa8,oshb,2Chr.14.8,,locked runtime authority retained; raw secondary textual/segmentation variant recorded
strong_control_sequence_difference,high,resolved_by_locked_runtime_authority_contract,2Chr.14.9,uk5-5edeec5c6d8506a3d783,oshb,2Chr.14.9,,locked runtime authority retained; raw secondary textual/segmentation variant recorded
strong_control_sequence_difference,high,resolved_by_locked_runtime_authority_contract,2Chr.2.1,uk5-f79390538a97e2a6e9f1,oshb,2Chr.2.1,,locked runtime authority retained; raw secondary textual/segmentation variant recorded
strong_control_sequence_difference,high,resolved_by_locked_runtime_authority_contract,2Chr.2.10,uk5-60c5d39e10852a12bed1,oshb,2Chr.2.10,,locked runtime authority retained; raw secondary textual/segmentation variant recorded
strong_control_sequence_difference,high,resolved_by_locked_runtime_authority_contract,2Chr.2.11,uk5-5223f67c1c3fd3dd52fc,oshb,2Chr.2.11,,locked runtime authority retained; raw secondary textual/segmentation variant recorded
strong_control_sequence_difference,high,resolved_by_locked_runtime_authority_contract,2Chr.2.12,uk5-554c120ae37d989c01e6,oshb,2Chr.2.12,,locked runtime authority retained; raw secondary textual/segmentation variant recorded
strong_control_sequence_difference,high,resolved_by_locked_runtime_authority_contract,2Chr.2.13,uk5-c4c274c07466a5a2d10e,oshb,2Chr.2.13,,locked runtime authority retained; raw secondary textual/segmentation variant recorded
strong_control_sequence_difference,high,resolved_by_locked_runtime_authority_contract,2Chr.2.14,uk5-70b0449782d3e51a7a7c,oshb,2Chr.2.14,,locked runtime authority retained; raw secondary textual/segmentation variant recorded
strong_control_sequence_difference,high,resolved_by_locked_runtime_authority_contract,2Chr.2.15,uk5-f46e6525523a3cdd36d1,oshb,2Chr.2.15,,locked runtime authority retained; raw secondary textual/segmentation variant recorded
strong_control_sequence_difference,high,resolved_by_locked_runtime_authority_contract,2Chr.2.16,uk5-9dea2c67671672c33813,oshb,2Chr.2.16,,locked runtime authority retained; raw secondary textual/segmentation variant recorded
strong_control_sequence_difference,high,resolved_by_locked_runtime_authority_contract,2Chr.2.17,uk5-a9fba45eaa1dd58c7493,oshb,2Chr.2.17,,locked runtime authority retained; raw secondary textual/segmentation variant recorded
strong_control_sequence_difference,high,resolved_by_locked_runtime_authority_contract,2Chr.2.18,uk5-6bd16fd36db1b25f8c67,oshb,2Chr.2.17,,locked runtime authority retained; raw secondary textual/segmentation variant recorded
strong_control_sequence_difference,high,resolved_by_locked_runtime_authority_contract,2Chr.2.2,uk5-ed512aa1a26e8dc7e004,oshb,2Chr.2.2,,locked runtime authority retained; raw secondary textual/segmentation variant recorded
strong_control_sequence_difference,high,resolved_by_locked_runtime_authority_contract,2Chr.2.3,uk5-9c7fb8c1af9aa7a5514d,oshb,2Chr.2.3,,locked runtime authority retained; raw secondary textual/segmentation variant recorded
strong_control_sequence_difference,high,resolved_by_locked_runtime_authority_contract,2Chr.2.4,uk5-2ef7ede100c280fdec0a,oshb,2Chr.2.4,,locked runtime authority retained; raw secondary textual/segmentation variant recorded
strong_control_sequence_difference,high,resolved_by_locked_runtime_authority_contract,2Chr.2.5,uk5-91a28da61270a4ff5f1d,oshb,2Chr.2.5,,locked runtime authority retained; raw secondary textual/segmentation variant recorded
strong_control_sequence_difference,high,resolved_by_locked_runtime_authority_contract,2Chr.2.6,uk5-f3fde646cd71dd6d31d5,oshb,2Chr.2.6,,locked runtime authority retained; raw secondary textual/segmentation variant recorded
strong_control_sequence_difference,high,resolved_by_locked_runtime_authority_contract,2Chr.2.7,uk5-81c6a34958e96d4bd342,oshb,2Chr.2.7,,locked runtime authority retained; raw secondary textual/segmentation variant recorded
strong_control_sequence_difference,high,resolved_by_locked_runtime_authority_contract,2Chr.2.8,uk5-cc02640be360158389b4,oshb,2Chr.2.8,,locked runtime authority retained; raw secondary textual/segmentation variant recorded
strong_control_sequence_difference,high,resolved_by_locked_runtime_authority_contract,2Chr.2.9,uk5-6a2fd26027e1784f05e0,oshb,2Chr.2.9,,locked runtime authority retained; raw secondary textual/segmentation variant recorded
strong_control_sequence_difference,low,resolved_by_locked_runtime_authority_contract,2Chr.22.5,uk5-41c8ded3cbd9451db9e4,oshb,2Chr.22.5,2Chr.22.5,locked runtime authority retained; raw secondary textual/segmentation variant recorded
strong_control_sequence_difference,low,resolved_by_locked_runtime_authority_contract,2Chr.24.19,uk5-211e55b95faa2432f072,oshb,2Chr.24.19,2Chr.24.19,locked runtime authority retained; raw secondary textual/segmentation variant recorded
strong_control_sequence_difference,low,resolved_by_locked_runtime_authority_contract,2Chr.28.20,uk5-87f1b8c779ce4313bb0c,oshb,2Chr.28.20,2Chr.28.20,locked runtime authority retained; raw secondary textual/segmentation variant recorded
strong_control_sequence_difference,low,resolved_by_locked_runtime_authority_contract,2Chr.8.3,uk5-eb33aee53cfe144254b2,oshb,2Chr.8.3,2Chr.8.3,locked runtime authority retained; raw secondary textual/segmentation variant recorded
strong_control_sequence_difference,low,resolved_by_locked_runtime_authority_contract,2Cor.1.11,uk5-abba90acd7d623d2a389,tagnt,2Cor.1.11,2Cor.1.11,locked runtime authority retained; raw secondary textual/segmentation variant recorded
strong_control_sequence_difference,low,resolved_by_locked_runtime_authority_contract,2Cor.1.14,uk5-51cd9c655ca62e45cbd4,tagnt,2Cor.1.14,2Cor.1.14,locked runtime authority retained; raw secondary textual/segmentation variant recorded
strong_control_sequence_difference,low,resolved_by_locked_runtime_authority_contract,2Cor.1.15,uk5-6398595e4753deb5dfac,tagnt,2Cor.1.15,2Cor.1.15,locked runtime authority retained; raw secondary textual/segmentation variant recorded
strong_control_sequence_difference,low,resolved_by_locked_runtime_authority_contract,2Cor.1.21,uk5-9c4a41007cfa7d5c536a,tagnt,2Cor.1.21,2Cor.1.21,locked runtime authority retained; raw secondary textual/segmentation variant recorded
strong_control_sequence_difference,low,resolved_by_locked_runtime_authority_contract,2Cor.1.22,uk5-9028a3ae225afd529d3c,tagnt,2Cor.1.22,2Cor.1.22,locked runtime authority retained; raw secondary textual/segmentation variant recorded
strong_control_sequence_difference,low,resolved_by_locked_runtime_authority_contract,2Cor.1.23,uk5-f2a09d220aa57416c374,tagnt,2Cor.1.23,2Cor.1.23,locked runtime authority retained; raw secondary textual/segmentation variant recorded
strong_control_sequence_difference,low,resolved_by_locked_runtime_authority_contract,2Cor.1.4,uk5-ca5b1dd3ad28a2409fb0,tagnt,2Cor.1.4,2Cor.1.4,locked runtime authority retained; raw secondary textual/segmentation variant recorded
strong_control_sequence_difference,low,resolved_by_locked_runtime_authority_contract,2Cor.1.5,uk5-e08cd054b4fddea82eb7,tagnt,2Cor.1.5,2Cor.1.5,locked runtime authority retained; raw secondary textual/segmentation variant recorded
strong_control_sequence_difference,medium,resolved_by_locked_runtime_authority_contract,2Cor.1.7,uk5-50803e56a76791cb72f3,tagnt,2Cor.1.7,2Cor.1.7,locked runtime authority retained; raw secondary textual/segmentation variant recorded
strong_control_sequence_difference,low,resolved_by_locked_runtime_authority_contract,2Cor.10.4,uk5-da0fa36e6a2d2cc47003,tagnt,2Cor.10.4,2Cor.10.4,locked runtime authority retained; raw secondary textual/segmentation variant recorded
strong_control_sequence_difference,low,resolved_by_locked_runtime_authority_contract,2Cor.10.7,uk5-78e5a3b9cb3792a36771,tagnt,2Cor.10.7,2Cor.10.7,locked runtime authority retained; raw secondary textual/segmentation variant recorded
strong_control_sequence_difference,low,resolved_by_locked_runtime_authority_contract,2Cor.10.8,uk5-f47754aa68cb33ae82ed,tagnt,2Cor.10.8,2Cor.10.8,locked runtime authority retained; raw secondary textual/segmentation variant recorded
strong_control_sequence_difference,low,resolved_by_locked_runtime_authority_contract,2Cor.11.1,uk5-2166099907e15c0a9242,tagnt,2Cor.11.1,2Cor.11.1,locked runtime authority retained; raw secondary textual/segmentation variant recorded
strong_control_sequence_difference,low,resolved_by_locked_runtime_authority_contract,2Cor.11.12,uk5-0db1a9a3061b1954e970,tagnt,2Cor.11.12,2Cor.11.12,locked runtime authority retained; raw secondary textual/segmentation variant recorded
strong_control_sequence_difference,low,resolved_by_locked_runtime_authority_contract,2Cor.11.16,uk5-e5c3a433d264caee8ac1,tagnt,2Cor.11.16,2Cor.11.16,locked runtime authority retained; raw secondary textual/segmentation variant recorded
strong_control_sequence_difference,low,resolved_by_locked_runtime_authority_contract,2Cor.11.18,uk5-46ac9643f4e324f4f0a1,tagnt,2Cor.11.18,2Cor.11.18,locked runtime authority retained; raw secondary textual/segmentation variant recorded
strong_control_sequence_difference,low,resolved_by_locked_runtime_authority_contract,2Cor.11.20,uk5-dc37cda1a363d0207946,tagnt,2Cor.11.20,2Cor.11.20,locked runtime authority retained; raw secondary textual/segmentation variant recorded
strong_control_sequence_difference,low,resolved_by_locked_runtime_authority_contract,2Cor.11.21,uk5-5cdecd9e0370977f531f,tagnt,2Cor.11.21,2Cor.11.21,locked runtime authority retained; raw secondary textual/segmentation variant recorded
strong_control_sequence_difference,medium,resolved_by_locked_runtime_authority_contract,2Cor.11.22,uk5-06a3e3cf34fe3b92a656,tagnt,2Cor.11.22,2Cor.11.22,locked runtime authority retained; raw secondary textual/segmentation variant recorded
strong_control_sequence_difference,low,resolved_by_locked_runtime_authority_contract,2Cor.11.30,uk5-b9616cce3e35fada8d5f,tagnt,2Cor.11.30,2Cor.11.30,locked runtime authority retained; raw secondary textual/segmentation variant recorded
strong_control_sequence_difference,low,resolved_by_locked_runtime_authority_contract,2Cor.11.32,uk5-0890238f6642a5b45fa4,tagnt,2Cor.11.32,2Cor.11.32,locked runtime authority retained; raw secondary textual/segmentation variant recorded
strong_control_sequence_difference,low,resolved_by_locked_runtime_authority_contract,2Cor.11.5,uk5-cc7914c71854f3d13a49,tagnt,2Cor.11.5,2Cor.11.5,locked runtime authority retained; raw secondary textual/segmentation variant recorded
strong_control_sequence_difference,low,resolved_by_locked_runtime_authority_contract,2Cor.11.9,uk5-8da81429a176a549aa88,tagnt,2Cor.11.9,2Cor.11.9,locked runtime authority retained; raw secondary textual/segmentation variant recorded
strong_control_sequence_difference,low,resolved_by_locked_runtime_authority_contract,2Cor.12.11,uk5-d04c00270de69ee56412,tagnt,2Cor.12.11,2Cor.12.11,locked runtime authority retained; raw secondary textual/segmentation variant recorded
strong_control_sequence_difference,low,resolved_by_locked_runtime_authority_contract,2Cor.12.21,uk5-38f41d2df79ed5e36752,tagnt,2Cor.12.21,2Cor.12.21,locked runtime authority retained; raw secondary textual/segmentation variant recorded
strong_control_sequence_difference,low,resolved_by_locked_runtime_authority_contract,2Cor.12.5,uk5-9ba1ac399e409413d685,tagnt,2Cor.12.5,2Cor.12.5,locked runtime authority retained; raw secondary textual/segmentation variant recorded
strong_control_sequence_difference,low,resolved_by_locked_runtime_authority_contract,2Cor.12.7,uk5-e3fea4f4a7e1b75f832a,tagnt,2Cor.12.7,2Cor.12.7,locked runtime authority retained; raw secondary textual/segmentation variant recorded
strong_control_sequence_difference,low,resolved_by_locked_runtime_authority_contract,2Cor.12.9,uk5-68c3844cdfc7c152c067,tagnt,2Cor.12.9,2Cor.12.9,locked runtime authority retained; raw secondary textual/segmentation variant recorded
strong_control_sequence_difference,medium,resolved_by_locked_runtime_authority_contract,2Cor.13.12,uk5-efbee9e56dfaf4f134ec,tagnt,2Cor.13.12,2Cor.13.12,locked runtime authority retained; raw secondary textual/segmentation variant recorded
strong_control_sequence_difference,high,resolved_by_locked_runtime_authority_contract,2Cor.13.13,uk5-efbee9e56dfaf4f134ec,tagnt,2Cor.13.12,2Cor.13.13,locked runtime authority retained; raw secondary textual/segmentation variant recorded
strong_control_sequence_difference,low,resolved_by_locked_runtime_authority_contract,2Cor.13.6,uk5-10b4f6ef01daec6b2711,tagnt,2Cor.13.6,2Cor.13.6,locked runtime authority retained; raw secondary textual/segmentation variant recorded
strong_control_sequence_difference,low,resolved_by_locked_runtime_authority_contract,2Cor.13.7,uk5-719708071b4524e92196,tagnt,2Cor.13.7,2Cor.13.7,locked runtime authority retained; raw secondary textual/segmentation variant recorded
strong_control_sequence_difference,low,resolved_by_locked_runtime_authority_contract,2Cor.2.1,uk5-3e5046cf7cc9c47c5732,tagnt,2Cor.2.1,2Cor.2.1,locked runtime authority retained; raw secondary textual/segmentation variant recorded
strong_control_sequence_difference,low,resolved_by_locked_runtime_authority_contract,2Cor.2.13,uk5-7b38490c23d5185b75a6,tagnt,2Cor.2.13,2Cor.2.13,locked runtime authority retained; raw secondary textual/segmentation variant recorded
strong_control_sequence_difference,low,resolved_by_locked_runtime_authority_contract,2Cor.2.2,uk5-2a59d9aae7b7ac0a23cf,tagnt,2Cor.2.2,2Cor.2.2,locked runtime authority retained; raw secondary textual/segmentation variant recorded
strong_control_sequence_difference,low,resolved_by_locked_runtime_authority_contract,2Cor.3.17,uk5-69b89003e3f363218305,tagnt,2Cor.3.17,2Cor.3.17,locked runtime authority retained; raw secondary textual/segmentation variant recorded
strong_control_sequence_difference,low,resolved_by_locked_runtime_authority_contract,2Cor.3.2,uk5-41b6ac508d074b5305a5,tagnt,2Cor.3.2,2Cor.3.2,locked runtime authority retained; raw secondary textual/segmentation variant recorded
strong_control_sequence_difference,low,resolved_by_locked_runtime_authority_contract,2Cor.3.6,uk5-8275d6e52d3533256647,tagnt,2Cor.3.6,2Cor.3.6,locked runtime authority retained; raw secondary textual/segmentation variant recorded
strong_control_sequence_difference,low,resolved_by_locked_runtime_authority_contract,2Cor.4.10,uk5-3890075e20c0f47baeae,tagnt,2Cor.4.10,2Cor.4.10,locked runtime authority retained; raw secondary textual/segmentation variant recorded
strong_control_sequence_difference,low,resolved_by_locked_runtime_authority_contract,2Cor.4.11,uk5-3ef3df901bd5538807a1,tagnt,2Cor.4.11,2Cor.4.11,locked runtime authority retained; raw secondary textual/segmentation variant recorded
strong_control_sequence_difference,low,resolved_by_locked_runtime_authority_contract,2Cor.4.12,uk5-d5492c339f43f474e03d,tagnt,2Cor.4.12,2Cor.4.12,locked runtime authority retained; raw secondary textual/segmentation variant recorded
strong_control_sequence_difference,low,resolved_by_locked_runtime_authority_contract,2Cor.4.14,uk5-8e7f5794c87a4daa1031,tagnt,2Cor.4.14,2Cor.4.14,locked runtime authority retained; raw secondary textual/segmentation variant recorded
strong_control_sequence_difference,low,resolved_by_locked_runtime_authority_contract,2Cor.4.16,uk5-57bd1a8bc069a610f498,tagnt,2Cor.4.16,2Cor.4.16,locked runtime authority retained; raw secondary textual/segmentation variant recorded
strong_control_sequence_difference,low,resolved_by_locked_runtime_authority_contract,2Cor.4.17,uk5-0938164449c3b4445380,tagnt,2Cor.4.17,2Cor.4.17,locked runtime authority retained; raw secondary textual/segmentation variant recorded
strong_control_sequence_difference,low,resolved_by_locked_runtime_authority_contract,2Cor.5.1,uk5-48d4476a5e72e0c863ea,tagnt,2Cor.5.1,2Cor.5.1,locked runtime authority retained; raw secondary textual/segmentation variant recorded
strong_control_sequence_difference,low,resolved_by_locked_runtime_authority_contract,2Cor.5.10,uk5-185a99f742fe5c06524d,tagnt,2Cor.5.10,2Cor.5.10,locked runtime authority retained; raw secondary textual/segmentation variant recorded
strong_control_sequence_difference,low,resolved_by_locked_runtime_authority_contract,2Cor.5.16,uk5-de4ec8bcecd897e8040d,tagnt,2Cor.5.16,2Cor.5.16,locked runtime authority retained; raw secondary textual/segmentation variant recorded
strong_control_sequence_difference,low,resolved_by_locked_runtime_authority_contract,2Cor.5.17,uk5-8678aaed66b5e5d1b4c7,tagnt,2Cor.5.17,2Cor.5.17,locked runtime authority retained; raw secondary textual/segmentation variant recorded
strong_control_sequence_difference,low,resolved_by_locked_runtime_authority_contract,2Cor.5.18,uk5-44cb3b3fdeba82f3949f,tagnt,2Cor.5.18,2Cor.5.18,locked runtime authority retained; raw secondary textual/segmentation variant recorded
strong_control_sequence_difference,low,resolved_by_locked_runtime_authority_contract,2Cor.5.20,uk5-764a2e7e5d731ab5c0da,tagnt,2Cor.5.20,2Cor.5.20,locked runtime authority retained; raw secondary textual/segmentation variant recorded
strong_control_sequence_difference,low,resolved_by_locked_runtime_authority_contract,2Cor.5.21,uk5-1bcd6c90984b9cd28e71,tagnt,2Cor.5.21,2Cor.5.21,locked runtime authority retained; raw secondary textual/segmentation variant recorded
strong_control_sequence_difference,low,resolved_by_locked_runtime_authority_contract,2Cor.5.3,uk5-7a458ccf68a8e710d6b8,tagnt,2Cor.5.3,2Cor.5.3,locked runtime authority retained; raw secondary textual/segmentation variant recorded
strong_control_sequence_difference,low,resolved_by_locked_runtime_authority_contract,2Cor.5.5,uk5-7193edcee3d0dfd7dd9a,tagnt,2Cor.5.5,2Cor.5.5,locked runtime authority retained; raw secondary textual/segmentation variant recorded
strong_control_sequence_difference,low,resolved_by_locked_runtime_authority_contract,2Cor.6.11,uk5-8ef1281e9ae11f08f3ac,tagnt,2Cor.6.11,2Cor.6.11,locked runtime authority retained; raw secondary textual/segmentation variant recorded
strong_control_sequence_difference,low,resolved_by_locked_runtime_authority_contract,2Cor.6.17,uk5-46b4cc23b6d48efb92a7,tagnt,2Cor.6.17,2Cor.6.17,locked runtime authority retained; raw secondary textual/segmentation variant recorded
strong_control_sequence_difference,low,resolved_by_locked_runtime_authority_contract,2Cor.7.2,uk5-585fea9a1710647ba216,tagnt,2Cor.7.2,2Cor.7.2,locked runtime authority retained; raw secondary textual/segmentation variant recorded
strong_control_sequence_difference,low,resolved_by_locked_runtime_authority_contract,2Cor.7.3,uk5-addaf9abddadb0b35582,tagnt,2Cor.7.3,2Cor.7.3,locked runtime authority retained; raw secondary textual/segmentation variant recorded
strong_control_sequence_difference,low,resolved_by_locked_runtime_authority_contract,2Cor.7.4,uk5-1d2ad3ff6fe7222854e5,tagnt,2Cor.7.4,2Cor.7.4,locked runtime authority retained; raw secondary textual/segmentation variant recorded
strong_control_sequence_difference,low,resolved_by_locked_runtime_authority_contract,2Cor.7.8,uk5-a51523b82b35c02ed5e5,tagnt,2Cor.7.8,2Cor.7.8,locked runtime authority retained; raw secondary textual/segmentation variant recorded
strong_control_sequence_difference,low,resolved_by_locked_runtime_authority_contract,2Cor.7.9,uk5-b16b7d44b424c02084e2,tagnt,2Cor.7.9,2Cor.7.9,locked runtime authority retained; raw secondary textual/segmentation variant recorded
strong_control_sequence_difference,low,resolved_by_locked_runtime_authority_contract,2Cor.8.13,uk5-cf895f85c836c33a2ed4,tagnt,2Cor.8.13,2Cor.8.13,locked runtime authority retained; raw secondary textual/segmentation variant recorded
strong_control_sequence_difference,low,resolved_by_locked_runtime_authority_contract,2Cor.8.19,uk5-b6a906f7d023b3173625,tagnt,2Cor.8.19,2Cor.8.19,locked runtime authority retained; raw secondary textual/segmentation variant recorded
strong_control_sequence_difference,low,resolved_by_locked_runtime_authority_contract,2Cor.8.20,uk5-8cc6c72484327234fd2d,tagnt,2Cor.8.20,2Cor.8.20,locked runtime authority retained; raw secondary textual/segmentation variant recorded
strong_control_sequence_difference,low,resolved_by_locked_runtime_authority_contract,2Cor.8.22,uk5-c795ba1ef832d0a87eba,tagnt,2Cor.8.22,2Cor.8.22,locked runtime authority retained; raw secondary textual/segmentation variant recorded
strong_control_sequence_difference,low,resolved_by_locked_runtime_authority_contract,2Cor.8.24,uk5-ad17854847028d2ab797,tagnt,2Cor.8.24,2Cor.8.24,locked runtime authority retained; raw secondary textual/segmentation variant recorded
strong_control_sequence_difference,low,resolved_by_locked_runtime_authority_contract,2Cor.8.4,uk5-e39b1010fb0f1c8fad44,tagnt,2Cor.8.4,2Cor.8.4,locked runtime authority retained; raw secondary textual/segmentation variant recorded
strong_control_sequence_difference,low,resolved_by_locked_runtime_authority_contract,2Cor.8.5,uk5-558bc164ea90ef44c2b8,tagnt,2Cor.8.5,2Cor.8.5,locked runtime authority retained; raw secondary textual/segmentation variant recorded
strong_control_sequence_difference,low,resolved_by_locked_runtime_authority_contract,2John.1.2,uk5-53ec97e34b6abcfc739b,tagnt,2John.1.2,2John.1.2,locked runtime authority retained; raw secondary textual/segmentation variant recorded
strong_control_sequence_difference,low,resolved_by_locked_runtime_authority_contract,2Kgs.1.15,uk5-0f92dff9662a458f4745,oshb,2Kgs.1.15,2Kgs.1.15,locked runtime authority retained; raw secondary textual/segmentation variant recorded
strong_control_sequence_difference,low,resolved_by_locked_runtime_authority_contract,2Kgs.10.12,uk5-673d9bfc8c931141c6cc,oshb,2Kgs.10.12,2Kgs.10.12,locked runtime authority retained; raw secondary textual/segmentation variant recorded
strong_control_sequence_difference,high,resolved_by_locked_runtime_authority_contract,2Kgs.11.21,uk5-4bfb9826f3e05b54eb83,oshb,2Kgs.12.1,,locked runtime authority retained; raw secondary textual/segmentation variant recorded
strong_control_sequence_difference,high,resolved_by_locked_runtime_authority_contract,2Kgs.12.1,uk5-f0badd9920205ee38d85,oshb,2Kgs.12.1,,locked runtime authority retained; raw secondary textual/segmentation variant recorded
strong_control_sequence_difference,high,resolved_by_locked_runtime_authority_contract,2Kgs.12.10,uk5-e0ad512ecf78e8d12242,oshb,2Kgs.12.10,,locked runtime authority retained; raw secondary textual/segmentation variant recorded
strong_control_sequence_difference,high,resolved_by_locked_runtime_authority_contract,2Kgs.12.11,uk5-9de85b2784d3fe78b34c,oshb,2Kgs.12.11,,locked runtime authority retained; raw secondary textual/segmentation variant recorded
strong_control_sequence_difference,high,resolved_by_locked_runtime_authority_contract,2Kgs.12.12,uk5-c7873f2acce3082c6bed,oshb,2Kgs.12.12,,locked runtime authority retained; raw secondary textual/segmentation variant recorded
strong_control_sequence_difference,high,resolved_by_locked_runtime_authority_contract,2Kgs.12.13,uk5-a0868a54bad9b2ea73a8,oshb,2Kgs.12.13,,locked runtime authority retained; raw secondary textual/segmentation variant recorded
strong_control_sequence_difference,high,resolved_by_locked_runtime_authority_contract,2Kgs.12.14,uk5-38ef5a643008aadfd734,oshb,2Kgs.12.14,,locked runtime authority retained; raw secondary textual/segmentation variant recorded
strong_control_sequence_difference,high,resolved_by_locked_runtime_authority_contract,2Kgs.12.15,uk5-d54da5d0a0a1d5076948,oshb,2Kgs.12.15,,locked runtime authority retained; raw secondary textual/segmentation variant recorded
strong_control_sequence_difference,high,resolved_by_locked_runtime_authority_contract,2Kgs.12.16,uk5-7574f2b071da85445f70,oshb,2Kgs.12.16,,locked runtime authority retained; raw secondary textual/segmentation variant recorded
strong_control_sequence_difference,high,resolved_by_locked_runtime_authority_contract,2Kgs.12.17,uk5-0ea35cdd6db0287bfb2b,oshb,2Kgs.12.17,,locked runtime authority retained; raw secondary textual/segmentation variant recorded
strong_control_sequence_difference,high,resolved_by_locked_runtime_authority_contract,2Kgs.12.18,uk5-e501f25742aafd171a7b,oshb,2Kgs.12.18,,locked runtime authority retained; raw secondary textual/segmentation variant recorded
strong_control_sequence_difference,high,resolved_by_locked_runtime_authority_contract,2Kgs.12.19,uk5-a69e85b72ebf67e89c52,oshb,2Kgs.12.19,,locked runtime authority retained; raw secondary textual/segmentation variant recorded
strong_control_sequence_difference,high,resolved_by_locked_runtime_authority_contract,2Kgs.12.2,uk5-5a2a4f873203ee8e1277,oshb,2Kgs.12.2,,locked runtime authority retained; raw secondary textual/segmentation variant recorded
strong_control_sequence_difference,high,resolved_by_locked_runtime_authority_contract,2Kgs.12.20,uk5-995c7d94913eef0b151f,oshb,2Kgs.12.20,,locked runtime authority retained; raw secondary textual/segmentation variant recorded
strong_control_sequence_difference,high,resolved_by_locked_runtime_authority_contract,2Kgs.12.21,uk5-dc160e0685dc1791ffc0,oshb,2Kgs.12.21,,locked runtime authority retained; raw secondary textual/segmentation variant recorded
strong_control_sequence_difference,high,resolved_by_locked_runtime_authority_contract,2Kgs.12.3,uk5-30eeefeefd425598dc5c,oshb,2Kgs.12.3,,locked runtime authority retained; raw secondary textual/segmentation variant recorded
strong_control_sequence_difference,high,resolved_by_locked_runtime_authority_contract,2Kgs.12.4,uk5-c6f25d5d362e1cbfdf1f,oshb,2Kgs.12.4,,locked runtime authority retained; raw secondary textual/segmentation variant recorded
strong_control_sequence_difference,high,resolved_by_locked_runtime_authority_contract,2Kgs.12.5,uk5-c1c10f3d33efafed7c02,oshb,2Kgs.12.5,,locked runtime authority retained; raw secondary textual/segmentation variant recorded
strong_control_sequence_difference,high,resolved_by_locked_runtime_authority_contract,2Kgs.12.6,uk5-0066b7ef5bfe24301bc3,oshb,2Kgs.12.6,,locked runtime authority retained; raw secondary textual/segmentation variant recorded
strong_control_sequence_difference,high,resolved_by_locked_runtime_authority_contract,2Kgs.12.7,uk5-b6b1ff654d1d2bbeaf1a,oshb,2Kgs.12.7,,locked runtime authority retained; raw secondary textual/segmentation variant recorded
strong_control_sequence_difference,high,resolved_by_locked_runtime_authority_contract,2Kgs.12.8,uk5-d548c9fcd6b4bb1bac48,oshb,2Kgs.12.8,,locked runtime authority retained; raw secondary textual/segmentation variant recorded
strong_control_sequence_difference,high,resolved_by_locked_runtime_authority_contract,2Kgs.12.9,uk5-a5981d7c5e617be02cc5,oshb,2Kgs.12.9,,locked runtime authority retained; raw secondary textual/segmentation variant recorded
strong_control_sequence_difference,low,resolved_by_locked_runtime_authority_contract,2Kgs.17.27,uk5-17c9d26614a95374d6b6,oshb,2Kgs.17.27,2Kgs.17.27,locked runtime authority retained; raw secondary textual/segmentation variant recorded
strong_control_sequence_difference,low,resolved_by_locked_runtime_authority_contract,2Kgs.17.30,uk5-b69d811267a50530d9dc,oshb,2Kgs.17.30,2Kgs.17.30,locked runtime authority retained; raw secondary textual/segmentation variant recorded
strong_control_sequence_difference,low,resolved_by_locked_runtime_authority_contract,2Kgs.2.15,uk5-a96c5e57a5424b215b80,oshb,2Kgs.2.15,2Kgs.2.15,locked runtime authority retained; raw secondary textual/segmentation variant recorded
strong_control_sequence_difference,low,resolved_by_locked_runtime_authority_contract,2Kgs.22.6,uk5-7c6348a985bb28aee3bf,oshb,2Kgs.22.6,2Kgs.22.6,locked runtime authority retained; raw secondary textual/segmentation variant recorded
strong_control_sequence_difference,low,resolved_by_locked_runtime_authority_contract,2Kgs.23.29,uk5-684ecfe19e1a1bfcde57,oshb,2Kgs.23.29,2Kgs.23.29,locked runtime authority retained; raw secondary textual/segmentation variant recorded
strong_control_sequence_difference,low,resolved_by_locked_runtime_authority_contract,2Kgs.23.33,uk5-2abaae675d183f29ccb3,oshb,2Kgs.23.33,2Kgs.23.33,locked runtime authority retained; raw secondary textual/segmentation variant recorded
strong_control_sequence_difference,low,resolved_by_locked_runtime_authority_contract,2Kgs.4.23,uk5-e0e759687d527940c13f,oshb,2Kgs.4.23,2Kgs.4.23,locked runtime authority retained; raw secondary textual/segmentation variant recorded
strong_control_sequence_difference,low,resolved_by_locked_runtime_authority_contract,2Kgs.4.3,uk5-fb56b11da6d47e5a1aaa,oshb,2Kgs.4.3,2Kgs.4.3,locked runtime authority retained; raw secondary textual/segmentation variant recorded
strong_control_sequence_difference,low,resolved_by_locked_runtime_authority_contract,2Kgs.4.5,uk5-59d6f3417582579d7133,oshb,2Kgs.4.5,2Kgs.4.5,locked runtime authority retained; raw secondary textual/segmentation variant recorded
strong_control_sequence_difference,high,resolved_by_locked_runtime_authority_contract,2Kgs.5.19,uk5-bd8d17cba5ebae20196b,oshb,2Kgs.5.19,2Kgs.5.19,locked runtime authority retained; raw secondary textual/segmentation variant recorded
strong_control_sequence_difference,low,resolved_by_locked_runtime_authority_contract,2Kgs.6.16,uk5-ab7e19120b4bc0ff4780,oshb,2Kgs.6.16,2Kgs.6.16,locked runtime authority retained; raw secondary textual/segmentation variant recorded
strong_control_sequence_difference,low,resolved_by_locked_runtime_authority_contract,2Kgs.6.19,uk5-8be3b750bead93b284f3,oshb,2Kgs.6.19,2Kgs.6.19,locked runtime authority retained; raw secondary textual/segmentation variant recorded
strong_control_sequence_difference,low,resolved_by_locked_runtime_authority_contract,2Kgs.6.2,uk5-fefa81ca36319ed4eb44,oshb,2Kgs.6.2,2Kgs.6.2,locked runtime authority retained; raw secondary textual/segmentation variant recorded
strong_control_sequence_difference,low,resolved_by_locked_runtime_authority_contract,2Kgs.6.3,uk5-ddf80df519f096cd0a63,oshb,2Kgs.6.3,2Kgs.6.3,locked runtime authority retained; raw secondary textual/segmentation variant recorded
strong_control_sequence_difference,low,resolved_by_locked_runtime_authority_contract,2Kgs.9.4,uk5-ddb483c0ef7ae8676f15,oshb,2Kgs.9.4,2Kgs.9.4,locked runtime authority retained; raw secondary textual/segmentation variant recorded
strong_control_sequence_difference,low,resolved_by_locked_runtime_authority_contract,2Pet.1.1,uk5-5177677a243f3fde2ef9,tagnt,2Pet.1.1,2Pet.1.1,locked runtime authority retained; raw secondary textual/segmentation variant recorded
strong_control_sequence_difference,low,resolved_by_locked_runtime_authority_contract,2Pet.1.14,uk5-64934d4a91f7af8ee337,tagnt,2Pet.1.14,2Pet.1.14,locked runtime authority retained; raw secondary textual/segmentation variant recorded
strong_control_sequence_difference,low,resolved_by_locked_runtime_authority_contract,2Pet.1.18,uk5-444570d062ace14af95f,tagnt,2Pet.1.18,2Pet.1.18,locked runtime authority retained; raw secondary textual/segmentation variant recorded
strong_control_sequence_difference,low,resolved_by_locked_runtime_authority_contract,2Pet.1.3,uk5-cd62f069baad519df44f,tagnt,2Pet.1.3,2Pet.1.3,locked runtime authority retained; raw secondary textual/segmentation variant recorded
strong_control_sequence_difference,low,resolved_by_locked_runtime_authority_contract,2Pet.2.19,uk5-a6a7345a2224df1ae457,tagnt,2Pet.2.19,2Pet.2.19,locked runtime authority retained; raw secondary textual/segmentation variant recorded
strong_control_sequence_difference,low,resolved_by_locked_runtime_authority_contract,2Pet.3.11,uk5-e0d417959992f0fbe5e7,tagnt,2Pet.3.11,2Pet.3.11,locked runtime authority retained; raw secondary textual/segmentation variant recorded
strong_control_sequence_difference,low,resolved_by_locked_runtime_authority_contract,2Sam.1.17,uk5-11a789d7c70d06a106e6,oshb,2Sam.1.17,2Sam.1.17,locked runtime authority retained; raw secondary textual/segmentation variant recorded
strong_control_sequence_difference,low,resolved_by_locked_runtime_authority_contract,2Sam.10.11,uk5-c4002e19e33fb2200cbd,oshb,2Sam.10.11,2Sam.10.11,locked runtime authority retained; raw secondary textual/segmentation variant recorded
strong_control_sequence_difference,low,resolved_by_locked_runtime_authority_contract,2Sam.10.16,uk5-9ac03850148c3e2eb6d4,oshb,2Sam.10.16,2Sam.10.16,locked runtime authority retained; raw secondary textual/segmentation variant recorded
strong_control_sequence_difference,low,resolved_by_locked_runtime_authority_contract,2Sam.10.6,uk5-8499f9d5a9597c59f9ae,oshb,2Sam.10.6,2Sam.10.6,locked runtime authority retained; raw secondary textual/segmentation variant recorded
strong_control_sequence_difference,low,resolved_by_locked_runtime_authority_contract,2Sam.10.8,uk5-94e565a98748b6426754,oshb,2Sam.10.8,2Sam.10.8,locked runtime authority retained; raw secondary textual/segmentation variant recorded
strong_control_sequence_difference,low,resolved_by_locked_runtime_authority_contract,2Sam.13.14,uk5-4885c134294e6a715c13,oshb,2Sam.13.14,2Sam.13.14,locked runtime authority retained; raw secondary textual/segmentation variant recorded
strong_control_sequence_difference,low,resolved_by_locked_runtime_authority_contract,2Sam.13.25,uk5-0f6dfe0cd336a8eefba5,oshb,2Sam.13.25,2Sam.13.25,locked runtime authority retained; raw secondary textual/segmentation variant recorded
strong_control_sequence_difference,low,resolved_by_locked_runtime_authority_contract,2Sam.13.26,uk5-a2f06abc2078b9d5e1a6,oshb,2Sam.13.26,2Sam.13.26,locked runtime authority retained; raw secondary textual/segmentation variant recorded
strong_control_sequence_difference,medium,resolved_by_locked_runtime_authority_contract,2Sam.13.34,uk5-9aa9beef8122c6bbdd09,oshb,2Sam.13.34,2Sam.13.34,locked runtime authority retained; raw secondary textual/segmentation variant recorded
strong_control_sequence_difference,low,resolved_by_locked_runtime_authority_contract,2Sam.15.17,uk5-5f73efc5415ed6e962ee,oshb,2Sam.15.17,2Sam.15.17,locked runtime authority retained; raw secondary textual/segmentation variant recorded
strong_control_sequence_difference,medium,resolved_by_locked_runtime_authority_contract,2Sam.15.9,uk5-ca8a16b1a2993cb1f23e,oshb,2Sam.15.9,2Sam.15.9,locked runtime authority retained; raw secondary textual/segmentation variant recorded
strong_control_sequence_difference,high,resolved_by_locked_runtime_authority_contract,2Sam.18.33,uk5-7597f49b2e909128aa27,oshb,2Sam.19.1,,locked runtime authority retained; raw secondary textual/segmentation variant recorded
strong_control_sequence_difference,high,resolved_by_locked_runtime_authority_contract,2Sam.19.1,uk5-d2ccc36810472c3bf3cb,oshb,2Sam.19.1,,locked runtime authority retained; raw secondary textual/segmentation variant recorded
strong_control_sequence_difference,high,resolved_by_locked_runtime_authority_contract,2Sam.19.10,uk5-d2cef2877fda7ca034b1,oshb,2Sam.19.10,,locked runtime authority retained; raw secondary textual/segmentation variant recorded
strong_control_sequence_difference,high,resolved_by_locked_runtime_authority_contract,2Sam.19.11,uk5-5a457c1224a697218ce3,oshb,2Sam.19.11,,locked runtime authority retained; raw secondary textual/segmentation variant recorded
strong_control_sequence_difference,high,resolved_by_locked_runtime_authority_contract,2Sam.19.12,uk5-ae5b20ce8b18853d6bd7,oshb,2Sam.19.12,,locked runtime authority retained; raw secondary textual/segmentation variant recorded
strong_control_sequence_difference,high,resolved_by_locked_runtime_authority_contract,2Sam.19.13,uk5-f15cabe5ada6173460f4,oshb,2Sam.19.13,,locked runtime authority retained; raw secondary textual/segmentation variant recorded
strong_control_sequence_difference,high,resolved_by_locked_runtime_authority_contract,2Sam.19.14,uk5-12bf999e80b11d9089af,oshb,2Sam.19.14,,locked runtime authority retained; raw secondary textual/segmentation variant recorded
strong_control_sequence_difference,high,resolved_by_locked_runtime_authority_contract,2Sam.19.15,uk5-4bd0fcdb22b9a4df1c85,oshb,2Sam.19.15,,locked runtime authority retained; raw secondary textual/segmentation variant recorded
strong_control_sequence_difference,high,resolved_by_locked_runtime_authority_contract,2Sam.19.16,uk5-a2a04cd29166df832604,oshb,2Sam.19.16,,locked runtime authority retained; raw secondary textual/segmentation variant recorded
strong_control_sequence_difference,high,resolved_by_locked_runtime_authority_contract,2Sam.19.17,uk5-73d6263c7a110714339b,oshb,2Sam.19.17,,locked runtime authority retained; raw secondary textual/segmentation variant recorded
strong_control_sequence_difference,high,resolved_by_locked_runtime_authority_contract,2Sam.19.18,uk5-141852962ce1d2f2e0e6,oshb,2Sam.19.18,,locked runtime authority retained; raw secondary textual/segmentation variant recorded
strong_control_sequence_difference,high,resolved_by_locked_runtime_authority_contract,2Sam.19.19,uk5-d81957e9d42dfafc04ff,oshb,2Sam.19.19,,locked runtime authority retained; raw secondary textual/segmentation variant recorded
strong_control_sequence_difference,high,resolved_by_locked_runtime_authority_contract,2Sam.19.2,uk5-cda1567b0c93140d46da,oshb,2Sam.19.2,,locked runtime authority retained; raw secondary textual/segmentation variant recorded
strong_control_sequence_difference,high,resolved_by_locked_runtime_authority_contract,2Sam.19.20,uk5-e51860e55349c43512f2,oshb,2Sam.19.20,,locked runtime authority retained; raw secondary textual/segmentation variant recorded
strong_control_sequence_difference,high,resolved_by_locked_runtime_authority_contract,2Sam.19.21,uk5-442586b0f0e299e2f92e,oshb,2Sam.19.21,,locked runtime authority retained; raw secondary textual/segmentation variant recorded
strong_control_sequence_difference,high,resolved_by_locked_runtime_authority_contract,2Sam.19.22,uk5-3bb4db1c2292f2fe24b3,oshb,2Sam.19.22,,locked runtime authority retained; raw secondary textual/segmentation variant recorded
strong_control_sequence_difference,high,resolved_by_locked_runtime_authority_contract,2Sam.19.23,uk5-6c1cb0554e81862f504c,oshb,2Sam.19.23,,locked runtime authority retained; raw secondary textual/segmentation variant recorded
strong_control_sequence_difference,high,resolved_by_locked_runtime_authority_contract,2Sam.19.24,uk5-faae610334ad7fbb3951,oshb,2Sam.19.24,,locked runtime authority retained; raw secondary textual/segmentation variant recorded
strong_control_sequence_difference,high,resolved_by_locked_runtime_authority_contract,2Sam.19.25,uk5-f7386284ae56f558d790,oshb,2Sam.19.25,,locked runtime authority retained; raw secondary textual/segmentation variant recorded
strong_control_sequence_difference,high,resolved_by_locked_runtime_authority_contract,2Sam.19.26,uk5-69e52c266f70ce0790c9,oshb,2Sam.19.26,,locked runtime authority retained; raw secondary textual/segmentation variant recorded
strong_control_sequence_difference,high,resolved_by_locked_runtime_authority_contract,2Sam.19.27,uk5-88fcafbd062fa3612921,oshb,2Sam.19.27,,locked runtime authority retained; raw secondary textual/segmentation variant recorded
strong_control_sequence_difference,high,resolved_by_locked_runtime_authority_contract,2Sam.19.28,uk5-d4dffd107e33b108b5ec,oshb,2Sam.19.28,,locked runtime authority retained; raw secondary textual/segmentation variant recorded
strong_control_sequence_difference,high,resolved_by_locked_runtime_authority_contract,2Sam.19.29,uk5-254355e77d243adc0213,oshb,2Sam.19.29,,locked runtime authority retained; raw secondary textual/segmentation variant recorded
strong_control_sequence_difference,high,resolved_by_locked_runtime_authority_contract,2Sam.19.3,uk5-7ada14900ea0967d3aa8,oshb,2Sam.19.3,,locked runtime authority retained; raw secondary textual/segmentation variant recorded
strong_control_sequence_difference,high,resolved_by_locked_runtime_authority_contract,2Sam.19.30,uk5-bc849eff911798ec52ca,oshb,2Sam.19.30,,locked runtime authority retained; raw secondary textual/segmentation variant recorded
strong_control_sequence_difference,high,resolved_by_locked_runtime_authority_contract,2Sam.19.31,uk5-cd2f00b7cabd7cd9765f,oshb,2Sam.19.31,,locked runtime authority retained; raw secondary textual/segmentation variant recorded
strong_control_sequence_difference,high,resolved_by_locked_runtime_authority_contract,2Sam.19.32,uk5-2b59d8926cae7de4cf4a,oshb,2Sam.19.32,,locked runtime authority retained; raw secondary textual/segmentation variant recorded
strong_control_sequence_difference,high,resolved_by_locked_runtime_authority_contract,2Sam.19.33,uk5-980ca636ed2a5049ac5d,oshb,2Sam.19.33,,locked runtime authority retained; raw secondary textual/segmentation variant recorded
strong_control_sequence_difference,high,resolved_by_locked_runtime_authority_contract,2Sam.19.34,uk5-f0f4c6e8a8db7aed6488,oshb,2Sam.19.34,,locked runtime authority retained; raw secondary textual/segmentation variant recorded
strong_control_sequence_difference,high,resolved_by_locked_runtime_authority_contract,2Sam.19.35,uk5-1e47dea419ad27efe61a,oshb,2Sam.19.35,,locked runtime authority retained; raw secondary textual/segmentation variant recorded
strong_control_sequence_difference,high,resolved_by_locked_runtime_authority_contract,2Sam.19.36,uk5-2cf5b21ef3f3bd78414b,oshb,2Sam.19.36,,locked runtime authority retained; raw secondary textual/segmentation variant recorded
strong_control_sequence_difference,high,resolved_by_locked_runtime_authority_contract,2Sam.19.37,uk5-315f938804c2793f532f,oshb,2Sam.19.37,,locked runtime authority retained; raw secondary textual/segmentation variant recorded
strong_control_sequence_difference,high,resolved_by_locked_runtime_authority_contract,2Sam.19.38,uk5-df7984b5cc19e847bb98,oshb,2Sam.19.38,,locked runtime authority retained; raw secondary textual/segmentation variant recorded
strong_control_sequence_difference,high,resolved_by_locked_runtime_authority_contract,2Sam.19.39,uk5-ad28a1e5f3635b7dcc36,oshb,2Sam.19.39,,locked runtime authority retained; raw secondary textual/segmentation variant recorded
strong_control_sequence_difference,high,resolved_by_locked_runtime_authority_contract,2Sam.19.4,uk5-546705ed14e963a03ab1,oshb,2Sam.19.4,,locked runtime authority retained; raw secondary textual/segmentation variant recorded
strong_control_sequence_difference,high,resolved_by_locked_runtime_authority_contract,2Sam.19.40,uk5-66033f36bdf04dce997d,oshb,2Sam.19.40,,locked runtime authority retained; raw secondary textual/segmentation variant recorded
strong_control_sequence_difference,high,resolved_by_locked_runtime_authority_contract,2Sam.19.41,uk5-24a58d4cb9c33aafec2a,oshb,2Sam.19.41,,locked runtime authority retained; raw secondary textual/segmentation variant recorded
strong_control_sequence_difference,high,resolved_by_locked_runtime_authority_contract,2Sam.19.42,uk5-799177f8a759d40f9789,oshb,2Sam.19.42,,locked runtime authority retained; raw secondary textual/segmentation variant recorded
strong_control_sequence_difference,high,resolved_by_locked_runtime_authority_contract,2Sam.19.43,uk5-49edfca562748f360bea,oshb,2Sam.19.43,,locked runtime authority retained; raw secondary textual/segmentation variant recorded
strong_control_sequence_difference,high,resolved_by_locked_runtime_authority_contract,2Sam.19.5,uk5-52322a22acb661457f44,oshb,2Sam.19.5,,locked runtime authority retained; raw secondary textual/segmentation variant recorded
strong_control_sequence_difference,high,resolved_by_locked_runtime_authority_contract,2Sam.19.6,uk5-b1e9b236c4deea058bca,oshb,2Sam.19.6,,locked runtime authority retained; raw secondary textual/segmentation variant recorded
strong_control_sequence_difference,high,resolved_by_locked_runtime_authority_contract,2Sam.19.7,uk5-20d848a1c72bdb43e00c,oshb,2Sam.19.7,,locked runtime authority retained; raw secondary textual/segmentation variant recorded
strong_control_sequence_difference,high,resolved_by_locked_runtime_authority_contract,2Sam.19.8,uk5-bddf880ec4fd631dfddd,oshb,2Sam.19.8,,locked runtime authority retained; raw secondary textual/segmentation variant recorded
strong_control_sequence_difference,high,resolved_by_locked_runtime_authority_contract,2Sam.19.9,uk5-0df5f63cdf6ea196ebf4,oshb,2Sam.19.9,,locked runtime authority retained; raw secondary textual/segmentation variant recorded
strong_control_sequence_difference,low,resolved_by_locked_runtime_authority_contract,2Sam.20.14,uk5-ab5ce11ff07f4cdd7f14,oshb,2Sam.20.14,2Sam.20.14,locked runtime authority retained; raw secondary textual/segmentation variant recorded
strong_control_sequence_difference,low,resolved_by_locked_runtime_authority_contract,2Sam.22.36,uk5-356aa47b7716d5fb5613,oshb,2Sam.22.36,2Sam.22.36,locked runtime authority retained; raw secondary textual/segmentation variant recorded
strong_control_sequence_difference,low,resolved_by_locked_runtime_authority_contract,2Sam.23.24,uk5-082864f0673529126bfb,oshb,2Sam.23.24,2Sam.23.24,locked runtime authority retained; raw secondary textual/segmentation variant recorded
uxlc_independent_surface_difference,medium,resolved_by_locked_runtime_authority_contract,2Sam.23.27,uk5-a6d4f889436f4c341ff2,oshb,2Sam.23.27,2Sam.23.27,independent UXLC surface difference recorded; OSHB Strong authority retained
strong_control_sequence_difference,low,resolved_by_locked_runtime_authority_contract,2Sam.23.31,uk5-1a44932f93286f1eb711,oshb,2Sam.23.31,2Sam.23.31,locked runtime authority retained; raw secondary textual/segmentation variant recorded
strong_control_sequence_difference,low,resolved_by_locked_runtime_authority_contract,2Sam.23.35,uk5-c0b7d8124d93fbe53d71,oshb,2Sam.23.35,2Sam.23.35,locked runtime authority retained; raw secondary textual/segmentation variant recorded
strong_control_sequence_difference,low,resolved_by_locked_runtime_authority_contract,2Sam.23.8,uk5-31dd167f3813cfebb109,oshb,2Sam.23.8,2Sam.23.8,locked runtime authority retained; raw secondary textual/segmentation variant recorded
strong_control_sequence_difference,low,resolved_by_locked_runtime_authority_contract,2Sam.3.16,uk5-db7ed3365a962c4ae64b,oshb,2Sam.3.16,2Sam.3.16,locked runtime authority retained; raw secondary textual/segmentation variant recorded
strong_control_sequence_difference,low,resolved_by_locked_runtime_authority_contract,2Sam.5.10,uk5-ee71c300ce2b68bc2663,oshb,2Sam.5.10,2Sam.5.10,locked runtime authority retained; raw secondary textual/segmentation variant recorded
strong_control_sequence_difference,low,resolved_by_locked_runtime_authority_contract,2Thess.1.12,uk5-8475239e2125eb568b8d,tagnt,2Thess.1.12,2Thess.1.12,locked runtime authority retained; raw secondary textual/segmentation variant recorded
strong_control_sequence_difference,low,resolved_by_locked_runtime_authority_contract,2Thess.1.8,uk5-b088e0df7fb5f6b422c0,tagnt,2Thess.1.8,2Thess.1.8,locked runtime authority retained; raw secondary textual/segmentation variant recorded
strong_control_sequence_difference,low,resolved_by_locked_runtime_authority_contract,2Thess.2.1,uk5-daeac53355b3ba993c5f,tagnt,2Thess.2.1,2Thess.2.1,locked runtime authority retained; raw secondary textual/segmentation variant recorded
strong_control_sequence_difference,low,resolved_by_locked_runtime_authority_contract,2Thess.2.14,uk5-1741b1172e06e6087c17,tagnt,2Thess.2.14,2Thess.2.14,locked runtime authority retained; raw secondary textual/segmentation variant recorded
strong_control_sequence_difference,low,resolved_by_locked_runtime_authority_contract,2Thess.2.16,uk5-2c2208fdcb453791888f,tagnt,2Thess.2.16,2Thess.2.16,locked runtime authority retained; raw secondary textual/segmentation variant recorded
strong_control_sequence_difference,low,resolved_by_locked_runtime_authority_contract,2Thess.3.1,uk5-01f050a91950998a6256,tagnt,2Thess.3.1,2Thess.3.1,locked runtime authority retained; raw secondary textual/segmentation variant recorded
strong_control_sequence_difference,medium,resolved_by_locked_runtime_authority_contract,2Thess.3.18,uk5-0e906a0cb5c9c655fdaf,tagnt,2Thess.3.18,2Thess.3.18,locked runtime authority retained; raw secondary textual/segmentation variant recorded
strong_control_sequence_difference,medium,resolved_by_locked_runtime_authority_contract,2Thess.3.4,uk5-99480affe89f02be1f28,tagnt,2Thess.3.4,2Thess.3.4,locked runtime authority retained; raw secondary textual/segmentation variant recorded
strong_control_sequence_difference,low,resolved_by_locked_runtime_authority_contract,2Thess.3.7,uk5-33a0a485a60210ffabad,tagnt,2Thess.3.7,2Thess.3.7,locked runtime authority retained; raw secondary textual/segmentation variant recorded
strong_control_sequence_difference,low,resolved_by_locked_runtime_authority_contract,2Tim.1.14,uk5-1fffd0a5768e09d70bb1,tagnt,2Tim.1.14,2Tim.1.14,locked runtime authority retained; raw secondary textual/segmentation variant recorded
strong_control_sequence_difference,low,resolved_by_locked_runtime_authority_contract,2Tim.1.15,uk5-f3f0f21d0886d8b4688c,tagnt,2Tim.1.15,2Tim.1.15,locked runtime authority retained; raw secondary textual/segmentation variant recorded
strong_control_sequence_difference,low,resolved_by_locked_runtime_authority_contract,2Tim.1.16,uk5-b658d8281e444b638aa4,tagnt,2Tim.1.16,2Tim.1.16,locked runtime authority retained; raw secondary textual/segmentation variant recorded
strong_control_sequence_difference,low,resolved_by_locked_runtime_authority_contract,2Tim.1.17,uk5-9bf81d7d2928a972bbfa,tagnt,2Tim.1.17,2Tim.1.17,locked runtime authority retained; raw secondary textual/segmentation variant recorded
strong_control_sequence_difference,low,resolved_by_locked_runtime_authority_contract,2Tim.1.9,uk5-5860a49d90c72aaaefa5,tagnt,2Tim.1.9,2Tim.1.9,locked runtime authority retained; raw secondary textual/segmentation variant recorded
strong_control_sequence_difference,high,resolved_by_locked_runtime_authority_contract,2Tim.2.12,uk5-aebc0415c6c0371cd2ce,tagnt,2Tim.2.12,2Tim.2.12,locked runtime authority retained; raw secondary textual/segmentation variant recorded
strong_control_sequence_difference,low,resolved_by_locked_runtime_authority_contract,2Tim.2.24,uk5-6abda77dde278d27b5d8,tagnt,2Tim.2.24,2Tim.2.24,locked runtime authority retained; raw secondary textual/segmentation variant recorded
strong_control_sequence_difference,low,resolved_by_locked_runtime_authority_contract,2Tim.2.25,uk5-46f329fc913cbbe370b0,tagnt,2Tim.2.25,2Tim.2.25,locked runtime authority retained; raw secondary textual/segmentation variant recorded
strong_control_sequence_difference,low,resolved_by_locked_runtime_authority_contract,2Tim.2.3,uk5-d5996bdf03341beb72ad,tagnt,2Tim.2.3,2Tim.2.3,locked runtime authority retained; raw secondary textual/segmentation variant recorded
strong_control_sequence_difference,low,resolved_by_locked_runtime_authority_contract,2Tim.2.6,uk5-6c7b38913ca68d219ab1,tagnt,2Tim.2.6,2Tim.2.6,locked runtime authority retained; raw secondary textual/segmentation variant recorded
strong_control_sequence_difference,low,resolved_by_locked_runtime_authority_contract,2Tim.4.11,uk5-9735559e43d4620c699e,tagnt,2Tim.4.11,2Tim.4.11,locked runtime authority retained; raw secondary textual/segmentation variant recorded
strong_control_sequence_difference,low,resolved_by_locked_runtime_authority_contract,2Tim.4.16,uk5-a4bd63118a803f216e2c,tagnt,2Tim.4.16,2Tim.4.16,locked runtime authority retained; raw secondary textual/segmentation variant recorded
strong_control_sequence_difference,low,resolved_by_locked_runtime_authority_contract,2Tim.4.18,uk5-d59a3d1f38a0112a2883,tagnt,2Tim.4.18,2Tim.4.18,locked runtime authority retained; raw secondary textual/segmentation variant recorded
strong_control_sequence_difference,high,resolved_by_locked_runtime_authority_contract,2Tim.4.22,uk5-3854c10518f4c00cc545,tagnt,2Tim.4.22,2Tim.4.22,locked runtime authority retained; raw secondary textual/segmentation variant recorded
strong_control_sequence_difference,low,resolved_by_locked_runtime_authority_contract,2Tim.4.9,uk5-1856fb47faa02ab96536,tagnt,2Tim.4.9,2Tim.4.9,locked runtime authority retained; raw secondary textual/segmentation variant recorded
strong_control_sequence_difference,low,resolved_by_locked_runtime_authority_contract,3John.1.12,uk5-ef1088e80e9259a1d986,tagnt,3John.1.12,3John.1.12,locked runtime authority retained; raw secondary textual/segmentation variant recorded
strong_control_sequence_difference,low,resolved_by_locked_runtime_authority_contract,3John.1.4,uk5-e25c5bf1aa91ceaec2f0,tagnt,3John.1.4,3John.1.4,locked runtime authority retained; raw secondary textual/segmentation variant recorded
strong_control_sequence_difference,low,resolved_by_locked_runtime_authority_contract,3John.1.8,uk5-ebe61c614ca351664ab3,tagnt,3John.1.8,3John.1.8,locked runtime authority retained; raw secondary textual/segmentation variant recorded
strong_control_sequence_difference,low,resolved_by_locked_runtime_authority_contract,Acts.1.10,uk5-8d1a8f1761d9460d5e4e,tagnt,Acts.1.10,Acts.1.10,locked runtime authority retained; raw secondary textual/segmentation variant recorded
strong_control_sequence_difference,low,resolved_by_locked_runtime_authority_contract,Acts.1.12,uk5-33ee568f6b0abc59d1df,tagnt,Acts.1.12,Acts.1.12,locked runtime authority retained; raw secondary textual/segmentation variant recorded
strong_control_sequence_difference,low,resolved_by_locked_runtime_authority_contract,Acts.1.21,uk5-b668cdadf406645cc598,tagnt,Acts.1.21,Acts.1.21,locked runtime authority retained; raw secondary textual/segmentation variant recorded
strong_control_sequence_difference,low,resolved_by_locked_runtime_authority_contract,Acts.1.22,uk5-31ad7b7757b2abf6e965,tagnt,Acts.1.22,Acts.1.22,locked runtime authority retained; raw secondary textual/segmentation variant recorded
strong_control_sequence_difference,low,resolved_by_locked_runtime_authority_contract,Acts.10.12,uk5-8078579c40ee83a017f3,tagnt,Acts.10.12,Acts.10.12,locked runtime authority retained; raw secondary textual/segmentation variant recorded
strong_control_sequence_difference,low,resolved_by_locked_runtime_authority_contract,Acts.10.14,uk5-ea23f5ca292a48e9f53f,tagnt,Acts.10.14,Acts.10.14,locked runtime authority retained; raw secondary textual/segmentation variant recorded
strong_control_sequence_difference,low,resolved_by_locked_runtime_authority_contract,Acts.10.19,uk5-ec80366c695111bbc717,tagnt,Acts.10.19,Acts.10.19,locked runtime authority retained; raw secondary textual/segmentation variant recorded
strong_control_sequence_difference,medium,resolved_by_locked_runtime_authority_contract,Acts.10.21,uk5-9a3e0a5b5dce571a3373,tagnt,Acts.10.21,Acts.10.21,locked runtime authority retained; raw secondary textual/segmentation variant recorded
strong_control_sequence_difference,low,resolved_by_locked_runtime_authority_contract,Acts.10.30,uk5-b7636c6386ac50d53eae,tagnt,Acts.10.30,Acts.10.30,locked runtime authority retained; raw secondary textual/segmentation variant recorded
strong_control_sequence_difference,low,resolved_by_locked_runtime_authority_contract,Acts.10.32,uk5-a988802c0ba380ab7ca4,tagnt,Acts.10.32,Acts.10.32,locked runtime authority retained; raw secondary textual/segmentation variant recorded
strong_control_sequence_difference,low,resolved_by_locked_runtime_authority_contract,Acts.10.39,uk5-f2418971f05c3f6db339,tagnt,Acts.10.39,Acts.10.39,locked runtime authority retained; raw secondary textual/segmentation variant recorded
strong_control_sequence_difference,low,resolved_by_locked_runtime_authority_contract,Acts.10.6,uk5-594e5d3f445282e17c73,tagnt,Acts.10.6,Acts.10.6,locked runtime authority retained; raw secondary textual/segmentation variant recorded
strong_control_sequence_difference,low,resolved_by_locked_runtime_authority_contract,Acts.11.11,uk5-c015041c324b840dd935,tagnt,Acts.11.11,Acts.11.11,locked runtime authority retained; raw secondary textual/segmentation variant recorded
strong_control_sequence_difference,low,resolved_by_locked_runtime_authority_contract,Acts.11.13,uk5-f19385f0a951ec1b5a67,tagnt,Acts.11.13,Acts.11.13,locked runtime authority retained; raw secondary textual/segmentation variant recorded
strong_control_sequence_difference,low,resolved_by_locked_runtime_authority_contract,Acts.11.15,uk5-a1f34531948ef65c7f46,tagnt,Acts.11.15,Acts.11.15,locked runtime authority retained; raw secondary textual/segmentation variant recorded
strong_control_sequence_difference,low,resolved_by_locked_runtime_authority_contract,Acts.11.2,uk5-6f000173e0a0588d62dd,tagnt,Acts.11.2,Acts.11.2,locked runtime authority retained; raw secondary textual/segmentation variant recorded
strong_control_sequence_difference,low,resolved_by_locked_runtime_authority_contract,Acts.11.25,uk5-7e0ae908ba5129a3bc81,tagnt,Acts.11.25,Acts.11.25,locked runtime authority retained; raw secondary textual/segmentation variant recorded
strong_control_sequence_difference,low,resolved_by_locked_runtime_authority_contract,Acts.11.4,uk5-af9f1698201e45c18b35,tagnt,Acts.11.4,Acts.11.4,locked runtime authority retained; raw secondary textual/segmentation variant recorded
strong_control_sequence_difference,low,resolved_by_locked_runtime_authority_contract,Acts.11.7,uk5-f64fe214b4064d3df50f,tagnt,Acts.11.7,Acts.11.7,locked runtime authority retained; raw secondary textual/segmentation variant recorded
strong_control_sequence_difference,low,resolved_by_locked_runtime_authority_contract,Acts.11.8,uk5-1444ffb4ac940f16aa43,tagnt,Acts.11.8,Acts.11.8,locked runtime authority retained; raw secondary textual/segmentation variant recorded
strong_control_sequence_difference,low,resolved_by_locked_runtime_authority_contract,Acts.12.3,uk5-a6aee0310aa347422867,tagnt,Acts.12.3,Acts.12.3,locked runtime authority retained; raw secondary textual/segmentation variant recorded
strong_control_sequence_difference,low,resolved_by_locked_runtime_authority_contract,Acts.13.19,uk5-a4c1f3afc1a4d1ab6a7b,tagnt,Acts.13.19,Acts.13.19,locked runtime authority retained; raw secondary textual/segmentation variant recorded
strong_control_sequence_difference,low,resolved_by_locked_runtime_authority_contract,Acts.13.2,uk5-9b63a3c175afb515fb3a,tagnt,Acts.13.2,Acts.13.2,locked runtime authority retained; raw secondary textual/segmentation variant recorded
strong_control_sequence_difference,low,resolved_by_locked_runtime_authority_contract,Acts.13.21,uk5-8f920c3beacc9c4f54ce,tagnt,Acts.13.21,Acts.13.21,locked runtime authority retained; raw secondary textual/segmentation variant recorded
strong_control_sequence_difference,low,resolved_by_locked_runtime_authority_contract,Acts.13.22,uk5-95669b9237d51f6f1536,tagnt,Acts.13.22,Acts.13.22,locked runtime authority retained; raw secondary textual/segmentation variant recorded
strong_control_sequence_difference,low,resolved_by_locked_runtime_authority_contract,Acts.13.23,uk5-a9017212072031051718,tagnt,Acts.13.23,Acts.13.23,locked runtime authority retained; raw secondary textual/segmentation variant recorded
strong_control_sequence_difference,low,resolved_by_locked_runtime_authority_contract,Acts.13.31,uk5-a6016d1a961ad911a250,tagnt,Acts.13.31,Acts.13.31,locked runtime authority retained; raw secondary textual/segmentation variant recorded
strong_control_sequence_difference,low,resolved_by_locked_runtime_authority_contract,Acts.13.37,uk5-c646df76589d04063d77,tagnt,Acts.13.37,Acts.13.37,locked runtime authority retained; raw secondary textual/segmentation variant recorded
strong_control_sequence_difference,high,resolved_by_locked_runtime_authority_contract,Acts.13.38,uk5-f8a34306ebb59768f0b4,tagnt,Acts.13.38,Acts.13.38,locked runtime authority retained; raw secondary textual/segmentation variant recorded
strong_control_sequence_difference,low,resolved_by_locked_runtime_authority_contract,Acts.13.4,uk5-99e8cd3f227d8b5e6cf3,tagnt,Acts.13.4,Acts.13.4,locked runtime authority retained; raw secondary textual/segmentation variant recorded
strong_control_sequence_difference,low,resolved_by_locked_runtime_authority_contract,Acts.13.40,uk5-b7d90da4d90bfdece829,tagnt,Acts.13.40,Acts.13.40,locked runtime authority retained; raw secondary textual/segmentation variant recorded
strong_control_sequence_difference,low,resolved_by_locked_runtime_authority_contract,Acts.13.42,uk5-553ee5e30fe2370e46c2,tagnt,Acts.13.42,Acts.13.42,locked runtime authority retained; raw secondary textual/segmentation variant recorded
strong_control_sequence_difference,low,resolved_by_locked_runtime_authority_contract,Acts.13.45,uk5-9f1f3534f1fd3738977f,tagnt,Acts.13.45,Acts.13.45,locked runtime authority retained; raw secondary textual/segmentation variant recorded
strong_control_sequence_difference,low,resolved_by_locked_runtime_authority_contract,Acts.13.46,uk5-420379a9910c2a9c2c63,tagnt,Acts.13.46,Acts.13.46,locked runtime authority retained; raw secondary textual/segmentation variant recorded
strong_control_sequence_difference,low,resolved_by_locked_runtime_authority_contract,Acts.13.52,uk5-dc10d487b7b725cc3d66,tagnt,Acts.13.52,Acts.13.52,locked runtime authority retained; raw secondary textual/segmentation variant recorded
strong_control_sequence_difference,low,resolved_by_locked_runtime_authority_contract,Acts.14.10,uk5-7f325de6d0b788d79c01,tagnt,Acts.14.10,Acts.14.10,locked runtime authority retained; raw secondary textual/segmentation variant recorded
strong_control_sequence_difference,low,resolved_by_locked_runtime_authority_contract,Acts.14.11,uk5-97e43e67dfa7c035cf06,tagnt,Acts.14.11,Acts.14.11,locked runtime authority retained; raw secondary textual/segmentation variant recorded
strong_control_sequence_difference,high,resolved_by_locked_runtime_authority_contract,Acts.14.7,uk5-545fe256d31c181fd1a5,tagnt,Acts.14.7,Acts.14.7,locked runtime authority retained; raw secondary textual/segmentation variant recorded
strong_control_sequence_difference,low,resolved_by_locked_runtime_authority_contract,Acts.15.11,uk5-4555a5c920e61b646a41,tagnt,Acts.15.11,Acts.15.11,locked runtime authority retained; raw secondary textual/segmentation variant recorded
strong_control_sequence_difference,low,resolved_by_locked_runtime_authority_contract,Acts.15.14,uk5-2fc924004d7ca38dd3bb,tagnt,Acts.15.14,Acts.15.14,locked runtime authority retained; raw secondary textual/segmentation variant recorded
strong_control_sequence_difference,low,resolved_by_locked_runtime_authority_contract,Acts.15.17,uk5-85e5212c446f422169c4,tagnt,Acts.15.17,Acts.15.17,locked runtime authority retained; raw secondary textual/segmentation variant recorded
strong_control_sequence_difference,high,resolved_by_locked_runtime_authority_contract,Acts.15.18,uk5-4142d5bc621a6036b379,tagnt,Acts.15.18,Acts.15.18,locked runtime authority retained; raw secondary textual/segmentation variant recorded
strong_control_sequence_difference,low,resolved_by_locked_runtime_authority_contract,Acts.15.24,uk5-b9081e4d83fe8704eea9,tagnt,Acts.15.24,Acts.15.24,locked runtime authority retained; raw secondary textual/segmentation variant recorded
strong_control_sequence_difference,low,resolved_by_locked_runtime_authority_contract,Acts.15.25,uk5-22479083b0c28c7904d1,tagnt,Acts.15.25,Acts.15.25,locked runtime authority retained; raw secondary textual/segmentation variant recorded
strong_control_sequence_difference,medium,resolved_by_locked_runtime_authority_contract,Acts.15.34,uk5-4642facc1b2fee5cf79f,tagnt,Acts.15.34,Acts.15.34,locked runtime authority retained; raw secondary textual/segmentation variant recorded
strong_control_sequence_difference,low,resolved_by_locked_runtime_authority_contract,Acts.15.4,uk5-8f4e9042c1b2b2e9980a,tagnt,Acts.15.4,Acts.15.4,locked runtime authority retained; raw secondary textual/segmentation variant recorded
strong_control_sequence_difference,low,resolved_by_locked_runtime_authority_contract,Acts.15.6,uk5-dbfed0c48d210710c5c3,tagnt,Acts.15.6,Acts.15.6,locked runtime authority retained; raw secondary textual/segmentation variant recorded
strong_control_sequence_difference,low,resolved_by_locked_runtime_authority_contract,Acts.15.8,uk5-e5cb42a9ca5b860412db,tagnt,Acts.15.8,Acts.15.8,locked runtime authority retained; raw secondary textual/segmentation variant recorded
strong_control_sequence_difference,low,resolved_by_locked_runtime_authority_contract,Acts.16.10,uk5-7c4a6d26ec50ad80a4fd,tagnt,Acts.16.10,Acts.16.10,locked runtime authority retained; raw secondary textual/segmentation variant recorded
strong_control_sequence_difference,low,resolved_by_locked_runtime_authority_contract,Acts.16.12,uk5-209acd57cf255c02ae83,tagnt,Acts.16.12,Acts.16.12,locked runtime authority retained; raw secondary textual/segmentation variant recorded
strong_control_sequence_difference,low,resolved_by_locked_runtime_authority_contract,Acts.16.15,uk5-d211ffe8e199d6040f1e,tagnt,Acts.16.15,Acts.16.15,locked runtime authority retained; raw secondary textual/segmentation variant recorded
strong_control_sequence_difference,low,resolved_by_locked_runtime_authority_contract,Acts.16.16,uk5-3be7415f7a072ed6b538,tagnt,Acts.16.16,Acts.16.16,locked runtime authority retained; raw secondary textual/segmentation variant recorded
strong_control_sequence_difference,low,resolved_by_locked_runtime_authority_contract,Acts.16.20,uk5-6d3b589cedc0dedd813b,tagnt,Acts.16.20,Acts.16.20,locked runtime authority retained; raw secondary textual/segmentation variant recorded
strong_control_sequence_difference,low,resolved_by_locked_runtime_authority_contract,Acts.16.21,uk5-191ce8b3a44e5946d611,tagnt,Acts.16.21,Acts.16.21,locked runtime authority retained; raw secondary textual/segmentation variant recorded
strong_control_sequence_difference,low,resolved_by_locked_runtime_authority_contract,Acts.16.28,uk5-1ccb1b4d89da96396f34,tagnt,Acts.16.28,Acts.16.28,locked runtime authority retained; raw secondary textual/segmentation variant recorded
strong_control_sequence_difference,low,resolved_by_locked_runtime_authority_contract,Acts.16.30,uk5-e804ee40262b92c65982,tagnt,Acts.16.30,Acts.16.30,locked runtime authority retained; raw secondary textual/segmentation variant recorded
strong_control_sequence_difference,low,resolved_by_locked_runtime_authority_contract,Acts.16.37,uk5-a999f39f4daf28c7cd75,tagnt,Acts.16.37,Acts.16.37,locked runtime authority retained; raw secondary textual/segmentation variant recorded
strong_control_sequence_difference,low,resolved_by_locked_runtime_authority_contract,Acts.16.9,uk5-f5a81798b84be8d99d8d,tagnt,Acts.16.9,Acts.16.9,locked runtime authority retained; raw secondary textual/segmentation variant recorded
strong_control_sequence_difference,low,resolved_by_locked_runtime_authority_contract,Acts.17.20,uk5-189b62df0cb02d0bc4e1,tagnt,Acts.17.20,Acts.17.20,locked runtime authority retained; raw secondary textual/segmentation variant recorded
strong_control_sequence_difference,low,resolved_by_locked_runtime_authority_contract,Acts.18.1,uk5-6eaaec8a9b2a385ae416,tagnt,Acts.18.1,Acts.18.1,locked runtime authority retained; raw secondary textual/segmentation variant recorded
strong_control_sequence_difference,low,resolved_by_locked_runtime_authority_contract,Acts.18.15,uk5-e0b66e48fb4351adb8f0,tagnt,Acts.18.15,Acts.18.15,locked runtime authority retained; raw secondary textual/segmentation variant recorded
strong_control_sequence_difference,medium,resolved_by_locked_runtime_authority_contract,Acts.18.21,uk5-f2b12dca2e2537297f40,tagnt,Acts.18.21,Acts.18.21,locked runtime authority retained; raw secondary textual/segmentation variant recorded
strong_control_sequence_difference,medium,resolved_by_locked_runtime_authority_contract,Acts.19.2,uk5-4226371414dbd8030ce7,tagnt,Acts.19.2,Acts.19.2,locked runtime authority retained; raw secondary textual/segmentation variant recorded
strong_control_sequence_difference,low,resolved_by_locked_runtime_authority_contract,Acts.19.21,uk5-c7c7598cf18e5424fbf7,tagnt,Acts.19.21,Acts.19.21,locked runtime authority retained; raw secondary textual/segmentation variant recorded
strong_control_sequence_difference,low,resolved_by_locked_runtime_authority_contract,Acts.19.3,uk5-6a33d79eb94c2ff510b2,tagnt,Acts.19.3,Acts.19.3,locked runtime authority retained; raw secondary textual/segmentation variant recorded
strong_control_sequence_difference,high,resolved_by_locked_runtime_authority_contract,Acts.19.41,uk5-f396c7f9af758d544088,tagnt,Acts.19.40,Acts.19.41,locked runtime authority retained; raw secondary textual/segmentation variant recorded
strong_control_sequence_difference,low,resolved_by_locked_runtime_authority_contract,Acts.2.11,uk5-352e2473f382dad0c330,tagnt,Acts.2.11,Acts.2.11,locked runtime authority retained; raw secondary textual/segmentation variant recorded
strong_control_sequence_difference,medium,resolved_by_locked_runtime_authority_contract,Acts.2.12,uk5-5a9bae541c054b0bd999,tagnt,Acts.2.12,Acts.2.12,locked runtime authority retained; raw secondary textual/segmentation variant recorded
strong_control_sequence_difference,low,resolved_by_locked_runtime_authority_contract,Acts.2.16,uk5-3acf472fb468a4cd1d31,tagnt,Acts.2.16,Acts.2.16,locked runtime authority retained; raw secondary textual/segmentation variant recorded
strong_control_sequence_difference,low,resolved_by_locked_runtime_authority_contract,Acts.2.18,uk5-c110e9d3042256dcca62,tagnt,Acts.2.18,Acts.2.18,locked runtime authority retained; raw secondary textual/segmentation variant recorded
strong_control_sequence_difference,low,resolved_by_locked_runtime_authority_contract,Acts.2.26,uk5-b4b1df5a4fe8857046cb,tagnt,Acts.2.26,Acts.2.26,locked runtime authority retained; raw secondary textual/segmentation variant recorded
strong_control_sequence_difference,low,resolved_by_locked_runtime_authority_contract,Acts.2.27,uk5-660acb63016d03163895,tagnt,Acts.2.27,Acts.2.27,locked runtime authority retained; raw secondary textual/segmentation variant recorded
strong_control_sequence_difference,low,resolved_by_locked_runtime_authority_contract,Acts.2.28,uk5-33f5fa05b5b860f9a9e1,tagnt,Acts.2.28,Acts.2.28,locked runtime authority retained; raw secondary textual/segmentation variant recorded
strong_control_sequence_difference,low,resolved_by_locked_runtime_authority_contract,Acts.2.29,uk5-eff6ae71b7dff562bec5,tagnt,Acts.2.29,Acts.2.29,locked runtime authority retained; raw secondary textual/segmentation variant recorded
strong_control_sequence_difference,low,resolved_by_locked_runtime_authority_contract,Acts.2.30,uk5-62db249941fa76182747,tagnt,Acts.2.30,Acts.2.30,locked runtime authority retained; raw secondary textual/segmentation variant recorded
strong_control_sequence_difference,low,resolved_by_locked_runtime_authority_contract,Acts.2.31,uk5-c1ad09f0fac9ae28aa15,tagnt,Acts.2.31,Acts.2.31,locked runtime authority retained; raw secondary textual/segmentation variant recorded
strong_control_sequence_difference,low,resolved_by_locked_runtime_authority_contract,Acts.2.34,uk5-0eee5b962565c23fb2a4,tagnt,Acts.2.34,Acts.2.34,locked runtime authority retained; raw secondary textual/segmentation variant recorded
strong_control_sequence_difference,low,resolved_by_locked_runtime_authority_contract,Acts.2.4,uk5-9f2b7075df5c06bd3d12,tagnt,Acts.2.4,Acts.2.4,locked runtime authority retained; raw secondary textual/segmentation variant recorded
strong_control_sequence_difference,low,resolved_by_locked_runtime_authority_contract,Acts.2.5,uk5-8d4a785e2a24a4089345,tagnt,Acts.2.5,Acts.2.5,locked runtime authority retained; raw secondary textual/segmentation variant recorded
strong_control_sequence_difference,low,resolved_by_locked_runtime_authority_contract,Acts.2.7,uk5-2f29800f7a271d02d785,tagnt,Acts.2.7,Acts.2.7,locked runtime authority retained; raw secondary textual/segmentation variant recorded
strong_control_sequence_difference,low,resolved_by_locked_runtime_authority_contract,Acts.2.8,uk5-74231b36a9a1a8ccf548,tagnt,Acts.2.8,Acts.2.8,locked runtime authority retained; raw secondary textual/segmentation variant recorded
strong_control_sequence_difference,low,resolved_by_locked_runtime_authority_contract,Acts.20.15,uk5-aed6944af584f979a28d,tagnt,Acts.20.15,Acts.20.15,locked runtime authority retained; raw secondary textual/segmentation variant recorded
strong_control_sequence_difference,low,resolved_by_locked_runtime_authority_contract,Acts.20.21,uk5-af416ea208641fd1952d,tagnt,Acts.20.21,Acts.20.21,locked runtime authority retained; raw secondary textual/segmentation variant recorded
strong_control_sequence_difference,low,resolved_by_locked_runtime_authority_contract,Acts.20.22,uk5-0b9e3a0d9030f0f252cf,tagnt,Acts.20.22,Acts.20.22,locked runtime authority retained; raw secondary textual/segmentation variant recorded
strong_control_sequence_difference,low,resolved_by_locked_runtime_authority_contract,Acts.20.23,uk5-956d0a2b16620c0beebb,tagnt,Acts.20.23,Acts.20.23,locked runtime authority retained; raw secondary textual/segmentation variant recorded
strong_control_sequence_difference,low,resolved_by_locked_runtime_authority_contract,Acts.20.24,uk5-5a263a90da2db1aaed55,tagnt,Acts.20.24,Acts.20.24,locked runtime authority retained; raw secondary textual/segmentation variant recorded
strong_control_sequence_difference,medium,resolved_by_locked_runtime_authority_contract,Acts.20.25,uk5-8a3263583cb712abc1ad,tagnt,Acts.20.25,Acts.20.25,locked runtime authority retained; raw secondary textual/segmentation variant recorded
strong_control_sequence_difference,low,resolved_by_locked_runtime_authority_contract,Acts.20.29,uk5-9db2184e6f757587622d,tagnt,Acts.20.29,Acts.20.29,locked runtime authority retained; raw secondary textual/segmentation variant recorded
strong_control_sequence_difference,low,resolved_by_locked_runtime_authority_contract,Acts.20.35,uk5-176114fe167c01a65232,tagnt,Acts.20.35,Acts.20.35,locked runtime authority retained; raw secondary textual/segmentation variant recorded
strong_control_sequence_difference,low,resolved_by_locked_runtime_authority_contract,Acts.20.38,uk5-962f369ed84ab1c4b9a0,tagnt,Acts.20.38,Acts.20.38,locked runtime authority retained; raw secondary textual/segmentation variant recorded
strong_control_sequence_difference,medium,resolved_by_locked_runtime_authority_contract,Acts.20.5,uk5-e1e244460678ff9a95c2,tagnt,Acts.20.5,Acts.20.5,locked runtime authority retained; raw secondary textual/segmentation variant recorded
strong_control_sequence_difference,low,resolved_by_locked_runtime_authority_contract,Acts.21.1,uk5-97b22e218bd1af9c84ee,tagnt,Acts.21.1,Acts.21.1,locked runtime authority retained; raw secondary textual/segmentation variant recorded
strong_control_sequence_difference,low,resolved_by_locked_runtime_authority_contract,Acts.21.10,uk5-59503ddce21d36e4f85c,tagnt,Acts.21.10,Acts.21.10,locked runtime authority retained; raw secondary textual/segmentation variant recorded
strong_control_sequence_difference,low,resolved_by_locked_runtime_authority_contract,Acts.21.11,uk5-11aa004821a93ce2a056,tagnt,Acts.21.11,Acts.21.11,locked runtime authority retained; raw secondary textual/segmentation variant recorded
strong_control_sequence_difference,low,resolved_by_locked_runtime_authority_contract,Acts.21.12,uk5-9fc17402caf730046ee9,tagnt,Acts.21.12,Acts.21.12,locked runtime authority retained; raw secondary textual/segmentation variant recorded
strong_control_sequence_difference,low,resolved_by_locked_runtime_authority_contract,Acts.21.17,uk5-cb4f66cef4c6b0bd4bf2,tagnt,Acts.21.17,Acts.21.17,locked runtime authority retained; raw secondary textual/segmentation variant recorded
strong_control_sequence_difference,low,resolved_by_locked_runtime_authority_contract,Acts.21.22,uk5-c7abea5c88271b9134a6,tagnt,Acts.21.22,Acts.21.22,locked runtime authority retained; raw secondary textual/segmentation variant recorded
strong_control_sequence_difference,low,resolved_by_locked_runtime_authority_contract,Acts.21.23,uk5-074d36d8140aa51abc72,tagnt,Acts.21.23,Acts.21.23,locked runtime authority retained; raw secondary textual/segmentation variant recorded
strong_control_sequence_difference,low,resolved_by_locked_runtime_authority_contract,Acts.21.25,uk5-a32f00e5ba72633c8d9b,tagnt,Acts.21.25,Acts.21.25,locked runtime authority retained; raw secondary textual/segmentation variant recorded
strong_control_sequence_difference,low,resolved_by_locked_runtime_authority_contract,Acts.21.37,uk5-69e21d739d3f6cdf6ff4,tagnt,Acts.21.37,Acts.21.37,locked runtime authority retained; raw secondary textual/segmentation variant recorded
strong_control_sequence_difference,low,resolved_by_locked_runtime_authority_contract,Acts.21.39,uk5-38fb81ded6745711a74a,tagnt,Acts.21.39,Acts.21.39,locked runtime authority retained; raw secondary textual/segmentation variant recorded
strong_control_sequence_difference,low,resolved_by_locked_runtime_authority_contract,Acts.21.8,uk5-5b98c9e47acc2d3f5619,tagnt,Acts.21.8,Acts.21.8,locked runtime authority retained; raw secondary textual/segmentation variant recorded
strong_control_sequence_difference,low,resolved_by_locked_runtime_authority_contract,Acts.22.1,uk5-e9918914ed2d6caf755a,tagnt,Acts.22.1,Acts.22.1,locked runtime authority retained; raw secondary textual/segmentation variant recorded
strong_control_sequence_difference,high,resolved_by_locked_runtime_authority_contract,Acts.22.10,uk5-03a8af5773355abcebb7,tagnt,Acts.22.10,Acts.22.10,locked runtime authority retained; raw secondary textual/segmentation variant recorded
strong_control_sequence_difference,medium,resolved_by_locked_runtime_authority_contract,Acts.22.13,uk5-4458c9bd1e55731dfc86,tagnt,Acts.22.13,Acts.22.13,locked runtime authority retained; raw secondary textual/segmentation variant recorded
strong_control_sequence_difference,low,resolved_by_locked_runtime_authority_contract,Acts.22.14,uk5-00b61c04207001259d5c,tagnt,Acts.22.14,Acts.22.14,locked runtime authority retained; raw secondary textual/segmentation variant recorded
strong_control_sequence_difference,low,resolved_by_locked_runtime_authority_contract,Acts.22.17,uk5-34c79a8563a09d8dac7e,tagnt,Acts.22.17,Acts.22.17,locked runtime authority retained; raw secondary textual/segmentation variant recorded
strong_control_sequence_difference,low,resolved_by_locked_runtime_authority_contract,Acts.22.18,uk5-c2a8b5dc35722eb9dd8b,tagnt,Acts.22.18,Acts.22.18,locked runtime authority retained; raw secondary textual/segmentation variant recorded
strong_control_sequence_difference,low,resolved_by_locked_runtime_authority_contract,Acts.22.19,uk5-9ffe9d382fe851bff177,tagnt,Acts.22.19,Acts.22.19,locked runtime authority retained; raw secondary textual/segmentation variant recorded
strong_control_sequence_difference,low,resolved_by_locked_runtime_authority_contract,Acts.22.21,uk5-26e36717a72fb47382c5,tagnt,Acts.22.21,Acts.22.21,locked runtime authority retained; raw secondary textual/segmentation variant recorded
strong_control_sequence_difference,low,resolved_by_locked_runtime_authority_contract,Acts.22.25,uk5-93dfad3d318cf3842100,tagnt,Acts.22.25,Acts.22.25,locked runtime authority retained; raw secondary textual/segmentation variant recorded
strong_control_sequence_difference,low,resolved_by_locked_runtime_authority_contract,Acts.22.27,uk5-054a1e134068db6470cd,tagnt,Acts.22.27,Acts.22.27,locked runtime authority retained; raw secondary textual/segmentation variant recorded
strong_control_sequence_difference,low,resolved_by_locked_runtime_authority_contract,Acts.22.5,uk5-17362053b65a27d77188,tagnt,Acts.22.5,Acts.22.5,locked runtime authority retained; raw secondary textual/segmentation variant recorded
strong_control_sequence_difference,low,resolved_by_locked_runtime_authority_contract,Acts.22.7,uk5-0a78e743259fa3b005cb,tagnt,Acts.22.7,Acts.22.7,locked runtime authority retained; raw secondary textual/segmentation variant recorded
strong_control_sequence_difference,low,resolved_by_locked_runtime_authority_contract,Acts.22.8,uk5-e8005bf561f7100ec6a7,tagnt,Acts.22.8,Acts.22.8,locked runtime authority retained; raw secondary textual/segmentation variant recorded
strong_control_sequence_difference,low,resolved_by_locked_runtime_authority_contract,Acts.22.9,uk5-8e43505534bd10ccf3fc,tagnt,Acts.22.9,Acts.22.9,locked runtime authority retained; raw secondary textual/segmentation variant recorded
strong_control_sequence_difference,low,resolved_by_locked_runtime_authority_contract,Acts.23.11,uk5-f56a9393e8bb036ff944,tagnt,Acts.23.11,Acts.23.11,locked runtime authority retained; raw secondary textual/segmentation variant recorded
strong_control_sequence_difference,low,resolved_by_locked_runtime_authority_contract,Acts.23.13,uk5-3c3810d3e717645ea22a,tagnt,Acts.23.13,Acts.23.13,locked runtime authority retained; raw secondary textual/segmentation variant recorded
strong_control_sequence_difference,low,resolved_by_locked_runtime_authority_contract,Acts.23.3,uk5-6c47307be3d20912c605,tagnt,Acts.23.3,Acts.23.3,locked runtime authority retained; raw secondary textual/segmentation variant recorded
strong_control_sequence_difference,low,resolved_by_locked_runtime_authority_contract,Acts.23.30,uk5-42b7b205cdf070e74964,tagnt,Acts.23.30,Acts.23.30,locked runtime authority retained; raw secondary textual/segmentation variant recorded
strong_control_sequence_difference,low,resolved_by_locked_runtime_authority_contract,Acts.23.4,uk5-fee5903791196860b04f,tagnt,Acts.23.4,Acts.23.4,locked runtime authority retained; raw secondary textual/segmentation variant recorded
strong_control_sequence_difference,low,resolved_by_locked_runtime_authority_contract,Acts.23.5,uk5-af510047900b66afc63d,tagnt,Acts.23.5,Acts.23.5,locked runtime authority retained; raw secondary textual/segmentation variant recorded
strong_control_sequence_difference,low,resolved_by_locked_runtime_authority_contract,Acts.23.7,uk5-1aa7bce9b99738d883bf,tagnt,Acts.23.7,Acts.23.7,locked runtime authority retained; raw secondary textual/segmentation variant recorded
strong_control_sequence_difference,medium,resolved_by_locked_runtime_authority_contract,Acts.24.11,uk5-26407fc662069cba37dd,tagnt,Acts.24.11,Acts.24.11,locked runtime authority retained; raw secondary textual/segmentation variant recorded
strong_control_sequence_difference,medium,resolved_by_locked_runtime_authority_contract,Acts.24.13,uk5-25284384fd189839da2f,tagnt,Acts.24.13,Acts.24.13,locked runtime authority retained; raw secondary textual/segmentation variant recorded
strong_control_sequence_difference,low,resolved_by_locked_runtime_authority_contract,Acts.24.19,uk5-30d49a4e58ba49d9f325,tagnt,Acts.24.19,Acts.24.19,locked runtime authority retained; raw secondary textual/segmentation variant recorded
strong_control_sequence_difference,low,resolved_by_locked_runtime_authority_contract,Acts.24.2,uk5-3a189bf3d57803531ea5,tagnt,Acts.24.2,Acts.24.2,locked runtime authority retained; raw secondary textual/segmentation variant recorded
strong_control_sequence_difference,low,resolved_by_locked_runtime_authority_contract,Acts.24.20,uk5-0e4c844f9ff1c74c1461,tagnt,Acts.24.20,Acts.24.20,locked runtime authority retained; raw secondary textual/segmentation variant recorded
strong_control_sequence_difference,medium,resolved_by_locked_runtime_authority_contract,Acts.24.22,uk5-a824b2803ba497db5d61,tagnt,Acts.24.22,Acts.24.22,locked runtime authority retained; raw secondary textual/segmentation variant recorded
strong_control_sequence_difference,low,resolved_by_locked_runtime_authority_contract,Acts.24.23,uk5-027aa944b262e1b286b5,tagnt,Acts.24.23,Acts.24.23,locked runtime authority retained; raw secondary textual/segmentation variant recorded
strong_control_sequence_difference,low,resolved_by_locked_runtime_authority_contract,Acts.24.26,uk5-b4d8c6c0a7b128c74ee8,tagnt,Acts.24.26,Acts.24.26,locked runtime authority retained; raw secondary textual/segmentation variant recorded
strong_control_sequence_difference,low,resolved_by_locked_runtime_authority_contract,Acts.24.4,uk5-b8e504c5cce537cf5318,tagnt,Acts.24.4,Acts.24.4,locked runtime authority retained; raw secondary textual/segmentation variant recorded
strong_control_sequence_difference,low,resolved_by_locked_runtime_authority_contract,Acts.25.10,uk5-1233089cfb2c9416e62a,tagnt,Acts.25.10,Acts.25.10,locked runtime authority retained; raw secondary textual/segmentation variant recorded
strong_control_sequence_difference,low,resolved_by_locked_runtime_authority_contract,Acts.25.11,uk5-7eefd19d11e78a57b21e,tagnt,Acts.25.11,Acts.25.11,locked runtime authority retained; raw secondary textual/segmentation variant recorded
strong_control_sequence_difference,low,resolved_by_locked_runtime_authority_contract,Acts.25.20,uk5-8aacf86d8cdce451fabc,tagnt,Acts.25.20,Acts.25.20,locked runtime authority retained; raw secondary textual/segmentation variant recorded
strong_control_sequence_difference,low,resolved_by_locked_runtime_authority_contract,Acts.26.1,uk5-2f5833378f6b4c600750,tagnt,Acts.26.1,Acts.26.1,locked runtime authority retained; raw secondary textual/segmentation variant recorded
strong_control_sequence_difference,low,resolved_by_locked_runtime_authority_contract,Acts.26.14,uk5-3a3bcd2004367e2248bf,tagnt,Acts.26.14,Acts.26.14,locked runtime authority retained; raw secondary textual/segmentation variant recorded
strong_control_sequence_difference,low,resolved_by_locked_runtime_authority_contract,Acts.26.15,uk5-21c7e3152d868034c1e3,tagnt,Acts.26.15,Acts.26.15,locked runtime authority retained; raw secondary textual/segmentation variant recorded
strong_control_sequence_difference,low,resolved_by_locked_runtime_authority_contract,Acts.26.16,uk5-720407201d7ff63bd7ea,tagnt,Acts.26.16,Acts.26.16,locked runtime authority retained; raw secondary textual/segmentation variant recorded
strong_control_sequence_difference,low,resolved_by_locked_runtime_authority_contract,Acts.26.2,uk5-994d5a8d03fa56ea9080,tagnt,Acts.26.2,Acts.26.2,locked runtime authority retained; raw secondary textual/segmentation variant recorded
strong_control_sequence_difference,low,resolved_by_locked_runtime_authority_contract,Acts.26.21,uk5-bd29430c434a92c30613,tagnt,Acts.26.21,Acts.26.21,locked runtime authority retained; raw secondary textual/segmentation variant recorded
strong_control_sequence_difference,low,resolved_by_locked_runtime_authority_contract,Acts.26.28,uk5-73b29d2754c5bb2fb2a1,tagnt,Acts.26.28,Acts.26.28,locked runtime authority retained; raw secondary textual/segmentation variant recorded
strong_control_sequence_difference,low,resolved_by_locked_runtime_authority_contract,Acts.26.3,uk5-791567561cf0b4b8e99b,tagnt,Acts.26.3,Acts.26.3,locked runtime authority retained; raw secondary textual/segmentation variant recorded
strong_control_sequence_difference,low,resolved_by_locked_runtime_authority_contract,Acts.26.30,uk5-8e99ab9999a84d8840b0,tagnt,Acts.26.30,Acts.26.30,locked runtime authority retained; raw secondary textual/segmentation variant recorded
strong_control_sequence_difference,medium,resolved_by_locked_runtime_authority_contract,Acts.26.4,uk5-ecfb79bc00dd522d2e51,tagnt,Acts.26.4,Acts.26.4,locked runtime authority retained; raw secondary textual/segmentation variant recorded
strong_control_sequence_difference,low,resolved_by_locked_runtime_authority_contract,Acts.26.9,uk5-0d459b552f84a40b2797,tagnt,Acts.26.9,Acts.26.9,locked runtime authority retained; raw secondary textual/segmentation variant recorded
strong_control_sequence_difference,low,resolved_by_locked_runtime_authority_contract,Acts.27.18,uk5-0caea5a93abc0680a547,tagnt,Acts.27.18,Acts.27.18,locked runtime authority retained; raw secondary textual/segmentation variant recorded
strong_control_sequence_difference,low,resolved_by_locked_runtime_authority_contract,Acts.27.20,uk5-2ce0093dbac50776bff3,tagnt,Acts.27.20,Acts.27.20,locked runtime authority retained; raw secondary textual/segmentation variant recorded
strong_control_sequence_difference,low,resolved_by_locked_runtime_authority_contract,Acts.27.24,uk5-c7ec63760083e46b51e3,tagnt,Acts.27.24,Acts.27.24,locked runtime authority retained; raw secondary textual/segmentation variant recorded
strong_control_sequence_difference,medium,resolved_by_locked_runtime_authority_contract,Acts.27.26,uk5-870baa122822c8320e6b,tagnt,Acts.27.26,Acts.27.26,locked runtime authority retained; raw secondary textual/segmentation variant recorded
strong_control_sequence_difference,low,resolved_by_locked_runtime_authority_contract,Acts.27.4,uk5-7121e51a30ec3e0d3b3c,tagnt,Acts.27.4,Acts.27.4,locked runtime authority retained; raw secondary textual/segmentation variant recorded
strong_control_sequence_difference,low,resolved_by_locked_runtime_authority_contract,Acts.27.41,uk5-ec838cdf0dde3cb73988,tagnt,Acts.27.41,Acts.27.41,locked runtime authority retained; raw secondary textual/segmentation variant recorded
strong_control_sequence_difference,low,resolved_by_locked_runtime_authority_contract,Acts.27.6,uk5-94477bd54601fdc76717,tagnt,Acts.27.6,Acts.27.6,locked runtime authority retained; raw secondary textual/segmentation variant recorded
strong_control_sequence_difference,low,resolved_by_locked_runtime_authority_contract,Acts.28.15,uk5-aa992dc1d40758da5b75,tagnt,Acts.28.15,Acts.28.15,locked runtime authority retained; raw secondary textual/segmentation variant recorded
strong_control_sequence_difference,low,resolved_by_locked_runtime_authority_contract,Acts.28.16,uk5-ceb1b0e720153877a3d0,tagnt,Acts.28.16,Acts.28.16,locked runtime authority retained; raw secondary textual/segmentation variant recorded
strong_control_sequence_difference,low,resolved_by_locked_runtime_authority_contract,Acts.28.2,uk5-a70e5aa6066bd4c11ed6,tagnt,Acts.28.2,Acts.28.2,locked runtime authority retained; raw secondary textual/segmentation variant recorded
strong_control_sequence_difference,high,resolved_by_locked_runtime_authority_contract,Acts.3.20,uk5-be63a98b05c91992c2cd,tagnt,Acts.3.20,Acts.3.20,locked runtime authority retained; raw secondary textual/segmentation variant recorded
strong_control_sequence_difference,low,resolved_by_locked_runtime_authority_contract,Acts.3.22,uk5-8700bed6f02691a802da,tagnt,Acts.3.22,Acts.3.22,locked runtime authority retained; raw secondary textual/segmentation variant recorded
strong_control_sequence_difference,low,resolved_by_locked_runtime_authority_contract,Acts.3.4,uk5-d52fcfebe82d09b84332,tagnt,Acts.3.4,Acts.3.4,locked runtime authority retained; raw secondary textual/segmentation variant recorded
strong_control_sequence_difference,low,resolved_by_locked_runtime_authority_contract,Acts.3.6,uk5-486bd9cdbdf2ebd9c123,tagnt,Acts.3.6,Acts.3.6,locked runtime authority retained; raw secondary textual/segmentation variant recorded
strong_control_sequence_difference,low,resolved_by_locked_runtime_authority_contract,Acts.4.20,uk5-cfcee081114f93157bb6,tagnt,Acts.4.20,Acts.4.20,locked runtime authority retained; raw secondary textual/segmentation variant recorded
strong_control_sequence_difference,low,resolved_by_locked_runtime_authority_contract,Acts.4.25,uk5-0905357372ee11e0d98e,tagnt,Acts.4.25,Acts.4.25,locked runtime authority retained; raw secondary textual/segmentation variant recorded
strong_control_sequence_difference,low,resolved_by_locked_runtime_authority_contract,Acts.4.32,uk5-562df3c36f8f60d5588e,tagnt,Acts.4.32,Acts.4.32,locked runtime authority retained; raw secondary textual/segmentation variant recorded
strong_control_sequence_difference,low,resolved_by_locked_runtime_authority_contract,Acts.4.8,uk5-f905b1c36698bcdd2c0c,tagnt,Acts.4.8,Acts.4.8,locked runtime authority retained; raw secondary textual/segmentation variant recorded
strong_control_sequence_difference,low,resolved_by_locked_runtime_authority_contract,Acts.5.15,uk5-51d71767d2166580a042,tagnt,Acts.5.15,Acts.5.15,locked runtime authority retained; raw secondary textual/segmentation variant recorded
strong_control_sequence_difference,low,resolved_by_locked_runtime_authority_contract,Acts.5.19,uk5-ebda20cad9c8303c74b6,tagnt,Acts.5.19,Acts.5.19,locked runtime authority retained; raw secondary textual/segmentation variant recorded
strong_control_sequence_difference,low,resolved_by_locked_runtime_authority_contract,Acts.5.28,uk5-50b41e830188acf2937f,tagnt,Acts.5.28,Acts.5.28,locked runtime authority retained; raw secondary textual/segmentation variant recorded
strong_control_sequence_difference,low,resolved_by_locked_runtime_authority_contract,Acts.5.29,uk5-3a942fe265228070c593,tagnt,Acts.5.29,Acts.5.29,locked runtime authority retained; raw secondary textual/segmentation variant recorded
strong_control_sequence_difference,low,resolved_by_locked_runtime_authority_contract,Acts.5.3,uk5-be8ae717ede969e5c00d,tagnt,Acts.5.3,Acts.5.3,locked runtime authority retained; raw secondary textual/segmentation variant recorded
strong_control_sequence_difference,low,resolved_by_locked_runtime_authority_contract,Acts.5.32,uk5-421784c522692daafc6a,tagnt,Acts.5.32,Acts.5.32,locked runtime authority retained; raw secondary textual/segmentation variant recorded
strong_control_sequence_difference,low,resolved_by_locked_runtime_authority_contract,Acts.5.39,uk5-11f7d8a7777aa44d9a92,tagnt,Acts.5.39,Acts.5.39,locked runtime authority retained; raw secondary textual/segmentation variant recorded
strong_control_sequence_difference,low,resolved_by_locked_runtime_authority_contract,Acts.5.8,uk5-c83db031593f9dd0428e,tagnt,Acts.5.8,Acts.5.8,locked runtime authority retained; raw secondary textual/segmentation variant recorded
strong_control_sequence_difference,low,resolved_by_locked_runtime_authority_contract,Acts.7.1,uk5-ad410ad38f0f50c2a2ca,tagnt,Acts.7.1,Acts.7.1,locked runtime authority retained; raw secondary textual/segmentation variant recorded
strong_control_sequence_difference,low,resolved_by_locked_runtime_authority_contract,Acts.7.12,uk5-94ed0d8184feced7fb0e,tagnt,Acts.7.12,Acts.7.12,locked runtime authority retained; raw secondary textual/segmentation variant recorded
strong_control_sequence_difference,low,resolved_by_locked_runtime_authority_contract,Acts.7.13,uk5-fdbfadd9058a596f9c32,tagnt,Acts.7.13,Acts.7.13,locked runtime authority retained; raw secondary textual/segmentation variant recorded
strong_control_sequence_difference,low,resolved_by_locked_runtime_authority_contract,Acts.7.15,uk5-1bf8bc296c019785c190,tagnt,Acts.7.15,Acts.7.15,locked runtime authority retained; raw secondary textual/segmentation variant recorded
strong_control_sequence_difference,low,resolved_by_locked_runtime_authority_contract,Acts.7.26,uk5-7c46beb718288c882621,tagnt,Acts.7.26,Acts.7.26,locked runtime authority retained; raw secondary textual/segmentation variant recorded
strong_control_sequence_difference,low,resolved_by_locked_runtime_authority_contract,Acts.7.27,uk5-63f40fcf8bc9c840a349,tagnt,Acts.7.27,Acts.7.27,locked runtime authority retained; raw secondary textual/segmentation variant recorded
strong_control_sequence_difference,low,resolved_by_locked_runtime_authority_contract,Acts.7.31,uk5-a89133bcad1692a97c7b,tagnt,Acts.7.31,Acts.7.31,locked runtime authority retained; raw secondary textual/segmentation variant recorded
strong_control_sequence_difference,low,resolved_by_locked_runtime_authority_contract,Acts.7.37,uk5-c622697fed446e1f7090,tagnt,Acts.7.37,Acts.7.37,locked runtime authority retained; raw secondary textual/segmentation variant recorded
strong_control_sequence_difference,medium,resolved_by_locked_runtime_authority_contract,Acts.7.40,uk5-93becbdf17d7499f7b95,tagnt,Acts.7.40,Acts.7.40,locked runtime authority retained; raw secondary textual/segmentation variant recorded
strong_control_sequence_difference,low,resolved_by_locked_runtime_authority_contract,Acts.7.49,uk5-f7641c2b8bd4ca2bcb76,tagnt,Acts.7.49,Acts.7.49,locked runtime authority retained; raw secondary textual/segmentation variant recorded
strong_control_sequence_difference,low,resolved_by_locked_runtime_authority_contract,Acts.7.50,uk5-6977fb7e4051c1b35996,tagnt,Acts.7.50,Acts.7.50,locked runtime authority retained; raw secondary textual/segmentation variant recorded
strong_control_sequence_difference,low,resolved_by_locked_runtime_authority_contract,Acts.7.56,uk5-8106adbbb1f2fcb4e11d,tagnt,Acts.7.56,Acts.7.56,locked runtime authority retained; raw secondary textual/segmentation variant recorded
strong_control_sequence_difference,low,resolved_by_locked_runtime_authority_contract,Acts.7.7,uk5-a05b9dd1186bc3bdf4cd,tagnt,Acts.7.7,Acts.7.7,locked runtime authority retained; raw secondary textual/segmentation variant recorded
strong_control_sequence_difference,low,resolved_by_locked_runtime_authority_contract,Acts.8.18,uk5-bfabf7ae7d2e07d5564c,tagnt,Acts.8.18,Acts.8.18,locked runtime authority retained; raw secondary textual/segmentation variant recorded
strong_control_sequence_difference,low,resolved_by_locked_runtime_authority_contract,Acts.8.19,uk5-572171d0c49a2ea9613f,tagnt,Acts.8.19,Acts.8.19,locked runtime authority retained; raw secondary textual/segmentation variant recorded
strong_control_sequence_difference,low,resolved_by_locked_runtime_authority_contract,Acts.8.23,uk5-bb5cd977715e935ffa92,tagnt,Acts.8.23,Acts.8.23,locked runtime authority retained; raw secondary textual/segmentation variant recorded
strong_control_sequence_difference,low,resolved_by_locked_runtime_authority_contract,Acts.8.24,uk5-9ae1a8870186f67f30d6,tagnt,Acts.8.24,Acts.8.24,locked runtime authority retained; raw secondary textual/segmentation variant recorded
strong_control_sequence_difference,low,resolved_by_locked_runtime_authority_contract,Acts.8.27,uk5-b6c01a764b96842e2091,tagnt,Acts.8.27,Acts.8.27,locked runtime authority retained; raw secondary textual/segmentation variant recorded
strong_control_sequence_difference,medium,resolved_by_locked_runtime_authority_contract,Acts.8.37,uk5-935865be4a4edc9366b8,tagnt,Acts.8.37,Acts.8.37,locked runtime authority retained; raw secondary textual/segmentation variant recorded
strong_control_sequence_difference,low,resolved_by_locked_runtime_authority_contract,Acts.8.39,uk5-31db0cac993e25501572,tagnt,Acts.8.39,Acts.8.39,locked runtime authority retained; raw secondary textual/segmentation variant recorded
strong_control_sequence_difference,low,resolved_by_locked_runtime_authority_contract,Acts.9.10,uk5-54f68e944c578685ba26,tagnt,Acts.9.10,Acts.9.10,locked runtime authority retained; raw secondary textual/segmentation variant recorded
strong_control_sequence_difference,low,resolved_by_locked_runtime_authority_contract,Acts.9.12,uk5-7ee25c53f752e2fe4f4d,tagnt,Acts.9.12,Acts.9.12,locked runtime authority retained; raw secondary textual/segmentation variant recorded
strong_control_sequence_difference,low,resolved_by_locked_runtime_authority_contract,Acts.9.15,uk5-356e5c7a82f9cdbf0460,tagnt,Acts.9.15,Acts.9.15,locked runtime authority retained; raw secondary textual/segmentation variant recorded
strong_control_sequence_difference,low,resolved_by_locked_runtime_authority_contract,Acts.9.16,uk5-cdd93523a357868e22f4,tagnt,Acts.9.16,Acts.9.16,locked runtime authority retained; raw secondary textual/segmentation variant recorded
strong_control_sequence_difference,low,resolved_by_locked_runtime_authority_contract,Acts.9.17,uk5-544af5b2feadbf8a47cb,tagnt,Acts.9.17,Acts.9.17,locked runtime authority retained; raw secondary textual/segmentation variant recorded
strong_control_sequence_difference,low,resolved_by_locked_runtime_authority_contract,Acts.9.26,uk5-07477239a868e2394296,tagnt,Acts.9.26,Acts.9.26,locked runtime authority retained; raw secondary textual/segmentation variant recorded
strong_control_sequence_difference,medium,resolved_by_locked_runtime_authority_contract,Acts.9.28,uk5-a483c3f57ea9be5b54f4,tagnt,Acts.9.28,Acts.9.28,locked runtime authority retained; raw secondary textual/segmentation variant recorded
strong_control_sequence_difference,low,resolved_by_locked_runtime_authority_contract,Acts.9.34,uk5-bd29ddf9366790e2bea3,tagnt,Acts.9.34,Acts.9.34,locked runtime authority retained; raw secondary textual/segmentation variant recorded
strong_control_sequence_difference,low,resolved_by_locked_runtime_authority_contract,Acts.9.4,uk5-9984a37ca7d0c4337327,tagnt,Acts.9.4,Acts.9.4,locked runtime authority retained; raw secondary textual/segmentation variant recorded
strong_control_sequence_difference,low,resolved_by_locked_runtime_authority_contract,Acts.9.40,uk5-56449b1fe5c16494a43c,tagnt,Acts.9.40,Acts.9.40,locked runtime authority retained; raw secondary textual/segmentation variant recorded
strong_control_sequence_difference,low,resolved_by_locked_runtime_authority_contract,Acts.9.43,uk5-cc9ba76f704a76db9eac,tagnt,Acts.9.43,Acts.9.43,locked runtime authority retained; raw secondary textual/segmentation variant recorded
strong_control_sequence_difference,medium,resolved_by_locked_runtime_authority_contract,Acts.9.5,uk5-a5cc6b7a1a5211aad3f9,tagnt,Acts.9.5,Acts.9.5,locked runtime authority retained; raw secondary textual/segmentation variant recorded
strong_control_sequence_difference,high,resolved_by_locked_runtime_authority_contract,Acts.9.6,uk5-af0d0fc12a0028ca6c6a,tagnt,Acts.9.6,Acts.9.6,locked runtime authority retained; raw secondary textual/segmentation variant recorded
strong_control_sequence_difference,low,resolved_by_locked_runtime_authority_contract,Amos.6.13,uk5-4e84afa7e0b2aca0b477,oshb,Amos.6.13,Amos.6.13,locked runtime authority retained; raw secondary textual/segmentation variant recorded
strong_control_sequence_difference,low,resolved_by_locked_runtime_authority_contract,Amos.6.2,uk5-fa5057aeecadf9530610,oshb,Amos.6.2,Amos.6.2,locked runtime authority retained; raw secondary textual/segmentation variant recorded
strong_control_sequence_difference,low,resolved_by_locked_runtime_authority_contract,Col.1.14,uk5-5504d2fefff3fe9d48e7,tagnt,Col.1.14,Col.1.14,locked runtime authority retained; raw secondary textual/segmentation variant recorded
strong_control_sequence_difference,low,resolved_by_locked_runtime_authority_contract,Col.1.3,uk5-2daab4a7277cad18cb3c,tagnt,Col.1.3,Col.1.3,locked runtime authority retained; raw secondary textual/segmentation variant recorded
strong_control_sequence_difference,low,resolved_by_locked_runtime_authority_contract,Col.1.7,uk5-65e2a75c23949e989485,tagnt,Col.1.7,Col.1.7,locked runtime authority retained; raw secondary textual/segmentation variant recorded
strong_control_sequence_difference,medium,resolved_by_locked_runtime_authority_contract,Col.1.8,uk5-22b9ef1437257bb76129,tagnt,Col.1.8,Col.1.8,locked runtime authority retained; raw secondary textual/segmentation variant recorded
strong_control_sequence_difference,low,resolved_by_locked_runtime_authority_contract,Col.3.23,uk5-69dfc3f288d22de0ce6c,tagnt,Col.3.23,Col.3.23,locked runtime authority retained; raw secondary textual/segmentation variant recorded
strong_control_sequence_difference,low,resolved_by_locked_runtime_authority_contract,Col.3.24,uk5-1d31283ac563d5cd3f14,tagnt,Col.3.24,Col.3.24,locked runtime authority retained; raw secondary textual/segmentation variant recorded
strong_control_sequence_difference,medium,resolved_by_locked_runtime_authority_contract,Col.3.6,uk5-6f53d686915358a438f0,tagnt,Col.3.6,Col.3.6,locked runtime authority retained; raw secondary textual/segmentation variant recorded
strong_control_sequence_difference,medium,resolved_by_locked_runtime_authority_contract,Col.4.18,uk5-40bb5f4978a6467ebdca,tagnt,Col.4.18,Col.4.18,locked runtime authority retained; raw secondary textual/segmentation variant recorded
strong_control_sequence_difference,medium,resolved_by_locked_runtime_authority_contract,Col.4.4,uk5-f60a18a2899a6cb85c7e,tagnt,Col.4.4,Col.4.4,locked runtime authority retained; raw secondary textual/segmentation variant recorded
strong_control_sequence_difference,low,resolved_by_locked_runtime_authority_contract,Col.4.6,uk5-73e89ae85c5c5937b8c4,tagnt,Col.4.6,Col.4.6,locked runtime authority retained; raw secondary textual/segmentation variant recorded
strong_control_sequence_difference,low,resolved_by_locked_runtime_authority_contract,Dan.12.13,uk5-083449fffe3ce5623c9b,oshb,Dan.12.13,Dan.12.13,locked runtime authority retained; raw secondary textual/segmentation variant recorded
strong_control_sequence_difference,low,resolved_by_locked_runtime_authority_contract,Dan.2.39,uk5-ff79078ebba939e16d6d,oshb,Dan.2.39,Dan.2.39,locked runtime authority retained; raw secondary textual/segmentation variant recorded
strong_control_sequence_difference,high,resolved_by_locked_runtime_authority_contract,Dan.4.1,uk5-1df28e9bf08e48358286,oshb,Dan.4.1,,locked runtime authority retained; raw secondary textual/segmentation variant recorded
strong_control_sequence_difference,high,resolved_by_locked_runtime_authority_contract,Dan.4.10,uk5-108a4d1505d3aaa436ef,oshb,Dan.4.10,,locked runtime authority retained; raw secondary textual/segmentation variant recorded
strong_control_sequence_difference,high,resolved_by_locked_runtime_authority_contract,Dan.4.11,uk5-b55bb030b45117cf8d42,oshb,Dan.4.11,,locked runtime authority retained; raw secondary textual/segmentation variant recorded
strong_control_sequence_difference,high,resolved_by_locked_runtime_authority_contract,Dan.4.12,uk5-fa92124769efbe1a3f4b,oshb,Dan.4.12,,locked runtime authority retained; raw secondary textual/segmentation variant recorded
strong_control_sequence_difference,high,resolved_by_locked_runtime_authority_contract,Dan.4.13,uk5-63ce4889adcdf68e6f8f,oshb,Dan.4.13,,locked runtime authority retained; raw secondary textual/segmentation variant recorded
strong_control_sequence_difference,high,resolved_by_locked_runtime_authority_contract,Dan.4.14,uk5-0e8b805c58b8d1a79db1,oshb,Dan.4.14,,locked runtime authority retained; raw secondary textual/segmentation variant recorded
strong_control_sequence_difference,high,resolved_by_locked_runtime_authority_contract,Dan.4.15,uk5-00df6c31e3df1c2f7ea7,oshb,Dan.4.15,,locked runtime authority retained; raw secondary textual/segmentation variant recorded
strong_control_sequence_difference,high,resolved_by_locked_runtime_authority_contract,Dan.4.16,uk5-118c3ada0103740e23bf,oshb,Dan.4.16,,locked runtime authority retained; raw secondary textual/segmentation variant recorded
strong_control_sequence_difference,high,resolved_by_locked_runtime_authority_contract,Dan.4.17,uk5-95106404bcde6953d521,oshb,Dan.4.17,,locked runtime authority retained; raw secondary textual/segmentation variant recorded
strong_control_sequence_difference,high,resolved_by_locked_runtime_authority_contract,Dan.4.18,uk5-20cbadb56b6c850e622f,oshb,Dan.4.18,,locked runtime authority retained; raw secondary textual/segmentation variant recorded
strong_control_sequence_difference,high,resolved_by_locked_runtime_authority_contract,Dan.4.19,uk5-ddd684d087e0c47b6fb3,oshb,Dan.4.19,,locked runtime authority retained; raw secondary textual/segmentation variant recorded
strong_control_sequence_difference,high,resolved_by_locked_runtime_authority_contract,Dan.4.2,uk5-9119d7a4400f2bbf24a7,oshb,Dan.4.2,,locked runtime authority retained; raw secondary textual/segmentation variant recorded
strong_control_sequence_difference,high,resolved_by_locked_runtime_authority_contract,Dan.4.20,uk5-3b3232fdc928fe58343e,oshb,Dan.4.20,,locked runtime authority retained; raw secondary textual/segmentation variant recorded
strong_control_sequence_difference,high,resolved_by_locked_runtime_authority_contract,Dan.4.21,uk5-a34e1d9fe7e898179084,oshb,Dan.4.21,,locked runtime authority retained; raw secondary textual/segmentation variant recorded
strong_control_sequence_difference,high,resolved_by_locked_runtime_authority_contract,Dan.4.22,uk5-eea9d375f2d6ee7c5cd6,oshb,Dan.4.22,,locked runtime authority retained; raw secondary textual/segmentation variant recorded
strong_control_sequence_difference,high,resolved_by_locked_runtime_authority_contract,Dan.4.23,uk5-e47be762e6aad39daced,oshb,Dan.4.23,,locked runtime authority retained; raw secondary textual/segmentation variant recorded
strong_control_sequence_difference,high,resolved_by_locked_runtime_authority_contract,Dan.4.24,uk5-40e6042279e3eaa7c6f4,oshb,Dan.4.24,,locked runtime authority retained; raw secondary textual/segmentation variant recorded
strong_control_sequence_difference,high,resolved_by_locked_runtime_authority_contract,Dan.4.25,uk5-0a8265d8415e09f7b17b,oshb,Dan.4.25,,locked runtime authority retained; raw secondary textual/segmentation variant recorded
strong_control_sequence_difference,high,resolved_by_locked_runtime_authority_contract,Dan.4.26,uk5-c04f191099713e308227,oshb,Dan.4.26,,locked runtime authority retained; raw secondary textual/segmentation variant recorded
strong_control_sequence_difference,high,resolved_by_locked_runtime_authority_contract,Dan.4.27,uk5-1435b882375b552e190e,oshb,Dan.4.27,,locked runtime authority retained; raw secondary textual/segmentation variant recorded
strong_control_sequence_difference,high,resolved_by_locked_runtime_authority_contract,Dan.4.28,uk5-d16eace35e3bcf7c4c9b,oshb,Dan.4.28,,locked runtime authority retained; raw secondary textual/segmentation variant recorded
strong_control_sequence_difference,high,resolved_by_locked_runtime_authority_contract,Dan.4.29,uk5-efb7ac9d11163c81b03a,oshb,Dan.4.29,,locked runtime authority retained; raw secondary textual/segmentation variant recorded
strong_control_sequence_difference,high,resolved_by_locked_runtime_authority_contract,Dan.4.3,uk5-38dcef83a51c732cc6a2,oshb,Dan.4.3,,locked runtime authority retained; raw secondary textual/segmentation variant recorded
strong_control_sequence_difference,high,resolved_by_locked_runtime_authority_contract,Dan.4.30,uk5-dd5d86b209f5229b1346,oshb,Dan.4.30,,locked runtime authority retained; raw secondary textual/segmentation variant recorded
strong_control_sequence_difference,high,resolved_by_locked_runtime_authority_contract,Dan.4.31,uk5-cf00d8894c512a270f56,oshb,Dan.4.31,,locked runtime authority retained; raw secondary textual/segmentation variant recorded
strong_control_sequence_difference,high,resolved_by_locked_runtime_authority_contract,Dan.4.32,uk5-bea7800e391d7bc796a1,oshb,Dan.4.32,,locked runtime authority retained; raw secondary textual/segmentation variant recorded
strong_control_sequence_difference,high,resolved_by_locked_runtime_authority_contract,Dan.4.33,uk5-4ec235398b6455222a95,oshb,Dan.4.33,,locked runtime authority retained; raw secondary textual/segmentation variant recorded
strong_control_sequence_difference,high,resolved_by_locked_runtime_authority_contract,Dan.4.34,uk5-cfa574cff9f8750d87f9,oshb,Dan.4.34,,locked runtime authority retained; raw secondary textual/segmentation variant recorded
strong_control_sequence_difference,high,resolved_by_locked_runtime_authority_contract,Dan.4.35,uk5-92345c0f4b9b3969cd89,oshb,Dan.4.32,,locked runtime authority retained; raw secondary textual/segmentation variant recorded
strong_control_sequence_difference,high,resolved_by_locked_runtime_authority_contract,Dan.4.36,uk5-f8f5610d85da5e1dd74f,oshb,Dan.4.33,,locked runtime authority retained; raw secondary textual/segmentation variant recorded
strong_control_sequence_difference,high,resolved_by_locked_runtime_authority_contract,Dan.4.37,uk5-be35ab9e024641d9db50,oshb,Dan.4.34,,locked runtime authority retained; raw secondary textual/segmentation variant recorded
strong_control_sequence_difference,high,resolved_by_locked_runtime_authority_contract,Dan.4.4,uk5-f8e5104a473b45c32392,oshb,Dan.4.4,,locked runtime authority retained; raw secondary textual/segmentation variant recorded
strong_control_sequence_difference,high,resolved_by_locked_runtime_authority_contract,Dan.4.5,uk5-7cce5eaaa7ed1b98a71c,oshb,Dan.4.5,,locked runtime authority retained; raw secondary textual/segmentation variant recorded
strong_control_sequence_difference,high,resolved_by_locked_runtime_authority_contract,Dan.4.6,uk5-e536c577ece6ae40507f,oshb,Dan.4.6,,locked runtime authority retained; raw secondary textual/segmentation variant recorded
strong_control_sequence_difference,high,resolved_by_locked_runtime_authority_contract,Dan.4.7,uk5-1154ebea5a60b6468f19,oshb,Dan.4.7,,locked runtime authority retained; raw secondary textual/segmentation variant recorded
strong_control_sequence_difference,high,resolved_by_locked_runtime_authority_contract,Dan.4.8,uk5-14201963011ba0bd3e84,oshb,Dan.4.8,,locked runtime authority retained; raw secondary textual/segmentation variant recorded
strong_control_sequence_difference,high,resolved_by_locked_runtime_authority_contract,Dan.4.9,uk5-cb590b0f353d59c182f8,oshb,Dan.4.9,,locked runtime authority retained; raw secondary textual/segmentation variant recorded
strong_control_sequence_difference,low,resolved_by_locked_runtime_authority_contract,Dan.5.22,uk5-7d8234a00192bd6271dc,oshb,Dan.5.22,Dan.5.22,locked runtime authority retained; raw secondary textual/segmentation variant recorded
strong_control_sequence_difference,high,resolved_by_locked_runtime_authority_contract,Dan.5.31,uk5-b97e63ad5a5664f30b59,oshb,Dan.6.1,,locked runtime authority retained; raw secondary textual/segmentation variant recorded
strong_control_sequence_difference,high,resolved_by_locked_runtime_authority_contract,Dan.6.1,uk5-f36796b1a7f64bd9be35,oshb,Dan.6.1,,locked runtime authority retained; raw secondary textual/segmentation variant recorded
strong_control_sequence_difference,high,resolved_by_locked_runtime_authority_contract,Dan.6.10,uk5-4a0f4e1213c555495fd8,oshb,Dan.6.10,,locked runtime authority retained; raw secondary textual/segmentation variant recorded
strong_control_sequence_difference,high,resolved_by_locked_runtime_authority_contract,Dan.6.11,uk5-c36ba65136d79db4dd49,oshb,Dan.6.11,,locked runtime authority retained; raw secondary textual/segmentation variant recorded
strong_control_sequence_difference,high,resolved_by_locked_runtime_authority_contract,Dan.6.12,uk5-3af00b5426f30243e101,oshb,Dan.6.12,,locked runtime authority retained; raw secondary textual/segmentation variant recorded
strong_control_sequence_difference,high,resolved_by_locked_runtime_authority_contract,Dan.6.13,uk5-0145b8d0d63f05062955,oshb,Dan.6.13,,locked runtime authority retained; raw secondary textual/segmentation variant recorded
strong_control_sequence_difference,high,resolved_by_locked_runtime_authority_contract,Dan.6.14,uk5-1b04199221aeceeb3557,oshb,Dan.6.14,,locked runtime authority retained; raw secondary textual/segmentation variant recorded
strong_control_sequence_difference,high,resolved_by_locked_runtime_authority_contract,Dan.6.15,uk5-1221e6c7add444ae9060,oshb,Dan.6.15,,locked runtime authority retained; raw secondary textual/segmentation variant recorded
strong_control_sequence_difference,high,resolved_by_locked_runtime_authority_contract,Dan.6.16,uk5-4c738d88c3612ffd70cf,oshb,Dan.6.16,,locked runtime authority retained; raw secondary textual/segmentation variant recorded
strong_control_sequence_difference,high,resolved_by_locked_runtime_authority_contract,Dan.6.17,uk5-31fd038a25f5195a415d,oshb,Dan.6.17,,locked runtime authority retained; raw secondary textual/segmentation variant recorded
strong_control_sequence_difference,high,resolved_by_locked_runtime_authority_contract,Dan.6.18,uk5-8c17b82efd9b18bf2501,oshb,Dan.6.18,,locked runtime authority retained; raw secondary textual/segmentation variant recorded
strong_control_sequence_difference,high,resolved_by_locked_runtime_authority_contract,Dan.6.19,uk5-9b6fbca70f57337dc62c,oshb,Dan.6.19,,locked runtime authority retained; raw secondary textual/segmentation variant recorded
strong_control_sequence_difference,high,resolved_by_locked_runtime_authority_contract,Dan.6.2,uk5-5ec555aceb60deb82fa3,oshb,Dan.6.2,,locked runtime authority retained; raw secondary textual/segmentation variant recorded
strong_control_sequence_difference,high,resolved_by_locked_runtime_authority_contract,Dan.6.20,uk5-bb201e4c6d9f02fec270,oshb,Dan.6.20,,locked runtime authority retained; raw secondary textual/segmentation variant recorded
strong_control_sequence_difference,high,resolved_by_locked_runtime_authority_contract,Dan.6.21,uk5-65a5faefa063d3fdace6,oshb,Dan.6.21,,locked runtime authority retained; raw secondary textual/segmentation variant recorded
strong_control_sequence_difference,high,resolved_by_locked_runtime_authority_contract,Dan.6.22,uk5-75f643a6a9236de8c2cf,oshb,Dan.6.22,,locked runtime authority retained; raw secondary textual/segmentation variant recorded
strong_control_sequence_difference,high,resolved_by_locked_runtime_authority_contract,Dan.6.23,uk5-3195c8c616e0b2c335be,oshb,Dan.6.23,,locked runtime authority retained; raw secondary textual/segmentation variant recorded
strong_control_sequence_difference,high,resolved_by_locked_runtime_authority_contract,Dan.6.24,uk5-b9a3aa277a695626a8a1,oshb,Dan.6.24,,locked runtime authority retained; raw secondary textual/segmentation variant recorded
strong_control_sequence_difference,high,resolved_by_locked_runtime_authority_contract,Dan.6.25,uk5-6f8ffb62e90ca7da8673,oshb,Dan.6.25,,locked runtime authority retained; raw secondary textual/segmentation variant recorded
strong_control_sequence_difference,high,resolved_by_locked_runtime_authority_contract,Dan.6.26,uk5-34d38f4389d4e5550f90,oshb,Dan.6.26,,locked runtime authority retained; raw secondary textual/segmentation variant recorded
strong_control_sequence_difference,high,resolved_by_locked_runtime_authority_contract,Dan.6.27,uk5-e28d300e3f319ae0ca5d,oshb,Dan.6.27,,locked runtime authority retained; raw secondary textual/segmentation variant recorded
strong_control_sequence_difference,high,resolved_by_locked_runtime_authority_contract,Dan.6.28,uk5-cf5713629af42f67b64b,oshb,Dan.6.28,,locked runtime authority retained; raw secondary textual/segmentation variant recorded
strong_control_sequence_difference,high,resolved_by_locked_runtime_authority_contract,Dan.6.3,uk5-094bd9e63001c1411986,oshb,Dan.6.3,,locked runtime authority retained; raw secondary textual/segmentation variant recorded
strong_control_sequence_difference,high,resolved_by_locked_runtime_authority_contract,Dan.6.4,uk5-276f544c9b848d29a42d,oshb,Dan.6.4,,locked runtime authority retained; raw secondary textual/segmentation variant recorded
strong_control_sequence_difference,high,resolved_by_locked_runtime_authority_contract,Dan.6.5,uk5-43fd46bdd4efa5ce807e,oshb,Dan.6.5,,locked runtime authority retained; raw secondary textual/segmentation variant recorded
strong_control_sequence_difference,high,resolved_by_locked_runtime_authority_contract,Dan.6.6,uk5-b476f44b77348be9fa69,oshb,Dan.6.6,,locked runtime authority retained; raw secondary textual/segmentation variant recorded
strong_control_sequence_difference,high,resolved_by_locked_runtime_authority_contract,Dan.6.7,uk5-1b03b050b4a4d5c7641f,oshb,Dan.6.7,,locked runtime authority retained; raw secondary textual/segmentation variant recorded
strong_control_sequence_difference,high,resolved_by_locked_runtime_authority_contract,Dan.6.8,uk5-0ec3b3c1392605195d03,oshb,Dan.6.8,,locked runtime authority retained; raw secondary textual/segmentation variant recorded
strong_control_sequence_difference,high,resolved_by_locked_runtime_authority_contract,Dan.6.9,uk5-6f5e9cb515fa6adcf04d,oshb,Dan.6.9,,locked runtime authority retained; raw secondary textual/segmentation variant recorded
strong_control_sequence_difference,low,resolved_by_locked_runtime_authority_contract,Deut.1.23,uk5-488a41bb006f982ad808,oshb,Deut.1.23,Deut.1.23,locked runtime authority retained; raw secondary textual/segmentation variant recorded
strong_control_sequence_difference,low,resolved_by_locked_runtime_authority_contract,Deut.10.6,uk5-46f7fb038f326dc469d0,oshb,Deut.10.6,Deut.10.6,locked runtime authority retained; raw secondary textual/segmentation variant recorded
strong_control_sequence_difference,high,resolved_by_locked_runtime_authority_contract,Deut.12.32,uk5-b05946fbf2643d4c068c,oshb,Deut.13.1,,locked runtime authority retained; raw secondary textual/segmentation variant recorded
strong_control_sequence_difference,high,resolved_by_locked_runtime_authority_contract,Deut.13.1,uk5-733831ceea8bc0e81856,oshb,Deut.13.1,,locked runtime authority retained; raw secondary textual/segmentation variant recorded
strong_control_sequence_difference,high,resolved_by_locked_runtime_authority_contract,Deut.13.10,uk5-118ffc07072305d9656a,oshb,Deut.13.10,,locked runtime authority retained; raw secondary textual/segmentation variant recorded
strong_control_sequence_difference,high,resolved_by_locked_runtime_authority_contract,Deut.13.11,uk5-ca494d9ca64d0bd1ecda,oshb,Deut.13.11,,locked runtime authority retained; raw secondary textual/segmentation variant recorded
strong_control_sequence_difference,high,resolved_by_locked_runtime_authority_contract,Deut.13.12,uk5-c8c85e261fc0667adee2,oshb,Deut.13.12,,locked runtime authority retained; raw secondary textual/segmentation variant recorded
strong_control_sequence_difference,high,resolved_by_locked_runtime_authority_contract,Deut.13.13,uk5-4480b41e8330940a9a3d,oshb,Deut.13.13,,locked runtime authority retained; raw secondary textual/segmentation variant recorded
strong_control_sequence_difference,high,resolved_by_locked_runtime_authority_contract,Deut.13.14,uk5-0348c6157ea7fdfd1a85,oshb,Deut.13.14,,locked runtime authority retained; raw secondary textual/segmentation variant recorded
strong_control_sequence_difference,high,resolved_by_locked_runtime_authority_contract,Deut.13.15,uk5-04ac63729d588493b585,oshb,Deut.13.15,,locked runtime authority retained; raw secondary textual/segmentation variant recorded
strong_control_sequence_difference,high,resolved_by_locked_runtime_authority_contract,Deut.13.16,uk5-7690a61512811112e4c6,oshb,Deut.13.16,,locked runtime authority retained; raw secondary textual/segmentation variant recorded
strong_control_sequence_difference,high,resolved_by_locked_runtime_authority_contract,Deut.13.17,uk5-5723f2e4769cd641684a,oshb,Deut.13.17,,locked runtime authority retained; raw secondary textual/segmentation variant recorded
strong_control_sequence_difference,high,resolved_by_locked_runtime_authority_contract,Deut.13.18,uk5-dc73f6bb42bc54d398b3,oshb,Deut.13.18,,locked runtime authority retained; raw secondary textual/segmentation variant recorded
strong_control_sequence_difference,high,resolved_by_locked_runtime_authority_contract,Deut.13.2,uk5-da55a1ce8b9db69ed07b,oshb,Deut.13.2,,locked runtime authority retained; raw secondary textual/segmentation variant recorded
strong_control_sequence_difference,high,resolved_by_locked_runtime_authority_contract,Deut.13.3,uk5-2190c9d54a5977911499,oshb,Deut.13.3,,locked runtime authority retained; raw secondary textual/segmentation variant recorded
strong_control_sequence_difference,high,resolved_by_locked_runtime_authority_contract,Deut.13.4,uk5-5c5d8a1ab2540c5d38e3,oshb,Deut.13.4,,locked runtime authority retained; raw secondary textual/segmentation variant recorded
strong_control_sequence_difference,high,resolved_by_locked_runtime_authority_contract,Deut.13.5,uk5-4a1df910524d3f8d75f2,oshb,Deut.13.5,,locked runtime authority retained; raw secondary textual/segmentation variant recorded
strong_control_sequence_difference,high,resolved_by_locked_runtime_authority_contract,Deut.13.6,uk5-4a0cf5d2efc075ccab50,oshb,Deut.13.6,,locked runtime authority retained; raw secondary textual/segmentation variant recorded
strong_control_sequence_difference,high,resolved_by_locked_runtime_authority_contract,Deut.13.7,uk5-be0cc28b007e0da6b9e5,oshb,Deut.13.7,,locked runtime authority retained; raw secondary textual/segmentation variant recorded
strong_control_sequence_difference,high,resolved_by_locked_runtime_authority_contract,Deut.13.8,uk5-dfeba721b4d8d3e5ceaf,oshb,Deut.13.8,,locked runtime authority retained; raw secondary textual/segmentation variant recorded
strong_control_sequence_difference,high,resolved_by_locked_runtime_authority_contract,Deut.13.9,uk5-8c945fbeeacaa96a27b4,oshb,Deut.13.9,,locked runtime authority retained; raw secondary textual/segmentation variant recorded
uxlc_independent_surface_difference,medium,resolved_by_locked_runtime_authority_contract,Deut.20.12,uk5-23ee412c81c3bd811db8,oshb,Deut.20.12,Deut.20.12,independent UXLC surface difference recorded; OSHB Strong authority retained
strong_control_sequence_difference,high,resolved_by_locked_runtime_authority_contract,Deut.22.30,uk5-c09929022e01e42e1c97,oshb,Deut.23.1,,locked runtime authority retained; raw secondary textual/segmentation variant recorded
strong_control_sequence_difference,high,resolved_by_locked_runtime_authority_contract,Deut.23.1,uk5-fc8381142d3eb08fb7bf,oshb,Deut.23.1,,locked runtime authority retained; raw secondary textual/segmentation variant recorded
strong_control_sequence_difference,high,resolved_by_locked_runtime_authority_contract,Deut.23.10,uk5-0450473251ad98ee7a8b,oshb,Deut.23.10,,locked runtime authority retained; raw secondary textual/segmentation variant recorded
strong_control_sequence_difference,high,resolved_by_locked_runtime_authority_contract,Deut.23.11,uk5-175c8ecf3bc125831413,oshb,Deut.23.11,,locked runtime authority retained; raw secondary textual/segmentation variant recorded
strong_control_sequence_difference,high,resolved_by_locked_runtime_authority_contract,Deut.23.12,uk5-7782c5bc7ed96b20c423,oshb,Deut.23.12,,locked runtime authority retained; raw secondary textual/segmentation variant recorded
strong_control_sequence_difference,high,resolved_by_locked_runtime_authority_contract,Deut.23.13,uk5-9464d5ffd33396fb4965,oshb,Deut.23.13,,locked runtime authority retained; raw secondary textual/segmentation variant recorded
strong_control_sequence_difference,high,resolved_by_locked_runtime_authority_contract,Deut.23.14,uk5-af5cb6d1be21a4af5d31,oshb,Deut.23.14,,locked runtime authority retained; raw secondary textual/segmentation variant recorded
strong_control_sequence_difference,high,resolved_by_locked_runtime_authority_contract,Deut.23.15,uk5-d7aae36f0043e7fffdd9,oshb,Deut.23.15,,locked runtime authority retained; raw secondary textual/segmentation variant recorded
strong_control_sequence_difference,high,resolved_by_locked_runtime_authority_contract,Deut.23.16,uk5-0f15b1b41d6e89a0960f,oshb,Deut.23.16,,locked runtime authority retained; raw secondary textual/segmentation variant recorded
strong_control_sequence_difference,high,resolved_by_locked_runtime_authority_contract,Deut.23.17,uk5-00cd7f66ee7a94a4800c,oshb,Deut.23.17,,locked runtime authority retained; raw secondary textual/segmentation variant recorded
strong_control_sequence_difference,high,resolved_by_locked_runtime_authority_contract,Deut.23.18,uk5-278693060a7a3efbd193,oshb,Deut.23.18,,locked runtime authority retained; raw secondary textual/segmentation variant recorded
strong_control_sequence_difference,high,resolved_by_locked_runtime_authority_contract,Deut.23.19,uk5-3a22ed9a966aae9599d7,oshb,Deut.23.19,,locked runtime authority retained; raw secondary textual/segmentation variant recorded
strong_control_sequence_difference,high,resolved_by_locked_runtime_authority_contract,Deut.23.2,uk5-2aa2c88dcdb47d55ef97,oshb,Deut.23.2,,locked runtime authority retained; raw secondary textual/segmentation variant recorded
strong_control_sequence_difference,high,resolved_by_locked_runtime_authority_contract,Deut.23.20,uk5-7bf20008f2a1ed01c54e,oshb,Deut.23.20,,locked runtime authority retained; raw secondary textual/segmentation variant recorded
strong_control_sequence_difference,high,resolved_by_locked_runtime_authority_contract,Deut.23.21,uk5-132890879c0776047609,oshb,Deut.23.21,,locked runtime authority retained; raw secondary textual/segmentation variant recorded
strong_control_sequence_difference,high,resolved_by_locked_runtime_authority_contract,Deut.23.22,uk5-4b4ff596a7da2c7c3b72,oshb,Deut.23.22,,locked runtime authority retained; raw secondary textual/segmentation variant recorded
strong_control_sequence_difference,high,resolved_by_locked_runtime_authority_contract,Deut.23.23,uk5-cdb1ec886c2f0cbeab62,oshb,Deut.23.23,,locked runtime authority retained; raw secondary textual/segmentation variant recorded
strong_control_sequence_difference,high,resolved_by_locked_runtime_authority_contract,Deut.23.24,uk5-d8cb95cb9c8106431699,oshb,Deut.23.24,,locked runtime authority retained; raw secondary textual/segmentation variant recorded
strong_control_sequence_difference,high,resolved_by_locked_runtime_authority_contract,Deut.23.25,uk5-ed31b28c58bfd159f8e1,oshb,Deut.23.25,,locked runtime authority retained; raw secondary textual/segmentation variant recorded
strong_control_sequence_difference,high,resolved_by_locked_runtime_authority_contract,Deut.23.3,uk5-84cc2d1ac1aeba529c89,oshb,Deut.23.3,,locked runtime authority retained; raw secondary textual/segmentation variant recorded
strong_control_sequence_difference,high,resolved_by_locked_runtime_authority_contract,Deut.23.4,uk5-a0ff1b4f1814b114eb4a,oshb,Deut.23.4,,locked runtime authority retained; raw secondary textual/segmentation variant recorded
strong_control_sequence_difference,high,resolved_by_locked_runtime_authority_contract,Deut.23.5,uk5-86aaf7bbe9c6b14f90db,oshb,Deut.23.5,,locked runtime authority retained; raw secondary textual/segmentation variant recorded
strong_control_sequence_difference,high,resolved_by_locked_runtime_authority_contract,Deut.23.6,uk5-2db77a84954ac28d0970,oshb,Deut.23.6,,locked runtime authority retained; raw secondary textual/segmentation variant recorded
strong_control_sequence_difference,high,resolved_by_locked_runtime_authority_contract,Deut.23.7,uk5-a94515cb581dd7673e1b,oshb,Deut.23.7,,locked runtime authority retained; raw secondary textual/segmentation variant recorded
strong_control_sequence_difference,high,resolved_by_locked_runtime_authority_contract,Deut.23.8,uk5-dbe1892e2e809acb3576,oshb,Deut.23.8,,locked runtime authority retained; raw secondary textual/segmentation variant recorded
strong_control_sequence_difference,high,resolved_by_locked_runtime_authority_contract,Deut.23.9,uk5-185ecc006aa5e626d775,oshb,Deut.23.9,,locked runtime authority retained; raw secondary textual/segmentation variant recorded
strong_control_sequence_difference,low,resolved_by_locked_runtime_authority_contract,Deut.25.4,uk5-130f12c8fda49e516ac7,oshb,Deut.25.4,Deut.25.4,locked runtime authority retained; raw secondary textual/segmentation variant recorded
strong_control_sequence_difference,high,resolved_by_locked_runtime_authority_contract,Deut.29.1,uk5-0cd726555f3ed5abf895,oshb,Deut.29.1,,locked runtime authority retained; raw secondary textual/segmentation variant recorded
strong_control_sequence_difference,high,resolved_by_locked_runtime_authority_contract,Deut.29.10,uk5-8efa9ce8bf066a4c709e,oshb,Deut.29.10,,locked runtime authority retained; raw secondary textual/segmentation variant recorded
strong_control_sequence_difference,high,resolved_by_locked_runtime_authority_contract,Deut.29.11,uk5-846f10d7ca64b019ea98,oshb,Deut.29.11,,locked runtime authority retained; raw secondary textual/segmentation variant recorded
strong_control_sequence_difference,high,resolved_by_locked_runtime_authority_contract,Deut.29.12,uk5-5b07882d905745a09518,oshb,Deut.29.12,,locked runtime authority retained; raw secondary textual/segmentation variant recorded
strong_control_sequence_difference,high,resolved_by_locked_runtime_authority_contract,Deut.29.13,uk5-2b18939d2ec3cdcb5c26,oshb,Deut.29.13,,locked runtime authority retained; raw secondary textual/segmentation variant recorded
strong_control_sequence_difference,high,resolved_by_locked_runtime_authority_contract,Deut.29.14,uk5-569f2d2c4cbdcc5188bd,oshb,Deut.29.14,,locked runtime authority retained; raw secondary textual/segmentation variant recorded
strong_control_sequence_difference,high,resolved_by_locked_runtime_authority_contract,Deut.29.15,uk5-20a91dffabfb4d9008b0,oshb,Deut.29.15,,locked runtime authority retained; raw secondary textual/segmentation variant recorded
strong_control_sequence_difference,high,resolved_by_locked_runtime_authority_contract,Deut.29.16,uk5-7de461cbbfc76ad039bc,oshb,Deut.29.16,,locked runtime authority retained; raw secondary textual/segmentation variant recorded
strong_control_sequence_difference,high,resolved_by_locked_runtime_authority_contract,Deut.29.17,uk5-04733df1ff9c8b7c072e,oshb,Deut.29.17,,locked runtime authority retained; raw secondary textual/segmentation variant recorded
strong_control_sequence_difference,high,resolved_by_locked_runtime_authority_contract,Deut.29.18,uk5-27e6a0f0aa9e09a48a4e,oshb,Deut.29.18,,locked runtime authority retained; raw secondary textual/segmentation variant recorded
strong_control_sequence_difference,high,resolved_by_locked_runtime_authority_contract,Deut.29.19,uk5-3ed5f80f168d87459cba,oshb,Deut.29.19,,locked runtime authority retained; raw secondary textual/segmentation variant recorded
strong_control_sequence_difference,high,resolved_by_locked_runtime_authority_contract,Deut.29.2,uk5-c1ed67aea0582cfdab02,oshb,Deut.29.2,,locked runtime authority retained; raw secondary textual/segmentation variant recorded
strong_control_sequence_difference,high,resolved_by_locked_runtime_authority_contract,Deut.29.20,uk5-44f8198f1c47330fedf8,oshb,Deut.29.20,,locked runtime authority retained; raw secondary textual/segmentation variant recorded
strong_control_sequence_difference,high,resolved_by_locked_runtime_authority_contract,Deut.29.21,uk5-858d36cfbad13c7be34d,oshb,Deut.29.21,,locked runtime authority retained; raw secondary textual/segmentation variant recorded
strong_control_sequence_difference,high,resolved_by_locked_runtime_authority_contract,Deut.29.22,uk5-8136e5e30a8de2033dbd,oshb,Deut.29.22,,locked runtime authority retained; raw secondary textual/segmentation variant recorded
strong_control_sequence_difference,high,resolved_by_locked_runtime_authority_contract,Deut.29.23,uk5-643d85f9707378a21d33,oshb,Deut.29.23,,locked runtime authority retained; raw secondary textual/segmentation variant recorded
strong_control_sequence_difference,high,resolved_by_locked_runtime_authority_contract,Deut.29.24,uk5-9aa0180f70bea887e599,oshb,Deut.29.24,,locked runtime authority retained; raw secondary textual/segmentation variant recorded
strong_control_sequence_difference,high,resolved_by_locked_runtime_authority_contract,Deut.29.25,uk5-e6f96d60a63fc9016b95,oshb,Deut.29.25,,locked runtime authority retained; raw secondary textual/segmentation variant recorded
strong_control_sequence_difference,high,resolved_by_locked_runtime_authority_contract,Deut.29.26,uk5-a2103d5362d3e9f006a5,oshb,Deut.29.26,,locked runtime authority retained; raw secondary textual/segmentation variant recorded
strong_control_sequence_difference,high,resolved_by_locked_runtime_authority_contract,Deut.29.27,uk5-787e1d80dc0b0bce1d2d,oshb,Deut.29.27,,locked runtime authority retained; raw secondary textual/segmentation variant recorded
strong_control_sequence_difference,high,resolved_by_locked_runtime_authority_contract,Deut.29.28,uk5-b73561547aad6b289d3a,oshb,Deut.29.28,,locked runtime authority retained; raw secondary textual/segmentation variant recorded
uxlc_independent_surface_difference,medium,resolved_by_locked_runtime_authority_contract,Deut.29.28,uk5-b73561547aad6b289d3a,oshb,Deut.29.28,Deut.29.28,independent UXLC surface difference recorded; OSHB Strong authority retained
strong_control_sequence_difference,high,resolved_by_locked_runtime_authority_contract,Deut.29.29,uk5-5f64faeec1b82681e147,oshb,Deut.29.28,,locked runtime authority retained; raw secondary textual/segmentation variant recorded
uxlc_independent_surface_difference,medium,resolved_by_locked_runtime_authority_contract,Deut.29.29,uk5-5f64faeec1b82681e147,oshb,Deut.29.28,Deut.29.28,independent UXLC surface difference recorded; OSHB Strong authority retained
strong_control_sequence_difference,high,resolved_by_locked_runtime_authority_contract,Deut.29.3,uk5-77cb141691995288886e,oshb,Deut.29.3,,locked runtime authority retained; raw secondary textual/segmentation variant recorded
strong_control_sequence_difference,high,resolved_by_locked_runtime_authority_contract,Deut.29.4,uk5-1e8a7b958c0c687737e4,oshb,Deut.29.4,,locked runtime authority retained; raw secondary textual/segmentation variant recorded
strong_control_sequence_difference,high,resolved_by_locked_runtime_authority_contract,Deut.29.5,uk5-33438c007f621813a2c7,oshb,Deut.29.5,,locked runtime authority retained; raw secondary textual/segmentation variant recorded
strong_control_sequence_difference,high,resolved_by_locked_runtime_authority_contract,Deut.29.6,uk5-80239d015533fc7a6541,oshb,Deut.29.6,,locked runtime authority retained; raw secondary textual/segmentation variant recorded
strong_control_sequence_difference,high,resolved_by_locked_runtime_authority_contract,Deut.29.7,uk5-561c88b1aa693c826c57,oshb,Deut.29.7,,locked runtime authority retained; raw secondary textual/segmentation variant recorded
strong_control_sequence_difference,high,resolved_by_locked_runtime_authority_contract,Deut.29.8,uk5-6e1a885aace00193771d,oshb,Deut.29.8,,locked runtime authority retained; raw secondary textual/segmentation variant recorded
strong_control_sequence_difference,high,resolved_by_locked_runtime_authority_contract,Deut.29.9,uk5-25fd937cd57b6be9c13e,oshb,Deut.29.9,,locked runtime authority retained; raw secondary textual/segmentation variant recorded
strong_control_sequence_difference,low,resolved_by_locked_runtime_authority_contract,Deut.3.29,uk5-c07c405f19d28194cf85,oshb,Deut.3.29,Deut.3.29,locked runtime authority retained; raw secondary textual/segmentation variant recorded
strong_control_sequence_difference,low,resolved_by_locked_runtime_authority_contract,Deut.30.16,uk5-fc201ffb2339a45b5d8b,oshb,Deut.30.16,Deut.30.16,locked runtime authority retained; raw secondary textual/segmentation variant recorded
strong_control_sequence_difference,low,resolved_by_locked_runtime_authority_contract,Deut.32.50,uk5-c771f7d06403773e76c1,oshb,Deut.32.50,Deut.32.50,locked runtime authority retained; raw secondary textual/segmentation variant recorded
strong_control_sequence_difference,low,resolved_by_locked_runtime_authority_contract,Deut.34.8,uk5-02fd9876d799dd9f8791,oshb,Deut.34.8,Deut.34.8,locked runtime authority retained; raw secondary textual/segmentation variant recorded
uxlc_independent_surface_difference,medium,resolved_by_locked_runtime_authority_contract,Deut.5.10,uk5-6702ebb948ea007d3a5d,oshb,Deut.5.10,Deut.5.10,independent UXLC surface difference recorded; OSHB Strong authority retained
uxlc_independent_surface_difference,medium,resolved_by_locked_runtime_authority_contract,Deut.5.12,uk5-553c359fe7004fb67ea0,oshb,Deut.5.12,Deut.5.12,independent UXLC surface difference recorded; OSHB Strong authority retained
uxlc_independent_surface_difference,high,resolved_by_locked_runtime_authority_contract,Deut.5.13,uk5-8dedc37d0208373aea12,oshb,Deut.5.13,Deut.5.13,independent UXLC surface difference recorded; OSHB Strong authority retained
uxlc_independent_surface_difference,medium,resolved_by_locked_runtime_authority_contract,Deut.5.15,uk5-e21422f2a85f9424aad7,oshb,Deut.5.15,Deut.5.15,independent UXLC surface difference recorded; OSHB Strong authority retained
uxlc_independent_surface_difference,high,resolved_by_locked_runtime_authority_contract,Deut.5.17,uk5-df62a3efc8ad119b06a3,oshb,Deut.5.17,Deut.5.17,independent UXLC surface difference recorded; OSHB Strong authority retained
uxlc_independent_surface_difference,high,resolved_by_locked_runtime_authority_contract,Deut.5.18,uk5-fb20cf3b954ad3c29c64,oshb,Deut.5.18,Deut.5.18,independent UXLC surface difference recorded; OSHB Strong authority retained
uxlc_independent_surface_difference,medium,resolved_by_locked_runtime_authority_contract,Deut.5.19,uk5-40f956302be9d05e391a,oshb,Deut.5.19,Deut.5.19,independent UXLC surface difference recorded; OSHB Strong authority retained
strong_control_sequence_difference,low,resolved_by_locked_runtime_authority_contract,Deut.5.30,uk5-586495a1601b63fd884a,oshb,Deut.5.30,Deut.5.30,locked runtime authority retained; raw secondary textual/segmentation variant recorded
uxlc_independent_surface_difference,medium,resolved_by_locked_runtime_authority_contract,Deut.5.7,uk5-c4a3f71f8c498ff592f5,oshb,Deut.5.7,Deut.5.7,independent UXLC surface difference recorded; OSHB Strong authority retained
uxlc_independent_surface_difference,medium,resolved_by_locked_runtime_authority_contract,Deut.5.8,uk5-f896bb10c40161697df5,oshb,Deut.5.8,Deut.5.8,independent UXLC surface difference recorded; OSHB Strong authority retained
uxlc_independent_surface_difference,medium,resolved_by_locked_runtime_authority_contract,Deut.6.4,uk5-bb052efa7aa7d710e9ea,oshb,Deut.6.4,Deut.6.4,independent UXLC surface difference recorded; OSHB Strong authority retained
strong_control_sequence_difference,low,resolved_by_locked_runtime_authority_contract,Eccl.10.3,uk5-842b9d88499976c06af0,oshb,Eccl.10.3,Eccl.10.3,locked runtime authority retained; raw secondary textual/segmentation variant recorded
strong_control_sequence_difference,low,resolved_by_locked_runtime_authority_contract,Eccl.10.4,uk5-f94c373f92dafd8ceaf8,oshb,Eccl.10.4,Eccl.10.4,locked runtime authority retained; raw secondary textual/segmentation variant recorded
strong_control_sequence_difference,low,resolved_by_locked_runtime_authority_contract,Eccl.12.10,uk5-e03d40dc1e2896ffff6e,oshb,Eccl.12.10,Eccl.12.10,locked runtime authority retained; raw secondary textual/segmentation variant recorded
strong_control_sequence_difference,high,resolved_by_locked_runtime_authority_contract,Eccl.5.1,uk5-a48b442f2b4c4a6a0b2a,oshb,Eccl.5.1,,locked runtime authority retained; raw secondary textual/segmentation variant recorded
strong_control_sequence_difference,high,resolved_by_locked_runtime_authority_contract,Eccl.5.10,uk5-f8d19d404e3763034d3f,oshb,Eccl.5.10,,locked runtime authority retained; raw secondary textual/segmentation variant recorded
strong_control_sequence_difference,high,resolved_by_locked_runtime_authority_contract,Eccl.5.11,uk5-07b4ccf8551a9116fbcb,oshb,Eccl.5.11,,locked runtime authority retained; raw secondary textual/segmentation variant recorded
strong_control_sequence_difference,high,resolved_by_locked_runtime_authority_contract,Eccl.5.12,uk5-7dad8c1116bb73f1b4f1,oshb,Eccl.5.12,,locked runtime authority retained; raw secondary textual/segmentation variant recorded
strong_control_sequence_difference,high,resolved_by_locked_runtime_authority_contract,Eccl.5.13,uk5-93809787c4276bbbc951,oshb,Eccl.5.13,,locked runtime authority retained; raw secondary textual/segmentation variant recorded
strong_control_sequence_difference,high,resolved_by_locked_runtime_authority_contract,Eccl.5.14,uk5-b0daa9ccf7238eb1510c,oshb,Eccl.5.14,,locked runtime authority retained; raw secondary textual/segmentation variant recorded
strong_control_sequence_difference,high,resolved_by_locked_runtime_authority_contract,Eccl.5.15,uk5-64567d4c97fac3045692,oshb,Eccl.5.15,,locked runtime authority retained; raw secondary textual/segmentation variant recorded
strong_control_sequence_difference,high,resolved_by_locked_runtime_authority_contract,Eccl.5.16,uk5-64479f78c589962c297b,oshb,Eccl.5.16,,locked runtime authority retained; raw secondary textual/segmentation variant recorded
strong_control_sequence_difference,high,resolved_by_locked_runtime_authority_contract,Eccl.5.17,uk5-06cf52b799734370e15e,oshb,Eccl.5.17,,locked runtime authority retained; raw secondary textual/segmentation variant recorded
strong_control_sequence_difference,high,resolved_by_locked_runtime_authority_contract,Eccl.5.18,uk5-b21841a7bc30fa45bfd5,oshb,Eccl.5.18,,locked runtime authority retained; raw secondary textual/segmentation variant recorded
strong_control_sequence_difference,high,resolved_by_locked_runtime_authority_contract,Eccl.5.19,uk5-26c58d7a012a600edb97,oshb,Eccl.5.19,,locked runtime authority retained; raw secondary textual/segmentation variant recorded
strong_control_sequence_difference,high,resolved_by_locked_runtime_authority_contract,Eccl.5.2,uk5-399d49c752803eb744f3,oshb,Eccl.5.2,,locked runtime authority retained; raw secondary textual/segmentation variant recorded
strong_control_sequence_difference,high,resolved_by_locked_runtime_authority_contract,Eccl.5.20,uk5-490f9b47c7945fc11c4d,oshb,Eccl.5.19,,locked runtime authority retained; raw secondary textual/segmentation variant recorded
strong_control_sequence_difference,high,resolved_by_locked_runtime_authority_contract,Eccl.5.3,uk5-60ec74f0a540cd4f60fc,oshb,Eccl.5.3,,locked runtime authority retained; raw secondary textual/segmentation variant recorded
strong_control_sequence_difference,high,resolved_by_locked_runtime_authority_contract,Eccl.5.4,uk5-7475963668717f275efd,oshb,Eccl.5.4,,locked runtime authority retained; raw secondary textual/segmentation variant recorded
uxlc_independent_surface_difference,medium,resolved_by_locked_runtime_authority_contract,Eccl.5.4,uk5-7475963668717f275efd,oshb,Eccl.5.4,Eccl.5.4,independent UXLC surface difference recorded; OSHB Strong authority retained
strong_control_sequence_difference,high,resolved_by_locked_runtime_authority_contract,Eccl.5.5,uk5-5a85cde002429afab6fd,oshb,Eccl.5.5,,locked runtime authority retained; raw secondary textual/segmentation variant recorded
strong_control_sequence_difference,high,resolved_by_locked_runtime_authority_contract,Eccl.5.6,uk5-348abc3b0e7527e8e9e4,oshb,Eccl.5.6,,locked runtime authority retained; raw secondary textual/segmentation variant recorded
strong_control_sequence_difference,high,resolved_by_locked_runtime_authority_contract,Eccl.5.7,uk5-5014bc275c6d1e2d5c21,oshb,Eccl.5.7,,locked runtime authority retained; raw secondary textual/segmentation variant recorded
strong_control_sequence_difference,high,resolved_by_locked_runtime_authority_contract,Eccl.5.8,uk5-ee71035ef1e37a4e5ca4,oshb,Eccl.5.8,,locked runtime authority retained; raw secondary textual/segmentation variant recorded
strong_control_sequence_difference,high,resolved_by_locked_runtime_authority_contract,Eccl.5.9,uk5-3c0f3de6a4fbd13f8596,oshb,Eccl.5.9,,locked runtime authority retained; raw secondary textual/segmentation variant recorded
strong_control_sequence_difference,low,resolved_by_locked_runtime_authority_contract,Eccl.7.2,uk5-dc55feb4a9542b9a85ec,oshb,Eccl.7.2,Eccl.7.2,locked runtime authority retained; raw secondary textual/segmentation variant recorded
strong_control_sequence_difference,low,resolved_by_locked_runtime_authority_contract,Eccl.9.4,uk5-b17d06512b0d717681c0,oshb,Eccl.9.4,Eccl.9.4,locked runtime authority retained; raw secondary textual/segmentation variant recorded
strong_control_sequence_difference,low,resolved_by_locked_runtime_authority_contract,Eph.1.12,uk5-3a53f941539d09e05cce,tagnt,Eph.1.12,Eph.1.12,locked runtime authority retained; raw secondary textual/segmentation variant recorded
strong_control_sequence_difference,low,resolved_by_locked_runtime_authority_contract,Eph.1.16,uk5-1c5611ccf74ef098437a,tagnt,Eph.1.16,Eph.1.16,locked runtime authority retained; raw secondary textual/segmentation variant recorded
strong_control_sequence_difference,low,resolved_by_locked_runtime_authority_contract,Eph.1.4,uk5-0a8d841d4aab43898c6b,tagnt,Eph.1.4,Eph.1.4,locked runtime authority retained; raw secondary textual/segmentation variant recorded
strong_control_sequence_difference,low,resolved_by_locked_runtime_authority_contract,Eph.1.6,uk5-59ffcf98d255d439448a,tagnt,Eph.1.6,Eph.1.6,locked runtime authority retained; raw secondary textual/segmentation variant recorded
strong_control_sequence_difference,low,resolved_by_locked_runtime_authority_contract,Eph.1.8,uk5-75843355b2839ed294b2,tagnt,Eph.1.8,Eph.1.8,locked runtime authority retained; raw secondary textual/segmentation variant recorded
strong_control_sequence_difference,low,resolved_by_locked_runtime_authority_contract,Eph.2.14,uk5-9a8cae126bc9b5c7b5f0,tagnt,Eph.2.14,Eph.2.14,locked runtime authority retained; raw secondary textual/segmentation variant recorded
strong_control_sequence_difference,low,resolved_by_locked_runtime_authority_contract,Eph.2.19,uk5-3c10f1561c14a17827b9,tagnt,Eph.2.19,Eph.2.19,locked runtime authority retained; raw secondary textual/segmentation variant recorded
strong_control_sequence_difference,low,resolved_by_locked_runtime_authority_contract,Eph.2.5,uk5-84213efb125481c7f066,tagnt,Eph.2.5,Eph.2.5,locked runtime authority retained; raw secondary textual/segmentation variant recorded
strong_control_sequence_difference,low,resolved_by_locked_runtime_authority_contract,Eph.3.13,uk5-e697b0463839673b8c7a,tagnt,Eph.3.13,Eph.3.13,locked runtime authority retained; raw secondary textual/segmentation variant recorded
strong_control_sequence_difference,medium,resolved_by_locked_runtime_authority_contract,Eph.3.14,uk5-cdd64a5c60313b683fbe,tagnt,Eph.3.14,Eph.3.14,locked runtime authority retained; raw secondary textual/segmentation variant recorded
strong_control_sequence_difference,low,resolved_by_locked_runtime_authority_contract,Eph.3.20,uk5-c6911a02eb1b9c8d79ae,tagnt,Eph.3.20,Eph.3.20,locked runtime authority retained; raw secondary textual/segmentation variant recorded
strong_control_sequence_difference,low,resolved_by_locked_runtime_authority_contract,Eph.3.3,uk5-fc4bebb9b3b7645df87e,tagnt,Eph.3.3,Eph.3.3,locked runtime authority retained; raw secondary textual/segmentation variant recorded
strong_control_sequence_difference,low,resolved_by_locked_runtime_authority_contract,Eph.3.6,uk5-67c9e094baf549939eb4,tagnt,Eph.3.6,Eph.3.6,locked runtime authority retained; raw secondary textual/segmentation variant recorded
strong_control_sequence_difference,low,resolved_by_locked_runtime_authority_contract,Eph.3.8,uk5-c9a537097bb53a76b91a,tagnt,Eph.3.8,Eph.3.8,locked runtime authority retained; raw secondary textual/segmentation variant recorded
strong_control_sequence_difference,medium,resolved_by_locked_runtime_authority_contract,Eph.5.13,uk5-4164eec1371449446ca9,tagnt,Eph.5.13,Eph.5.13,locked runtime authority retained; raw secondary textual/segmentation variant recorded
strong_control_sequence_difference,medium,resolved_by_locked_runtime_authority_contract,Eph.5.30,uk5-45169deea2c36bbde17a,tagnt,Eph.5.30,Eph.5.30,locked runtime authority retained; raw secondary textual/segmentation variant recorded
strong_control_sequence_difference,low,resolved_by_locked_runtime_authority_contract,Eph.6.10,uk5-f1b1cb6bc1c700e532c9,tagnt,Eph.6.10,Eph.6.10,locked runtime authority retained; raw secondary textual/segmentation variant recorded
strong_control_sequence_difference,low,resolved_by_locked_runtime_authority_contract,Eph.6.19,uk5-d461100ba7ce7c40189b,tagnt,Eph.6.19,Eph.6.19,locked runtime authority retained; raw secondary textual/segmentation variant recorded
strong_control_sequence_difference,low,resolved_by_locked_runtime_authority_contract,Eph.6.20,uk5-c6c63da2cf0474b08587,tagnt,Eph.6.20,Eph.6.20,locked runtime authority retained; raw secondary textual/segmentation variant recorded
strong_control_sequence_difference,medium,resolved_by_locked_runtime_authority_contract,Eph.6.24,uk5-eb4547b0b1759dea9200,tagnt,Eph.6.24,Eph.6.24,locked runtime authority retained; raw secondary textual/segmentation variant recorded
strong_control_sequence_difference,low,resolved_by_locked_runtime_authority_contract,Eph.6.8,uk5-415b4c13ff935050206c,tagnt,Eph.6.8,Eph.6.8,locked runtime authority retained; raw secondary textual/segmentation variant recorded
strong_control_sequence_difference,low,resolved_by_locked_runtime_authority_contract,Esth.1.8,uk5-396526f59ce0bb5e883a,oshb,Esth.1.8,Esth.1.8,locked runtime authority retained; raw secondary textual/segmentation variant recorded
strong_control_sequence_difference,low,resolved_by_locked_runtime_authority_contract,Esth.3.7,uk5-26a59a65ae33b847a787,oshb,Esth.3.7,Esth.3.7,locked runtime authority retained; raw secondary textual/segmentation variant recorded
strong_control_sequence_difference,low,resolved_by_locked_runtime_authority_contract,Exod.10.24,uk5-c2fe2d9f63ff0bb02ccc,oshb,Exod.10.24,Exod.10.24,locked runtime authority retained; raw secondary textual/segmentation variant recorded
strong_control_sequence_difference,low,resolved_by_locked_runtime_authority_contract,Exod.10.28,uk5-5d34c226e7df0c02c260,oshb,Exod.10.28,Exod.10.28,locked runtime authority retained; raw secondary textual/segmentation variant recorded
strong_control_sequence_difference,low,resolved_by_locked_runtime_authority_contract,Exod.10.9,uk5-f127fa5a84e91259aebe,oshb,Exod.10.9,Exod.10.9,locked runtime authority retained; raw secondary textual/segmentation variant recorded
strong_control_sequence_difference,low,resolved_by_locked_runtime_authority_contract,Exod.16.30,uk5-ab1b5708ea44f1e310e1,oshb,Exod.16.30,Exod.16.30,locked runtime authority retained; raw secondary textual/segmentation variant recorded
strong_control_sequence_difference,low,resolved_by_locked_runtime_authority_contract,Exod.17.15,uk5-87dec60b05fe8c7fc2ad,oshb,Exod.17.15,Exod.17.15,locked runtime authority retained; raw secondary textual/segmentation variant recorded
strong_control_sequence_difference,low,resolved_by_locked_runtime_authority_contract,Exod.2.8,uk5-c3d8a6d8c68c2b9f0187,oshb,Exod.2.8,Exod.2.8,locked runtime authority retained; raw secondary textual/segmentation variant recorded
uxlc_independent_surface_difference,medium,resolved_by_locked_runtime_authority_contract,Exod.20.10,uk5-85abbdb72c81e1c457da,oshb,Exod.20.10,Exod.20.10,independent UXLC surface difference recorded; OSHB Strong authority retained
uxlc_independent_surface_difference,medium,resolved_by_locked_runtime_authority_contract,Exod.20.13,uk5-5dcf1ea5abb709935085,oshb,Exod.20.13,Exod.20.13,independent UXLC surface difference recorded; OSHB Strong authority retained
uxlc_independent_surface_difference,medium,resolved_by_locked_runtime_authority_contract,Exod.20.14,uk5-2e68258912ceee72698a,oshb,Exod.20.14,Exod.20.14,independent UXLC surface difference recorded; OSHB Strong authority retained
uxlc_independent_surface_difference,medium,resolved_by_locked_runtime_authority_contract,Exod.20.15,uk5-3726996f1f609111656e,oshb,Exod.20.15,Exod.20.15,independent UXLC surface difference recorded; OSHB Strong authority retained
uxlc_independent_surface_difference,medium,resolved_by_locked_runtime_authority_contract,Exod.20.3,uk5-920a8f2956893ffdc6dd,oshb,Exod.20.3,Exod.20.3,independent UXLC surface difference recorded; OSHB Strong authority retained
uxlc_independent_surface_difference,medium,resolved_by_locked_runtime_authority_contract,Exod.20.4,uk5-2070e8d95c8507fd438f,oshb,Exod.20.4,Exod.20.4,independent UXLC surface difference recorded; OSHB Strong authority retained
uxlc_independent_surface_difference,medium,resolved_by_locked_runtime_authority_contract,Exod.20.8,uk5-5850fa07158fa23c8130,oshb,Exod.20.8,Exod.20.8,independent UXLC surface difference recorded; OSHB Strong authority retained
uxlc_independent_surface_difference,medium,resolved_by_locked_runtime_authority_contract,Exod.20.9,uk5-2daa6ae60216b4ecda4d,oshb,Exod.20.9,Exod.20.9,independent UXLC surface difference recorded; OSHB Strong authority retained
strong_control_sequence_difference,high,resolved_by_locked_runtime_authority_contract,Exod.22.1,uk5-acb471e2e58df54ea7ed,oshb,Exod.22.1,,locked runtime authority retained; raw secondary textual/segmentation variant recorded
strong_control_sequence_difference,high,resolved_by_locked_runtime_authority_contract,Exod.22.10,uk5-d65c3d7cbeb0ec7441ad,oshb,Exod.22.10,,locked runtime authority retained; raw secondary textual/segmentation variant recorded
strong_control_sequence_difference,high,resolved_by_locked_runtime_authority_contract,Exod.22.11,uk5-d7c5395f71f087c3730d,oshb,Exod.22.11,,locked runtime authority retained; raw secondary textual/segmentation variant recorded
strong_control_sequence_difference,high,resolved_by_locked_runtime_authority_contract,Exod.22.12,uk5-312330925366f120ef7f,oshb,Exod.22.12,,locked runtime authority retained; raw secondary textual/segmentation variant recorded
strong_control_sequence_difference,high,resolved_by_locked_runtime_authority_contract,Exod.22.13,uk5-27f3d5e688b41ef7ba88,oshb,Exod.22.13,,locked runtime authority retained; raw secondary textual/segmentation variant recorded
strong_control_sequence_difference,high,resolved_by_locked_runtime_authority_contract,Exod.22.14,uk5-2854d2b9ea6c0f998c7b,oshb,Exod.22.14,,locked runtime authority retained; raw secondary textual/segmentation variant recorded
strong_control_sequence_difference,high,resolved_by_locked_runtime_authority_contract,Exod.22.15,uk5-b7cabb66062f21af09f7,oshb,Exod.22.15,,locked runtime authority retained; raw secondary textual/segmentation variant recorded
strong_control_sequence_difference,high,resolved_by_locked_runtime_authority_contract,Exod.22.16,uk5-135cd42959ef387fd2be,oshb,Exod.22.16,,locked runtime authority retained; raw secondary textual/segmentation variant recorded
strong_control_sequence_difference,high,resolved_by_locked_runtime_authority_contract,Exod.22.17,uk5-a6064ea0c9fa044227d7,oshb,Exod.22.17,,locked runtime authority retained; raw secondary textual/segmentation variant recorded
strong_control_sequence_difference,high,resolved_by_locked_runtime_authority_contract,Exod.22.18,uk5-7a90ab3bf18b83243556,oshb,Exod.22.18,,locked runtime authority retained; raw secondary textual/segmentation variant recorded
strong_control_sequence_difference,high,resolved_by_locked_runtime_authority_contract,Exod.22.19,uk5-e4450a10ca332a099bab,oshb,Exod.22.19,,locked runtime authority retained; raw secondary textual/segmentation variant recorded
strong_control_sequence_difference,high,resolved_by_locked_runtime_authority_contract,Exod.22.2,uk5-762d42e2f75936a7a574,oshb,Exod.22.2,,locked runtime authority retained; raw secondary textual/segmentation variant recorded
strong_control_sequence_difference,high,resolved_by_locked_runtime_authority_contract,Exod.22.20,uk5-f708c9a3dc22fa07f41d,oshb,Exod.22.20,,locked runtime authority retained; raw secondary textual/segmentation variant recorded
strong_control_sequence_difference,high,resolved_by_locked_runtime_authority_contract,Exod.22.21,uk5-3c18e0ab621976cbbfe1,oshb,Exod.22.21,,locked runtime authority retained; raw secondary textual/segmentation variant recorded
strong_control_sequence_difference,high,resolved_by_locked_runtime_authority_contract,Exod.22.22,uk5-35c5113b9355b89ba2db,oshb,Exod.22.22,,locked runtime authority retained; raw secondary textual/segmentation variant recorded
strong_control_sequence_difference,high,resolved_by_locked_runtime_authority_contract,Exod.22.23,uk5-490543e26e8147de397e,oshb,Exod.22.23,,locked runtime authority retained; raw secondary textual/segmentation variant recorded
strong_control_sequence_difference,high,resolved_by_locked_runtime_authority_contract,Exod.22.24,uk5-d914c514416c2d5db9db,oshb,Exod.22.24,,locked runtime authority retained; raw secondary textual/segmentation variant recorded
strong_control_sequence_difference,high,resolved_by_locked_runtime_authority_contract,Exod.22.25,uk5-2b530bf10baae573b520,oshb,Exod.22.25,,locked runtime authority retained; raw secondary textual/segmentation variant recorded
strong_control_sequence_difference,high,resolved_by_locked_runtime_authority_contract,Exod.22.26,uk5-b0dffee80e0f877c4354,oshb,Exod.22.26,,locked runtime authority retained; raw secondary textual/segmentation variant recorded
strong_control_sequence_difference,high,resolved_by_locked_runtime_authority_contract,Exod.22.27,uk5-db74747c0026449edf83,oshb,Exod.22.27,,locked runtime authority retained; raw secondary textual/segmentation variant recorded
strong_control_sequence_difference,high,resolved_by_locked_runtime_authority_contract,Exod.22.28,uk5-e208db09c23a0e63c12a,oshb,Exod.22.28,,locked runtime authority retained; raw secondary textual/segmentation variant recorded
strong_control_sequence_difference,high,resolved_by_locked_runtime_authority_contract,Exod.22.29,uk5-02a2d5afe0eea242118f,oshb,Exod.22.29,,locked runtime authority retained; raw secondary textual/segmentation variant recorded
strong_control_sequence_difference,high,resolved_by_locked_runtime_authority_contract,Exod.22.3,uk5-b8860e0836a0ff277963,oshb,Exod.22.3,,locked runtime authority retained; raw secondary textual/segmentation variant recorded
strong_control_sequence_difference,high,resolved_by_locked_runtime_authority_contract,Exod.22.30,uk5-401df75b6ee24ddfad80,oshb,Exod.22.30,,locked runtime authority retained; raw secondary textual/segmentation variant recorded
strong_control_sequence_difference,high,resolved_by_locked_runtime_authority_contract,Exod.22.31,uk5-0c8297aa09fffd7c3b78,oshb,Exod.22.30,,locked runtime authority retained; raw secondary textual/segmentation variant recorded
strong_control_sequence_difference,high,resolved_by_locked_runtime_authority_contract,Exod.22.4,uk5-8404ca3c7792a0328825,oshb,Exod.22.4,,locked runtime authority retained; raw secondary textual/segmentation variant recorded
strong_control_sequence_difference,high,resolved_by_locked_runtime_authority_contract,Exod.22.5,uk5-b8624634813f895615f1,oshb,Exod.22.5,,locked runtime authority retained; raw secondary textual/segmentation variant recorded
strong_control_sequence_difference,high,resolved_by_locked_runtime_authority_contract,Exod.22.6,uk5-7299d29d83145ce3c50e,oshb,Exod.22.6,,locked runtime authority retained; raw secondary textual/segmentation variant recorded
strong_control_sequence_difference,high,resolved_by_locked_runtime_authority_contract,Exod.22.7,uk5-c663265bce1e64fc59c3,oshb,Exod.22.7,,locked runtime authority retained; raw secondary textual/segmentation variant recorded
strong_control_sequence_difference,high,resolved_by_locked_runtime_authority_contract,Exod.22.8,uk5-6dd8ce51cfb3dc39842d,oshb,Exod.22.8,,locked runtime authority retained; raw secondary textual/segmentation variant recorded
strong_control_sequence_difference,high,resolved_by_locked_runtime_authority_contract,Exod.22.9,uk5-3cd9e114e2a0100c19f8,oshb,Exod.22.9,,locked runtime authority retained; raw secondary textual/segmentation variant recorded
strong_control_sequence_difference,low,resolved_by_locked_runtime_authority_contract,Exod.25.29,uk5-6f28dcc1402b8ecd2cd8,oshb,Exod.25.29,Exod.25.29,locked runtime authority retained; raw secondary textual/segmentation variant recorded
strong_control_sequence_difference,low,resolved_by_locked_runtime_authority_contract,Exod.3.21,uk5-4a0b197f248b1ae9d2a7,oshb,Exod.3.21,Exod.3.21,locked runtime authority retained; raw secondary textual/segmentation variant recorded
strong_control_sequence_difference,low,resolved_by_locked_runtime_authority_contract,Exod.32.34,uk5-021e1ab7bb0cdcc3b8be,oshb,Exod.32.34,Exod.32.34,locked runtime authority retained; raw secondary textual/segmentation variant recorded
strong_control_sequence_difference,low,resolved_by_locked_runtime_authority_contract,Exod.33.14,uk5-71a65948fc018ce8e5f8,oshb,Exod.33.14,Exod.33.14,locked runtime authority retained; raw secondary textual/segmentation variant recorded
strong_control_sequence_difference,low,resolved_by_locked_runtime_authority_contract,Exod.33.15,uk5-7b9b3bc16da842350222,oshb,Exod.33.15,Exod.33.15,locked runtime authority retained; raw secondary textual/segmentation variant recorded
strong_control_sequence_difference,low,resolved_by_locked_runtime_authority_contract,Exod.4.18,uk5-0ff88b07f20949e5ff50,oshb,Exod.4.18,Exod.4.18,locked runtime authority retained; raw secondary textual/segmentation variant recorded
strong_control_sequence_difference,low,resolved_by_locked_runtime_authority_contract,Exod.4.27,uk5-0465ddddd6fe7dc5e0b3,oshb,Exod.4.27,Exod.4.27,locked runtime authority retained; raw secondary textual/segmentation variant recorded
strong_control_sequence_difference,high,resolved_by_locked_runtime_authority_contract,Exod.8.1,uk5-771d8b90998b9783d92a,oshb,Exod.8.1,,locked runtime authority retained; raw secondary textual/segmentation variant recorded
strong_control_sequence_difference,high,resolved_by_locked_runtime_authority_contract,Exod.8.10,uk5-d088675bcc347213ad11,oshb,Exod.8.10,,locked runtime authority retained; raw secondary textual/segmentation variant recorded
strong_control_sequence_difference,high,resolved_by_locked_runtime_authority_contract,Exod.8.11,uk5-c9c1b62d73d8c9d75634,oshb,Exod.8.11,,locked runtime authority retained; raw secondary textual/segmentation variant recorded
strong_control_sequence_difference,high,resolved_by_locked_runtime_authority_contract,Exod.8.12,uk5-4f9edad9819a8167e143,oshb,Exod.8.12,,locked runtime authority retained; raw secondary textual/segmentation variant recorded
strong_control_sequence_difference,high,resolved_by_locked_runtime_authority_contract,Exod.8.13,uk5-f3d7537c64efff602fdb,oshb,Exod.8.13,,locked runtime authority retained; raw secondary textual/segmentation variant recorded
strong_control_sequence_difference,high,resolved_by_locked_runtime_authority_contract,Exod.8.14,uk5-7a223a02ca0b83735965,oshb,Exod.8.14,,locked runtime authority retained; raw secondary textual/segmentation variant recorded
strong_control_sequence_difference,high,resolved_by_locked_runtime_authority_contract,Exod.8.15,uk5-343c83dd706fa266c42a,oshb,Exod.8.15,,locked runtime authority retained; raw secondary textual/segmentation variant recorded
strong_control_sequence_difference,high,resolved_by_locked_runtime_authority_contract,Exod.8.16,uk5-1cc24a894a35330ef977,oshb,Exod.8.16,,locked runtime authority retained; raw secondary textual/segmentation variant recorded
strong_control_sequence_difference,high,resolved_by_locked_runtime_authority_contract,Exod.8.17,uk5-69c1d135bd12f8ed6da5,oshb,Exod.8.17,,locked runtime authority retained; raw secondary textual/segmentation variant recorded
strong_control_sequence_difference,high,resolved_by_locked_runtime_authority_contract,Exod.8.18,uk5-5a932088eb78510a25ee,oshb,Exod.8.18,,locked runtime authority retained; raw secondary textual/segmentation variant recorded
strong_control_sequence_difference,high,resolved_by_locked_runtime_authority_contract,Exod.8.19,uk5-76778a46bdbb9aa24987,oshb,Exod.8.19,,locked runtime authority retained; raw secondary textual/segmentation variant recorded
strong_control_sequence_difference,high,resolved_by_locked_runtime_authority_contract,Exod.8.2,uk5-d4c81680d033fbce8357,oshb,Exod.8.2,,locked runtime authority retained; raw secondary textual/segmentation variant recorded
strong_control_sequence_difference,high,resolved_by_locked_runtime_authority_contract,Exod.8.20,uk5-3317953f3a063fd08ab0,oshb,Exod.8.20,,locked runtime authority retained; raw secondary textual/segmentation variant recorded
strong_control_sequence_difference,high,resolved_by_locked_runtime_authority_contract,Exod.8.21,uk5-602011d9980b472ad370,oshb,Exod.8.21,,locked runtime authority retained; raw secondary textual/segmentation variant recorded
strong_control_sequence_difference,high,resolved_by_locked_runtime_authority_contract,Exod.8.22,uk5-e470e7bab9f251ce1292,oshb,Exod.8.22,,locked runtime authority retained; raw secondary textual/segmentation variant recorded
strong_control_sequence_difference,high,resolved_by_locked_runtime_authority_contract,Exod.8.23,uk5-655874ac11cf2dfd3edc,oshb,Exod.8.23,,locked runtime authority retained; raw secondary textual/segmentation variant recorded
strong_control_sequence_difference,high,resolved_by_locked_runtime_authority_contract,Exod.8.24,uk5-ba956120626bb79120db,oshb,Exod.8.24,,locked runtime authority retained; raw secondary textual/segmentation variant recorded
strong_control_sequence_difference,high,resolved_by_locked_runtime_authority_contract,Exod.8.25,uk5-e830328809fbb3decb32,oshb,Exod.8.25,,locked runtime authority retained; raw secondary textual/segmentation variant recorded
strong_control_sequence_difference,high,resolved_by_locked_runtime_authority_contract,Exod.8.26,uk5-39ced8c1bf081162af54,oshb,Exod.8.26,,locked runtime authority retained; raw secondary textual/segmentation variant recorded
strong_control_sequence_difference,high,resolved_by_locked_runtime_authority_contract,Exod.8.27,uk5-8d3adcf14e1f1dc7355c,oshb,Exod.8.27,,locked runtime authority retained; raw secondary textual/segmentation variant recorded
strong_control_sequence_difference,high,resolved_by_locked_runtime_authority_contract,Exod.8.28,uk5-128007cf9a196489118e,oshb,Exod.8.28,,locked runtime authority retained; raw secondary textual/segmentation variant recorded
strong_control_sequence_difference,high,resolved_by_locked_runtime_authority_contract,Exod.8.29,uk5-7d10e73bf9ca9cb12232,oshb,Exod.8.25,,locked runtime authority retained; raw secondary textual/segmentation variant recorded
strong_control_sequence_difference,high,resolved_by_locked_runtime_authority_contract,Exod.8.3,uk5-9b5f8e334b02457f4724,oshb,Exod.8.3,,locked runtime authority retained; raw secondary textual/segmentation variant recorded
strong_control_sequence_difference,high,resolved_by_locked_runtime_authority_contract,Exod.8.30,uk5-39472e6e783fee8b5c89,oshb,Exod.8.26,,locked runtime authority retained; raw secondary textual/segmentation variant recorded
strong_control_sequence_difference,high,resolved_by_locked_runtime_authority_contract,Exod.8.31,uk5-32bba79e13ac42205b3d,oshb,Exod.8.27,,locked runtime authority retained; raw secondary textual/segmentation variant recorded
strong_control_sequence_difference,high,resolved_by_locked_runtime_authority_contract,Exod.8.32,uk5-807721ab3710f52552c5,oshb,Exod.8.28,,locked runtime authority retained; raw secondary textual/segmentation variant recorded
strong_control_sequence_difference,high,resolved_by_locked_runtime_authority_contract,Exod.8.4,uk5-691d395d6c49a09ca99a,oshb,Exod.8.4,,locked runtime authority retained; raw secondary textual/segmentation variant recorded
strong_control_sequence_difference,high,resolved_by_locked_runtime_authority_contract,Exod.8.5,uk5-c319cbd6845e1effd819,oshb,Exod.8.5,,locked runtime authority retained; raw secondary textual/segmentation variant recorded
strong_control_sequence_difference,high,resolved_by_locked_runtime_authority_contract,Exod.8.6,uk5-c1ce7d3b9d77e0b3c6e6,oshb,Exod.8.6,,locked runtime authority retained; raw secondary textual/segmentation variant recorded
strong_control_sequence_difference,high,resolved_by_locked_runtime_authority_contract,Exod.8.7,uk5-44d951524cf6cd98de27,oshb,Exod.8.7,,locked runtime authority retained; raw secondary textual/segmentation variant recorded
strong_control_sequence_difference,high,resolved_by_locked_runtime_authority_contract,Exod.8.8,uk5-75a342ad7aca78628023,oshb,Exod.8.8,,locked runtime authority retained; raw secondary textual/segmentation variant recorded
strong_control_sequence_difference,high,resolved_by_locked_runtime_authority_contract,Exod.8.9,uk5-c3dcff893c085a909bc6,oshb,Exod.8.9,,locked runtime authority retained; raw secondary textual/segmentation variant recorded
strong_control_sequence_difference,medium,resolved_by_locked_runtime_authority_contract,Ezek.1.12,uk5-f42f5a2951b0bbfa6d67,oshb,Ezek.1.12,Ezek.1.12,locked runtime authority retained; raw secondary textual/segmentation variant recorded
strong_control_sequence_difference,medium,resolved_by_locked_runtime_authority_contract,Ezek.1.17,uk5-ee2ffec419f9bdbd1705,oshb,Ezek.1.17,Ezek.1.17,locked runtime authority retained; raw secondary textual/segmentation variant recorded
strong_control_sequence_difference,low,resolved_by_locked_runtime_authority_contract,Ezek.1.19,uk5-e8e97fbf69eaf76797d5,oshb,Ezek.1.19,Ezek.1.19,locked runtime authority retained; raw secondary textual/segmentation variant recorded
strong_control_sequence_difference,low,resolved_by_locked_runtime_authority_contract,Ezek.1.20,uk5-053b9dc82c029a1ee726,oshb,Ezek.1.20,Ezek.1.20,locked runtime authority retained; raw secondary textual/segmentation variant recorded
strong_control_sequence_difference,low,resolved_by_locked_runtime_authority_contract,Ezek.1.21,uk5-289314cabd8a9cf56ee1,oshb,Ezek.1.21,Ezek.1.21,locked runtime authority retained; raw secondary textual/segmentation variant recorded
strong_control_sequence_difference,low,resolved_by_locked_runtime_authority_contract,Ezek.1.9,uk5-97c54f4e6ced6f6f0172,oshb,Ezek.1.9,Ezek.1.9,locked runtime authority retained; raw secondary textual/segmentation variant recorded
strong_control_sequence_difference,high,resolved_by_locked_runtime_authority_contract,Ezek.10.11,uk5-79624e6ba430335d012c,oshb,Ezek.10.11,Ezek.10.11,locked runtime authority retained; raw secondary textual/segmentation variant recorded
strong_control_sequence_difference,low,resolved_by_locked_runtime_authority_contract,Ezek.10.16,uk5-ea0cb9822e63a9c66164,oshb,Ezek.10.16,Ezek.10.16,locked runtime authority retained; raw secondary textual/segmentation variant recorded
strong_control_sequence_difference,low,resolved_by_locked_runtime_authority_contract,Ezek.10.17,uk5-c291c723104d649965e6,oshb,Ezek.10.17,Ezek.10.17,locked runtime authority retained; raw secondary textual/segmentation variant recorded
strong_control_sequence_difference,low,resolved_by_locked_runtime_authority_contract,Ezek.16.47,uk5-7a21583793eaa03180d9,oshb,Ezek.16.47,Ezek.16.47,locked runtime authority retained; raw secondary textual/segmentation variant recorded
strong_control_sequence_difference,low,resolved_by_locked_runtime_authority_contract,Ezek.16.59,uk5-b353af8dcb3a710ea8f7,oshb,Ezek.16.59,Ezek.16.59,locked runtime authority retained; raw secondary textual/segmentation variant recorded
strong_control_sequence_difference,low,resolved_by_locked_runtime_authority_contract,Ezek.17.17,uk5-8de2308703daf789b4a3,oshb,Ezek.17.17,Ezek.17.17,locked runtime authority retained; raw secondary textual/segmentation variant recorded
strong_control_sequence_difference,high,resolved_by_locked_runtime_authority_contract,Ezek.20.45,uk5-4f5654d66f60fbf0d217,oshb,Ezek.21.1,,locked runtime authority retained; raw secondary textual/segmentation variant recorded
strong_control_sequence_difference,high,resolved_by_locked_runtime_authority_contract,Ezek.20.46,uk5-c7bf489c123ac296f010,oshb,Ezek.21.2,,locked runtime authority retained; raw secondary textual/segmentation variant recorded
strong_control_sequence_difference,high,resolved_by_locked_runtime_authority_contract,Ezek.20.47,uk5-084be6ea51c16b63ae8f,oshb,Ezek.21.3,,locked runtime authority retained; raw secondary textual/segmentation variant recorded
strong_control_sequence_difference,high,resolved_by_locked_runtime_authority_contract,Ezek.20.48,uk5-fe1270b01d26a5d22a9a,oshb,Ezek.21.4,,locked runtime authority retained; raw secondary textual/segmentation variant recorded
strong_control_sequence_difference,high,resolved_by_locked_runtime_authority_contract,Ezek.20.49,uk5-96ecf6c318920c834d0a,oshb,Ezek.21.5,,locked runtime authority retained; raw secondary textual/segmentation variant recorded
strong_control_sequence_difference,high,resolved_by_locked_runtime_authority_contract,Ezek.21.1,uk5-4a37fef307c7f4e6bf89,oshb,Ezek.21.1,,locked runtime authority retained; raw secondary textual/segmentation variant recorded
strong_control_sequence_difference,high,resolved_by_locked_runtime_authority_contract,Ezek.21.10,uk5-960f2284a76e88b4d30d,oshb,Ezek.21.10,,locked runtime authority retained; raw secondary textual/segmentation variant recorded
strong_control_sequence_difference,high,resolved_by_locked_runtime_authority_contract,Ezek.21.11,uk5-fd9382836d9269f62917,oshb,Ezek.21.11,,locked runtime authority retained; raw secondary textual/segmentation variant recorded
strong_control_sequence_difference,high,resolved_by_locked_runtime_authority_contract,Ezek.21.12,uk5-100b8b5dbb38f0035eca,oshb,Ezek.21.12,,locked runtime authority retained; raw secondary textual/segmentation variant recorded
strong_control_sequence_difference,high,resolved_by_locked_runtime_authority_contract,Ezek.21.13,uk5-5ded446ec7d84f7e8004,oshb,Ezek.21.13,,locked runtime authority retained; raw secondary textual/segmentation variant recorded
strong_control_sequence_difference,high,resolved_by_locked_runtime_authority_contract,Ezek.21.14,uk5-1ad7bdaf4c2060906998,oshb,Ezek.21.14,,locked runtime authority retained; raw secondary textual/segmentation variant recorded
strong_control_sequence_difference,high,resolved_by_locked_runtime_authority_contract,Ezek.21.15,uk5-a59eee812d8323574ea2,oshb,Ezek.21.15,,locked runtime authority retained; raw secondary textual/segmentation variant recorded
strong_control_sequence_difference,high,resolved_by_locked_runtime_authority_contract,Ezek.21.16,uk5-ed5679a03dc1b48b9f49,oshb,Ezek.21.16,,locked runtime authority retained; raw secondary textual/segmentation variant recorded
strong_control_sequence_difference,high,resolved_by_locked_runtime_authority_contract,Ezek.21.17,uk5-d254ae3ae0c432965c23,oshb,Ezek.21.17,,locked runtime authority retained; raw secondary textual/segmentation variant recorded
strong_control_sequence_difference,high,resolved_by_locked_runtime_authority_contract,Ezek.21.18,uk5-db6cfecc9394e5852940,oshb,Ezek.21.18,,locked runtime authority retained; raw secondary textual/segmentation variant recorded
strong_control_sequence_difference,high,resolved_by_locked_runtime_authority_contract,Ezek.21.19,uk5-1a0d007c480a5032ae85,oshb,Ezek.21.19,,locked runtime authority retained; raw secondary textual/segmentation variant recorded
strong_control_sequence_difference,high,resolved_by_locked_runtime_authority_contract,Ezek.21.2,uk5-23e9f89532888cfeb77c,oshb,Ezek.21.2,,locked runtime authority retained; raw secondary textual/segmentation variant recorded
strong_control_sequence_difference,high,resolved_by_locked_runtime_authority_contract,Ezek.21.20,uk5-ef09ee7926f3b15133e9,oshb,Ezek.21.20,,locked runtime authority retained; raw secondary textual/segmentation variant recorded
strong_control_sequence_difference,high,resolved_by_locked_runtime_authority_contract,Ezek.21.21,uk5-d0c71153d570f1cfbd8d,oshb,Ezek.21.21,,locked runtime authority retained; raw secondary textual/segmentation variant recorded
strong_control_sequence_difference,high,resolved_by_locked_runtime_authority_contract,Ezek.21.22,uk5-5c933dfd686d18b6f19c,oshb,Ezek.21.22,,locked runtime authority retained; raw secondary textual/segmentation variant recorded
strong_control_sequence_difference,high,resolved_by_locked_runtime_authority_contract,Ezek.21.23,uk5-30376a3910c343db5875,oshb,Ezek.21.23,,locked runtime authority retained; raw secondary textual/segmentation variant recorded
strong_control_sequence_difference,high,resolved_by_locked_runtime_authority_contract,Ezek.21.24,uk5-aebd4210cc3a61857d5f,oshb,Ezek.21.24,,locked runtime authority retained; raw secondary textual/segmentation variant recorded
strong_control_sequence_difference,high,resolved_by_locked_runtime_authority_contract,Ezek.21.25,uk5-d8be3da472146d91daba,oshb,Ezek.21.25,,locked runtime authority retained; raw secondary textual/segmentation variant recorded
strong_control_sequence_difference,high,resolved_by_locked_runtime_authority_contract,Ezek.21.26,uk5-0e88737b978150811fa1,oshb,Ezek.21.26,,locked runtime authority retained; raw secondary textual/segmentation variant recorded
strong_control_sequence_difference,high,resolved_by_locked_runtime_authority_contract,Ezek.21.27,uk5-db0f25b9e5b54f5bd073,oshb,Ezek.21.27,,locked runtime authority retained; raw secondary textual/segmentation variant recorded
strong_control_sequence_difference,high,resolved_by_locked_runtime_authority_contract,Ezek.21.28,uk5-829602e40fd96f62e0a0,oshb,Ezek.21.28,,locked runtime authority retained; raw secondary textual/segmentation variant recorded
strong_control_sequence_difference,high,resolved_by_locked_runtime_authority_contract,Ezek.21.29,uk5-0ed5b12bc10a5d22d9f2,oshb,Ezek.21.29,,locked runtime authority retained; raw secondary textual/segmentation variant recorded
strong_control_sequence_difference,high,resolved_by_locked_runtime_authority_contract,Ezek.21.3,uk5-940823b9c5e843726e01,oshb,Ezek.21.3,,locked runtime authority retained; raw secondary textual/segmentation variant recorded
strong_control_sequence_difference,high,resolved_by_locked_runtime_authority_contract,Ezek.21.30,uk5-eacab519b1590eb5a9d5,oshb,Ezek.21.30,,locked runtime authority retained; raw secondary textual/segmentation variant recorded
strong_control_sequence_difference,high,resolved_by_locked_runtime_authority_contract,Ezek.21.31,uk5-563ea8740d74caf37e5f,oshb,Ezek.21.31,,locked runtime authority retained; raw secondary textual/segmentation variant recorded
strong_control_sequence_difference,high,resolved_by_locked_runtime_authority_contract,Ezek.21.32,uk5-5a4f29cd1775adddc393,oshb,Ezek.21.32,,locked runtime authority retained; raw secondary textual/segmentation variant recorded
strong_control_sequence_difference,high,resolved_by_locked_runtime_authority_contract,Ezek.21.4,uk5-4bb8bbda91f7d9d824fc,oshb,Ezek.21.4,,locked runtime authority retained; raw secondary textual/segmentation variant recorded
strong_control_sequence_difference,high,resolved_by_locked_runtime_authority_contract,Ezek.21.5,uk5-86c4d18c03ead42e92ef,oshb,Ezek.21.5,,locked runtime authority retained; raw secondary textual/segmentation variant recorded
strong_control_sequence_difference,high,resolved_by_locked_runtime_authority_contract,Ezek.21.6,uk5-819ab825f0fc4a332a97,oshb,Ezek.21.6,,locked runtime authority retained; raw secondary textual/segmentation variant recorded
strong_control_sequence_difference,high,resolved_by_locked_runtime_authority_contract,Ezek.21.7,uk5-2481ffc08100ab28d4e6,oshb,Ezek.21.7,,locked runtime authority retained; raw secondary textual/segmentation variant recorded
strong_control_sequence_difference,high,resolved_by_locked_runtime_authority_contract,Ezek.21.8,uk5-3d9b5b6d2cd83be58289,oshb,Ezek.21.8,,locked runtime authority retained; raw secondary textual/segmentation variant recorded
strong_control_sequence_difference,high,resolved_by_locked_runtime_authority_contract,Ezek.21.9,uk5-1adc598eade266c8a9a7,oshb,Ezek.21.9,,locked runtime authority retained; raw secondary textual/segmentation variant recorded
strong_control_sequence_difference,low,resolved_by_locked_runtime_authority_contract,Ezek.23.43,uk5-4b4f167b258cf041eb12,oshb,Ezek.23.43,Ezek.23.43,locked runtime authority retained; raw secondary textual/segmentation variant recorded
strong_control_sequence_difference,low,resolved_by_locked_runtime_authority_contract,Ezek.24.10,uk5-960a912f4ecaca9002d2,oshb,Ezek.24.10,Ezek.24.10,locked runtime authority retained; raw secondary textual/segmentation variant recorded
strong_control_sequence_difference,low,resolved_by_locked_runtime_authority_contract,Ezek.24.5,uk5-1d47d82df8c0379bff18,oshb,Ezek.24.5,Ezek.24.5,locked runtime authority retained; raw secondary textual/segmentation variant recorded
strong_control_sequence_difference,low,resolved_by_locked_runtime_authority_contract,Ezek.26.11,uk5-67f25d9a19276a80eacb,oshb,Ezek.26.11,Ezek.26.11,locked runtime authority retained; raw secondary textual/segmentation variant recorded
strong_control_sequence_difference,medium,resolved_by_locked_runtime_authority_contract,Ezek.28.3,uk5-f16f213c1996faa46b47,oshb,Ezek.28.3,Ezek.28.3,locked runtime authority retained; raw secondary textual/segmentation variant recorded
strong_control_sequence_difference,low,resolved_by_locked_runtime_authority_contract,Ezek.30.17,uk5-986539b292694d30ee77,oshb,Ezek.30.17,Ezek.30.17,locked runtime authority retained; raw secondary textual/segmentation variant recorded
strong_control_sequence_difference,low,resolved_by_locked_runtime_authority_contract,Ezek.40.22,uk5-a8edc764cc12fe28dae1,oshb,Ezek.40.22,Ezek.40.22,locked runtime authority retained; raw secondary textual/segmentation variant recorded
strong_control_sequence_difference,low,resolved_by_locked_runtime_authority_contract,Ezek.40.24,uk5-1fe160084fd7ce68dc3b,oshb,Ezek.40.24,Ezek.40.24,locked runtime authority retained; raw secondary textual/segmentation variant recorded
strong_control_sequence_difference,low,resolved_by_locked_runtime_authority_contract,Ezek.40.26,uk5-82edfc83bfaf5a85007f,oshb,Ezek.40.26,Ezek.40.26,locked runtime authority retained; raw secondary textual/segmentation variant recorded
strong_control_sequence_difference,low,resolved_by_locked_runtime_authority_contract,Ezek.40.29,uk5-b79cca02cb07d5e2a5b2,oshb,Ezek.40.29,Ezek.40.29,locked runtime authority retained; raw secondary textual/segmentation variant recorded
strong_control_sequence_difference,low,resolved_by_locked_runtime_authority_contract,Ezek.40.33,uk5-558011ac2e2cdd3d51e9,oshb,Ezek.40.33,Ezek.40.33,locked runtime authority retained; raw secondary textual/segmentation variant recorded
strong_control_sequence_difference,low,resolved_by_locked_runtime_authority_contract,Ezek.40.34,uk5-c90b033589d8d7633343,oshb,Ezek.40.34,Ezek.40.34,locked runtime authority retained; raw secondary textual/segmentation variant recorded
strong_control_sequence_difference,low,resolved_by_locked_runtime_authority_contract,Ezek.40.36,uk5-bd883ae7d25ca54a7c82,oshb,Ezek.40.36,Ezek.40.36,locked runtime authority retained; raw secondary textual/segmentation variant recorded
strong_control_sequence_difference,low,resolved_by_locked_runtime_authority_contract,Ezek.40.37,uk5-ce7fede1c234bb68a515,oshb,Ezek.40.37,Ezek.40.37,locked runtime authority retained; raw secondary textual/segmentation variant recorded
strong_control_sequence_difference,low,resolved_by_locked_runtime_authority_contract,Ezek.41.11,uk5-5e2b0ac550b19d5c7e3e,oshb,Ezek.41.11,Ezek.41.11,locked runtime authority retained; raw secondary textual/segmentation variant recorded
strong_control_sequence_difference,low,resolved_by_locked_runtime_authority_contract,Ezek.42.9,uk5-3b1eda5135833e148ab7,oshb,Ezek.42.9,Ezek.42.9,locked runtime authority retained; raw secondary textual/segmentation variant recorded
strong_control_sequence_difference,low,resolved_by_locked_runtime_authority_contract,Ezra.10.17,uk5-742ac3ea5b273034503d,oshb,Ezra.10.17,Ezra.10.17,locked runtime authority retained; raw secondary textual/segmentation variant recorded
strong_control_sequence_difference,low,resolved_by_locked_runtime_authority_contract,Ezra.10.29,uk5-6eab3ccff5aa71cad360,oshb,Ezra.10.29,Ezra.10.29,locked runtime authority retained; raw secondary textual/segmentation variant recorded
strong_control_sequence_difference,low,resolved_by_locked_runtime_authority_contract,Ezra.10.35,uk5-0dc7b61a3bdfcaa16adc,oshb,Ezra.10.35,Ezra.10.35,locked runtime authority retained; raw secondary textual/segmentation variant recorded
strong_control_sequence_difference,low,resolved_by_locked_runtime_authority_contract,Ezra.10.37,uk5-5d2ef8fa1aebe6ae4712,oshb,Ezra.10.37,Ezra.10.37,locked runtime authority retained; raw secondary textual/segmentation variant recorded
strong_control_sequence_difference,low,resolved_by_locked_runtime_authority_contract,Ezra.10.38,uk5-6c3f207efb0e5046dd6c,oshb,Ezra.10.38,Ezra.10.38,locked runtime authority retained; raw secondary textual/segmentation variant recorded
strong_control_sequence_difference,low,resolved_by_locked_runtime_authority_contract,Ezra.2.22,uk5-962299f938234b796fbe,oshb,Ezra.2.22,Ezra.2.22,locked runtime authority retained; raw secondary textual/segmentation variant recorded
strong_control_sequence_difference,low,resolved_by_locked_runtime_authority_contract,Ezra.2.28,uk5-b4f38d98ff6a80380e4c,oshb,Ezra.2.28,Ezra.2.28,locked runtime authority retained; raw secondary textual/segmentation variant recorded
strong_control_sequence_difference,low,resolved_by_locked_runtime_authority_contract,Ezra.2.50,uk5-ca027ba7d7f6922dfd6b,oshb,Ezra.2.50,Ezra.2.50,locked runtime authority retained; raw secondary textual/segmentation variant recorded
strong_control_sequence_difference,low,resolved_by_locked_runtime_authority_contract,Ezra.5.1,uk5-6cc419905efd2a2071ab,oshb,Ezra.5.1,Ezra.5.1,locked runtime authority retained; raw secondary textual/segmentation variant recorded
strong_control_sequence_difference,low,resolved_by_locked_runtime_authority_contract,Ezra.6.16,uk5-9b8d539e8c8d2a3622ff,oshb,Ezra.6.16,Ezra.6.16,locked runtime authority retained; raw secondary textual/segmentation variant recorded
strong_control_sequence_difference,low,resolved_by_locked_runtime_authority_contract,Ezra.6.9,uk5-43e8c9a44aaedbad4ede,oshb,Ezra.6.9,Ezra.6.9,locked runtime authority retained; raw secondary textual/segmentation variant recorded
strong_control_sequence_difference,low,resolved_by_locked_runtime_authority_contract,Ezra.7.12,uk5-83cbbe92733279b7ae9c,oshb,Ezra.7.12,Ezra.7.12,locked runtime authority retained; raw secondary textual/segmentation variant recorded
strong_control_sequence_difference,low,resolved_by_locked_runtime_authority_contract,Ezra.7.18,uk5-15be5a49e02c1d1838b3,oshb,Ezra.7.18,Ezra.7.18,locked runtime authority retained; raw secondary textual/segmentation variant recorded
uxlc_independent_surface_difference,medium,resolved_by_locked_runtime_authority_contract,Ezra.7.18,uk5-15be5a49e02c1d1838b3,oshb,Ezra.7.18,Ezra.7.18,independent UXLC surface difference recorded; OSHB Strong authority retained
strong_control_sequence_difference,low,resolved_by_locked_runtime_authority_contract,Gal.1.14,uk5-b1d1fa9aed221ea467ab,tagnt,Gal.1.14,Gal.1.14,locked runtime authority retained; raw secondary textual/segmentation variant recorded
strong_control_sequence_difference,low,resolved_by_locked_runtime_authority_contract,Gal.1.15,uk5-ebc6412b3718391bcab6,tagnt,Gal.1.15,Gal.1.15,locked runtime authority retained; raw secondary textual/segmentation variant recorded
strong_control_sequence_difference,low,resolved_by_locked_runtime_authority_contract,Gal.1.23,uk5-786de4b9cec493677188,tagnt,Gal.1.23,Gal.1.23,locked runtime authority retained; raw secondary textual/segmentation variant recorded
strong_control_sequence_difference,low,resolved_by_locked_runtime_authority_contract,Gal.1.4,uk5-60c4f57f696c5a64cc55,tagnt,Gal.1.4,Gal.1.4,locked runtime authority retained; raw secondary textual/segmentation variant recorded
strong_control_sequence_difference,low,resolved_by_locked_runtime_authority_contract,Gal.1.5,uk5-a2c38374a54e24e4f04d,tagnt,Gal.1.5,Gal.1.5,locked runtime authority retained; raw secondary textual/segmentation variant recorded
strong_control_sequence_difference,low,resolved_by_locked_runtime_authority_contract,Gal.2.15,uk5-28759cf2ba1d4e5eab0a,tagnt,Gal.2.15,Gal.2.15,locked runtime authority retained; raw secondary textual/segmentation variant recorded
strong_control_sequence_difference,low,resolved_by_locked_runtime_authority_contract,Gal.2.16,uk5-74c41489d6280533a4df,tagnt,Gal.2.16,Gal.2.16,locked runtime authority retained; raw secondary textual/segmentation variant recorded
strong_control_sequence_difference,low,resolved_by_locked_runtime_authority_contract,Gal.2.20,uk5-f4eb46e93b3c634d1b5e,tagnt,Gal.2.20,Gal.2.20,locked runtime authority retained; raw secondary textual/segmentation variant recorded
strong_control_sequence_difference,low,resolved_by_locked_runtime_authority_contract,Gal.2.21,uk5-24e8ad8084e10cfd1889,tagnt,Gal.2.21,Gal.2.21,locked runtime authority retained; raw secondary textual/segmentation variant recorded
strong_control_sequence_difference,low,resolved_by_locked_runtime_authority_contract,Gal.2.4,uk5-c1120ae9db1732e419b2,tagnt,Gal.2.4,Gal.2.4,locked runtime authority retained; raw secondary textual/segmentation variant recorded
strong_control_sequence_difference,low,resolved_by_locked_runtime_authority_contract,Gal.2.9,uk5-b027db1711d83bb09aed,tagnt,Gal.2.9,Gal.2.9,locked runtime authority retained; raw secondary textual/segmentation variant recorded
strong_control_sequence_difference,low,resolved_by_locked_runtime_authority_contract,Gal.3.1,uk5-2686051021d14e8ca72d,tagnt,Gal.3.1,Gal.3.1,locked runtime authority retained; raw secondary textual/segmentation variant recorded
strong_control_sequence_difference,low,resolved_by_locked_runtime_authority_contract,Gal.3.13,uk5-f2fe7856b4e3f4f92cbb,tagnt,Gal.3.13,Gal.3.13,locked runtime authority retained; raw secondary textual/segmentation variant recorded
strong_control_sequence_difference,low,resolved_by_locked_runtime_authority_contract,Gal.3.25,uk5-16ead0f5503566b19389,tagnt,Gal.3.25,Gal.3.25,locked runtime authority retained; raw secondary textual/segmentation variant recorded
strong_control_sequence_difference,low,resolved_by_locked_runtime_authority_contract,Gal.4.12,uk5-d6b5721bb1dc7da13d31,tagnt,Gal.4.12,Gal.4.12,locked runtime authority retained; raw secondary textual/segmentation variant recorded
strong_control_sequence_difference,low,resolved_by_locked_runtime_authority_contract,Gal.4.14,uk5-6cf7f671c15fa3225983,tagnt,Gal.4.14,Gal.4.14,locked runtime authority retained; raw secondary textual/segmentation variant recorded
strong_control_sequence_difference,low,resolved_by_locked_runtime_authority_contract,Gal.4.15,uk5-66e573d1beb89011873a,tagnt,Gal.4.15,Gal.4.15,locked runtime authority retained; raw secondary textual/segmentation variant recorded
strong_control_sequence_difference,low,resolved_by_locked_runtime_authority_contract,Gal.4.18,uk5-991c1d75476b8bc6e1a0,tagnt,Gal.4.18,Gal.4.18,locked runtime authority retained; raw secondary textual/segmentation variant recorded
strong_control_sequence_difference,low,resolved_by_locked_runtime_authority_contract,Gal.4.19,uk5-a7eea15a1aea2edee590,tagnt,Gal.4.19,Gal.4.19,locked runtime authority retained; raw secondary textual/segmentation variant recorded
strong_control_sequence_difference,low,resolved_by_locked_runtime_authority_contract,Gal.4.21,uk5-7cef8969401dde4e17dd,tagnt,Gal.4.21,Gal.4.21,locked runtime authority retained; raw secondary textual/segmentation variant recorded
strong_control_sequence_difference,low,resolved_by_locked_runtime_authority_contract,Gal.4.26,uk5-0551bc8749ee830a9287,tagnt,Gal.4.26,Gal.4.26,locked runtime authority retained; raw secondary textual/segmentation variant recorded
strong_control_sequence_difference,low,resolved_by_locked_runtime_authority_contract,Gal.4.7,uk5-1546fa4a49ca567b9187,tagnt,Gal.4.7,Gal.4.7,locked runtime authority retained; raw secondary textual/segmentation variant recorded
strong_control_sequence_difference,low,resolved_by_locked_runtime_authority_contract,Gal.5.1,uk5-ddc64c47b6bef11e6294,tagnt,Gal.5.1,Gal.5.1,locked runtime authority retained; raw secondary textual/segmentation variant recorded
strong_control_sequence_difference,low,resolved_by_locked_runtime_authority_contract,Gal.5.25,uk5-3bdce2939c4136a16fa7,tagnt,Gal.5.25,Gal.5.25,locked runtime authority retained; raw secondary textual/segmentation variant recorded
strong_control_sequence_difference,low,resolved_by_locked_runtime_authority_contract,Gal.5.5,uk5-ce04f10106994e83133b,tagnt,Gal.5.5,Gal.5.5,locked runtime authority retained; raw secondary textual/segmentation variant recorded
strong_control_sequence_difference,low,resolved_by_locked_runtime_authority_contract,Gal.5.7,uk5-aafc85db0631386744f2,tagnt,Gal.5.7,Gal.5.7,locked runtime authority retained; raw secondary textual/segmentation variant recorded
strong_control_sequence_difference,low,resolved_by_locked_runtime_authority_contract,Gal.6.11,uk5-c91767accb54a9ba5c8d,tagnt,Gal.6.11,Gal.6.11,locked runtime authority retained; raw secondary textual/segmentation variant recorded
strong_control_sequence_difference,medium,resolved_by_locked_runtime_authority_contract,Gal.6.15,uk5-5cab96ab7e99ab7a11f5,tagnt,Gal.6.15,Gal.6.15,locked runtime authority retained; raw secondary textual/segmentation variant recorded
strong_control_sequence_difference,low,resolved_by_locked_runtime_authority_contract,Gal.6.17,uk5-c209aaa06be2e547795c,tagnt,Gal.6.17,Gal.6.17,locked runtime authority retained; raw secondary textual/segmentation variant recorded
strong_control_sequence_difference,low,resolved_by_locked_runtime_authority_contract,Gal.6.18,uk5-ca13d82506eeac2866db,tagnt,Gal.6.18,Gal.6.18,locked runtime authority retained; raw secondary textual/segmentation variant recorded
strong_control_sequence_difference,low,resolved_by_locked_runtime_authority_contract,Gen.12.4,uk5-6afc636e366a54f3955d,oshb,Gen.12.4,Gen.12.4,locked runtime authority retained; raw secondary textual/segmentation variant recorded
strong_control_sequence_difference,low,resolved_by_locked_runtime_authority_contract,Gen.13.3,uk5-332567a0e2d7c5306962,oshb,Gen.13.3,Gen.13.3,locked runtime authority retained; raw secondary textual/segmentation variant recorded
strong_control_sequence_difference,low,resolved_by_locked_runtime_authority_contract,Gen.14.6,uk5-9a09e0a684d14dc19d0b,oshb,Gen.14.6,Gen.14.6,locked runtime authority retained; raw secondary textual/segmentation variant recorded
strong_control_sequence_difference,low,resolved_by_locked_runtime_authority_contract,Gen.18.22,uk5-17b24c6365a982847c77,oshb,Gen.18.22,Gen.18.22,locked runtime authority retained; raw secondary textual/segmentation variant recorded
strong_control_sequence_difference,low,resolved_by_locked_runtime_authority_contract,Gen.21.2,uk5-6b9111b8bc6774da1ba7,oshb,Gen.21.2,Gen.21.2,locked runtime authority retained; raw secondary textual/segmentation variant recorded
strong_control_sequence_difference,low,resolved_by_locked_runtime_authority_contract,Gen.22.19,uk5-78b09d9e97ef44b1ec57,oshb,Gen.22.19,Gen.22.19,locked runtime authority retained; raw secondary textual/segmentation variant recorded
strong_control_sequence_difference,low,resolved_by_locked_runtime_authority_contract,Gen.24.10,uk5-cbc22b249da19ac539e1,oshb,Gen.24.10,Gen.24.10,locked runtime authority retained; raw secondary textual/segmentation variant recorded
strong_control_sequence_difference,low,resolved_by_locked_runtime_authority_contract,Gen.24.57,uk5-308d7315a2f5a989630e,oshb,Gen.24.57,Gen.24.57,locked runtime authority retained; raw secondary textual/segmentation variant recorded
strong_control_sequence_difference,low,resolved_by_locked_runtime_authority_contract,Gen.24.58,uk5-ff28bbebbfd34d4f3108,oshb,Gen.24.58,Gen.24.58,locked runtime authority retained; raw secondary textual/segmentation variant recorded
strong_control_sequence_difference,low,resolved_by_locked_runtime_authority_contract,Gen.24.61,uk5-6b94def3733b204ba700,oshb,Gen.24.61,Gen.24.61,locked runtime authority retained; raw secondary textual/segmentation variant recorded
strong_control_sequence_difference,low,resolved_by_locked_runtime_authority_contract,Gen.24.62,uk5-a73c43d7651b234cf1eb,oshb,Gen.24.62,Gen.24.62,locked runtime authority retained; raw secondary textual/segmentation variant recorded
strong_control_sequence_difference,low,resolved_by_locked_runtime_authority_contract,Gen.26.13,uk5-cddda575a2acb46b3c8e,oshb,Gen.26.13,Gen.26.13,locked runtime authority retained; raw secondary textual/segmentation variant recorded
strong_control_sequence_difference,low,resolved_by_locked_runtime_authority_contract,Gen.26.23,uk5-0715966c4988f80ca931,oshb,Gen.26.23,Gen.26.23,locked runtime authority retained; raw secondary textual/segmentation variant recorded
strong_control_sequence_difference,low,resolved_by_locked_runtime_authority_contract,Gen.28.10,uk5-7f7fbda65021d9a11341,oshb,Gen.28.10,Gen.28.10,locked runtime authority retained; raw secondary textual/segmentation variant recorded
strong_control_sequence_difference,low,resolved_by_locked_runtime_authority_contract,Gen.28.7,uk5-96abd34f541608f93f46,oshb,Gen.28.7,Gen.28.7,locked runtime authority retained; raw secondary textual/segmentation variant recorded
strong_control_sequence_difference,high,resolved_by_locked_runtime_authority_contract,Gen.31.55,uk5-1037cbc5098f0fff2abc,oshb,Gen.32.1,,locked runtime authority retained; raw secondary textual/segmentation variant recorded
strong_control_sequence_difference,high,resolved_by_locked_runtime_authority_contract,Gen.32.1,uk5-a9a229c57c8241b40bbd,oshb,Gen.32.1,,locked runtime authority retained; raw secondary textual/segmentation variant recorded
strong_control_sequence_difference,high,resolved_by_locked_runtime_authority_contract,Gen.32.10,uk5-13fc35fb37b90ab62704,oshb,Gen.32.10,,locked runtime authority retained; raw secondary textual/segmentation variant recorded
strong_control_sequence_difference,high,resolved_by_locked_runtime_authority_contract,Gen.32.11,uk5-98c49682fe9fe115184e,oshb,Gen.32.11,,locked runtime authority retained; raw secondary textual/segmentation variant recorded
strong_control_sequence_difference,high,resolved_by_locked_runtime_authority_contract,Gen.32.12,uk5-9a898e49818928883029,oshb,Gen.32.12,,locked runtime authority retained; raw secondary textual/segmentation variant recorded
strong_control_sequence_difference,high,resolved_by_locked_runtime_authority_contract,Gen.32.13,uk5-8d2dc8dd0e22a6f167fb,oshb,Gen.32.13,,locked runtime authority retained; raw secondary textual/segmentation variant recorded
strong_control_sequence_difference,high,resolved_by_locked_runtime_authority_contract,Gen.32.14,uk5-57e4dcd6646e67373a85,oshb,Gen.32.14,,locked runtime authority retained; raw secondary textual/segmentation variant recorded
strong_control_sequence_difference,high,resolved_by_locked_runtime_authority_contract,Gen.32.15,uk5-9c9ddc81cf7a20c17b80,oshb,Gen.32.15,,locked runtime authority retained; raw secondary textual/segmentation variant recorded
strong_control_sequence_difference,high,resolved_by_locked_runtime_authority_contract,Gen.32.16,uk5-8bace59d2a4c31506eb8,oshb,Gen.32.16,,locked runtime authority retained; raw secondary textual/segmentation variant recorded
strong_control_sequence_difference,high,resolved_by_locked_runtime_authority_contract,Gen.32.17,uk5-f214891844290f87e0ac,oshb,Gen.32.17,,locked runtime authority retained; raw secondary textual/segmentation variant recorded
strong_control_sequence_difference,high,resolved_by_locked_runtime_authority_contract,Gen.32.18,uk5-46d7641bf94960a7aac7,oshb,Gen.32.18,,locked runtime authority retained; raw secondary textual/segmentation variant recorded
strong_control_sequence_difference,high,resolved_by_locked_runtime_authority_contract,Gen.32.19,uk5-c75e4c61442d9cf99377,oshb,Gen.32.19,,locked runtime authority retained; raw secondary textual/segmentation variant recorded
strong_control_sequence_difference,high,resolved_by_locked_runtime_authority_contract,Gen.32.2,uk5-04a26adc97df99a46278,oshb,Gen.32.2,,locked runtime authority retained; raw secondary textual/segmentation variant recorded
strong_control_sequence_difference,high,resolved_by_locked_runtime_authority_contract,Gen.32.20,uk5-13b1ea8b7629ea5d04cb,oshb,Gen.32.20,,locked runtime authority retained; raw secondary textual/segmentation variant recorded
strong_control_sequence_difference,high,resolved_by_locked_runtime_authority_contract,Gen.32.21,uk5-e6e98bb2c23aa13f68f2,oshb,Gen.32.21,,locked runtime authority retained; raw secondary textual/segmentation variant recorded
strong_control_sequence_difference,high,resolved_by_locked_runtime_authority_contract,Gen.32.22,uk5-3bfe46247263450dede2,oshb,Gen.32.22,,locked runtime authority retained; raw secondary textual/segmentation variant recorded
strong_control_sequence_difference,high,resolved_by_locked_runtime_authority_contract,Gen.32.23,uk5-fb672bbc03752634637e,oshb,Gen.32.23,,locked runtime authority retained; raw secondary textual/segmentation variant recorded
strong_control_sequence_difference,high,resolved_by_locked_runtime_authority_contract,Gen.32.24,uk5-62fd0021342797c3a767,oshb,Gen.32.24,,locked runtime authority retained; raw secondary textual/segmentation variant recorded
strong_control_sequence_difference,high,resolved_by_locked_runtime_authority_contract,Gen.32.25,uk5-ae3d29e5c19274a2561a,oshb,Gen.32.25,,locked runtime authority retained; raw secondary textual/segmentation variant recorded
strong_control_sequence_difference,high,resolved_by_locked_runtime_authority_contract,Gen.32.26,uk5-eeef68b3f5ea89a5d83c,oshb,Gen.32.26,,locked runtime authority retained; raw secondary textual/segmentation variant recorded
strong_control_sequence_difference,high,resolved_by_locked_runtime_authority_contract,Gen.32.27,uk5-b25d44c9eeac1039f080,oshb,Gen.32.27,,locked runtime authority retained; raw secondary textual/segmentation variant recorded
strong_control_sequence_difference,high,resolved_by_locked_runtime_authority_contract,Gen.32.28,uk5-424040ead1967aa64432,oshb,Gen.32.28,,locked runtime authority retained; raw secondary textual/segmentation variant recorded
strong_control_sequence_difference,high,resolved_by_locked_runtime_authority_contract,Gen.32.29,uk5-bc32fa5c157f9d5d6c6a,oshb,Gen.32.29,,locked runtime authority retained; raw secondary textual/segmentation variant recorded
strong_control_sequence_difference,high,resolved_by_locked_runtime_authority_contract,Gen.32.3,uk5-c16915ead27a6c93e486,oshb,Gen.32.3,,locked runtime authority retained; raw secondary textual/segmentation variant recorded
strong_control_sequence_difference,high,resolved_by_locked_runtime_authority_contract,Gen.32.30,uk5-db5af2856c39ab8b0298,oshb,Gen.32.30,,locked runtime authority retained; raw secondary textual/segmentation variant recorded
strong_control_sequence_difference,high,resolved_by_locked_runtime_authority_contract,Gen.32.31,uk5-78e3d4bf2afeb41ec3bf,oshb,Gen.32.31,,locked runtime authority retained; raw secondary textual/segmentation variant recorded
strong_control_sequence_difference,high,resolved_by_locked_runtime_authority_contract,Gen.32.32,uk5-36433223157f65b5cdb6,oshb,Gen.32.32,,locked runtime authority retained; raw secondary textual/segmentation variant recorded
strong_control_sequence_difference,high,resolved_by_locked_runtime_authority_contract,Gen.32.4,uk5-6b29ba5510ecc06fcaef,oshb,Gen.32.4,,locked runtime authority retained; raw secondary textual/segmentation variant recorded
strong_control_sequence_difference,high,resolved_by_locked_runtime_authority_contract,Gen.32.5,uk5-0656431e704151e016b9,oshb,Gen.32.5,,locked runtime authority retained; raw secondary textual/segmentation variant recorded
strong_control_sequence_difference,high,resolved_by_locked_runtime_authority_contract,Gen.32.6,uk5-0fbfca7b6c76b511c12f,oshb,Gen.32.6,,locked runtime authority retained; raw secondary textual/segmentation variant recorded
strong_control_sequence_difference,high,resolved_by_locked_runtime_authority_contract,Gen.32.7,uk5-772bdc4df9382bb9fd85,oshb,Gen.32.7,,locked runtime authority retained; raw secondary textual/segmentation variant recorded
strong_control_sequence_difference,high,resolved_by_locked_runtime_authority_contract,Gen.32.8,uk5-88be264821d5ca69a012,oshb,Gen.32.8,,locked runtime authority retained; raw secondary textual/segmentation variant recorded
strong_control_sequence_difference,high,resolved_by_locked_runtime_authority_contract,Gen.32.9,uk5-c90cdcf542ca2b80bc1e,oshb,Gen.32.9,,locked runtime authority retained; raw secondary textual/segmentation variant recorded
strong_control_sequence_difference,medium,resolved_by_locked_runtime_authority_contract,Gen.33.12,uk5-351d534e3353e13fd7b2,oshb,Gen.33.12,Gen.33.12,locked runtime authority retained; raw secondary textual/segmentation variant recorded
strong_control_sequence_difference,low,resolved_by_locked_runtime_authority_contract,Gen.33.20,uk5-5f75518e796e178796fa,oshb,Gen.33.20,Gen.33.20,locked runtime authority retained; raw secondary textual/segmentation variant recorded
strong_control_sequence_difference,low,resolved_by_locked_runtime_authority_contract,Gen.34.9,uk5-634b21e476e27813bd7d,oshb,Gen.34.9,Gen.34.9,locked runtime authority retained; raw secondary textual/segmentation variant recorded
strong_control_sequence_difference,low,resolved_by_locked_runtime_authority_contract,Gen.35.13,uk5-66ee3d0f176d33466ab6,oshb,Gen.35.13,Gen.35.13,locked runtime authority retained; raw secondary textual/segmentation variant recorded
strong_control_sequence_difference,low,resolved_by_locked_runtime_authority_contract,Gen.35.21,uk5-e0a7cba6b5bced8625aa,oshb,Gen.35.21,Gen.35.21,locked runtime authority retained; raw secondary textual/segmentation variant recorded
strong_control_sequence_difference,low,resolved_by_locked_runtime_authority_contract,Gen.35.7,uk5-b9b29973a63bad745a06,oshb,Gen.35.7,Gen.35.7,locked runtime authority retained; raw secondary textual/segmentation variant recorded
strong_control_sequence_difference,low,resolved_by_locked_runtime_authority_contract,Gen.37.17,uk5-35815d8e63b02cb238cf,oshb,Gen.37.17,Gen.37.17,locked runtime authority retained; raw secondary textual/segmentation variant recorded
strong_control_sequence_difference,low,resolved_by_locked_runtime_authority_contract,Gen.37.6,uk5-ff53fac26c6023b59847,oshb,Gen.37.6,Gen.37.6,locked runtime authority retained; raw secondary textual/segmentation variant recorded
uxlc_independent_surface_difference,medium,resolved_by_locked_runtime_authority_contract,Gen.43.28,uk5-4c6ff16fd92fff8ea01d,oshb,Gen.43.28,Gen.43.28,independent UXLC surface difference recorded; OSHB Strong authority retained
strong_control_sequence_difference,low,resolved_by_locked_runtime_authority_contract,Gen.46.15,uk5-dc788a1e36093d72d2a4,oshb,Gen.46.15,Gen.46.15,locked runtime authority retained; raw secondary textual/segmentation variant recorded
strong_control_sequence_difference,low,resolved_by_locked_runtime_authority_contract,Gen.5.23,uk5-2fb7e77e57ef50142951,oshb,Gen.5.23,Gen.5.23,locked runtime authority retained; raw secondary textual/segmentation variant recorded
strong_control_sequence_difference,low,resolved_by_locked_runtime_authority_contract,Gen.8.5,uk5-44c554726552d62e3e9f,oshb,Gen.8.5,Gen.8.5,locked runtime authority retained; raw secondary textual/segmentation variant recorded
uxlc_independent_surface_difference,medium,resolved_by_locked_runtime_authority_contract,Hab.1.1,uk5-da45f801b2ceab206099,oshb,Hab.1.1,Hab.1.1,independent UXLC surface difference recorded; OSHB Strong authority retained
strong_control_sequence_difference,low,resolved_by_locked_runtime_authority_contract,Hab.3.6,uk5-783a829ff9fcf79bc22a,oshb,Hab.3.6,Hab.3.6,locked runtime authority retained; raw secondary textual/segmentation variant recorded
uxlc_independent_surface_difference,medium,resolved_by_locked_runtime_authority_contract,Hag.1.10,uk5-75776929fea0557b4673,oshb,Hag.1.10,Hag.1.10,independent UXLC surface difference recorded; OSHB Strong authority retained
strong_control_sequence_difference,low,resolved_by_locked_runtime_authority_contract,Heb.1.4,uk5-248e751903225d9f3a2d,tagnt,Heb.1.4,Heb.1.4,locked runtime authority retained; raw secondary textual/segmentation variant recorded
strong_control_sequence_difference,low,resolved_by_locked_runtime_authority_contract,Heb.1.5,uk5-3bf9c10132f9d545b092,tagnt,Heb.1.5,Heb.1.5,locked runtime authority retained; raw secondary textual/segmentation variant recorded
strong_control_sequence_difference,low,resolved_by_locked_runtime_authority_contract,Heb.10.15,uk5-88b2516a9b1bf651b671,tagnt,Heb.10.15,Heb.10.15,locked runtime authority retained; raw secondary textual/segmentation variant recorded
strong_control_sequence_difference,low,resolved_by_locked_runtime_authority_contract,Heb.10.18,uk5-46fd41d58115246ea4d3,tagnt,Heb.10.18,Heb.10.18,locked runtime authority retained; raw secondary textual/segmentation variant recorded
strong_control_sequence_difference,low,resolved_by_locked_runtime_authority_contract,Heb.10.26,uk5-0ef3fd0cd78ba8d1500f,tagnt,Heb.10.26,Heb.10.26,locked runtime authority retained; raw secondary textual/segmentation variant recorded
strong_control_sequence_difference,low,resolved_by_locked_runtime_authority_contract,Heb.10.30,uk5-2d6dcb45c5516d2b45e5,tagnt,Heb.10.30,Heb.10.30,locked runtime authority retained; raw secondary textual/segmentation variant recorded
strong_control_sequence_difference,low,resolved_by_locked_runtime_authority_contract,Heb.10.34,uk5-0f81ad57afa6475cbbfa,tagnt,Heb.10.34,Heb.10.34,locked runtime authority retained; raw secondary textual/segmentation variant recorded
strong_control_sequence_difference,low,resolved_by_locked_runtime_authority_contract,Heb.10.38,uk5-373e8db233aa08257cb8,tagnt,Heb.10.38,Heb.10.38,locked runtime authority retained; raw secondary textual/segmentation variant recorded
strong_control_sequence_difference,low,resolved_by_locked_runtime_authority_contract,Heb.10.7,uk5-e9c011e9d8cbf3a435f5,tagnt,Heb.10.7,Heb.10.7,locked runtime authority retained; raw secondary textual/segmentation variant recorded
strong_control_sequence_difference,low,resolved_by_locked_runtime_authority_contract,Heb.10.9,uk5-0c209a7db3e80bbd2690,tagnt,Heb.10.9,Heb.10.9,locked runtime authority retained; raw secondary textual/segmentation variant recorded
strong_control_sequence_difference,low,resolved_by_locked_runtime_authority_contract,Heb.11.32,uk5-7f012f2375d1fed7a46f,tagnt,Heb.11.32,Heb.11.32,locked runtime authority retained; raw secondary textual/segmentation variant recorded
strong_control_sequence_difference,low,resolved_by_locked_runtime_authority_contract,Heb.11.40,uk5-dc1f3d69ec58d656c958,tagnt,Heb.11.40,Heb.11.40,locked runtime authority retained; raw secondary textual/segmentation variant recorded
strong_control_sequence_difference,low,resolved_by_locked_runtime_authority_contract,Heb.12.1,uk5-50802f5c1d6357659683,tagnt,Heb.12.1,Heb.12.1,locked runtime authority retained; raw secondary textual/segmentation variant recorded
strong_control_sequence_difference,low,resolved_by_locked_runtime_authority_contract,Heb.12.20,uk5-a9bfa31bbcea4d33e762,tagnt,Heb.12.20,Heb.12.20,locked runtime authority retained; raw secondary textual/segmentation variant recorded
strong_control_sequence_difference,low,resolved_by_locked_runtime_authority_contract,Heb.12.22,uk5-9cd9d3649dca45458bb1,tagnt,Heb.12.22,Heb.12.22,locked runtime authority retained; raw secondary textual/segmentation variant recorded
strong_control_sequence_difference,low,resolved_by_locked_runtime_authority_contract,Heb.12.29,uk5-fc0ba06fa4d77a2b44a0,tagnt,Heb.12.29,Heb.12.29,locked runtime authority retained; raw secondary textual/segmentation variant recorded
strong_control_sequence_difference,low,resolved_by_locked_runtime_authority_contract,Heb.13.21,uk5-7826a9c8a93bcfd25263,tagnt,Heb.13.21,Heb.13.21,locked runtime authority retained; raw secondary textual/segmentation variant recorded
strong_control_sequence_difference,medium,resolved_by_locked_runtime_authority_contract,Heb.13.25,uk5-e6429d1ced05ea071524,tagnt,Heb.13.25,Heb.13.25,locked runtime authority retained; raw secondary textual/segmentation variant recorded
strong_control_sequence_difference,low,resolved_by_locked_runtime_authority_contract,Heb.13.6,uk5-3a1e611a0c7c94e12ab2,tagnt,Heb.13.6,Heb.13.6,locked runtime authority retained; raw secondary textual/segmentation variant recorded
strong_control_sequence_difference,medium,resolved_by_locked_runtime_authority_contract,Heb.2.1,uk5-0fe9930410fd4fa44451,tagnt,Heb.2.1,Heb.2.1,locked runtime authority retained; raw secondary textual/segmentation variant recorded
strong_control_sequence_difference,low,resolved_by_locked_runtime_authority_contract,Heb.2.13,uk5-f58931c42dd78f1bd2f9,tagnt,Heb.2.13,Heb.2.13,locked runtime authority retained; raw secondary textual/segmentation variant recorded
strong_control_sequence_difference,low,resolved_by_locked_runtime_authority_contract,Heb.2.16,uk5-c4d62a0537bcc134e5e5,tagnt,Heb.2.16,Heb.2.16,locked runtime authority retained; raw secondary textual/segmentation variant recorded
strong_control_sequence_difference,low,resolved_by_locked_runtime_authority_contract,Heb.2.18,uk5-8251a5703507faaeaa9f,tagnt,Heb.2.18,Heb.2.18,locked runtime authority retained; raw secondary textual/segmentation variant recorded
strong_control_sequence_difference,low,resolved_by_locked_runtime_authority_contract,Heb.2.3,uk5-b8a968c2f4f6bb36ef3c,tagnt,Heb.2.3,Heb.2.3,locked runtime authority retained; raw secondary textual/segmentation variant recorded
strong_control_sequence_difference,high,resolved_by_locked_runtime_authority_contract,Heb.2.7,uk5-d78c46e8d0326cd5af38,tagnt,Heb.2.7,Heb.2.7,locked runtime authority retained; raw secondary textual/segmentation variant recorded
strong_control_sequence_difference,low,resolved_by_locked_runtime_authority_contract,Heb.3.1,uk5-aec846b6b5bb02d72d03,tagnt,Heb.3.1,Heb.3.1,locked runtime authority retained; raw secondary textual/segmentation variant recorded
strong_control_sequence_difference,low,resolved_by_locked_runtime_authority_contract,Heb.3.10,uk5-e72342dbe7566751ee5b,tagnt,Heb.3.10,Heb.3.10,locked runtime authority retained; raw secondary textual/segmentation variant recorded
strong_control_sequence_difference,low,resolved_by_locked_runtime_authority_contract,Heb.3.11,uk5-57385c4171a077587a75,tagnt,Heb.3.11,Heb.3.11,locked runtime authority retained; raw secondary textual/segmentation variant recorded
strong_control_sequence_difference,low,resolved_by_locked_runtime_authority_contract,Heb.3.6,uk5-c191671da29fa055bfcd,tagnt,Heb.3.6,Heb.3.6,locked runtime authority retained; raw secondary textual/segmentation variant recorded
strong_control_sequence_difference,low,resolved_by_locked_runtime_authority_contract,Heb.3.9,uk5-ca85f880acb50d53d9de,tagnt,Heb.3.9,Heb.3.9,locked runtime authority retained; raw secondary textual/segmentation variant recorded
strong_control_sequence_difference,low,resolved_by_locked_runtime_authority_contract,Heb.4.3,uk5-3f2e5c299deb89a4a919,tagnt,Heb.4.3,Heb.4.3,locked runtime authority retained; raw secondary textual/segmentation variant recorded
strong_control_sequence_difference,low,resolved_by_locked_runtime_authority_contract,Heb.5.8,uk5-987b438e3a8364cae0d8,tagnt,Heb.5.8,Heb.5.8,locked runtime authority retained; raw secondary textual/segmentation variant recorded
strong_control_sequence_difference,medium,resolved_by_locked_runtime_authority_contract,Heb.7.20,uk5-ae67ebf78973295df1a6,tagnt,Heb.7.20,Heb.7.20,locked runtime authority retained; raw secondary textual/segmentation variant recorded
strong_control_sequence_difference,low,resolved_by_locked_runtime_authority_contract,Heb.7.22,uk5-a4129366d63ca4c3c907,tagnt,Heb.7.22,Heb.7.22,locked runtime authority retained; raw secondary textual/segmentation variant recorded
strong_control_sequence_difference,low,resolved_by_locked_runtime_authority_contract,Heb.8.12,uk5-2c2b5a94a8c98c9052a6,tagnt,Heb.8.12,Heb.8.12,locked runtime authority retained; raw secondary textual/segmentation variant recorded
strong_control_sequence_difference,low,resolved_by_locked_runtime_authority_contract,Heb.8.6,uk5-05f330560bb74d252537,tagnt,Heb.8.6,Heb.8.6,locked runtime authority retained; raw secondary textual/segmentation variant recorded
strong_control_sequence_difference,low,resolved_by_locked_runtime_authority_contract,Heb.8.8,uk5-af7ea7c3bd6c4f50d840,tagnt,Heb.8.8,Heb.8.8,locked runtime authority retained; raw secondary textual/segmentation variant recorded
strong_control_sequence_difference,low,resolved_by_locked_runtime_authority_contract,Heb.9.1,uk5-e8811f0300e89bbc4cba,tagnt,Heb.9.1,Heb.9.1,locked runtime authority retained; raw secondary textual/segmentation variant recorded
strong_control_sequence_difference,low,resolved_by_locked_runtime_authority_contract,Heb.9.10,uk5-df9d496e86a93734a3ae,tagnt,Heb.9.10,Heb.9.10,locked runtime authority retained; raw secondary textual/segmentation variant recorded
strong_control_sequence_difference,low,resolved_by_locked_runtime_authority_contract,Heb.9.17,uk5-df51bef2bcb72a3331bb,tagnt,Heb.9.17,Heb.9.17,locked runtime authority retained; raw secondary textual/segmentation variant recorded
strong_control_sequence_difference,low,resolved_by_locked_runtime_authority_contract,Heb.9.23,uk5-f26715cdf6f1736b1fba,tagnt,Heb.9.23,Heb.9.23,locked runtime authority retained; raw secondary textual/segmentation variant recorded
strong_control_sequence_difference,low,resolved_by_locked_runtime_authority_contract,Heb.9.8,uk5-d79512e34ff92b73b785,tagnt,Heb.9.8,Heb.9.8,locked runtime authority retained; raw secondary textual/segmentation variant recorded
strong_control_sequence_difference,high,resolved_by_locked_runtime_authority_contract,Hos.1.10,uk5-bc35af365ebcf4f1c6c2,oshb,Hos.2.1,,locked runtime authority retained; raw secondary textual/segmentation variant recorded
strong_control_sequence_difference,high,resolved_by_locked_runtime_authority_contract,Hos.1.11,uk5-1cbcf8c8d93a3f37da87,oshb,Hos.2.2,,locked runtime authority retained; raw secondary textual/segmentation variant recorded
strong_control_sequence_difference,high,resolved_by_locked_runtime_authority_contract,Hos.11.12,uk5-8cb773ed7651a394f678,oshb,Hos.12.1,,locked runtime authority retained; raw secondary textual/segmentation variant recorded
strong_control_sequence_difference,high,resolved_by_locked_runtime_authority_contract,Hos.12.1,uk5-9942b0db053fe1dbd8d5,oshb,Hos.12.1,,locked runtime authority retained; raw secondary textual/segmentation variant recorded
strong_control_sequence_difference,high,resolved_by_locked_runtime_authority_contract,Hos.12.10,uk5-6996552a4c2d29a32bed,oshb,Hos.12.10,,locked runtime authority retained; raw secondary textual/segmentation variant recorded
strong_control_sequence_difference,high,resolved_by_locked_runtime_authority_contract,Hos.12.11,uk5-7dcdaabbb58f2332bb98,oshb,Hos.12.11,,locked runtime authority retained; raw secondary textual/segmentation variant recorded
strong_control_sequence_difference,high,resolved_by_locked_runtime_authority_contract,Hos.12.12,uk5-1b098b1204cb580fed59,oshb,Hos.12.12,,locked runtime authority retained; raw secondary textual/segmentation variant recorded
strong_control_sequence_difference,high,resolved_by_locked_runtime_authority_contract,Hos.12.13,uk5-b9e9f56de044a8bac947,oshb,Hos.12.13,,locked runtime authority retained; raw secondary textual/segmentation variant recorded
strong_control_sequence_difference,high,resolved_by_locked_runtime_authority_contract,Hos.12.14,uk5-758c56701d1529dd08b8,oshb,Hos.12.14,,locked runtime authority retained; raw secondary textual/segmentation variant recorded
strong_control_sequence_difference,high,resolved_by_locked_runtime_authority_contract,Hos.12.2,uk5-4b0ae6bb7d09234dd747,oshb,Hos.12.2,,locked runtime authority retained; raw secondary textual/segmentation variant recorded
strong_control_sequence_difference,high,resolved_by_locked_runtime_authority_contract,Hos.12.3,uk5-ace33f18455fda578a46,oshb,Hos.12.3,,locked runtime authority retained; raw secondary textual/segmentation variant recorded
strong_control_sequence_difference,high,resolved_by_locked_runtime_authority_contract,Hos.12.4,uk5-e792c70ddfc70dff4716,oshb,Hos.12.4,,locked runtime authority retained; raw secondary textual/segmentation variant recorded
strong_control_sequence_difference,high,resolved_by_locked_runtime_authority_contract,Hos.12.5,uk5-72a967b8dee4a22f1e9f,oshb,Hos.12.5,,locked runtime authority retained; raw secondary textual/segmentation variant recorded
strong_control_sequence_difference,high,resolved_by_locked_runtime_authority_contract,Hos.12.6,uk5-43796e68c64a75b1883c,oshb,Hos.12.6,,locked runtime authority retained; raw secondary textual/segmentation variant recorded
strong_control_sequence_difference,high,resolved_by_locked_runtime_authority_contract,Hos.12.7,uk5-d121b647a5dcf8d97cbe,oshb,Hos.12.7,,locked runtime authority retained; raw secondary textual/segmentation variant recorded
strong_control_sequence_difference,high,resolved_by_locked_runtime_authority_contract,Hos.12.8,uk5-8591522615dd02d7dd32,oshb,Hos.12.8,,locked runtime authority retained; raw secondary textual/segmentation variant recorded
strong_control_sequence_difference,high,resolved_by_locked_runtime_authority_contract,Hos.12.9,uk5-d9cf8fe6b791892b3f6b,oshb,Hos.12.9,,locked runtime authority retained; raw secondary textual/segmentation variant recorded
strong_control_sequence_difference,high,resolved_by_locked_runtime_authority_contract,Hos.13.16,uk5-88f331b956e8a6e841a4,oshb,Hos.14.1,,locked runtime authority retained; raw secondary textual/segmentation variant recorded
strong_control_sequence_difference,high,resolved_by_locked_runtime_authority_contract,Hos.14.1,uk5-648a8df6cfdc10140dbc,oshb,Hos.14.1,,locked runtime authority retained; raw secondary textual/segmentation variant recorded
strong_control_sequence_difference,high,resolved_by_locked_runtime_authority_contract,Hos.14.2,uk5-602463679813690e1f9c,oshb,Hos.14.2,,locked runtime authority retained; raw secondary textual/segmentation variant recorded
strong_control_sequence_difference,high,resolved_by_locked_runtime_authority_contract,Hos.14.3,uk5-44fc0dcaed89da9cd0ec,oshb,Hos.14.3,,locked runtime authority retained; raw secondary textual/segmentation variant recorded
strong_control_sequence_difference,high,resolved_by_locked_runtime_authority_contract,Hos.14.4,uk5-c28abe731b1e6ae2cb91,oshb,Hos.14.4,,locked runtime authority retained; raw secondary textual/segmentation variant recorded
strong_control_sequence_difference,high,resolved_by_locked_runtime_authority_contract,Hos.14.5,uk5-8e07d0623122214da5c4,oshb,Hos.14.5,,locked runtime authority retained; raw secondary textual/segmentation variant recorded
strong_control_sequence_difference,high,resolved_by_locked_runtime_authority_contract,Hos.14.6,uk5-ec541520c1ae06353d9f,oshb,Hos.14.6,,locked runtime authority retained; raw secondary textual/segmentation variant recorded
strong_control_sequence_difference,high,resolved_by_locked_runtime_authority_contract,Hos.14.7,uk5-5945dcd9f89cfa64f24c,oshb,Hos.14.7,,locked runtime authority retained; raw secondary textual/segmentation variant recorded
strong_control_sequence_difference,high,resolved_by_locked_runtime_authority_contract,Hos.14.8,uk5-15c6e5b0e40ea3025c04,oshb,Hos.14.8,,locked runtime authority retained; raw secondary textual/segmentation variant recorded
strong_control_sequence_difference,high,resolved_by_locked_runtime_authority_contract,Hos.14.9,uk5-222c319c03bb7aa9d347,oshb,Hos.14.9,,locked runtime authority retained; raw secondary textual/segmentation variant recorded
strong_control_sequence_difference,high,resolved_by_locked_runtime_authority_contract,Hos.2.1,uk5-bc0b9592153e55ea655f,oshb,Hos.2.1,,locked runtime authority retained; raw secondary textual/segmentation variant recorded
strong_control_sequence_difference,high,resolved_by_locked_runtime_authority_contract,Hos.2.10,uk5-51a1d144a1078fd1175a,oshb,Hos.2.10,,locked runtime authority retained; raw secondary textual/segmentation variant recorded
strong_control_sequence_difference,high,resolved_by_locked_runtime_authority_contract,Hos.2.11,uk5-9a29c2e1f3ceea2f125c,oshb,Hos.2.11,,locked runtime authority retained; raw secondary textual/segmentation variant recorded
strong_control_sequence_difference,high,resolved_by_locked_runtime_authority_contract,Hos.2.12,uk5-9db1228307a7c6cca9d1,oshb,Hos.2.12,,locked runtime authority retained; raw secondary textual/segmentation variant recorded
strong_control_sequence_difference,high,resolved_by_locked_runtime_authority_contract,Hos.2.13,uk5-033ce8ab37c480234fb6,oshb,Hos.2.13,,locked runtime authority retained; raw secondary textual/segmentation variant recorded
strong_control_sequence_difference,high,resolved_by_locked_runtime_authority_contract,Hos.2.14,uk5-62ec3b297965b72fcff8,oshb,Hos.2.14,,locked runtime authority retained; raw secondary textual/segmentation variant recorded
strong_control_sequence_difference,high,resolved_by_locked_runtime_authority_contract,Hos.2.15,uk5-04621f17c3b17693246e,oshb,Hos.2.15,,locked runtime authority retained; raw secondary textual/segmentation variant recorded
strong_control_sequence_difference,high,resolved_by_locked_runtime_authority_contract,Hos.2.16,uk5-9cb3d3a757a15932061e,oshb,Hos.2.16,,locked runtime authority retained; raw secondary textual/segmentation variant recorded
uxlc_independent_surface_difference,medium,resolved_by_locked_runtime_authority_contract,Hos.2.16,uk5-9cb3d3a757a15932061e,oshb,Hos.2.16,Hos.2.16,independent UXLC surface difference recorded; OSHB Strong authority retained
strong_control_sequence_difference,high,resolved_by_locked_runtime_authority_contract,Hos.2.17,uk5-e988e913c5b03e2f4b67,oshb,Hos.2.17,,locked runtime authority retained; raw secondary textual/segmentation variant recorded
strong_control_sequence_difference,high,resolved_by_locked_runtime_authority_contract,Hos.2.18,uk5-2cd507ff575be33eafc8,oshb,Hos.2.18,,locked runtime authority retained; raw secondary textual/segmentation variant recorded
strong_control_sequence_difference,high,resolved_by_locked_runtime_authority_contract,Hos.2.19,uk5-2abdc24f5db4b50163e1,oshb,Hos.2.19,,locked runtime authority retained; raw secondary textual/segmentation variant recorded
strong_control_sequence_difference,high,resolved_by_locked_runtime_authority_contract,Hos.2.2,uk5-96b862393279a7b28f9f,oshb,Hos.2.2,,locked runtime authority retained; raw secondary textual/segmentation variant recorded
strong_control_sequence_difference,high,resolved_by_locked_runtime_authority_contract,Hos.2.20,uk5-2d10cf491624ef978958,oshb,Hos.2.20,,locked runtime authority retained; raw secondary textual/segmentation variant recorded
strong_control_sequence_difference,high,resolved_by_locked_runtime_authority_contract,Hos.2.21,uk5-6ed601c4c317a2ac2e2f,oshb,Hos.2.21,,locked runtime authority retained; raw secondary textual/segmentation variant recorded
strong_control_sequence_difference,high,resolved_by_locked_runtime_authority_contract,Hos.2.22,uk5-6a3abf6ad8776a5ae894,oshb,Hos.2.22,,locked runtime authority retained; raw secondary textual/segmentation variant recorded
strong_control_sequence_difference,high,resolved_by_locked_runtime_authority_contract,Hos.2.23,uk5-082cffd2cb5648692ff1,oshb,Hos.2.23,,locked runtime authority retained; raw secondary textual/segmentation variant recorded
strong_control_sequence_difference,high,resolved_by_locked_runtime_authority_contract,Hos.2.3,uk5-3c6298023cfd7563923f,oshb,Hos.2.3,,locked runtime authority retained; raw secondary textual/segmentation variant recorded
strong_control_sequence_difference,high,resolved_by_locked_runtime_authority_contract,Hos.2.4,uk5-822211aca6e11bd5af0a,oshb,Hos.2.4,,locked runtime authority retained; raw secondary textual/segmentation variant recorded
strong_control_sequence_difference,high,resolved_by_locked_runtime_authority_contract,Hos.2.5,uk5-38d5e2ea523dde58c14b,oshb,Hos.2.5,,locked runtime authority retained; raw secondary textual/segmentation variant recorded
strong_control_sequence_difference,high,resolved_by_locked_runtime_authority_contract,Hos.2.6,uk5-50bc0e04318862a08c70,oshb,Hos.2.6,,locked runtime authority retained; raw secondary textual/segmentation variant recorded
strong_control_sequence_difference,high,resolved_by_locked_runtime_authority_contract,Hos.2.7,uk5-a9b1a550af938ef00154,oshb,Hos.2.7,,locked runtime authority retained; raw secondary textual/segmentation variant recorded
strong_control_sequence_difference,high,resolved_by_locked_runtime_authority_contract,Hos.2.8,uk5-4e38cedd99d7e227afe7,oshb,Hos.2.8,,locked runtime authority retained; raw secondary textual/segmentation variant recorded
strong_control_sequence_difference,high,resolved_by_locked_runtime_authority_contract,Hos.2.9,uk5-621ea3a0bdf4e1b9831f,oshb,Hos.2.9,,locked runtime authority retained; raw secondary textual/segmentation variant recorded
strong_control_sequence_difference,low,resolved_by_locked_runtime_authority_contract,Hos.4.17,uk5-8eb8bcb2084898da5223,oshb,Hos.4.17,Hos.4.17,locked runtime authority retained; raw secondary textual/segmentation variant recorded
strong_control_sequence_difference,low,resolved_by_locked_runtime_authority_contract,Hos.4.7,uk5-203286f07d3716e88cf6,oshb,Hos.4.7,Hos.4.7,locked runtime authority retained; raw secondary textual/segmentation variant recorded
strong_control_sequence_difference,low,resolved_by_locked_runtime_authority_contract,Isa.10.16,uk5-4cdab01a2b2dc7b01fbc,oshb,Isa.10.16,Isa.10.16,locked runtime authority retained; raw secondary textual/segmentation variant recorded
strong_control_sequence_difference,medium,resolved_by_locked_runtime_authority_contract,Isa.2.5,uk5-2a3fb646c849dd636aad,oshb,Isa.2.5,Isa.2.5,locked runtime authority retained; raw secondary textual/segmentation variant recorded
strong_control_sequence_difference,low,resolved_by_locked_runtime_authority_contract,Isa.26.20,uk5-d8e79b6ce57e064673d4,oshb,Isa.26.20,Isa.26.20,locked runtime authority retained; raw secondary textual/segmentation variant recorded
strong_control_sequence_difference,low,resolved_by_locked_runtime_authority_contract,Isa.27.2,uk5-12eed6f9d1cfc3597da7,oshb,Isa.27.2,Isa.27.2,locked runtime authority retained; raw secondary textual/segmentation variant recorded
strong_control_sequence_difference,low,resolved_by_locked_runtime_authority_contract,Isa.3.16,uk5-557ce879768f89d120fa,oshb,Isa.3.16,Isa.3.16,locked runtime authority retained; raw secondary textual/segmentation variant recorded
strong_control_sequence_difference,low,resolved_by_locked_runtime_authority_contract,Isa.30.21,uk5-8661a2f87ee4dd8da442,oshb,Isa.30.21,Isa.30.21,locked runtime authority retained; raw secondary textual/segmentation variant recorded
strong_control_sequence_difference,low,resolved_by_locked_runtime_authority_contract,Isa.32.4,uk5-6b4aa8550573bc7842fa,oshb,Isa.32.4,Isa.32.4,locked runtime authority retained; raw secondary textual/segmentation variant recorded
strong_control_sequence_difference,low,resolved_by_locked_runtime_authority_contract,Isa.32.8,uk5-fcaefc498c0e411dd8d5,oshb,Isa.32.8,Isa.32.8,locked runtime authority retained; raw secondary textual/segmentation variant recorded
strong_control_sequence_difference,low,resolved_by_locked_runtime_authority_contract,Isa.33.16,uk5-f2f0287f75da3dc120d1,oshb,Isa.33.16,Isa.33.16,locked runtime authority retained; raw secondary textual/segmentation variant recorded
strong_control_sequence_difference,low,resolved_by_locked_runtime_authority_contract,Isa.33.17,uk5-dc4dd8dbd99cae1f697f,oshb,Isa.33.17,Isa.33.17,locked runtime authority retained; raw secondary textual/segmentation variant recorded
strong_control_sequence_difference,low,resolved_by_locked_runtime_authority_contract,Isa.40.29,uk5-b28f4236d2b4dfa027bf,oshb,Isa.40.29,Isa.40.29,locked runtime authority retained; raw secondary textual/segmentation variant recorded
strong_control_sequence_difference,low,resolved_by_locked_runtime_authority_contract,Isa.41.3,uk5-1312bc0aaefcd87ad243,oshb,Isa.41.3,Isa.41.3,locked runtime authority retained; raw secondary textual/segmentation variant recorded
strong_control_sequence_difference,low,resolved_by_locked_runtime_authority_contract,Isa.45.16,uk5-663102b0b470cfe3ecfd,oshb,Isa.45.16,Isa.45.16,locked runtime authority retained; raw secondary textual/segmentation variant recorded
strong_control_sequence_difference,low,resolved_by_locked_runtime_authority_contract,Isa.55.1,uk5-519702c7b61ee846648a,oshb,Isa.55.1,Isa.55.1,locked runtime authority retained; raw secondary textual/segmentation variant recorded
strong_control_sequence_difference,high,resolved_by_locked_runtime_authority_contract,Isa.63.19,uk5-c4d8a033dffe8953056b,oshb,Isa.63.19,Isa.63.19,locked runtime authority retained; raw secondary textual/segmentation variant recorded
strong_control_sequence_difference,high,resolved_by_locked_runtime_authority_contract,Isa.64.1,uk5-d7befaad508e90411dd9,oshb,Isa.64.1,,locked runtime authority retained; raw secondary textual/segmentation variant recorded
strong_control_sequence_difference,high,resolved_by_locked_runtime_authority_contract,Isa.64.10,uk5-c7c64c3c5b6c1c3565b0,oshb,Isa.64.10,,locked runtime authority retained; raw secondary textual/segmentation variant recorded
strong_control_sequence_difference,high,resolved_by_locked_runtime_authority_contract,Isa.64.11,uk5-35576ebacc5d878e3107,oshb,Isa.64.11,,locked runtime authority retained; raw secondary textual/segmentation variant recorded
strong_control_sequence_difference,high,resolved_by_locked_runtime_authority_contract,Isa.64.12,uk5-7ee71f0cb24cf1d664be,oshb,Isa.64.11,,locked runtime authority retained; raw secondary textual/segmentation variant recorded
strong_control_sequence_difference,high,resolved_by_locked_runtime_authority_contract,Isa.64.2,uk5-d80ed124ea43fe54d86b,oshb,Isa.64.2,,locked runtime authority retained; raw secondary textual/segmentation variant recorded
strong_control_sequence_difference,high,resolved_by_locked_runtime_authority_contract,Isa.64.3,uk5-a4b0eb4c47fd5d22c0d6,oshb,Isa.64.3,,locked runtime authority retained; raw secondary textual/segmentation variant recorded
strong_control_sequence_difference,high,resolved_by_locked_runtime_authority_contract,Isa.64.4,uk5-af156ffd0c5431e2790e,oshb,Isa.64.4,,locked runtime authority retained; raw secondary textual/segmentation variant recorded
strong_control_sequence_difference,high,resolved_by_locked_runtime_authority_contract,Isa.64.5,uk5-9d3b05b067510527d2e1,oshb,Isa.64.5,,locked runtime authority retained; raw secondary textual/segmentation variant recorded
strong_control_sequence_difference,high,resolved_by_locked_runtime_authority_contract,Isa.64.6,uk5-db02701835d9cbb96933,oshb,Isa.64.6,,locked runtime authority retained; raw secondary textual/segmentation variant recorded
strong_control_sequence_difference,high,resolved_by_locked_runtime_authority_contract,Isa.64.7,uk5-8da0fffc825cb560b17b,oshb,Isa.64.7,,locked runtime authority retained; raw secondary textual/segmentation variant recorded
strong_control_sequence_difference,high,resolved_by_locked_runtime_authority_contract,Isa.64.8,uk5-eee72c8c403ef4e04840,oshb,Isa.64.8,,locked runtime authority retained; raw secondary textual/segmentation variant recorded
strong_control_sequence_difference,high,resolved_by_locked_runtime_authority_contract,Isa.64.9,uk5-6c7b7e160d19a239419d,oshb,Isa.64.9,,locked runtime authority retained; raw secondary textual/segmentation variant recorded
strong_control_sequence_difference,low,resolved_by_locked_runtime_authority_contract,Isa.65.4,uk5-00c52f17e76f87a48775,oshb,Isa.65.4,Isa.65.4,locked runtime authority retained; raw secondary textual/segmentation variant recorded
strong_control_sequence_difference,low,resolved_by_locked_runtime_authority_contract,Isa.8.1,uk5-a80fa6d6698ce50b1a3e,oshb,Isa.8.1,Isa.8.1,locked runtime authority retained; raw secondary textual/segmentation variant recorded
strong_control_sequence_difference,low,resolved_by_locked_runtime_authority_contract,Isa.8.3,uk5-a646818f2d21a9fe3360,oshb,Isa.8.3,Isa.8.3,locked runtime authority retained; raw secondary textual/segmentation variant recorded
strong_control_sequence_difference,high,resolved_by_locked_runtime_authority_contract,Isa.9.1,uk5-f9003dbba708cc469ec8,oshb,Isa.9.1,,locked runtime authority retained; raw secondary textual/segmentation variant recorded
strong_control_sequence_difference,high,resolved_by_locked_runtime_authority_contract,Isa.9.10,uk5-9e552f9ee73572337f6e,oshb,Isa.9.10,,locked runtime authority retained; raw secondary textual/segmentation variant recorded
strong_control_sequence_difference,high,resolved_by_locked_runtime_authority_contract,Isa.9.11,uk5-3d9b3b3ed2151f6e2360,oshb,Isa.9.11,,locked runtime authority retained; raw secondary textual/segmentation variant recorded
strong_control_sequence_difference,high,resolved_by_locked_runtime_authority_contract,Isa.9.12,uk5-9b7c5008e186fd136eda,oshb,Isa.9.12,,locked runtime authority retained; raw secondary textual/segmentation variant recorded
strong_control_sequence_difference,high,resolved_by_locked_runtime_authority_contract,Isa.9.13,uk5-1b14baa554d25452bba9,oshb,Isa.9.13,,locked runtime authority retained; raw secondary textual/segmentation variant recorded
strong_control_sequence_difference,high,resolved_by_locked_runtime_authority_contract,Isa.9.14,uk5-9415773fb170e6e35fb9,oshb,Isa.9.14,,locked runtime authority retained; raw secondary textual/segmentation variant recorded
strong_control_sequence_difference,high,resolved_by_locked_runtime_authority_contract,Isa.9.15,uk5-fb044f69f9ee4c8da52e,oshb,Isa.9.15,,locked runtime authority retained; raw secondary textual/segmentation variant recorded
strong_control_sequence_difference,high,resolved_by_locked_runtime_authority_contract,Isa.9.16,uk5-1a0ff1aa40b54d4670de,oshb,Isa.9.16,,locked runtime authority retained; raw secondary textual/segmentation variant recorded
strong_control_sequence_difference,high,resolved_by_locked_runtime_authority_contract,Isa.9.17,uk5-f76f6022e8bb2c729123,oshb,Isa.9.17,,locked runtime authority retained; raw secondary textual/segmentation variant recorded
strong_control_sequence_difference,high,resolved_by_locked_runtime_authority_contract,Isa.9.18,uk5-6fe0411e83efc3160565,oshb,Isa.9.18,,locked runtime authority retained; raw secondary textual/segmentation variant recorded
strong_control_sequence_difference,high,resolved_by_locked_runtime_authority_contract,Isa.9.19,uk5-73662c4b17a9266701fd,oshb,Isa.9.19,,locked runtime authority retained; raw secondary textual/segmentation variant recorded
strong_control_sequence_difference,high,resolved_by_locked_runtime_authority_contract,Isa.9.2,uk5-1fc00150007403c16530,oshb,Isa.9.2,,locked runtime authority retained; raw secondary textual/segmentation variant recorded
strong_control_sequence_difference,high,resolved_by_locked_runtime_authority_contract,Isa.9.20,uk5-df2757b380018def3734,oshb,Isa.9.20,,locked runtime authority retained; raw secondary textual/segmentation variant recorded
strong_control_sequence_difference,high,resolved_by_locked_runtime_authority_contract,Isa.9.21,uk5-686b35f3d3fdac91e6a5,oshb,Isa.9.20,,locked runtime authority retained; raw secondary textual/segmentation variant recorded
strong_control_sequence_difference,high,resolved_by_locked_runtime_authority_contract,Isa.9.3,uk5-d2d932089f78298d610c,oshb,Isa.9.3,,locked runtime authority retained; raw secondary textual/segmentation variant recorded
strong_control_sequence_difference,high,resolved_by_locked_runtime_authority_contract,Isa.9.4,uk5-adefede950aac6b621f4,oshb,Isa.9.4,,locked runtime authority retained; raw secondary textual/segmentation variant recorded
strong_control_sequence_difference,high,resolved_by_locked_runtime_authority_contract,Isa.9.5,uk5-31bf7b25f7312552846a,oshb,Isa.9.5,,locked runtime authority retained; raw secondary textual/segmentation variant recorded
strong_control_sequence_difference,high,resolved_by_locked_runtime_authority_contract,Isa.9.6,uk5-7551c4fff0945aabc114,oshb,Isa.9.6,,locked runtime authority retained; raw secondary textual/segmentation variant recorded
strong_control_sequence_difference,high,resolved_by_locked_runtime_authority_contract,Isa.9.7,uk5-487470009afdcb1b8bd0,oshb,Isa.9.7,,locked runtime authority retained; raw secondary textual/segmentation variant recorded
strong_control_sequence_difference,high,resolved_by_locked_runtime_authority_contract,Isa.9.8,uk5-546a645a1358dc584484,oshb,Isa.9.8,,locked runtime authority retained; raw secondary textual/segmentation variant recorded
strong_control_sequence_difference,high,resolved_by_locked_runtime_authority_contract,Isa.9.9,uk5-36d11ef0ec3aee6e545d,oshb,Isa.9.9,,locked runtime authority retained; raw secondary textual/segmentation variant recorded
strong_control_sequence_difference,low,resolved_by_locked_runtime_authority_contract,Jas.1.13,uk5-54f481d935aca8d56d25,tagnt,Jas.1.13,Jas.1.13,locked runtime authority retained; raw secondary textual/segmentation variant recorded
strong_control_sequence_difference,low,resolved_by_locked_runtime_authority_contract,Jas.1.16,uk5-102c26af06c0a3e2841b,tagnt,Jas.1.16,Jas.1.16,locked runtime authority retained; raw secondary textual/segmentation variant recorded
strong_control_sequence_difference,medium,resolved_by_locked_runtime_authority_contract,Jas.1.18,uk5-05fde5234a48aec9ccd3,tagnt,Jas.1.18,Jas.1.18,locked runtime authority retained; raw secondary textual/segmentation variant recorded
strong_control_sequence_difference,low,resolved_by_locked_runtime_authority_contract,Jas.1.2,uk5-a02648905042c2b0b075,tagnt,Jas.1.2,Jas.1.2,locked runtime authority retained; raw secondary textual/segmentation variant recorded
strong_control_sequence_difference,low,resolved_by_locked_runtime_authority_contract,Jas.1.26,uk5-db8082d08464d42f1b12,tagnt,Jas.1.26,Jas.1.26,locked runtime authority retained; raw secondary textual/segmentation variant recorded
strong_control_sequence_difference,low,resolved_by_locked_runtime_authority_contract,Jas.2.1,uk5-82b9cfd4ccf9143f3060,tagnt,Jas.2.1,Jas.2.1,locked runtime authority retained; raw secondary textual/segmentation variant recorded
strong_control_sequence_difference,low,resolved_by_locked_runtime_authority_contract,Jas.2.11,uk5-1c8d19c1959ce855a9c9,tagnt,Jas.2.11,Jas.2.11,locked runtime authority retained; raw secondary textual/segmentation variant recorded
strong_control_sequence_difference,low,resolved_by_locked_runtime_authority_contract,Jas.2.14,uk5-ab3e67395c8e4d750660,tagnt,Jas.2.14,Jas.2.14,locked runtime authority retained; raw secondary textual/segmentation variant recorded
strong_control_sequence_difference,low,resolved_by_locked_runtime_authority_contract,Jas.2.18,uk5-ebd6f80788276e9f0067,tagnt,Jas.2.18,Jas.2.18,locked runtime authority retained; raw secondary textual/segmentation variant recorded
strong_control_sequence_difference,low,resolved_by_locked_runtime_authority_contract,Jas.2.24,uk5-539aaa194bbcef1d1697,tagnt,Jas.2.24,Jas.2.24,locked runtime authority retained; raw secondary textual/segmentation variant recorded
strong_control_sequence_difference,low,resolved_by_locked_runtime_authority_contract,Jas.2.3,uk5-187c317562832a80e1f5,tagnt,Jas.2.3,Jas.2.3,locked runtime authority retained; raw secondary textual/segmentation variant recorded
strong_control_sequence_difference,low,resolved_by_locked_runtime_authority_contract,Jas.3.1,uk5-ee3716cc48e24e0b7a3f,tagnt,Jas.3.1,Jas.3.1,locked runtime authority retained; raw secondary textual/segmentation variant recorded
strong_control_sequence_difference,low,resolved_by_locked_runtime_authority_contract,Jas.3.12,uk5-eb568d7b9239e79987a6,tagnt,Jas.3.12,Jas.3.12,locked runtime authority retained; raw secondary textual/segmentation variant recorded
strong_control_sequence_difference,low,resolved_by_locked_runtime_authority_contract,Jas.3.4,uk5-b3bb152f76271e91fc5c,tagnt,Jas.3.4,Jas.3.4,locked runtime authority retained; raw secondary textual/segmentation variant recorded
strong_control_sequence_difference,low,resolved_by_locked_runtime_authority_contract,Jas.4.17,uk5-00bca6924a29096b6b2c,tagnt,Jas.4.17,Jas.4.17,locked runtime authority retained; raw secondary textual/segmentation variant recorded
strong_control_sequence_difference,low,resolved_by_locked_runtime_authority_contract,Jas.4.4,uk5-f211df7bbec71cbd9867,tagnt,Jas.4.4,Jas.4.4,locked runtime authority retained; raw secondary textual/segmentation variant recorded
strong_control_sequence_difference,low,resolved_by_locked_runtime_authority_contract,Jas.5.11,uk5-8c801e7545f4f5e80f1e,tagnt,Jas.5.11,Jas.5.11,locked runtime authority retained; raw secondary textual/segmentation variant recorded
strong_control_sequence_difference,low,resolved_by_locked_runtime_authority_contract,Jer.10.12,uk5-344a5919d14bd203230e,oshb,Jer.10.12,Jer.10.12,locked runtime authority retained; raw secondary textual/segmentation variant recorded
strong_control_sequence_difference,low,resolved_by_locked_runtime_authority_contract,Jer.12.1,uk5-c9c065ec7581cecee987,oshb,Jer.12.1,Jer.12.1,locked runtime authority retained; raw secondary textual/segmentation variant recorded
strong_control_sequence_difference,low,resolved_by_locked_runtime_authority_contract,Jer.16.8,uk5-4cc59f79030a3369a5d2,oshb,Jer.16.8,Jer.16.8,locked runtime authority retained; raw secondary textual/segmentation variant recorded
strong_control_sequence_difference,medium,resolved_by_locked_runtime_authority_contract,Jer.19.10,uk5-c620c841ebb2e4f670bb,oshb,Jer.19.10,Jer.19.10,locked runtime authority retained; raw secondary textual/segmentation variant recorded
strong_control_sequence_difference,low,resolved_by_locked_runtime_authority_contract,Jer.22.14,uk5-1b171bcc6e0b7046c980,oshb,Jer.22.14,Jer.22.14,locked runtime authority retained; raw secondary textual/segmentation variant recorded
strong_control_sequence_difference,low,resolved_by_locked_runtime_authority_contract,Jer.22.23,uk5-a5d320cd06d824dc5293,oshb,Jer.22.23,Jer.22.23,locked runtime authority retained; raw secondary textual/segmentation variant recorded
uxlc_independent_surface_difference,medium,resolved_by_locked_runtime_authority_contract,Jer.27.11,uk5-35fedb744428b313926c,oshb,Jer.27.11,Jer.27.11,independent UXLC surface difference recorded; OSHB Strong authority retained
uxlc_independent_surface_difference,medium,resolved_by_locked_runtime_authority_contract,Jer.32.13,uk5-745a4a9b01b0d925f23f,oshb,Jer.32.13,Jer.32.13,independent UXLC surface difference recorded; OSHB Strong authority retained
strong_control_sequence_difference,low,resolved_by_locked_runtime_authority_contract,Jer.37.9,uk5-8cbe1bf26c7dd6777f8c,oshb,Jer.37.9,Jer.37.9,locked runtime authority retained; raw secondary textual/segmentation variant recorded
strong_control_sequence_difference,low,resolved_by_locked_runtime_authority_contract,Jer.39.13,uk5-a95cc9652ec088bd210c,oshb,Jer.39.13,Jer.39.13,locked runtime authority retained; raw secondary textual/segmentation variant recorded
strong_control_sequence_difference,low,resolved_by_locked_runtime_authority_contract,Jer.39.3,uk5-a968b807263c6250c079,oshb,Jer.39.3,Jer.39.3,locked runtime authority retained; raw secondary textual/segmentation variant recorded
strong_control_sequence_difference,medium,resolved_by_locked_runtime_authority_contract,Jer.41.17,uk5-e16fd7b0a087d351f7b4,oshb,Jer.41.17,Jer.41.17,locked runtime authority retained; raw secondary textual/segmentation variant recorded
strong_control_sequence_difference,low,resolved_by_locked_runtime_authority_contract,Jer.46.22,uk5-df3d1b0e6d1b81e59bd1,oshb,Jer.46.22,Jer.46.22,locked runtime authority retained; raw secondary textual/segmentation variant recorded
strong_control_sequence_difference,low,resolved_by_locked_runtime_authority_contract,Jer.48.1,uk5-c87adb3224b888e5ba2b,oshb,Jer.48.1,Jer.48.1,locked runtime authority retained; raw secondary textual/segmentation variant recorded
strong_control_sequence_difference,low,resolved_by_locked_runtime_authority_contract,Jer.48.2,uk5-962cae9f6117141a261f,oshb,Jer.48.2,Jer.48.2,locked runtime authority retained; raw secondary textual/segmentation variant recorded
strong_control_sequence_difference,low,resolved_by_locked_runtime_authority_contract,Jer.48.20,uk5-1e90f2c41421bd0c1a53,oshb,Jer.48.20,Jer.48.20,locked runtime authority retained; raw secondary textual/segmentation variant recorded
strong_control_sequence_difference,low,resolved_by_locked_runtime_authority_contract,Jer.48.23,uk5-fba04e4581035d0cf4f5,oshb,Jer.48.23,Jer.48.23,locked runtime authority retained; raw secondary textual/segmentation variant recorded
strong_control_sequence_difference,low,resolved_by_locked_runtime_authority_contract,Jer.48.42,uk5-c0a4b1d648ae585c60eb,oshb,Jer.48.42,Jer.48.42,locked runtime authority retained; raw secondary textual/segmentation variant recorded
strong_control_sequence_difference,low,resolved_by_locked_runtime_authority_contract,Jer.5.13,uk5-397d93c86dbe7f265310,oshb,Jer.5.13,Jer.5.13,locked runtime authority retained; raw secondary textual/segmentation variant recorded
strong_control_sequence_difference,low,resolved_by_locked_runtime_authority_contract,Jer.50.11,uk5-566eb96544021cf19c64,oshb,Jer.50.11,Jer.50.11,locked runtime authority retained; raw secondary textual/segmentation variant recorded
strong_control_sequence_difference,low,resolved_by_locked_runtime_authority_contract,Jer.50.2,uk5-4fa3596bdef42cfb2cdc,oshb,Jer.50.2,Jer.50.2,locked runtime authority retained; raw secondary textual/segmentation variant recorded
strong_control_sequence_difference,low,resolved_by_locked_runtime_authority_contract,Jer.51.15,uk5-acd68e3c75f62ede62d4,oshb,Jer.51.15,Jer.51.15,locked runtime authority retained; raw secondary textual/segmentation variant recorded
strong_control_sequence_difference,low,resolved_by_locked_runtime_authority_contract,Jer.51.3,uk5-6039ccc9c1650bbf51a7,oshb,Jer.51.3,Jer.51.3,locked runtime authority retained; raw secondary textual/segmentation variant recorded
strong_control_sequence_difference,low,resolved_by_locked_runtime_authority_contract,Jer.51.31,uk5-72562e340f1257e2c40e,oshb,Jer.51.31,Jer.51.31,locked runtime authority retained; raw secondary textual/segmentation variant recorded
strong_control_sequence_difference,low,resolved_by_locked_runtime_authority_contract,Jer.51.34,uk5-395424e362c23ba9db8e,oshb,Jer.51.34,Jer.51.34,locked runtime authority retained; raw secondary textual/segmentation variant recorded
strong_control_sequence_difference,low,resolved_by_locked_runtime_authority_contract,Jer.6.2,uk5-85f69dfb2ebf80e15eca,oshb,Jer.6.2,Jer.6.2,locked runtime authority retained; raw secondary textual/segmentation variant recorded
strong_control_sequence_difference,low,resolved_by_locked_runtime_authority_contract,Jer.8.18,uk5-d266bb2cfe598a7ca8ac,oshb,Jer.8.18,Jer.8.18,locked runtime authority retained; raw secondary textual/segmentation variant recorded
strong_control_sequence_difference,high,resolved_by_locked_runtime_authority_contract,Jer.9.1,uk5-b1297f271df9cb96e490,oshb,Jer.9.1,,locked runtime authority retained; raw secondary textual/segmentation variant recorded
strong_control_sequence_difference,high,resolved_by_locked_runtime_authority_contract,Jer.9.10,uk5-e5a6214ec2cc76020a4a,oshb,Jer.9.10,,locked runtime authority retained; raw secondary textual/segmentation variant recorded
strong_control_sequence_difference,high,resolved_by_locked_runtime_authority_contract,Jer.9.11,uk5-145e981972b796ff802d,oshb,Jer.9.11,,locked runtime authority retained; raw secondary textual/segmentation variant recorded
strong_control_sequence_difference,high,resolved_by_locked_runtime_authority_contract,Jer.9.12,uk5-ab7ee5cbd259227ee0b4,oshb,Jer.9.12,,locked runtime authority retained; raw secondary textual/segmentation variant recorded
strong_control_sequence_difference,high,resolved_by_locked_runtime_authority_contract,Jer.9.13,uk5-e564de80500c134dde5f,oshb,Jer.9.13,,locked runtime authority retained; raw secondary textual/segmentation variant recorded
strong_control_sequence_difference,high,resolved_by_locked_runtime_authority_contract,Jer.9.14,uk5-4d51569ae4e37ce61ae9,oshb,Jer.9.14,,locked runtime authority retained; raw secondary textual/segmentation variant recorded
strong_control_sequence_difference,high,resolved_by_locked_runtime_authority_contract,Jer.9.15,uk5-f69c24d5eeb546f31df5,oshb,Jer.9.15,,locked runtime authority retained; raw secondary textual/segmentation variant recorded
strong_control_sequence_difference,high,resolved_by_locked_runtime_authority_contract,Jer.9.16,uk5-49321cac37c23f62d94a,oshb,Jer.9.16,,locked runtime authority retained; raw secondary textual/segmentation variant recorded
strong_control_sequence_difference,high,resolved_by_locked_runtime_authority_contract,Jer.9.17,uk5-0dcd5f63514e4e7d7369,oshb,Jer.9.17,,locked runtime authority retained; raw secondary textual/segmentation variant recorded
strong_control_sequence_difference,high,resolved_by_locked_runtime_authority_contract,Jer.9.18,uk5-62884f77d5bd231ec799,oshb,Jer.9.18,,locked runtime authority retained; raw secondary textual/segmentation variant recorded
strong_control_sequence_difference,high,resolved_by_locked_runtime_authority_contract,Jer.9.19,uk5-88177e7b611d7b59f3ce,oshb,Jer.9.19,,locked runtime authority retained; raw secondary textual/segmentation variant recorded
strong_control_sequence_difference,high,resolved_by_locked_runtime_authority_contract,Jer.9.2,uk5-bb7be40b9ed0eacb9f26,oshb,Jer.9.2,,locked runtime authority retained; raw secondary textual/segmentation variant recorded
strong_control_sequence_difference,high,resolved_by_locked_runtime_authority_contract,Jer.9.20,uk5-d7d79950668733d7e9e2,oshb,Jer.9.20,,locked runtime authority retained; raw secondary textual/segmentation variant recorded
strong_control_sequence_difference,high,resolved_by_locked_runtime_authority_contract,Jer.9.21,uk5-bacfc05c1bff06607de7,oshb,Jer.9.21,,locked runtime authority retained; raw secondary textual/segmentation variant recorded
strong_control_sequence_difference,high,resolved_by_locked_runtime_authority_contract,Jer.9.22,uk5-dec43005a54902840b92,oshb,Jer.9.22,,locked runtime authority retained; raw secondary textual/segmentation variant recorded
strong_control_sequence_difference,high,resolved_by_locked_runtime_authority_contract,Jer.9.23,uk5-398512cbc65747c66042,oshb,Jer.9.23,,locked runtime authority retained; raw secondary textual/segmentation variant recorded
strong_control_sequence_difference,high,resolved_by_locked_runtime_authority_contract,Jer.9.24,uk5-9a2f8a12b9236d74c86a,oshb,Jer.9.24,,locked runtime authority retained; raw secondary textual/segmentation variant recorded
strong_control_sequence_difference,high,resolved_by_locked_runtime_authority_contract,Jer.9.25,uk5-a0324137f739aad2653d,oshb,Jer.9.25,,locked runtime authority retained; raw secondary textual/segmentation variant recorded
strong_control_sequence_difference,high,resolved_by_locked_runtime_authority_contract,Jer.9.26,uk5-d8c06992b44fcaa4d0a4,oshb,Jer.9.25,,locked runtime authority retained; raw secondary textual/segmentation variant recorded
strong_control_sequence_difference,high,resolved_by_locked_runtime_authority_contract,Jer.9.3,uk5-3691021fa03dcb42671e,oshb,Jer.9.3,,locked runtime authority retained; raw secondary textual/segmentation variant recorded
strong_control_sequence_difference,high,resolved_by_locked_runtime_authority_contract,Jer.9.4,uk5-b8492e269ce8a8e0ec38,oshb,Jer.9.4,,locked runtime authority retained; raw secondary textual/segmentation variant recorded
strong_control_sequence_difference,high,resolved_by_locked_runtime_authority_contract,Jer.9.5,uk5-da92273a5fc8b0807f9a,oshb,Jer.9.5,,locked runtime authority retained; raw secondary textual/segmentation variant recorded
strong_control_sequence_difference,high,resolved_by_locked_runtime_authority_contract,Jer.9.6,uk5-3cc09cf21913b6d64aec,oshb,Jer.9.6,,locked runtime authority retained; raw secondary textual/segmentation variant recorded
strong_control_sequence_difference,high,resolved_by_locked_runtime_authority_contract,Jer.9.7,uk5-4f7e585b9c83d209de11,oshb,Jer.9.7,,locked runtime authority retained; raw secondary textual/segmentation variant recorded
strong_control_sequence_difference,high,resolved_by_locked_runtime_authority_contract,Jer.9.8,uk5-3844733ebf1c357038ba,oshb,Jer.9.8,,locked runtime authority retained; raw secondary textual/segmentation variant recorded
strong_control_sequence_difference,high,resolved_by_locked_runtime_authority_contract,Jer.9.9,uk5-c11d16eb95ad5b9dd1e2,oshb,Jer.9.9,,locked runtime authority retained; raw secondary textual/segmentation variant recorded
strong_control_sequence_difference,low,resolved_by_locked_runtime_authority_contract,Job.10.20,uk5-3f520940cfb82601f306,oshb,Job.10.20,Job.10.20,locked runtime authority retained; raw secondary textual/segmentation variant recorded
strong_control_sequence_difference,low,resolved_by_locked_runtime_authority_contract,Job.11.12,uk5-d1e1bff1d90b0d5f6337,oshb,Job.11.12,Job.11.12,locked runtime authority retained; raw secondary textual/segmentation variant recorded
uxlc_independent_surface_difference,medium,resolved_by_locked_runtime_authority_contract,Job.12.16,uk5-3a1357525fcb2f2cea88,oshb,Job.12.16,Job.12.16,independent UXLC surface difference recorded; OSHB Strong authority retained
strong_control_sequence_difference,low,resolved_by_locked_runtime_authority_contract,Job.16.15,uk5-be71474572185eb52638,oshb,Job.16.15,Job.16.15,locked runtime authority retained; raw secondary textual/segmentation variant recorded
strong_control_sequence_difference,low,resolved_by_locked_runtime_authority_contract,Job.17.9,uk5-4b7e0c430f1732eda80f,oshb,Job.17.9,Job.17.9,locked runtime authority retained; raw secondary textual/segmentation variant recorded
strong_control_sequence_difference,low,resolved_by_locked_runtime_authority_contract,Job.18.11,uk5-12c9228b92c448e03f2d,oshb,Job.18.11,Job.18.11,locked runtime authority retained; raw secondary textual/segmentation variant recorded
strong_control_sequence_difference,low,resolved_by_locked_runtime_authority_contract,Job.18.12,uk5-76f43c284594cbb15142,oshb,Job.18.12,Job.18.12,locked runtime authority retained; raw secondary textual/segmentation variant recorded
uxlc_independent_surface_difference,medium,resolved_by_locked_runtime_authority_contract,Job.18.6,uk5-4a22d7bf02552b70e708,oshb,Job.18.6,Job.18.6,independent UXLC surface difference recorded; OSHB Strong authority retained
uxlc_independent_surface_difference,medium,resolved_by_locked_runtime_authority_contract,Job.22.28,uk5-b247cca262f736514385,oshb,Job.22.28,Job.22.28,independent UXLC surface difference recorded; OSHB Strong authority retained
uxlc_independent_surface_difference,medium,resolved_by_locked_runtime_authority_contract,Job.22.30,uk5-501532c27d0477a122a2,oshb,Job.22.30,Job.22.30,independent UXLC surface difference recorded; OSHB Strong authority retained
strong_control_sequence_difference,low,resolved_by_locked_runtime_authority_contract,Job.24.10,uk5-3032af1d7e460e40ab20,oshb,Job.24.10,Job.24.10,locked runtime authority retained; raw secondary textual/segmentation variant recorded
strong_control_sequence_difference,low,resolved_by_locked_runtime_authority_contract,Job.24.14,uk5-178aa748bc649fd94589,oshb,Job.24.14,Job.24.14,locked runtime authority retained; raw secondary textual/segmentation variant recorded
strong_control_sequence_difference,low,resolved_by_locked_runtime_authority_contract,Job.26.12,uk5-a162823086dfee7feb05,oshb,Job.26.12,Job.26.12,locked runtime authority retained; raw secondary textual/segmentation variant recorded
strong_control_sequence_difference,medium,resolved_by_locked_runtime_authority_contract,Job.26.7,uk5-d05ba298be4cc984eb1d,oshb,Job.26.7,Job.26.7,locked runtime authority retained; raw secondary textual/segmentation variant recorded
strong_control_sequence_difference,low,resolved_by_locked_runtime_authority_contract,Job.27.1,uk5-c245af752c6671bb4989,oshb,Job.27.1,Job.27.1,locked runtime authority retained; raw secondary textual/segmentation variant recorded
strong_control_sequence_difference,low,resolved_by_locked_runtime_authority_contract,Job.29.3,uk5-490d4ee0a9cf0b538e0f,oshb,Job.29.3,Job.29.3,locked runtime authority retained; raw secondary textual/segmentation variant recorded
strong_control_sequence_difference,low,resolved_by_locked_runtime_authority_contract,Job.30.13,uk5-180906d81c4aac1be6c5,oshb,Job.30.13,Job.30.13,locked runtime authority retained; raw secondary textual/segmentation variant recorded
strong_control_sequence_difference,low,resolved_by_locked_runtime_authority_contract,Job.30.22,uk5-3f8962174f0242aec5f1,oshb,Job.30.22,Job.30.22,locked runtime authority retained; raw secondary textual/segmentation variant recorded
uxlc_independent_surface_difference,medium,resolved_by_locked_runtime_authority_contract,Job.30.22,uk5-3f8962174f0242aec5f1,oshb,Job.30.22,Job.30.22,independent UXLC surface difference recorded; OSHB Strong authority retained
strong_control_sequence_difference,low,resolved_by_locked_runtime_authority_contract,Job.30.4,uk5-9f49c08950c5f7f48ca3,oshb,Job.30.4,Job.30.4,locked runtime authority retained; raw secondary textual/segmentation variant recorded
strong_control_sequence_difference,low,resolved_by_locked_runtime_authority_contract,Job.31.11,uk5-c9ec69c6ad5fe152ce0a,oshb,Job.31.11,Job.31.11,locked runtime authority retained; raw secondary textual/segmentation variant recorded
strong_control_sequence_difference,low,resolved_by_locked_runtime_authority_contract,Job.33.28,uk5-3ade1943ab2c56a2b523,oshb,Job.33.28,Job.33.28,locked runtime authority retained; raw secondary textual/segmentation variant recorded
strong_control_sequence_difference,low,resolved_by_locked_runtime_authority_contract,Job.33.29,uk5-8c715e5195ae456b7d49,oshb,Job.33.29,Job.33.29,locked runtime authority retained; raw secondary textual/segmentation variant recorded
strong_control_sequence_difference,low,resolved_by_locked_runtime_authority_contract,Job.35.12,uk5-27707168d4b6a3f86008,oshb,Job.35.12,Job.35.12,locked runtime authority retained; raw secondary textual/segmentation variant recorded
strong_control_sequence_difference,low,resolved_by_locked_runtime_authority_contract,Job.36.31,uk5-9f02703caa7da35514b0,oshb,Job.36.31,Job.36.31,locked runtime authority retained; raw secondary textual/segmentation variant recorded
strong_control_sequence_difference,low,resolved_by_locked_runtime_authority_contract,Job.38.1,uk5-12ec77a821a0a9e4cd17,oshb,Job.38.1,Job.38.1,locked runtime authority retained; raw secondary textual/segmentation variant recorded
strong_control_sequence_difference,low,resolved_by_locked_runtime_authority_contract,Job.38.12,uk5-9d1f88361278d0838442,oshb,Job.38.12,Job.38.12,locked runtime authority retained; raw secondary textual/segmentation variant recorded
uxlc_independent_surface_difference,medium,resolved_by_locked_runtime_authority_contract,Job.38.13,uk5-1dfca7dd54c610b2f9ef,oshb,Job.38.13,Job.38.13,independent UXLC surface difference recorded; OSHB Strong authority retained
uxlc_independent_surface_difference,medium,resolved_by_locked_runtime_authority_contract,Job.38.15,uk5-797ee9246c7edfdf409e,oshb,Job.38.15,Job.38.15,independent UXLC surface difference recorded; OSHB Strong authority retained
uxlc_independent_surface_difference,medium,resolved_by_locked_runtime_authority_contract,Job.38.27,uk5-c2974dedd5fe4dd3bb63,oshb,Job.38.27,Job.38.27,independent UXLC surface difference recorded; OSHB Strong authority retained
strong_control_sequence_difference,low,resolved_by_locked_runtime_authority_contract,Job.38.37,uk5-371fe03178217420fdf2,oshb,Job.38.37,Job.38.37,locked runtime authority retained; raw secondary textual/segmentation variant recorded
uxlc_independent_surface_difference,medium,resolved_by_locked_runtime_authority_contract,Job.39.30,uk5-91a613cea0e001ae8052,oshb,Job.39.30,Job.39.30,independent UXLC surface difference recorded; OSHB Strong authority retained
strong_control_sequence_difference,low,resolved_by_locked_runtime_authority_contract,Job.40.17,uk5-913a11542bd7f865aa4a,oshb,Job.40.17,Job.40.17,locked runtime authority retained; raw secondary textual/segmentation variant recorded
strong_control_sequence_difference,low,resolved_by_locked_runtime_authority_contract,Job.40.24,uk5-7b913ef54fefdfeeb268,oshb,Job.40.24,Job.40.24,locked runtime authority retained; raw secondary textual/segmentation variant recorded
strong_control_sequence_difference,low,resolved_by_locked_runtime_authority_contract,Job.40.6,uk5-1d4683a8af0f3872da83,oshb,Job.40.6,Job.40.6,locked runtime authority retained; raw secondary textual/segmentation variant recorded
strong_control_sequence_difference,high,resolved_by_locked_runtime_authority_contract,Job.41.1,uk5-cac1ddf29d9cda7799c0,oshb,Job.41.1,,locked runtime authority retained; raw secondary textual/segmentation variant recorded
strong_control_sequence_difference,high,resolved_by_locked_runtime_authority_contract,Job.41.10,uk5-dbf7678740c25ebf1978,oshb,Job.41.10,,locked runtime authority retained; raw secondary textual/segmentation variant recorded
strong_control_sequence_difference,high,resolved_by_locked_runtime_authority_contract,Job.41.11,uk5-31f34e37bd6e871c3a0c,oshb,Job.41.11,,locked runtime authority retained; raw secondary textual/segmentation variant recorded
strong_control_sequence_difference,high,resolved_by_locked_runtime_authority_contract,Job.41.12,uk5-a4e71b098f18b5d1b154,oshb,Job.41.12,,locked runtime authority retained; raw secondary textual/segmentation variant recorded
strong_control_sequence_difference,high,resolved_by_locked_runtime_authority_contract,Job.41.13,uk5-c468853e9b048a2a30a2,oshb,Job.41.13,,locked runtime authority retained; raw secondary textual/segmentation variant recorded
strong_control_sequence_difference,high,resolved_by_locked_runtime_authority_contract,Job.41.14,uk5-4dc18bba370da8d4c08d,oshb,Job.41.14,,locked runtime authority retained; raw secondary textual/segmentation variant recorded
strong_control_sequence_difference,high,resolved_by_locked_runtime_authority_contract,Job.41.15,uk5-ba4c63cb5d65a7643ee1,oshb,Job.41.15,,locked runtime authority retained; raw secondary textual/segmentation variant recorded
strong_control_sequence_difference,high,resolved_by_locked_runtime_authority_contract,Job.41.16,uk5-c26b33e7a50fea71d379,oshb,Job.41.16,,locked runtime authority retained; raw secondary textual/segmentation variant recorded
strong_control_sequence_difference,high,resolved_by_locked_runtime_authority_contract,Job.41.17,uk5-1678f1a7b3e0ca2250bd,oshb,Job.41.17,,locked runtime authority retained; raw secondary textual/segmentation variant recorded
strong_control_sequence_difference,high,resolved_by_locked_runtime_authority_contract,Job.41.18,uk5-618542b7a0e732313ca5,oshb,Job.41.18,,locked runtime authority retained; raw secondary textual/segmentation variant recorded
strong_control_sequence_difference,high,resolved_by_locked_runtime_authority_contract,Job.41.19,uk5-02d92a8e69affffc2684,oshb,Job.41.19,,locked runtime authority retained; raw secondary textual/segmentation variant recorded
strong_control_sequence_difference,high,resolved_by_locked_runtime_authority_contract,Job.41.2,uk5-69b0a5bb9af7d111c86b,oshb,Job.41.2,,locked runtime authority retained; raw secondary textual/segmentation variant recorded
strong_control_sequence_difference,high,resolved_by_locked_runtime_authority_contract,Job.41.20,uk5-5121cbc84a27eabe1847,oshb,Job.41.20,,locked runtime authority retained; raw secondary textual/segmentation variant recorded
strong_control_sequence_difference,high,resolved_by_locked_runtime_authority_contract,Job.41.21,uk5-f4534ae59b4be8293967,oshb,Job.41.21,,locked runtime authority retained; raw secondary textual/segmentation variant recorded
strong_control_sequence_difference,high,resolved_by_locked_runtime_authority_contract,Job.41.22,uk5-c6f044a56a9624fdc23d,oshb,Job.41.22,,locked runtime authority retained; raw secondary textual/segmentation variant recorded
strong_control_sequence_difference,high,resolved_by_locked_runtime_authority_contract,Job.41.23,uk5-c4a5b632d59ab76616b9,oshb,Job.41.23,,locked runtime authority retained; raw secondary textual/segmentation variant recorded
strong_control_sequence_difference,high,resolved_by_locked_runtime_authority_contract,Job.41.24,uk5-afd597b9e2295e713a56,oshb,Job.41.24,,locked runtime authority retained; raw secondary textual/segmentation variant recorded
strong_control_sequence_difference,high,resolved_by_locked_runtime_authority_contract,Job.41.25,uk5-5e60ad21bf6c95d182f2,oshb,Job.41.25,,locked runtime authority retained; raw secondary textual/segmentation variant recorded
strong_control_sequence_difference,high,resolved_by_locked_runtime_authority_contract,Job.41.26,uk5-81c62fc6d240026765df,oshb,Job.41.26,,locked runtime authority retained; raw secondary textual/segmentation variant recorded
strong_control_sequence_difference,high,resolved_by_locked_runtime_authority_contract,Job.41.27,uk5-bca7f800c74f214c07b1,oshb,Job.41.19,,locked runtime authority retained; raw secondary textual/segmentation variant recorded
strong_control_sequence_difference,high,resolved_by_locked_runtime_authority_contract,Job.41.28,uk5-ae4426eec218164be49f,oshb,Job.41.20,,locked runtime authority retained; raw secondary textual/segmentation variant recorded
strong_control_sequence_difference,high,resolved_by_locked_runtime_authority_contract,Job.41.29,uk5-882a7aed4ee0ba21d7e6,oshb,Job.41.21,,locked runtime authority retained; raw secondary textual/segmentation variant recorded
strong_control_sequence_difference,high,resolved_by_locked_runtime_authority_contract,Job.41.3,uk5-798c1ff4c83fcca3cfc1,oshb,Job.41.3,,locked runtime authority retained; raw secondary textual/segmentation variant recorded
strong_control_sequence_difference,high,resolved_by_locked_runtime_authority_contract,Job.41.30,uk5-778be26cd629cb9fc313,oshb,Job.41.22,,locked runtime authority retained; raw secondary textual/segmentation variant recorded
strong_control_sequence_difference,high,resolved_by_locked_runtime_authority_contract,Job.41.31,uk5-0b79b1255489ad0223d4,oshb,Job.41.23,,locked runtime authority retained; raw secondary textual/segmentation variant recorded
strong_control_sequence_difference,high,resolved_by_locked_runtime_authority_contract,Job.41.32,uk5-212640bae314d85eafdb,oshb,Job.41.24,,locked runtime authority retained; raw secondary textual/segmentation variant recorded
strong_control_sequence_difference,high,resolved_by_locked_runtime_authority_contract,Job.41.33,uk5-327462e9480f723a526d,oshb,Job.41.25,,locked runtime authority retained; raw secondary textual/segmentation variant recorded
strong_control_sequence_difference,high,resolved_by_locked_runtime_authority_contract,Job.41.34,uk5-989b39f2399594466ef8,oshb,Job.41.26,,locked runtime authority retained; raw secondary textual/segmentation variant recorded
strong_control_sequence_difference,high,resolved_by_locked_runtime_authority_contract,Job.41.4,uk5-dafa44b6a488219271a0,oshb,Job.41.4,,locked runtime authority retained; raw secondary textual/segmentation variant recorded
strong_control_sequence_difference,high,resolved_by_locked_runtime_authority_contract,Job.41.5,uk5-1740690a6fb6e6da89d8,oshb,Job.41.5,,locked runtime authority retained; raw secondary textual/segmentation variant recorded
strong_control_sequence_difference,high,resolved_by_locked_runtime_authority_contract,Job.41.6,uk5-3f534496d01ce688dcf7,oshb,Job.41.6,,locked runtime authority retained; raw secondary textual/segmentation variant recorded
strong_control_sequence_difference,high,resolved_by_locked_runtime_authority_contract,Job.41.7,uk5-9f8ac8d1770640beead6,oshb,Job.41.7,,locked runtime authority retained; raw secondary textual/segmentation variant recorded
strong_control_sequence_difference,high,resolved_by_locked_runtime_authority_contract,Job.41.8,uk5-b0ff305dd9826662048c,oshb,Job.41.8,,locked runtime authority retained; raw secondary textual/segmentation variant recorded
strong_control_sequence_difference,high,resolved_by_locked_runtime_authority_contract,Job.41.9,uk5-b53c4dd0634c0348b5a8,oshb,Job.41.9,,locked runtime authority retained; raw secondary textual/segmentation variant recorded
strong_control_sequence_difference,low,resolved_by_locked_runtime_authority_contract,Job.6.2,uk5-d55193d8e46b503cde33,oshb,Job.6.2,Job.6.2,locked runtime authority retained; raw secondary textual/segmentation variant recorded
uxlc_independent_surface_difference,medium,resolved_by_locked_runtime_authority_contract,Job.6.29,uk5-7eea00b9689f1c45324a,oshb,Job.6.29,Job.6.29,independent UXLC surface difference recorded; OSHB Strong authority retained
strong_control_sequence_difference,low,resolved_by_locked_runtime_authority_contract,Job.9.13,uk5-23330fcec13882c6354e,oshb,Job.9.13,Job.9.13,locked runtime authority retained; raw secondary textual/segmentation variant recorded
strong_control_sequence_difference,low,resolved_by_locked_runtime_authority_contract,Joel.1.8,uk5-1a7c3d49c783e9e9174b,oshb,Joel.1.8,Joel.1.8,locked runtime authority retained; raw secondary textual/segmentation variant recorded
strong_control_sequence_difference,high,resolved_by_locked_runtime_authority_contract,Joel.2.28,uk5-4492bc64cdf83dd29400,oshb,Joel.3.1,,locked runtime authority retained; raw secondary textual/segmentation variant recorded
strong_control_sequence_difference,high,resolved_by_locked_runtime_authority_contract,Joel.2.29,uk5-a01b731b934d549c9162,oshb,Joel.3.2,,locked runtime authority retained; raw secondary textual/segmentation variant recorded
strong_control_sequence_difference,high,resolved_by_locked_runtime_authority_contract,Joel.2.30,uk5-b6c3ea650908dda70cb1,oshb,Joel.3.3,,locked runtime authority retained; raw secondary textual/segmentation variant recorded
strong_control_sequence_difference,high,resolved_by_locked_runtime_authority_contract,Joel.2.31,uk5-7f761092e242c014d135,oshb,Joel.3.4,,locked runtime authority retained; raw secondary textual/segmentation variant recorded
strong_control_sequence_difference,high,resolved_by_locked_runtime_authority_contract,Joel.2.32,uk5-c20c8afa85b36e344fb9,oshb,Joel.3.5,,locked runtime authority retained; raw secondary textual/segmentation variant recorded
strong_control_sequence_difference,low,resolved_by_locked_runtime_authority_contract,Joel.2.7,uk5-3982349efef1fe05241a,oshb,Joel.2.7,Joel.2.7,locked runtime authority retained; raw secondary textual/segmentation variant recorded
strong_control_sequence_difference,high,resolved_by_locked_runtime_authority_contract,Joel.3.1,uk5-5ec709109ddb6c63ae87,oshb,Joel.3.1,,locked runtime authority retained; raw secondary textual/segmentation variant recorded
strong_control_sequence_difference,high,resolved_by_locked_runtime_authority_contract,Joel.3.10,uk5-882b5919020a9645561c,oshb,Joel.4.10,,locked runtime authority retained; raw secondary textual/segmentation variant recorded
strong_control_sequence_difference,high,resolved_by_locked_runtime_authority_contract,Joel.3.11,uk5-ddc0aeebb61eedaa0634,oshb,Joel.4.11,,locked runtime authority retained; raw secondary textual/segmentation variant recorded
strong_control_sequence_difference,high,resolved_by_locked_runtime_authority_contract,Joel.3.12,uk5-789843e3520e69425c07,oshb,Joel.4.12,,locked runtime authority retained; raw secondary textual/segmentation variant recorded
strong_control_sequence_difference,high,resolved_by_locked_runtime_authority_contract,Joel.3.13,uk5-f7cf84e6cad84c2017ea,oshb,Joel.4.13,,locked runtime authority retained; raw secondary textual/segmentation variant recorded
strong_control_sequence_difference,high,resolved_by_locked_runtime_authority_contract,Joel.3.14,uk5-4242954b468eef3ce3ea,oshb,Joel.4.14,,locked runtime authority retained; raw secondary textual/segmentation variant recorded
strong_control_sequence_difference,high,resolved_by_locked_runtime_authority_contract,Joel.3.15,uk5-a72a894a69d7ff603aa8,oshb,Joel.4.15,,locked runtime authority retained; raw secondary textual/segmentation variant recorded
strong_control_sequence_difference,high,resolved_by_locked_runtime_authority_contract,Joel.3.16,uk5-96293de117522dd3ad6a,oshb,Joel.4.16,,locked runtime authority retained; raw secondary textual/segmentation variant recorded
strong_control_sequence_difference,high,resolved_by_locked_runtime_authority_contract,Joel.3.17,uk5-cda9b63f7c340f5632e6,oshb,Joel.4.17,,locked runtime authority retained; raw secondary textual/segmentation variant recorded
strong_control_sequence_difference,high,resolved_by_locked_runtime_authority_contract,Joel.3.18,uk5-37982e952fac7887438a,oshb,Joel.4.18,,locked runtime authority retained; raw secondary textual/segmentation variant recorded
strong_control_sequence_difference,high,resolved_by_locked_runtime_authority_contract,Joel.3.19,uk5-169ddf17c4c42edf491e,oshb,Joel.4.19,,locked runtime authority retained; raw secondary textual/segmentation variant recorded
strong_control_sequence_difference,high,resolved_by_locked_runtime_authority_contract,Joel.3.2,uk5-8483aa669961570e4536,oshb,Joel.3.2,,locked runtime authority retained; raw secondary textual/segmentation variant recorded
strong_control_sequence_difference,high,resolved_by_locked_runtime_authority_contract,Joel.3.20,uk5-8fa5a66082ff413eed99,oshb,Joel.4.20,,locked runtime authority retained; raw secondary textual/segmentation variant recorded
strong_control_sequence_difference,high,resolved_by_locked_runtime_authority_contract,Joel.3.21,uk5-44e04c35975d91fba378,oshb,Joel.4.21,,locked runtime authority retained; raw secondary textual/segmentation variant recorded
strong_control_sequence_difference,high,resolved_by_locked_runtime_authority_contract,Joel.3.3,uk5-94013dafb5fa6bdefda7,oshb,Joel.3.3,,locked runtime authority retained; raw secondary textual/segmentation variant recorded
strong_control_sequence_difference,high,resolved_by_locked_runtime_authority_contract,Joel.3.4,uk5-e9c369a33d08027293ce,oshb,Joel.3.4,,locked runtime authority retained; raw secondary textual/segmentation variant recorded
strong_control_sequence_difference,high,resolved_by_locked_runtime_authority_contract,Joel.3.5,uk5-4996ef50303f028a7ec7,oshb,Joel.3.5,,locked runtime authority retained; raw secondary textual/segmentation variant recorded
strong_control_sequence_difference,high,resolved_by_locked_runtime_authority_contract,Joel.3.6,uk5-ca2384a152cd999b32ec,oshb,Joel.4.6,,locked runtime authority retained; raw secondary textual/segmentation variant recorded
strong_control_sequence_difference,high,resolved_by_locked_runtime_authority_contract,Joel.3.7,uk5-5214f75199ab54f43f9c,oshb,Joel.4.7,,locked runtime authority retained; raw secondary textual/segmentation variant recorded
strong_control_sequence_difference,high,resolved_by_locked_runtime_authority_contract,Joel.3.8,uk5-fdcb0c42d69dc7bb45fc,oshb,Joel.4.8,,locked runtime authority retained; raw secondary textual/segmentation variant recorded
strong_control_sequence_difference,high,resolved_by_locked_runtime_authority_contract,Joel.3.9,uk5-d73cdbcc7ef898da784a,oshb,Joel.4.9,,locked runtime authority retained; raw secondary textual/segmentation variant recorded
strong_control_sequence_difference,low,resolved_by_locked_runtime_authority_contract,John.1.15,uk5-77e022ead3c89956042c,tagnt,John.1.15,John.1.15,locked runtime authority retained; raw secondary textual/segmentation variant recorded
strong_control_sequence_difference,low,resolved_by_locked_runtime_authority_contract,John.1.22,uk5-4faf957428e29ca3bc9c,tagnt,John.1.22,John.1.22,locked runtime authority retained; raw secondary textual/segmentation variant recorded
strong_control_sequence_difference,low,resolved_by_locked_runtime_authority_contract,John.1.27,uk5-b258be68bb3d2f83621e,tagnt,John.1.27,John.1.27,locked runtime authority retained; raw secondary textual/segmentation variant recorded
strong_control_sequence_difference,low,resolved_by_locked_runtime_authority_contract,John.1.30,uk5-b1a5181bdc6fdc206aee,tagnt,John.1.30,John.1.30,locked runtime authority retained; raw secondary textual/segmentation variant recorded
strong_control_sequence_difference,low,resolved_by_locked_runtime_authority_contract,John.1.31,uk5-982016d6dc4a5412b427,tagnt,John.1.31,John.1.31,locked runtime authority retained; raw secondary textual/segmentation variant recorded
strong_control_sequence_difference,low,resolved_by_locked_runtime_authority_contract,John.1.33,uk5-30c89c59692bcd7896d3,tagnt,John.1.33,John.1.33,locked runtime authority retained; raw secondary textual/segmentation variant recorded
strong_control_sequence_difference,low,resolved_by_locked_runtime_authority_contract,John.1.34,uk5-8bfc163d64fe58fda8ef,tagnt,John.1.34,John.1.34,locked runtime authority retained; raw secondary textual/segmentation variant recorded
strong_control_sequence_difference,low,resolved_by_locked_runtime_authority_contract,John.1.42,uk5-f083096810290af9fe6f,tagnt,John.1.42,John.1.42,locked runtime authority retained; raw secondary textual/segmentation variant recorded
strong_control_sequence_difference,low,resolved_by_locked_runtime_authority_contract,John.1.46,uk5-0285a42e73b9b7764aff,tagnt,John.1.46,John.1.46,locked runtime authority retained; raw secondary textual/segmentation variant recorded
strong_control_sequence_difference,low,resolved_by_locked_runtime_authority_contract,John.1.48,uk5-19bb92f454e99548e46b,tagnt,John.1.48,John.1.48,locked runtime authority retained; raw secondary textual/segmentation variant recorded
strong_control_sequence_difference,medium,resolved_by_locked_runtime_authority_contract,John.1.50,uk5-8dbb304e2a1cdabd2f77,tagnt,John.1.50,John.1.50,locked runtime authority retained; raw secondary textual/segmentation variant recorded
strong_control_sequence_difference,low,resolved_by_locked_runtime_authority_contract,John.1.51,uk5-0841fd38dcc5ee1d96f2,tagnt,John.1.51,John.1.51,locked runtime authority retained; raw secondary textual/segmentation variant recorded
strong_control_sequence_difference,low,resolved_by_locked_runtime_authority_contract,John.10.13,uk5-f4b68998e19c034aefbb,tagnt,John.10.13,John.10.13,locked runtime authority retained; raw secondary textual/segmentation variant recorded
strong_control_sequence_difference,low,resolved_by_locked_runtime_authority_contract,John.10.14,uk5-17c49d3d39df1712a222,tagnt,John.10.14,John.10.14,locked runtime authority retained; raw secondary textual/segmentation variant recorded
strong_control_sequence_difference,low,resolved_by_locked_runtime_authority_contract,John.10.15,uk5-884aad2ef4c4814f87eb,tagnt,John.10.15,John.10.15,locked runtime authority retained; raw secondary textual/segmentation variant recorded
strong_control_sequence_difference,low,resolved_by_locked_runtime_authority_contract,John.10.16,uk5-b8194496b95354bcf00c,tagnt,John.10.16,John.10.16,locked runtime authority retained; raw secondary textual/segmentation variant recorded
strong_control_sequence_difference,low,resolved_by_locked_runtime_authority_contract,John.10.17,uk5-e5063695d49a46604faa,tagnt,John.10.17,John.10.17,locked runtime authority retained; raw secondary textual/segmentation variant recorded
strong_control_sequence_difference,low,resolved_by_locked_runtime_authority_contract,John.10.19,uk5-9763f3a1579a0a4df49c,tagnt,John.10.19,John.10.19,locked runtime authority retained; raw secondary textual/segmentation variant recorded
strong_control_sequence_difference,low,resolved_by_locked_runtime_authority_contract,John.10.24,uk5-dde8ef35d42b28235edf,tagnt,John.10.24,John.10.24,locked runtime authority retained; raw secondary textual/segmentation variant recorded
strong_control_sequence_difference,low,resolved_by_locked_runtime_authority_contract,John.10.26,uk5-9b2e659f2ab953ba0e52,tagnt,John.10.26,John.10.26,locked runtime authority retained; raw secondary textual/segmentation variant recorded
strong_control_sequence_difference,low,resolved_by_locked_runtime_authority_contract,John.10.27,uk5-429d37993a2c93d583e6,tagnt,John.10.27,John.10.27,locked runtime authority retained; raw secondary textual/segmentation variant recorded
strong_control_sequence_difference,low,resolved_by_locked_runtime_authority_contract,John.10.29,uk5-a33bf6709af49b1f3632,tagnt,John.10.29,John.10.29,locked runtime authority retained; raw secondary textual/segmentation variant recorded
strong_control_sequence_difference,low,resolved_by_locked_runtime_authority_contract,John.10.36,uk5-b717f53e832f595b35bd,tagnt,John.10.36,John.10.36,locked runtime authority retained; raw secondary textual/segmentation variant recorded
strong_control_sequence_difference,low,resolved_by_locked_runtime_authority_contract,John.10.37,uk5-11eb6eccbe87cbdaee25,tagnt,John.10.37,John.10.37,locked runtime authority retained; raw secondary textual/segmentation variant recorded
strong_control_sequence_difference,low,resolved_by_locked_runtime_authority_contract,John.10.38,uk5-f1d50cbcb15bf2cb86ca,tagnt,John.10.38,John.10.38,locked runtime authority retained; raw secondary textual/segmentation variant recorded
strong_control_sequence_difference,low,resolved_by_locked_runtime_authority_contract,John.11.11,uk5-a688e386e9c58e7c59b7,tagnt,John.11.11,John.11.11,locked runtime authority retained; raw secondary textual/segmentation variant recorded
strong_control_sequence_difference,low,resolved_by_locked_runtime_authority_contract,John.11.12,uk5-50856b3eb00ff5bb79d7,tagnt,John.11.12,John.11.12,locked runtime authority retained; raw secondary textual/segmentation variant recorded
strong_control_sequence_difference,low,resolved_by_locked_runtime_authority_contract,John.11.14,uk5-8bfff3f933089bb35991,tagnt,John.11.14,John.11.14,locked runtime authority retained; raw secondary textual/segmentation variant recorded
strong_control_sequence_difference,low,resolved_by_locked_runtime_authority_contract,John.11.16,uk5-26cadf84958010e8f2b3,tagnt,John.11.16,John.11.16,locked runtime authority retained; raw secondary textual/segmentation variant recorded
strong_control_sequence_difference,low,resolved_by_locked_runtime_authority_contract,John.11.21,uk5-e45f53bcc0a9bbb6c0aa,tagnt,John.11.21,John.11.21,locked runtime authority retained; raw secondary textual/segmentation variant recorded
strong_control_sequence_difference,low,resolved_by_locked_runtime_authority_contract,John.11.25,uk5-9c0fbd02ea86638a928a,tagnt,John.11.25,John.11.25,locked runtime authority retained; raw secondary textual/segmentation variant recorded
strong_control_sequence_difference,low,resolved_by_locked_runtime_authority_contract,John.11.28,uk5-3a846817afa80deee35e,tagnt,John.11.28,John.11.28,locked runtime authority retained; raw secondary textual/segmentation variant recorded
strong_control_sequence_difference,low,resolved_by_locked_runtime_authority_contract,John.11.34,uk5-9d217eeed7089b6ff678,tagnt,John.11.34,John.11.34,locked runtime authority retained; raw secondary textual/segmentation variant recorded
strong_control_sequence_difference,low,resolved_by_locked_runtime_authority_contract,John.11.36,uk5-a6be02ffe4b093a9b411,tagnt,John.11.36,John.11.36,locked runtime authority retained; raw secondary textual/segmentation variant recorded
strong_control_sequence_difference,low,resolved_by_locked_runtime_authority_contract,John.11.41,uk5-92f34eba0c13c6fdf2b3,tagnt,John.11.41,John.11.41,locked runtime authority retained; raw secondary textual/segmentation variant recorded
strong_control_sequence_difference,low,resolved_by_locked_runtime_authority_contract,John.11.42,uk5-b4e778f02c7e0e52fe3c,tagnt,John.11.42,John.11.42,locked runtime authority retained; raw secondary textual/segmentation variant recorded
strong_control_sequence_difference,low,resolved_by_locked_runtime_authority_contract,John.11.43,uk5-a0f6ffc361f44a08fa1d,tagnt,John.11.43,John.11.43,locked runtime authority retained; raw secondary textual/segmentation variant recorded
strong_control_sequence_difference,low,resolved_by_locked_runtime_authority_contract,John.11.46,uk5-97d92e8ff5080994d982,tagnt,John.11.46,John.11.46,locked runtime authority retained; raw secondary textual/segmentation variant recorded
strong_control_sequence_difference,low,resolved_by_locked_runtime_authority_contract,John.11.54,uk5-d41c65e2b5c45897f49e,tagnt,John.11.54,John.11.54,locked runtime authority retained; raw secondary textual/segmentation variant recorded
strong_control_sequence_difference,low,resolved_by_locked_runtime_authority_contract,John.12.1,uk5-8723b4665e30720e1fae,tagnt,John.12.1,John.12.1,locked runtime authority retained; raw secondary textual/segmentation variant recorded
strong_control_sequence_difference,low,resolved_by_locked_runtime_authority_contract,John.12.19,uk5-d84fee98b94d93735f63,tagnt,John.12.19,John.12.19,locked runtime authority retained; raw secondary textual/segmentation variant recorded
strong_control_sequence_difference,low,resolved_by_locked_runtime_authority_contract,John.12.20,uk5-46c0b26d17f042418b90,tagnt,John.12.20,John.12.20,locked runtime authority retained; raw secondary textual/segmentation variant recorded
strong_control_sequence_difference,low,resolved_by_locked_runtime_authority_contract,John.12.22,uk5-61f01e49e859d178185e,tagnt,John.12.22,John.12.22,locked runtime authority retained; raw secondary textual/segmentation variant recorded
strong_control_sequence_difference,low,resolved_by_locked_runtime_authority_contract,John.12.27,uk5-64208e91e27d41842e1c,tagnt,John.12.27,John.12.27,locked runtime authority retained; raw secondary textual/segmentation variant recorded
strong_control_sequence_difference,low,resolved_by_locked_runtime_authority_contract,John.12.30,uk5-a53ab9cc462a28bf594c,tagnt,John.12.30,John.12.30,locked runtime authority retained; raw secondary textual/segmentation variant recorded
strong_control_sequence_difference,medium,resolved_by_locked_runtime_authority_contract,John.12.32,uk5-8b981bce0c96fd7918d1,tagnt,John.12.32,John.12.32,locked runtime authority retained; raw secondary textual/segmentation variant recorded
strong_control_sequence_difference,low,resolved_by_locked_runtime_authority_contract,John.12.38,uk5-07ae70e18f03b7ca7a66,tagnt,John.12.38,John.12.38,locked runtime authority retained; raw secondary textual/segmentation variant recorded
strong_control_sequence_difference,low,resolved_by_locked_runtime_authority_contract,John.12.39,uk5-a4063cb63110d87ce7bb,tagnt,John.12.39,John.12.39,locked runtime authority retained; raw secondary textual/segmentation variant recorded
strong_control_sequence_difference,low,resolved_by_locked_runtime_authority_contract,John.12.41,uk5-73559c294e57bb300ae7,tagnt,John.12.41,John.12.41,locked runtime authority retained; raw secondary textual/segmentation variant recorded
strong_control_sequence_difference,low,resolved_by_locked_runtime_authority_contract,John.12.44,uk5-232727ce8da2a1ae1c73,tagnt,John.12.44,John.12.44,locked runtime authority retained; raw secondary textual/segmentation variant recorded
strong_control_sequence_difference,low,resolved_by_locked_runtime_authority_contract,John.12.45,uk5-6446678e94327d8a1c28,tagnt,John.12.45,John.12.45,locked runtime authority retained; raw secondary textual/segmentation variant recorded
strong_control_sequence_difference,low,resolved_by_locked_runtime_authority_contract,John.12.49,uk5-c55cb3c3426e6a5e5f0d,tagnt,John.12.49,John.12.49,locked runtime authority retained; raw secondary textual/segmentation variant recorded
strong_control_sequence_difference,low,resolved_by_locked_runtime_authority_contract,John.12.50,uk5-35cff14de6964cbcd771,tagnt,John.12.50,John.12.50,locked runtime authority retained; raw secondary textual/segmentation variant recorded
strong_control_sequence_difference,low,resolved_by_locked_runtime_authority_contract,John.12.6,uk5-167dca77c03b8554f501,tagnt,John.12.6,John.12.6,locked runtime authority retained; raw secondary textual/segmentation variant recorded
strong_control_sequence_difference,low,resolved_by_locked_runtime_authority_contract,John.12.7,uk5-32a32dd4c9aac1dc190b,tagnt,John.12.7,John.12.7,locked runtime authority retained; raw secondary textual/segmentation variant recorded
strong_control_sequence_difference,low,resolved_by_locked_runtime_authority_contract,John.13.16,uk5-8a184f0004a2160c5808,tagnt,John.13.16,John.13.16,locked runtime authority retained; raw secondary textual/segmentation variant recorded
strong_control_sequence_difference,low,resolved_by_locked_runtime_authority_contract,John.13.21,uk5-a85492c901ed31715c59,tagnt,John.13.21,John.13.21,locked runtime authority retained; raw secondary textual/segmentation variant recorded
strong_control_sequence_difference,low,resolved_by_locked_runtime_authority_contract,John.13.24,uk5-15781c4c7a9ddadde103,tagnt,John.13.24,John.13.24,locked runtime authority retained; raw secondary textual/segmentation variant recorded
strong_control_sequence_difference,low,resolved_by_locked_runtime_authority_contract,John.13.26,uk5-dbc563d422ac4c036bfe,tagnt,John.13.26,John.13.26,locked runtime authority retained; raw secondary textual/segmentation variant recorded
strong_control_sequence_difference,low,resolved_by_locked_runtime_authority_contract,John.13.27,uk5-6a075edce45089a70c9c,tagnt,John.13.27,John.13.27,locked runtime authority retained; raw secondary textual/segmentation variant recorded
strong_control_sequence_difference,low,resolved_by_locked_runtime_authority_contract,John.13.3,uk5-dbe34bdd060c77baaa6e,tagnt,John.13.3,John.13.3,locked runtime authority retained; raw secondary textual/segmentation variant recorded
strong_control_sequence_difference,low,resolved_by_locked_runtime_authority_contract,John.13.32,uk5-6c56ed4a99514e5aa91f,tagnt,John.13.32,John.13.32,locked runtime authority retained; raw secondary textual/segmentation variant recorded
strong_control_sequence_difference,low,resolved_by_locked_runtime_authority_contract,John.13.36,uk5-4a81ab5b52e7edf34124,tagnt,John.13.36,John.13.36,locked runtime authority retained; raw secondary textual/segmentation variant recorded
strong_control_sequence_difference,low,resolved_by_locked_runtime_authority_contract,John.13.38,uk5-40f95c2a150897de14f8,tagnt,John.13.38,John.13.38,locked runtime authority retained; raw secondary textual/segmentation variant recorded
strong_control_sequence_difference,low,resolved_by_locked_runtime_authority_contract,John.13.6,uk5-ffc0d4e1cbe35823fba6,tagnt,John.13.6,John.13.6,locked runtime authority retained; raw secondary textual/segmentation variant recorded
strong_control_sequence_difference,low,resolved_by_locked_runtime_authority_contract,John.13.9,uk5-3b32311dfc4a062137f3,tagnt,John.13.9,John.13.9,locked runtime authority retained; raw secondary textual/segmentation variant recorded
strong_control_sequence_difference,low,resolved_by_locked_runtime_authority_contract,John.14.12,uk5-3d0bd3e01827e69d8205,tagnt,John.14.12,John.14.12,locked runtime authority retained; raw secondary textual/segmentation variant recorded
strong_control_sequence_difference,low,resolved_by_locked_runtime_authority_contract,John.14.14,uk5-3a4507f2892be39df2b3,tagnt,John.14.14,John.14.14,locked runtime authority retained; raw secondary textual/segmentation variant recorded
strong_control_sequence_difference,low,resolved_by_locked_runtime_authority_contract,John.14.15,uk5-2049a07f0525d30a3071,tagnt,John.14.15,John.14.15,locked runtime authority retained; raw secondary textual/segmentation variant recorded
strong_control_sequence_difference,low,resolved_by_locked_runtime_authority_contract,John.14.19,uk5-d4481ffcb61652ca1a61,tagnt,John.14.19,John.14.19,locked runtime authority retained; raw secondary textual/segmentation variant recorded
strong_control_sequence_difference,low,resolved_by_locked_runtime_authority_contract,John.14.21,uk5-6be0d94ec3b51597a956,tagnt,John.14.21,John.14.21,locked runtime authority retained; raw secondary textual/segmentation variant recorded
strong_control_sequence_difference,low,resolved_by_locked_runtime_authority_contract,John.14.22,uk5-efede545591f16aebd08,tagnt,John.14.22,John.14.22,locked runtime authority retained; raw secondary textual/segmentation variant recorded
strong_control_sequence_difference,low,resolved_by_locked_runtime_authority_contract,John.14.23,uk5-e4d009093cf4a6bad38a,tagnt,John.14.23,John.14.23,locked runtime authority retained; raw secondary textual/segmentation variant recorded
strong_control_sequence_difference,low,resolved_by_locked_runtime_authority_contract,John.14.24,uk5-059a9773b80bc703ccb6,tagnt,John.14.24,John.14.24,locked runtime authority retained; raw secondary textual/segmentation variant recorded
strong_control_sequence_difference,medium,resolved_by_locked_runtime_authority_contract,John.14.28,uk5-a7909c7f6f6ca79f8d32,tagnt,John.14.28,John.14.28,locked runtime authority retained; raw secondary textual/segmentation variant recorded
strong_control_sequence_difference,low,resolved_by_locked_runtime_authority_contract,John.14.30,uk5-858530ce4bdda96a5eb1,tagnt,John.14.30,John.14.30,locked runtime authority retained; raw secondary textual/segmentation variant recorded
strong_control_sequence_difference,low,resolved_by_locked_runtime_authority_contract,John.14.4,uk5-fb9c37b77124d4731f0d,tagnt,John.14.4,John.14.4,locked runtime authority retained; raw secondary textual/segmentation variant recorded
strong_control_sequence_difference,low,resolved_by_locked_runtime_authority_contract,John.14.5,uk5-fe4a8f4ffd8043edca72,tagnt,John.14.5,John.14.5,locked runtime authority retained; raw secondary textual/segmentation variant recorded
strong_control_sequence_difference,low,resolved_by_locked_runtime_authority_contract,John.14.7,uk5-fe03883d078cf7dae224,tagnt,John.14.7,John.14.7,locked runtime authority retained; raw secondary textual/segmentation variant recorded
strong_control_sequence_difference,low,resolved_by_locked_runtime_authority_contract,John.14.8,uk5-d98c90bd8ce921ffc7e9,tagnt,John.14.8,John.14.8,locked runtime authority retained; raw secondary textual/segmentation variant recorded
strong_control_sequence_difference,low,resolved_by_locked_runtime_authority_contract,John.14.9,uk5-c9ca00a0cc673b8dfbbc,tagnt,John.14.9,John.14.9,locked runtime authority retained; raw secondary textual/segmentation variant recorded
strong_control_sequence_difference,low,resolved_by_locked_runtime_authority_contract,John.15.10,uk5-cf5c7edf81fee0d8e198,tagnt,John.15.10,John.15.10,locked runtime authority retained; raw secondary textual/segmentation variant recorded
strong_control_sequence_difference,low,resolved_by_locked_runtime_authority_contract,John.15.14,uk5-f1c122ed35fc79b66675,tagnt,John.15.14,John.15.14,locked runtime authority retained; raw secondary textual/segmentation variant recorded
strong_control_sequence_difference,low,resolved_by_locked_runtime_authority_contract,John.15.15,uk5-6de587f67f8f7bef2b05,tagnt,John.15.15,John.15.15,locked runtime authority retained; raw secondary textual/segmentation variant recorded
strong_control_sequence_difference,low,resolved_by_locked_runtime_authority_contract,John.15.20,uk5-c06584e9805f5d2fbbce,tagnt,John.15.20,John.15.20,locked runtime authority retained; raw secondary textual/segmentation variant recorded
strong_control_sequence_difference,low,resolved_by_locked_runtime_authority_contract,John.15.21,uk5-4d82c6e7654dd1620293,tagnt,John.15.21,John.15.21,locked runtime authority retained; raw secondary textual/segmentation variant recorded
strong_control_sequence_difference,low,resolved_by_locked_runtime_authority_contract,John.15.23,uk5-b04bff3c9fffa24c5c1c,tagnt,John.15.23,John.15.23,locked runtime authority retained; raw secondary textual/segmentation variant recorded
strong_control_sequence_difference,low,resolved_by_locked_runtime_authority_contract,John.15.9,uk5-2b122bd284285c447378,tagnt,John.15.9,John.15.9,locked runtime authority retained; raw secondary textual/segmentation variant recorded
strong_control_sequence_difference,low,resolved_by_locked_runtime_authority_contract,John.16.10,uk5-229f79731d1d6ab08258,tagnt,John.16.10,John.16.10,locked runtime authority retained; raw secondary textual/segmentation variant recorded
strong_control_sequence_difference,low,resolved_by_locked_runtime_authority_contract,John.16.15,uk5-bc0bfaf5687f39091c6c,tagnt,John.16.15,John.16.15,locked runtime authority retained; raw secondary textual/segmentation variant recorded
strong_control_sequence_difference,medium,resolved_by_locked_runtime_authority_contract,John.16.16,uk5-8a5c467d7c72e138d233,tagnt,John.16.16,John.16.16,locked runtime authority retained; raw secondary textual/segmentation variant recorded
strong_control_sequence_difference,low,resolved_by_locked_runtime_authority_contract,John.16.17,uk5-7bab4c629cdf7a27c600,tagnt,John.16.17,John.16.17,locked runtime authority retained; raw secondary textual/segmentation variant recorded
strong_control_sequence_difference,low,resolved_by_locked_runtime_authority_contract,John.16.18,uk5-29b2e896e5c423ca103f,tagnt,John.16.18,John.16.18,locked runtime authority retained; raw secondary textual/segmentation variant recorded
strong_control_sequence_difference,medium,resolved_by_locked_runtime_authority_contract,John.16.19,uk5-8e9daf90583948db811c,tagnt,John.16.19,John.16.19,locked runtime authority retained; raw secondary textual/segmentation variant recorded
strong_control_sequence_difference,low,resolved_by_locked_runtime_authority_contract,John.16.25,uk5-d2498983fed2761f2de3,tagnt,John.16.25,John.16.25,locked runtime authority retained; raw secondary textual/segmentation variant recorded
strong_control_sequence_difference,low,resolved_by_locked_runtime_authority_contract,John.16.29,uk5-c340796f1e4d88a65684,tagnt,John.16.29,John.16.29,locked runtime authority retained; raw secondary textual/segmentation variant recorded
strong_control_sequence_difference,low,resolved_by_locked_runtime_authority_contract,John.16.30,uk5-d28d0d23e782d5707677,tagnt,John.16.30,John.16.30,locked runtime authority retained; raw secondary textual/segmentation variant recorded
strong_control_sequence_difference,low,resolved_by_locked_runtime_authority_contract,John.16.32,uk5-ca07e2bf9396b230cf3c,tagnt,John.16.32,John.16.32,locked runtime authority retained; raw secondary textual/segmentation variant recorded
strong_control_sequence_difference,low,resolved_by_locked_runtime_authority_contract,John.16.4,uk5-22eb3843a0b586d6d51f,tagnt,John.16.4,John.16.4,locked runtime authority retained; raw secondary textual/segmentation variant recorded
strong_control_sequence_difference,low,resolved_by_locked_runtime_authority_contract,John.16.5,uk5-126548ac00e0520110e4,tagnt,John.16.5,John.16.5,locked runtime authority retained; raw secondary textual/segmentation variant recorded
strong_control_sequence_difference,low,resolved_by_locked_runtime_authority_contract,John.17.1,uk5-b9a17af7c2719c7fd6ce,tagnt,John.17.1,John.17.1,locked runtime authority retained; raw secondary textual/segmentation variant recorded
strong_control_sequence_difference,medium,resolved_by_locked_runtime_authority_contract,John.17.10,uk5-6a8e8b56b5e2c891c743,tagnt,John.17.10,John.17.10,locked runtime authority retained; raw secondary textual/segmentation variant recorded
strong_control_sequence_difference,low,resolved_by_locked_runtime_authority_contract,John.17.11,uk5-d76091203c3c43d75166,tagnt,John.17.11,John.17.11,locked runtime authority retained; raw secondary textual/segmentation variant recorded
strong_control_sequence_difference,low,resolved_by_locked_runtime_authority_contract,John.17.17,uk5-cd8903fc511748361348,tagnt,John.17.17,John.17.17,locked runtime authority retained; raw secondary textual/segmentation variant recorded
strong_control_sequence_difference,low,resolved_by_locked_runtime_authority_contract,John.17.18,uk5-e26ef28f37968d1d0f94,tagnt,John.17.18,John.17.18,locked runtime authority retained; raw secondary textual/segmentation variant recorded
strong_control_sequence_difference,low,resolved_by_locked_runtime_authority_contract,John.17.21,uk5-e9a4c03db72e7edce88b,tagnt,John.17.21,John.17.21,locked runtime authority retained; raw secondary textual/segmentation variant recorded
strong_control_sequence_difference,low,resolved_by_locked_runtime_authority_contract,John.17.22,uk5-e4d81d2885a83bf07f6c,tagnt,John.17.22,John.17.22,locked runtime authority retained; raw secondary textual/segmentation variant recorded
strong_control_sequence_difference,low,resolved_by_locked_runtime_authority_contract,John.17.24,uk5-200a11612786465fdc84,tagnt,John.17.24,John.17.24,locked runtime authority retained; raw secondary textual/segmentation variant recorded
strong_control_sequence_difference,low,resolved_by_locked_runtime_authority_contract,John.17.5,uk5-d22c548a85a7fc56586a,tagnt,John.17.5,John.17.5,locked runtime authority retained; raw secondary textual/segmentation variant recorded
strong_control_sequence_difference,low,resolved_by_locked_runtime_authority_contract,John.17.8,uk5-1a32a2b86d073f540bfb,tagnt,John.17.8,John.17.8,locked runtime authority retained; raw secondary textual/segmentation variant recorded
strong_control_sequence_difference,low,resolved_by_locked_runtime_authority_contract,John.18.11,uk5-96f5631401c050fc9934,tagnt,John.18.11,John.18.11,locked runtime authority retained; raw secondary textual/segmentation variant recorded
strong_control_sequence_difference,low,resolved_by_locked_runtime_authority_contract,John.18.13,uk5-56de65e624d0d607a228,tagnt,John.18.13,John.18.13,locked runtime authority retained; raw secondary textual/segmentation variant recorded
strong_control_sequence_difference,low,resolved_by_locked_runtime_authority_contract,John.18.16,uk5-77d487f64b33ab383fb0,tagnt,John.18.16,John.18.16,locked runtime authority retained; raw secondary textual/segmentation variant recorded
strong_control_sequence_difference,low,resolved_by_locked_runtime_authority_contract,John.18.21,uk5-9e8fee5864b4ca31d62c,tagnt,John.18.21,John.18.21,locked runtime authority retained; raw secondary textual/segmentation variant recorded
strong_control_sequence_difference,low,resolved_by_locked_runtime_authority_contract,John.18.22,uk5-4a3fda3605c055ed6354,tagnt,John.18.22,John.18.22,locked runtime authority retained; raw secondary textual/segmentation variant recorded
strong_control_sequence_difference,low,resolved_by_locked_runtime_authority_contract,John.18.23,uk5-1a7fea5b182d6ada5592,tagnt,John.18.23,John.18.23,locked runtime authority retained; raw secondary textual/segmentation variant recorded
strong_control_sequence_difference,low,resolved_by_locked_runtime_authority_contract,John.18.25,uk5-123bd871c8b5cd0dd6c3,tagnt,John.18.25,John.18.25,locked runtime authority retained; raw secondary textual/segmentation variant recorded
strong_control_sequence_difference,low,resolved_by_locked_runtime_authority_contract,John.18.31,uk5-dcd012dfaf8c23c4a561,tagnt,John.18.31,John.18.31,locked runtime authority retained; raw secondary textual/segmentation variant recorded
strong_control_sequence_difference,low,resolved_by_locked_runtime_authority_contract,John.18.34,uk5-0c6b4a6655329c128192,tagnt,John.18.34,John.18.34,locked runtime authority retained; raw secondary textual/segmentation variant recorded
strong_control_sequence_difference,low,resolved_by_locked_runtime_authority_contract,John.18.36,uk5-69222768deef981557ac,tagnt,John.18.36,John.18.36,locked runtime authority retained; raw secondary textual/segmentation variant recorded
strong_control_sequence_difference,low,resolved_by_locked_runtime_authority_contract,John.18.6,uk5-8f6a35a1642eacde12c5,tagnt,John.18.6,John.18.6,locked runtime authority retained; raw secondary textual/segmentation variant recorded
strong_control_sequence_difference,low,resolved_by_locked_runtime_authority_contract,John.18.8,uk5-20e8b3dc8bbf6117180e,tagnt,John.18.8,John.18.8,locked runtime authority retained; raw secondary textual/segmentation variant recorded
strong_control_sequence_difference,low,resolved_by_locked_runtime_authority_contract,John.18.9,uk5-7b83d908abb7ecbd811e,tagnt,John.18.9,John.18.9,locked runtime authority retained; raw secondary textual/segmentation variant recorded
strong_control_sequence_difference,low,resolved_by_locked_runtime_authority_contract,John.19.16,uk5-ac1b91a64acb12e3fd9e,tagnt,John.19.16,John.19.16,locked runtime authority retained; raw secondary textual/segmentation variant recorded
strong_control_sequence_difference,low,resolved_by_locked_runtime_authority_contract,John.19.17,uk5-ffc71280559c2b45d7f3,tagnt,John.19.17,John.19.17,locked runtime authority retained; raw secondary textual/segmentation variant recorded
strong_control_sequence_difference,low,resolved_by_locked_runtime_authority_contract,John.19.26,uk5-89d10a7a0ebf06bcf981,tagnt,John.19.26,John.19.26,locked runtime authority retained; raw secondary textual/segmentation variant recorded
strong_control_sequence_difference,low,resolved_by_locked_runtime_authority_contract,John.19.37,uk5-432274356b3d668f0be7,tagnt,John.19.37,John.19.37,locked runtime authority retained; raw secondary textual/segmentation variant recorded
strong_control_sequence_difference,low,resolved_by_locked_runtime_authority_contract,John.19.4,uk5-9f8173d6019a8a90cf89,tagnt,John.19.4,John.19.4,locked runtime authority retained; raw secondary textual/segmentation variant recorded
strong_control_sequence_difference,low,resolved_by_locked_runtime_authority_contract,John.2.10,uk5-d831bde5682adb21646d,tagnt,John.2.10,John.2.10,locked runtime authority retained; raw secondary textual/segmentation variant recorded
strong_control_sequence_difference,low,resolved_by_locked_runtime_authority_contract,John.2.16,uk5-3a63fb412e2e3c1d78c6,tagnt,John.2.16,John.2.16,locked runtime authority retained; raw secondary textual/segmentation variant recorded
strong_control_sequence_difference,low,resolved_by_locked_runtime_authority_contract,John.2.17,uk5-2add90f8fceae3e7210c,tagnt,John.2.17,John.2.17,locked runtime authority retained; raw secondary textual/segmentation variant recorded
strong_control_sequence_difference,low,resolved_by_locked_runtime_authority_contract,John.2.18,uk5-66d8cf51e77a7610c402,tagnt,John.2.18,John.2.18,locked runtime authority retained; raw secondary textual/segmentation variant recorded
strong_control_sequence_difference,low,resolved_by_locked_runtime_authority_contract,John.20.13,uk5-b0a3d72530fe10568540,tagnt,John.20.13,John.20.13,locked runtime authority retained; raw secondary textual/segmentation variant recorded
strong_control_sequence_difference,low,resolved_by_locked_runtime_authority_contract,John.20.14,uk5-8ace01b51f123c18e4df,tagnt,John.20.14,John.20.14,locked runtime authority retained; raw secondary textual/segmentation variant recorded
strong_control_sequence_difference,low,resolved_by_locked_runtime_authority_contract,John.20.15,uk5-5ae21342d4b376f5d084,tagnt,John.20.15,John.20.15,locked runtime authority retained; raw secondary textual/segmentation variant recorded
strong_control_sequence_difference,low,resolved_by_locked_runtime_authority_contract,John.20.16,uk5-5ffdf27e2d471f0ad739,tagnt,John.20.16,John.20.16,locked runtime authority retained; raw secondary textual/segmentation variant recorded
strong_control_sequence_difference,low,resolved_by_locked_runtime_authority_contract,John.20.17,uk5-b9e4ea142734a1a7a0d0,tagnt,John.20.17,John.20.17,locked runtime authority retained; raw secondary textual/segmentation variant recorded
strong_control_sequence_difference,low,resolved_by_locked_runtime_authority_contract,John.20.18,uk5-d217fc0ae1003be486de,tagnt,John.20.18,John.20.18,locked runtime authority retained; raw secondary textual/segmentation variant recorded
strong_control_sequence_difference,low,resolved_by_locked_runtime_authority_contract,John.20.20,uk5-03220e7871b4047fd068,tagnt,John.20.20,John.20.20,locked runtime authority retained; raw secondary textual/segmentation variant recorded
strong_control_sequence_difference,low,resolved_by_locked_runtime_authority_contract,John.20.21,uk5-d8b78f24906748d45d08,tagnt,John.20.21,John.20.21,locked runtime authority retained; raw secondary textual/segmentation variant recorded
strong_control_sequence_difference,low,resolved_by_locked_runtime_authority_contract,John.20.22,uk5-b2b0e7efcc8b42f4589c,tagnt,John.20.22,John.20.22,locked runtime authority retained; raw secondary textual/segmentation variant recorded
strong_control_sequence_difference,low,resolved_by_locked_runtime_authority_contract,John.20.25,uk5-90ef0422f56d0d43725c,tagnt,John.20.25,John.20.25,locked runtime authority retained; raw secondary textual/segmentation variant recorded
strong_control_sequence_difference,medium,resolved_by_locked_runtime_authority_contract,John.20.28,uk5-1cfe90d0eea8a11dd6a3,tagnt,John.20.28,John.20.28,locked runtime authority retained; raw secondary textual/segmentation variant recorded
strong_control_sequence_difference,low,resolved_by_locked_runtime_authority_contract,John.20.29,uk5-319ca34f3f94a688238e,tagnt,John.20.29,John.20.29,locked runtime authority retained; raw secondary textual/segmentation variant recorded
strong_control_sequence_difference,low,resolved_by_locked_runtime_authority_contract,John.21.15,uk5-1799cbbf00386c1eb001,tagnt,John.21.15,John.21.15,locked runtime authority retained; raw secondary textual/segmentation variant recorded
strong_control_sequence_difference,low,resolved_by_locked_runtime_authority_contract,John.21.16,uk5-4ec93654e94a7765d01a,tagnt,John.21.16,John.21.16,locked runtime authority retained; raw secondary textual/segmentation variant recorded
strong_control_sequence_difference,low,resolved_by_locked_runtime_authority_contract,John.21.17,uk5-8af0dd8c84b41a9ec852,tagnt,John.21.17,John.21.17,locked runtime authority retained; raw secondary textual/segmentation variant recorded
strong_control_sequence_difference,low,resolved_by_locked_runtime_authority_contract,John.21.19,uk5-4eda67b614b669c80310,tagnt,John.21.19,John.21.19,locked runtime authority retained; raw secondary textual/segmentation variant recorded
strong_control_sequence_difference,low,resolved_by_locked_runtime_authority_contract,John.21.3,uk5-c2f37160da240396ae98,tagnt,John.21.3,John.21.3,locked runtime authority retained; raw secondary textual/segmentation variant recorded
strong_control_sequence_difference,low,resolved_by_locked_runtime_authority_contract,John.21.6,uk5-6036f74a30edfd6d171a,tagnt,John.21.6,John.21.6,locked runtime authority retained; raw secondary textual/segmentation variant recorded
strong_control_sequence_difference,low,resolved_by_locked_runtime_authority_contract,John.3.12,uk5-7380b6440606c5d7ad96,tagnt,John.3.12,John.3.12,locked runtime authority retained; raw secondary textual/segmentation variant recorded
strong_control_sequence_difference,low,resolved_by_locked_runtime_authority_contract,John.3.13,uk5-42d0b6da8c55b3f3ce9d,tagnt,John.3.13,John.3.13,locked runtime authority retained; raw secondary textual/segmentation variant recorded
strong_control_sequence_difference,low,resolved_by_locked_runtime_authority_contract,John.3.15,uk5-a592ca415e084a32e420,tagnt,John.3.15,John.3.15,locked runtime authority retained; raw secondary textual/segmentation variant recorded
strong_control_sequence_difference,low,resolved_by_locked_runtime_authority_contract,John.3.24,uk5-ef24b43244a28f86d001,tagnt,John.3.24,John.3.24,locked runtime authority retained; raw secondary textual/segmentation variant recorded
strong_control_sequence_difference,low,resolved_by_locked_runtime_authority_contract,John.3.28,uk5-e36be6cfc1fdc54a82fa,tagnt,John.3.28,John.3.28,locked runtime authority retained; raw secondary textual/segmentation variant recorded
strong_control_sequence_difference,low,resolved_by_locked_runtime_authority_contract,John.3.3,uk5-47a744a1c628006cc567,tagnt,John.3.3,John.3.3,locked runtime authority retained; raw secondary textual/segmentation variant recorded
strong_control_sequence_difference,low,resolved_by_locked_runtime_authority_contract,John.3.30,uk5-2c4e7adb7d59ad66a715,tagnt,John.3.30,John.3.30,locked runtime authority retained; raw secondary textual/segmentation variant recorded
strong_control_sequence_difference,low,resolved_by_locked_runtime_authority_contract,John.3.7,uk5-3f893bedd8659800d7a6,tagnt,John.3.7,John.3.7,locked runtime authority retained; raw secondary textual/segmentation variant recorded
strong_control_sequence_difference,low,resolved_by_locked_runtime_authority_contract,John.3.9,uk5-7c4a298123ff23fa8368,tagnt,John.3.9,John.3.9,locked runtime authority retained; raw secondary textual/segmentation variant recorded
strong_control_sequence_difference,low,resolved_by_locked_runtime_authority_contract,John.4.1,uk5-f9e6cf97b2aa809c56ea,tagnt,John.4.1,John.4.1,locked runtime authority retained; raw secondary textual/segmentation variant recorded
strong_control_sequence_difference,low,resolved_by_locked_runtime_authority_contract,John.4.12,uk5-522d17d81cf2605561f2,tagnt,John.4.12,John.4.12,locked runtime authority retained; raw secondary textual/segmentation variant recorded
strong_control_sequence_difference,low,resolved_by_locked_runtime_authority_contract,John.4.13,uk5-85c76f28afc6ad5cfe4f,tagnt,John.4.13,John.4.13,locked runtime authority retained; raw secondary textual/segmentation variant recorded
strong_control_sequence_difference,low,resolved_by_locked_runtime_authority_contract,John.4.17,uk5-bacb1158584cb59454ec,tagnt,John.4.17,John.4.17,locked runtime authority retained; raw secondary textual/segmentation variant recorded
strong_control_sequence_difference,low,resolved_by_locked_runtime_authority_contract,John.4.18,uk5-c4ab6c3337d28c703b41,tagnt,John.4.18,John.4.18,locked runtime authority retained; raw secondary textual/segmentation variant recorded
strong_control_sequence_difference,low,resolved_by_locked_runtime_authority_contract,John.4.2,uk5-eb1e59c64c3c9c6d01bf,tagnt,John.4.2,John.4.2,locked runtime authority retained; raw secondary textual/segmentation variant recorded
strong_control_sequence_difference,low,resolved_by_locked_runtime_authority_contract,John.4.22,uk5-a7d9652c596ccf996dea,tagnt,John.4.22,John.4.22,locked runtime authority retained; raw secondary textual/segmentation variant recorded
strong_control_sequence_difference,low,resolved_by_locked_runtime_authority_contract,John.4.24,uk5-434deacc06408e1e0eaa,tagnt,John.4.24,John.4.24,locked runtime authority retained; raw secondary textual/segmentation variant recorded
strong_control_sequence_difference,low,resolved_by_locked_runtime_authority_contract,John.4.25,uk5-5b05b801e5e01b4ff35e,tagnt,John.4.25,John.4.25,locked runtime authority retained; raw secondary textual/segmentation variant recorded
strong_control_sequence_difference,low,resolved_by_locked_runtime_authority_contract,John.4.29,uk5-8c4343104eb1c585653f,tagnt,John.4.29,John.4.29,locked runtime authority retained; raw secondary textual/segmentation variant recorded
strong_control_sequence_difference,low,resolved_by_locked_runtime_authority_contract,John.4.31,uk5-db7b906119fd58e6792e,tagnt,John.4.31,John.4.31,locked runtime authority retained; raw secondary textual/segmentation variant recorded
strong_control_sequence_difference,low,resolved_by_locked_runtime_authority_contract,John.4.32,uk5-1ccea96bff69389822ab,tagnt,John.4.32,John.4.32,locked runtime authority retained; raw secondary textual/segmentation variant recorded
strong_control_sequence_difference,low,resolved_by_locked_runtime_authority_contract,John.4.35,uk5-cca74e0b36c5a2a3212c,tagnt,John.4.35,John.4.35,locked runtime authority retained; raw secondary textual/segmentation variant recorded
strong_control_sequence_difference,low,resolved_by_locked_runtime_authority_contract,John.4.4,uk5-1ad3d67d2b49f19b4e97,tagnt,John.4.4,John.4.4,locked runtime authority retained; raw secondary textual/segmentation variant recorded
strong_control_sequence_difference,low,resolved_by_locked_runtime_authority_contract,John.4.41,uk5-b6f12c7cfc566c967d5f,tagnt,John.4.41,John.4.41,locked runtime authority retained; raw secondary textual/segmentation variant recorded
strong_control_sequence_difference,low,resolved_by_locked_runtime_authority_contract,John.4.42,uk5-390e5b3ae372bc1e34af,tagnt,John.4.42,John.4.42,locked runtime authority retained; raw secondary textual/segmentation variant recorded
strong_control_sequence_difference,low,resolved_by_locked_runtime_authority_contract,John.4.48,uk5-f823857fe97b9b8a6cda,tagnt,John.4.48,John.4.48,locked runtime authority retained; raw secondary textual/segmentation variant recorded
strong_control_sequence_difference,low,resolved_by_locked_runtime_authority_contract,John.4.50,uk5-96d0c65da108486e4f85,tagnt,John.4.50,John.4.50,locked runtime authority retained; raw secondary textual/segmentation variant recorded
strong_control_sequence_difference,low,resolved_by_locked_runtime_authority_contract,John.4.52,uk5-a31135a2d7d9e9cf0197,tagnt,John.4.52,John.4.52,locked runtime authority retained; raw secondary textual/segmentation variant recorded
strong_control_sequence_difference,low,resolved_by_locked_runtime_authority_contract,John.5.11,uk5-36c3e3d47958b446fb42,tagnt,John.5.11,John.5.11,locked runtime authority retained; raw secondary textual/segmentation variant recorded
strong_control_sequence_difference,low,resolved_by_locked_runtime_authority_contract,John.5.12,uk5-136b7014dd997e848cf1,tagnt,John.5.12,John.5.12,locked runtime authority retained; raw secondary textual/segmentation variant recorded
strong_control_sequence_difference,low,resolved_by_locked_runtime_authority_contract,John.5.16,uk5-ff13f4f9a6eb67b5c5a8,tagnt,John.5.16,John.5.16,locked runtime authority retained; raw secondary textual/segmentation variant recorded
strong_control_sequence_difference,low,resolved_by_locked_runtime_authority_contract,John.5.17,uk5-3af1e6abe73b5827a0f6,tagnt,John.5.17,John.5.17,locked runtime authority retained; raw secondary textual/segmentation variant recorded
strong_control_sequence_difference,low,resolved_by_locked_runtime_authority_contract,John.5.19,uk5-ed584b9e149301c35c72,tagnt,John.5.19,John.5.19,locked runtime authority retained; raw secondary textual/segmentation variant recorded
strong_control_sequence_difference,low,resolved_by_locked_runtime_authority_contract,John.5.3,uk5-4a3e3783b8787ac3b85e,tagnt,John.5.3,John.5.3,locked runtime authority retained; raw secondary textual/segmentation variant recorded
strong_control_sequence_difference,low,resolved_by_locked_runtime_authority_contract,John.5.30,uk5-976b80a55be3d3be29e9,tagnt,John.5.30,John.5.30,locked runtime authority retained; raw secondary textual/segmentation variant recorded
strong_control_sequence_difference,medium,resolved_by_locked_runtime_authority_contract,John.5.4,uk5-6957641c7c8a3f7295ba,tagnt,John.5.4,John.5.4,locked runtime authority retained; raw secondary textual/segmentation variant recorded
strong_control_sequence_difference,low,resolved_by_locked_runtime_authority_contract,John.5.40,uk5-ab6c71f5155149c92707,tagnt,John.5.40,John.5.40,locked runtime authority retained; raw secondary textual/segmentation variant recorded
strong_control_sequence_difference,low,resolved_by_locked_runtime_authority_contract,John.6.11,uk5-8541bbe8f93128024d2a,tagnt,John.6.11,John.6.11,locked runtime authority retained; raw secondary textual/segmentation variant recorded
strong_control_sequence_difference,low,resolved_by_locked_runtime_authority_contract,John.6.18,uk5-fa296938ed1d926a9fba,tagnt,John.6.18,John.6.18,locked runtime authority retained; raw secondary textual/segmentation variant recorded
strong_control_sequence_difference,low,resolved_by_locked_runtime_authority_contract,John.6.22,uk5-c0515744d1a34e5e6b3f,tagnt,John.6.22,John.6.22,locked runtime authority retained; raw secondary textual/segmentation variant recorded
strong_control_sequence_difference,low,resolved_by_locked_runtime_authority_contract,John.6.23,uk5-62729d18ba1a0f1b8c0d,tagnt,John.6.23,John.6.23,locked runtime authority retained; raw secondary textual/segmentation variant recorded
strong_control_sequence_difference,low,resolved_by_locked_runtime_authority_contract,John.6.26,uk5-720b98518fa23c7c32c3,tagnt,John.6.26,John.6.26,locked runtime authority retained; raw secondary textual/segmentation variant recorded
strong_control_sequence_difference,low,resolved_by_locked_runtime_authority_contract,John.6.30,uk5-fcc5b0e65e543f9219e0,tagnt,John.6.30,John.6.30,locked runtime authority retained; raw secondary textual/segmentation variant recorded
strong_control_sequence_difference,low,resolved_by_locked_runtime_authority_contract,John.6.31,uk5-aabaf5f2cea9f70ef422,tagnt,John.6.31,John.6.31,locked runtime authority retained; raw secondary textual/segmentation variant recorded
strong_control_sequence_difference,low,resolved_by_locked_runtime_authority_contract,John.6.34,uk5-d503e029103a62b69b93,tagnt,John.6.34,John.6.34,locked runtime authority retained; raw secondary textual/segmentation variant recorded
strong_control_sequence_difference,low,resolved_by_locked_runtime_authority_contract,John.6.36,uk5-6850ef63d25a8783e702,tagnt,John.6.36,John.6.36,locked runtime authority retained; raw secondary textual/segmentation variant recorded
strong_control_sequence_difference,low,resolved_by_locked_runtime_authority_contract,John.6.39,uk5-494bd6f7a9e50af9e7b5,tagnt,John.6.39,John.6.39,locked runtime authority retained; raw secondary textual/segmentation variant recorded
strong_control_sequence_difference,low,resolved_by_locked_runtime_authority_contract,John.6.42,uk5-ef688e1f21dc4a40a3d8,tagnt,John.6.42,John.6.42,locked runtime authority retained; raw secondary textual/segmentation variant recorded
strong_control_sequence_difference,low,resolved_by_locked_runtime_authority_contract,John.6.43,uk5-8df71055d87fdcd574fa,tagnt,John.6.43,John.6.43,locked runtime authority retained; raw secondary textual/segmentation variant recorded
strong_control_sequence_difference,low,resolved_by_locked_runtime_authority_contract,John.6.44,uk5-e8925ffc35da04ff96cf,tagnt,John.6.44,John.6.44,locked runtime authority retained; raw secondary textual/segmentation variant recorded
strong_control_sequence_difference,low,resolved_by_locked_runtime_authority_contract,John.6.52,uk5-be6635c3e31ef7b6e5ad,tagnt,John.6.52,John.6.52,locked runtime authority retained; raw secondary textual/segmentation variant recorded
strong_control_sequence_difference,low,resolved_by_locked_runtime_authority_contract,John.6.54,uk5-282f30849bedbcea0857,tagnt,John.6.54,John.6.54,locked runtime authority retained; raw secondary textual/segmentation variant recorded
strong_control_sequence_difference,low,resolved_by_locked_runtime_authority_contract,John.6.55,uk5-c2ee2c2283c1572168f0,tagnt,John.6.55,John.6.55,locked runtime authority retained; raw secondary textual/segmentation variant recorded
strong_control_sequence_difference,low,resolved_by_locked_runtime_authority_contract,John.6.56,uk5-fdef7b32e619d64b2e90,tagnt,John.6.56,John.6.56,locked runtime authority retained; raw secondary textual/segmentation variant recorded
strong_control_sequence_difference,low,resolved_by_locked_runtime_authority_contract,John.6.57,uk5-78f1147a0d2a635f9a34,tagnt,John.6.57,John.6.57,locked runtime authority retained; raw secondary textual/segmentation variant recorded
strong_control_sequence_difference,low,resolved_by_locked_runtime_authority_contract,John.6.58,uk5-ecbfd24f0a1229c88cc9,tagnt,John.6.58,John.6.58,locked runtime authority retained; raw secondary textual/segmentation variant recorded
strong_control_sequence_difference,low,resolved_by_locked_runtime_authority_contract,John.6.59,uk5-523df21e88a39168d5da,tagnt,John.6.59,John.6.59,locked runtime authority retained; raw secondary textual/segmentation variant recorded
strong_control_sequence_difference,low,resolved_by_locked_runtime_authority_contract,John.6.65,uk5-f12a25dec7f7be8f37fd,tagnt,John.6.65,John.6.65,locked runtime authority retained; raw secondary textual/segmentation variant recorded
strong_control_sequence_difference,low,resolved_by_locked_runtime_authority_contract,John.6.69,uk5-50012c1b8ed3ba5c9f97,tagnt,John.6.69,John.6.69,locked runtime authority retained; raw secondary textual/segmentation variant recorded
strong_control_sequence_difference,low,resolved_by_locked_runtime_authority_contract,John.7.16,uk5-e8ad962744f99d63256c,tagnt,John.7.16,John.7.16,locked runtime authority retained; raw secondary textual/segmentation variant recorded
strong_control_sequence_difference,low,resolved_by_locked_runtime_authority_contract,John.7.21,uk5-dc00b6b13ab55cd3e099,tagnt,John.7.21,John.7.21,locked runtime authority retained; raw secondary textual/segmentation variant recorded
strong_control_sequence_difference,low,resolved_by_locked_runtime_authority_contract,John.7.26,uk5-934b2a45649110e215cc,tagnt,John.7.26,John.7.26,locked runtime authority retained; raw secondary textual/segmentation variant recorded
strong_control_sequence_difference,low,resolved_by_locked_runtime_authority_contract,John.7.28,uk5-60344d1d164c2272e285,tagnt,John.7.28,John.7.28,locked runtime authority retained; raw secondary textual/segmentation variant recorded
strong_control_sequence_difference,medium,resolved_by_locked_runtime_authority_contract,John.7.29,uk5-fc2ea4b04169d11789ef,tagnt,John.7.29,John.7.29,locked runtime authority retained; raw secondary textual/segmentation variant recorded
strong_control_sequence_difference,low,resolved_by_locked_runtime_authority_contract,John.7.33,uk5-6afefdde0d05002af908,tagnt,John.7.33,John.7.33,locked runtime authority retained; raw secondary textual/segmentation variant recorded
strong_control_sequence_difference,low,resolved_by_locked_runtime_authority_contract,John.7.34,uk5-2de6a03b1a9624ba782b,tagnt,John.7.34,John.7.34,locked runtime authority retained; raw secondary textual/segmentation variant recorded
strong_control_sequence_difference,low,resolved_by_locked_runtime_authority_contract,John.7.36,uk5-ca9d8b46dfedbd289a25,tagnt,John.7.36,John.7.36,locked runtime authority retained; raw secondary textual/segmentation variant recorded
strong_control_sequence_difference,low,resolved_by_locked_runtime_authority_contract,John.7.39,uk5-4bfabc6d9ef6415c5c79,tagnt,John.7.39,John.7.39,locked runtime authority retained; raw secondary textual/segmentation variant recorded
strong_control_sequence_difference,low,resolved_by_locked_runtime_authority_contract,John.7.4,uk5-a90ce11a2bceea7d5072,tagnt,John.7.4,John.7.4,locked runtime authority retained; raw secondary textual/segmentation variant recorded
strong_control_sequence_difference,low,resolved_by_locked_runtime_authority_contract,John.7.46,uk5-df08d4bd0f450a8913b8,tagnt,John.7.46,John.7.46,locked runtime authority retained; raw secondary textual/segmentation variant recorded
strong_control_sequence_difference,low,resolved_by_locked_runtime_authority_contract,John.7.51,uk5-3ed238f29316684f5eea,tagnt,John.7.51,John.7.51,locked runtime authority retained; raw secondary textual/segmentation variant recorded
strong_control_sequence_difference,low,resolved_by_locked_runtime_authority_contract,John.7.52,uk5-f87091ea99e4dd598a5e,tagnt,John.7.52,John.7.52,locked runtime authority retained; raw secondary textual/segmentation variant recorded
strong_control_sequence_difference,low,resolved_by_locked_runtime_authority_contract,John.7.6,uk5-5701ee10a4c5e9c146ce,tagnt,John.7.6,John.7.6,locked runtime authority retained; raw secondary textual/segmentation variant recorded
strong_control_sequence_difference,low,resolved_by_locked_runtime_authority_contract,John.7.8,uk5-de0af539c0801a654305,tagnt,John.7.8,John.7.8,locked runtime authority retained; raw secondary textual/segmentation variant recorded
strong_control_sequence_difference,low,resolved_by_locked_runtime_authority_contract,John.7.9,uk5-176dfa32b4ef6a05c30b,tagnt,John.7.9,John.7.9,locked runtime authority retained; raw secondary textual/segmentation variant recorded
strong_control_sequence_difference,low,resolved_by_locked_runtime_authority_contract,John.8.1,uk5-bf773dc04b88026c8cd9,tagnt,John.8.1,John.8.1,locked runtime authority retained; raw secondary textual/segmentation variant recorded
strong_control_sequence_difference,medium,resolved_by_locked_runtime_authority_contract,John.8.10,uk5-ae5b3eb7da7737567ef1,tagnt,John.8.10,John.8.10,locked runtime authority retained; raw secondary textual/segmentation variant recorded
strong_control_sequence_difference,medium,resolved_by_locked_runtime_authority_contract,John.8.11,uk5-0f01bcdf41b5efb61710,tagnt,John.8.11,John.8.11,locked runtime authority retained; raw secondary textual/segmentation variant recorded
strong_control_sequence_difference,low,resolved_by_locked_runtime_authority_contract,John.8.13,uk5-adc5795c2e9701bc941d,tagnt,John.8.13,John.8.13,locked runtime authority retained; raw secondary textual/segmentation variant recorded
strong_control_sequence_difference,low,resolved_by_locked_runtime_authority_contract,John.8.14,uk5-9dc5ac44b0916c04afcb,tagnt,John.8.14,John.8.14,locked runtime authority retained; raw secondary textual/segmentation variant recorded
strong_control_sequence_difference,low,resolved_by_locked_runtime_authority_contract,John.8.19,uk5-79073c2cb3a4ce63c8ae,tagnt,John.8.19,John.8.19,locked runtime authority retained; raw secondary textual/segmentation variant recorded
strong_control_sequence_difference,low,resolved_by_locked_runtime_authority_contract,John.8.2,uk5-45aae07de5de4e811115,tagnt,John.8.2,John.8.2,locked runtime authority retained; raw secondary textual/segmentation variant recorded
strong_control_sequence_difference,low,resolved_by_locked_runtime_authority_contract,John.8.21,uk5-531b83821f98c43142f3,tagnt,John.8.21,John.8.21,locked runtime authority retained; raw secondary textual/segmentation variant recorded
strong_control_sequence_difference,low,resolved_by_locked_runtime_authority_contract,John.8.26,uk5-825a1744d9a499da2a1e,tagnt,John.8.26,John.8.26,locked runtime authority retained; raw secondary textual/segmentation variant recorded
strong_control_sequence_difference,low,resolved_by_locked_runtime_authority_contract,John.8.29,uk5-2347086865c6fdb983d0,tagnt,John.8.29,John.8.29,locked runtime authority retained; raw secondary textual/segmentation variant recorded
strong_control_sequence_difference,low,resolved_by_locked_runtime_authority_contract,John.8.3,uk5-b4427788274772df2cb9,tagnt,John.8.3,John.8.3,locked runtime authority retained; raw secondary textual/segmentation variant recorded
strong_control_sequence_difference,low,resolved_by_locked_runtime_authority_contract,John.8.37,uk5-74b07db47fb54277df65,tagnt,John.8.37,John.8.37,locked runtime authority retained; raw secondary textual/segmentation variant recorded
strong_control_sequence_difference,low,resolved_by_locked_runtime_authority_contract,John.8.39,uk5-c5254c0b1f0b83e35969,tagnt,John.8.39,John.8.39,locked runtime authority retained; raw secondary textual/segmentation variant recorded
strong_control_sequence_difference,medium,resolved_by_locked_runtime_authority_contract,John.8.4,uk5-5a4976b67dd80ecaeabb,tagnt,John.8.4,John.8.4,locked runtime authority retained; raw secondary textual/segmentation variant recorded
strong_control_sequence_difference,low,resolved_by_locked_runtime_authority_contract,John.8.43,uk5-b85533d669725957d270,tagnt,John.8.43,John.8.43,locked runtime authority retained; raw secondary textual/segmentation variant recorded
strong_control_sequence_difference,low,resolved_by_locked_runtime_authority_contract,John.8.45,uk5-70e58b2e8b162868d7f9,tagnt,John.8.45,John.8.45,locked runtime authority retained; raw secondary textual/segmentation variant recorded
strong_control_sequence_difference,low,resolved_by_locked_runtime_authority_contract,John.8.46,uk5-3dd9ac5e8e35a1f859a0,tagnt,John.8.46,John.8.46,locked runtime authority retained; raw secondary textual/segmentation variant recorded
strong_control_sequence_difference,low,resolved_by_locked_runtime_authority_contract,John.8.48,uk5-0c20ed50d73e6e0d1036,tagnt,John.8.48,John.8.48,locked runtime authority retained; raw secondary textual/segmentation variant recorded
strong_control_sequence_difference,low,resolved_by_locked_runtime_authority_contract,John.8.49,uk5-71f6164d2a06d0be9e1b,tagnt,John.8.49,John.8.49,locked runtime authority retained; raw secondary textual/segmentation variant recorded
strong_control_sequence_difference,medium,resolved_by_locked_runtime_authority_contract,John.8.5,uk5-7a0d93afa26e32c712a6,tagnt,John.8.5,John.8.5,locked runtime authority retained; raw secondary textual/segmentation variant recorded
strong_control_sequence_difference,low,resolved_by_locked_runtime_authority_contract,John.8.53,uk5-8c6b3074f7fed1bb3508,tagnt,John.8.53,John.8.53,locked runtime authority retained; raw secondary textual/segmentation variant recorded
strong_control_sequence_difference,low,resolved_by_locked_runtime_authority_contract,John.8.54,uk5-4efc68bdc03345a44cca,tagnt,John.8.54,John.8.54,locked runtime authority retained; raw secondary textual/segmentation variant recorded
strong_control_sequence_difference,low,resolved_by_locked_runtime_authority_contract,John.8.55,uk5-e78d731f389ea3d938ee,tagnt,John.8.55,John.8.55,locked runtime authority retained; raw secondary textual/segmentation variant recorded
strong_control_sequence_difference,low,resolved_by_locked_runtime_authority_contract,John.8.56,uk5-b96f4706c097e91bddb7,tagnt,John.8.56,John.8.56,locked runtime authority retained; raw secondary textual/segmentation variant recorded
strong_control_sequence_difference,low,resolved_by_locked_runtime_authority_contract,John.8.58,uk5-be2915619f4819778b88,tagnt,John.8.58,John.8.58,locked runtime authority retained; raw secondary textual/segmentation variant recorded
strong_control_sequence_difference,low,resolved_by_locked_runtime_authority_contract,John.8.59,uk5-85f732a8550394bf8c8b,tagnt,John.8.59,John.8.59,locked runtime authority retained; raw secondary textual/segmentation variant recorded
strong_control_sequence_difference,high,resolved_by_locked_runtime_authority_contract,John.8.6,uk5-f33c383b597cbccb6505,tagnt,John.8.6,John.8.6,locked runtime authority retained; raw secondary textual/segmentation variant recorded
strong_control_sequence_difference,low,resolved_by_locked_runtime_authority_contract,John.8.7,uk5-c9032e228519d3c181b1,tagnt,John.8.7,John.8.7,locked runtime authority retained; raw secondary textual/segmentation variant recorded
strong_control_sequence_difference,medium,resolved_by_locked_runtime_authority_contract,John.8.8,uk5-11940489925e60e2d8a7,tagnt,John.8.8,John.8.8,locked runtime authority retained; raw secondary textual/segmentation variant recorded
strong_control_sequence_difference,medium,resolved_by_locked_runtime_authority_contract,John.8.9,uk5-60f60c01a87da5ad3208,tagnt,John.8.9,John.8.9,locked runtime authority retained; raw secondary textual/segmentation variant recorded
strong_control_sequence_difference,low,resolved_by_locked_runtime_authority_contract,John.9.1,uk5-adc97c15dc84cb4a1ecb,tagnt,John.9.1,John.9.1,locked runtime authority retained; raw secondary textual/segmentation variant recorded
strong_control_sequence_difference,low,resolved_by_locked_runtime_authority_contract,John.9.11,uk5-1091bc49bdd3a63b4a17,tagnt,John.9.11,John.9.11,locked runtime authority retained; raw secondary textual/segmentation variant recorded
strong_control_sequence_difference,low,resolved_by_locked_runtime_authority_contract,John.9.12,uk5-e710df6477f405352967,tagnt,John.9.12,John.9.12,locked runtime authority retained; raw secondary textual/segmentation variant recorded
strong_control_sequence_difference,low,resolved_by_locked_runtime_authority_contract,John.9.17,uk5-a53fafd0c6fdd95218d4,tagnt,John.9.17,John.9.17,locked runtime authority retained; raw secondary textual/segmentation variant recorded
strong_control_sequence_difference,low,resolved_by_locked_runtime_authority_contract,John.9.20,uk5-f8dc8638e69bbad38663,tagnt,John.9.20,John.9.20,locked runtime authority retained; raw secondary textual/segmentation variant recorded
strong_control_sequence_difference,low,resolved_by_locked_runtime_authority_contract,John.9.21,uk5-88a625de2738672a983e,tagnt,John.9.21,John.9.21,locked runtime authority retained; raw secondary textual/segmentation variant recorded
strong_control_sequence_difference,low,resolved_by_locked_runtime_authority_contract,John.9.24,uk5-2716fe17df4f2a1ff38d,tagnt,John.9.24,John.9.24,locked runtime authority retained; raw secondary textual/segmentation variant recorded
strong_control_sequence_difference,low,resolved_by_locked_runtime_authority_contract,John.9.25,uk5-94962bd34361414643d3,tagnt,John.9.25,John.9.25,locked runtime authority retained; raw secondary textual/segmentation variant recorded
strong_control_sequence_difference,low,resolved_by_locked_runtime_authority_contract,John.9.26,uk5-dcd3228f32f11bc31d45,tagnt,John.9.26,John.9.26,locked runtime authority retained; raw secondary textual/segmentation variant recorded
strong_control_sequence_difference,low,resolved_by_locked_runtime_authority_contract,John.9.28,uk5-38360f3a36a313f14dd5,tagnt,John.9.28,John.9.28,locked runtime authority retained; raw secondary textual/segmentation variant recorded
strong_control_sequence_difference,low,resolved_by_locked_runtime_authority_contract,John.9.29,uk5-42a9a82a8bd82280b6d5,tagnt,John.9.29,John.9.29,locked runtime authority retained; raw secondary textual/segmentation variant recorded
strong_control_sequence_difference,low,resolved_by_locked_runtime_authority_contract,John.9.30,uk5-d75d2dbb86ef2360e64c,tagnt,John.9.30,John.9.30,locked runtime authority retained; raw secondary textual/segmentation variant recorded
strong_control_sequence_difference,low,resolved_by_locked_runtime_authority_contract,John.9.34,uk5-43a4968067f938b1dfc8,tagnt,John.9.34,John.9.34,locked runtime authority retained; raw secondary textual/segmentation variant recorded
strong_control_sequence_difference,low,resolved_by_locked_runtime_authority_contract,John.9.35,uk5-3d81ef013a26e3232b75,tagnt,John.9.35,John.9.35,locked runtime authority retained; raw secondary textual/segmentation variant recorded
strong_control_sequence_difference,low,resolved_by_locked_runtime_authority_contract,John.9.37,uk5-6e316de2a7e92f293ce7,tagnt,John.9.37,John.9.37,locked runtime authority retained; raw secondary textual/segmentation variant recorded
strong_control_sequence_difference,low,resolved_by_locked_runtime_authority_contract,John.9.4,uk5-178a89964fa17dac1b13,tagnt,John.9.4,John.9.4,locked runtime authority retained; raw secondary textual/segmentation variant recorded
strong_control_sequence_difference,low,resolved_by_locked_runtime_authority_contract,John.9.40,uk5-a3c390cbe53a72a2d01e,tagnt,John.9.40,John.9.40,locked runtime authority retained; raw secondary textual/segmentation variant recorded
strong_control_sequence_difference,low,resolved_by_locked_runtime_authority_contract,John.9.6,uk5-cc8dfa8ec3afc5771488,tagnt,John.9.6,John.9.6,locked runtime authority retained; raw secondary textual/segmentation variant recorded
strong_control_sequence_difference,low,resolved_by_locked_runtime_authority_contract,John.9.9,uk5-ac28d71746e9c42fb292,tagnt,John.9.9,John.9.9,locked runtime authority retained; raw secondary textual/segmentation variant recorded
strong_control_sequence_difference,high,resolved_by_locked_runtime_authority_contract,Jonah.1.17,uk5-f2c876375c2b403822b6,oshb,Jonah.2.1,,locked runtime authority retained; raw secondary textual/segmentation variant recorded
strong_control_sequence_difference,high,resolved_by_locked_runtime_authority_contract,Jonah.2.1,uk5-9c3b349f6e725bc1692a,oshb,Jonah.2.1,,locked runtime authority retained; raw secondary textual/segmentation variant recorded
strong_control_sequence_difference,high,resolved_by_locked_runtime_authority_contract,Jonah.2.10,uk5-af15c2679020ee59fe0b,oshb,Jonah.2.10,,locked runtime authority retained; raw secondary textual/segmentation variant recorded
strong_control_sequence_difference,high,resolved_by_locked_runtime_authority_contract,Jonah.2.2,uk5-799a2029eb51c23d751f,oshb,Jonah.2.2,,locked runtime authority retained; raw secondary textual/segmentation variant recorded
strong_control_sequence_difference,high,resolved_by_locked_runtime_authority_contract,Jonah.2.3,uk5-cb1605923928c33375d8,oshb,Jonah.2.3,,locked runtime authority retained; raw secondary textual/segmentation variant recorded
strong_control_sequence_difference,high,resolved_by_locked_runtime_authority_contract,Jonah.2.4,uk5-bf4c0560a5f5e9cdbeab,oshb,Jonah.2.4,,locked runtime authority retained; raw secondary textual/segmentation variant recorded
strong_control_sequence_difference,high,resolved_by_locked_runtime_authority_contract,Jonah.2.5,uk5-cfdc7f2bce6f5fe5f379,oshb,Jonah.2.5,,locked runtime authority retained; raw secondary textual/segmentation variant recorded
strong_control_sequence_difference,high,resolved_by_locked_runtime_authority_contract,Jonah.2.6,uk5-27ab1b05b9c89fadab89,oshb,Jonah.2.6,,locked runtime authority retained; raw secondary textual/segmentation variant recorded
strong_control_sequence_difference,high,resolved_by_locked_runtime_authority_contract,Jonah.2.7,uk5-8245611ff005014cfa64,oshb,Jonah.2.7,,locked runtime authority retained; raw secondary textual/segmentation variant recorded
strong_control_sequence_difference,high,resolved_by_locked_runtime_authority_contract,Jonah.2.8,uk5-ca6c58a0b48ab349b799,oshb,Jonah.2.8,,locked runtime authority retained; raw secondary textual/segmentation variant recorded
strong_control_sequence_difference,high,resolved_by_locked_runtime_authority_contract,Jonah.2.9,uk5-087cc00e4251e51f9741,oshb,Jonah.2.9,,locked runtime authority retained; raw secondary textual/segmentation variant recorded
strong_control_sequence_difference,medium,resolved_by_locked_runtime_authority_contract,Josh.13.17,uk5-def5128403b6295bbc3f,oshb,Josh.13.17,Josh.13.17,locked runtime authority retained; raw secondary textual/segmentation variant recorded
strong_control_sequence_difference,medium,resolved_by_locked_runtime_authority_contract,Josh.13.20,uk5-16b7726ac9c17443b228,oshb,Josh.13.20,Josh.13.20,locked runtime authority retained; raw secondary textual/segmentation variant recorded
strong_control_sequence_difference,low,resolved_by_locked_runtime_authority_contract,Josh.13.26,uk5-fe4c65813406d283a23a,oshb,Josh.13.26,Josh.13.26,locked runtime authority retained; raw secondary textual/segmentation variant recorded
strong_control_sequence_difference,low,resolved_by_locked_runtime_authority_contract,Josh.14.15,uk5-c382ac138e5f505c527a,oshb,Josh.14.15,Josh.14.15,locked runtime authority retained; raw secondary textual/segmentation variant recorded
strong_control_sequence_difference,low,resolved_by_locked_runtime_authority_contract,Josh.15.26,uk5-2e89941680a8683991a0,oshb,Josh.15.26,Josh.15.26,locked runtime authority retained; raw secondary textual/segmentation variant recorded
strong_control_sequence_difference,low,resolved_by_locked_runtime_authority_contract,Josh.15.27,uk5-206cb2d0ebb873ec55a7,oshb,Josh.15.27,Josh.15.27,locked runtime authority retained; raw secondary textual/segmentation variant recorded
strong_control_sequence_difference,low,resolved_by_locked_runtime_authority_contract,Josh.15.28,uk5-2970e6ef622d0f0ef46b,oshb,Josh.15.28,Josh.15.28,locked runtime authority retained; raw secondary textual/segmentation variant recorded
strong_control_sequence_difference,low,resolved_by_locked_runtime_authority_contract,Josh.15.34,uk5-4a86cfec6293d4c1fdb3,oshb,Josh.15.34,Josh.15.34,locked runtime authority retained; raw secondary textual/segmentation variant recorded
strong_control_sequence_difference,low,resolved_by_locked_runtime_authority_contract,Josh.15.37,uk5-7af6f72d6920504ac107,oshb,Josh.15.37,Josh.15.37,locked runtime authority retained; raw secondary textual/segmentation variant recorded
strong_control_sequence_difference,low,resolved_by_locked_runtime_authority_contract,Josh.15.49,uk5-e649af50871bc7efd844,oshb,Josh.15.49,Josh.15.49,locked runtime authority retained; raw secondary textual/segmentation variant recorded
strong_control_sequence_difference,low,resolved_by_locked_runtime_authority_contract,Josh.15.52,uk5-49e8d6774be03df53cb3,oshb,Josh.15.52,Josh.15.52,locked runtime authority retained; raw secondary textual/segmentation variant recorded
strong_control_sequence_difference,medium,resolved_by_locked_runtime_authority_contract,Josh.15.53,uk5-227f4e004116964dab15,oshb,Josh.15.53,Josh.15.53,locked runtime authority retained; raw secondary textual/segmentation variant recorded
strong_control_sequence_difference,low,resolved_by_locked_runtime_authority_contract,Josh.15.58,uk5-15c5109a8d1ba38417dd,oshb,Josh.15.58,Josh.15.58,locked runtime authority retained; raw secondary textual/segmentation variant recorded
strong_control_sequence_difference,low,resolved_by_locked_runtime_authority_contract,Josh.15.60,uk5-b9e13192a5dfaa25448c,oshb,Josh.15.60,Josh.15.60,locked runtime authority retained; raw secondary textual/segmentation variant recorded
strong_control_sequence_difference,low,resolved_by_locked_runtime_authority_contract,Josh.15.61,uk5-468e9ec94d04636cab2c,oshb,Josh.15.61,Josh.15.61,locked runtime authority retained; raw secondary textual/segmentation variant recorded
strong_control_sequence_difference,low,resolved_by_locked_runtime_authority_contract,Josh.15.62,uk5-0110cc4620c759106c68,oshb,Josh.15.62,Josh.15.62,locked runtime authority retained; raw secondary textual/segmentation variant recorded
strong_control_sequence_difference,low,resolved_by_locked_runtime_authority_contract,Josh.18.22,uk5-1581a4b37ed70489d919,oshb,Josh.18.22,Josh.18.22,locked runtime authority retained; raw secondary textual/segmentation variant recorded
strong_control_sequence_difference,low,resolved_by_locked_runtime_authority_contract,Josh.18.24,uk5-9ce5b15b89d8a4c56870,oshb,Josh.18.24,Josh.18.24,locked runtime authority retained; raw secondary textual/segmentation variant recorded
strong_control_sequence_difference,low,resolved_by_locked_runtime_authority_contract,Josh.18.8,uk5-b3b5533b75ded36a8fb7,oshb,Josh.18.8,Josh.18.8,locked runtime authority retained; raw secondary textual/segmentation variant recorded
strong_control_sequence_difference,low,resolved_by_locked_runtime_authority_contract,Josh.19.17,uk5-be3fc4179aad72c4284c,oshb,Josh.19.17,Josh.19.17,locked runtime authority retained; raw secondary textual/segmentation variant recorded
strong_control_sequence_difference,medium,resolved_by_locked_runtime_authority_contract,Josh.19.21,uk5-808692e111359d99b4fc,oshb,Josh.19.21,Josh.19.21,locked runtime authority retained; raw secondary textual/segmentation variant recorded
strong_control_sequence_difference,low,resolved_by_locked_runtime_authority_contract,Josh.19.3,uk5-60e9c5162cf434cd73ae,oshb,Josh.19.3,Josh.19.3,locked runtime authority retained; raw secondary textual/segmentation variant recorded
strong_control_sequence_difference,low,resolved_by_locked_runtime_authority_contract,Josh.19.37,uk5-284356bf2c60386478d3,oshb,Josh.19.37,Josh.19.37,locked runtime authority retained; raw secondary textual/segmentation variant recorded
strong_control_sequence_difference,low,resolved_by_locked_runtime_authority_contract,Josh.19.38,uk5-cf087f1c16e6d6983777,oshb,Josh.19.38,Josh.19.38,locked runtime authority retained; raw secondary textual/segmentation variant recorded
strong_control_sequence_difference,low,resolved_by_locked_runtime_authority_contract,Josh.19.41,uk5-48f4365eccc51d02c86e,oshb,Josh.19.41,Josh.19.41,locked runtime authority retained; raw secondary textual/segmentation variant recorded
strong_control_sequence_difference,low,resolved_by_locked_runtime_authority_contract,Josh.19.45,uk5-35e722bcbd7ebf3b4a1e,oshb,Josh.19.45,Josh.19.45,locked runtime authority retained; raw secondary textual/segmentation variant recorded
strong_control_sequence_difference,low,resolved_by_locked_runtime_authority_contract,Josh.19.46,uk5-5a9f99c7407152e652f8,oshb,Josh.19.46,Josh.19.46,locked runtime authority retained; raw secondary textual/segmentation variant recorded
strong_control_sequence_difference,low,resolved_by_locked_runtime_authority_contract,Josh.19.5,uk5-18bdc4e7e1572125b44a,oshb,Josh.19.5,Josh.19.5,locked runtime authority retained; raw secondary textual/segmentation variant recorded
strong_control_sequence_difference,low,resolved_by_locked_runtime_authority_contract,Josh.2.16,uk5-4a4eac53ae020c283cc8,oshb,Josh.2.16,Josh.2.16,locked runtime authority retained; raw secondary textual/segmentation variant recorded
strong_control_sequence_difference,low,resolved_by_locked_runtime_authority_contract,Josh.21.11,uk5-becf6461ed1c88ae1c65,oshb,Josh.21.11,Josh.21.11,locked runtime authority retained; raw secondary textual/segmentation variant recorded
strong_control_sequence_difference,low,resolved_by_locked_runtime_authority_contract,Josh.9.7,uk5-6e1ac81af369ccccb290,oshb,Josh.9.7,Josh.9.7,locked runtime authority retained; raw secondary textual/segmentation variant recorded
strong_control_sequence_difference,low,resolved_by_locked_runtime_authority_contract,Jude.1.17,uk5-ce9ed4ef183158fad3a1,tagnt,Jude.1.17,Jude.1.17,locked runtime authority retained; raw secondary textual/segmentation variant recorded
strong_control_sequence_difference,low,resolved_by_locked_runtime_authority_contract,Jude.1.20,uk5-7a59ec2ae4e19edb1043,tagnt,Jude.1.20,Jude.1.20,locked runtime authority retained; raw secondary textual/segmentation variant recorded
strong_control_sequence_difference,low,resolved_by_locked_runtime_authority_contract,Jude.1.25,uk5-699e92fa1009f6702b70,tagnt,Jude.1.25,Jude.1.25,locked runtime authority retained; raw secondary textual/segmentation variant recorded
strong_control_sequence_difference,low,resolved_by_locked_runtime_authority_contract,Judg.1.10,uk5-473f50887ab602d2b1e8,oshb,Judg.1.10,Judg.1.10,locked runtime authority retained; raw secondary textual/segmentation variant recorded
strong_control_sequence_difference,low,resolved_by_locked_runtime_authority_contract,Judg.1.36,uk5-b1771a01c187ca97056a,oshb,Judg.1.36,Judg.1.36,locked runtime authority retained; raw secondary textual/segmentation variant recorded
strong_control_sequence_difference,low,resolved_by_locked_runtime_authority_contract,Judg.10.4,uk5-9e7a0d48a1819988fdbd,oshb,Judg.10.4,Judg.10.4,locked runtime authority retained; raw secondary textual/segmentation variant recorded
strong_control_sequence_difference,low,resolved_by_locked_runtime_authority_contract,Judg.11.38,uk5-76a8627fc2b38b263ee5,oshb,Judg.11.38,Judg.11.38,locked runtime authority retained; raw secondary textual/segmentation variant recorded
strong_control_sequence_difference,low,resolved_by_locked_runtime_authority_contract,Judg.12.10,uk5-fcdc031901bddb36bd32,oshb,Judg.12.10,Judg.12.10,locked runtime authority retained; raw secondary textual/segmentation variant recorded
uxlc_independent_surface_difference,medium,resolved_by_locked_runtime_authority_contract,Judg.13.18,uk5-4827d0055fab0607a512,oshb,Judg.13.18,Judg.13.18,independent UXLC surface difference recorded; OSHB Strong authority retained
strong_control_sequence_difference,low,resolved_by_locked_runtime_authority_contract,Judg.16.13,uk5-6d5ba46d7a4d31a6159a,oshb,Judg.16.13,Judg.16.13,locked runtime authority retained; raw secondary textual/segmentation variant recorded
strong_control_sequence_difference,low,resolved_by_locked_runtime_authority_contract,Judg.16.14,uk5-a62d21343ae569444302,oshb,Judg.16.14,Judg.16.14,locked runtime authority retained; raw secondary textual/segmentation variant recorded
strong_control_sequence_difference,medium,resolved_by_locked_runtime_authority_contract,Judg.18.6,uk5-59d623fc036769461f54,oshb,Judg.18.6,Judg.18.6,locked runtime authority retained; raw secondary textual/segmentation variant recorded
strong_control_sequence_difference,low,resolved_by_locked_runtime_authority_contract,Judg.19.28,uk5-288fb1e15c9f8e291031,oshb,Judg.19.28,Judg.19.28,locked runtime authority retained; raw secondary textual/segmentation variant recorded
strong_control_sequence_difference,low,resolved_by_locked_runtime_authority_contract,Judg.19.5,uk5-1d3178d6babca22cd10c,oshb,Judg.19.5,Judg.19.5,locked runtime authority retained; raw secondary textual/segmentation variant recorded
strong_control_sequence_difference,low,resolved_by_locked_runtime_authority_contract,Judg.20.33,uk5-ad1f484ede0a391fa0ce,oshb,Judg.20.33,Judg.20.33,locked runtime authority retained; raw secondary textual/segmentation variant recorded
strong_control_sequence_difference,low,resolved_by_locked_runtime_authority_contract,Judg.21.2,uk5-d34e09e139919e64539b,oshb,Judg.21.2,Judg.21.2,locked runtime authority retained; raw secondary textual/segmentation variant recorded
strong_control_sequence_difference,low,resolved_by_locked_runtime_authority_contract,Judg.21.20,uk5-422ee13d3233a05fee6f,oshb,Judg.21.20,Judg.21.20,locked runtime authority retained; raw secondary textual/segmentation variant recorded
strong_control_sequence_difference,low,resolved_by_locked_runtime_authority_contract,Judg.4.1,uk5-b237d871442178d46d4d,oshb,Judg.4.1,Judg.4.1,locked runtime authority retained; raw secondary textual/segmentation variant recorded
strong_control_sequence_difference,low,resolved_by_locked_runtime_authority_contract,Judg.4.8,uk5-b409e58d0b28ba862243,oshb,Judg.4.8,Judg.4.8,locked runtime authority retained; raw secondary textual/segmentation variant recorded
strong_control_sequence_difference,low,resolved_by_locked_runtime_authority_contract,Judg.5.13,uk5-150b6b817a05b5d44497,oshb,Judg.5.13,Judg.5.13,locked runtime authority retained; raw secondary textual/segmentation variant recorded
strong_control_sequence_difference,low,resolved_by_locked_runtime_authority_contract,Judg.5.2,uk5-1667f91fbfa35884da26,oshb,Judg.5.2,Judg.5.2,locked runtime authority retained; raw secondary textual/segmentation variant recorded
uxlc_independent_surface_difference,medium,resolved_by_locked_runtime_authority_contract,Judg.6.12,uk5-a24c5134f24a8557d9a2,oshb,Judg.6.12,Judg.6.12,independent UXLC surface difference recorded; OSHB Strong authority retained
strong_control_sequence_difference,low,resolved_by_locked_runtime_authority_contract,Judg.7.4,uk5-802b457bd3c143c63b7b,oshb,Judg.7.4,Judg.7.4,locked runtime authority retained; raw secondary textual/segmentation variant recorded
strong_control_sequence_difference,low,resolved_by_locked_runtime_authority_contract,Judg.9.12,uk5-51558788655209037446,oshb,Judg.9.12,Judg.9.12,locked runtime authority retained; raw secondary textual/segmentation variant recorded
strong_control_sequence_difference,low,resolved_by_locked_runtime_authority_contract,Judg.9.20,uk5-3c54d57cd2ee96bbf3dc,oshb,Judg.9.20,Judg.9.20,locked runtime authority retained; raw secondary textual/segmentation variant recorded
strong_control_sequence_difference,low,resolved_by_locked_runtime_authority_contract,Judg.9.4,uk5-22c30bab4bf69755791f,oshb,Judg.9.4,Judg.9.4,locked runtime authority retained; raw secondary textual/segmentation variant recorded
uxlc_independent_surface_difference,medium,resolved_by_locked_runtime_authority_contract,Lam.3.12,uk5-e3c562b662f38e12b6f0,oshb,Lam.3.12,Lam.3.12,independent UXLC surface difference recorded; OSHB Strong authority retained
uxlc_independent_surface_difference,medium,resolved_by_locked_runtime_authority_contract,Lam.3.33,uk5-1c4b016d844dc35fc6f0,oshb,Lam.3.33,Lam.3.33,independent UXLC surface difference recorded; OSHB Strong authority retained
strong_control_sequence_difference,low,resolved_by_locked_runtime_authority_contract,Lam.4.3,uk5-ce2a9b33cb3210951a59,oshb,Lam.4.3,Lam.4.3,locked runtime authority retained; raw secondary textual/segmentation variant recorded
strong_control_sequence_difference,low,resolved_by_locked_runtime_authority_contract,Lam.5.7,uk5-57f070600e365cee0965,oshb,Lam.5.7,Lam.5.7,locked runtime authority retained; raw secondary textual/segmentation variant recorded
strong_control_sequence_difference,low,resolved_by_locked_runtime_authority_contract,Lev.12.4,uk5-4a0f8092182a7170ddbb,oshb,Lev.12.4,Lev.12.4,locked runtime authority retained; raw secondary textual/segmentation variant recorded
strong_control_sequence_difference,low,resolved_by_locked_runtime_authority_contract,Lev.23.44,uk5-6e36ffae913afb3f52b4,oshb,Lev.23.44,Lev.23.44,locked runtime authority retained; raw secondary textual/segmentation variant recorded
strong_control_sequence_difference,low,resolved_by_locked_runtime_authority_contract,Lev.26.37,uk5-45350883818a1d233bf5,oshb,Lev.26.37,Lev.26.37,locked runtime authority retained; raw secondary textual/segmentation variant recorded
strong_control_sequence_difference,high,resolved_by_locked_runtime_authority_contract,Lev.6.1,uk5-fd5152bd4b5aadd40f6e,oshb,Lev.6.1,,locked runtime authority retained; raw secondary textual/segmentation variant recorded
strong_control_sequence_difference,high,resolved_by_locked_runtime_authority_contract,Lev.6.10,uk5-065df71d5923d92e48cc,oshb,Lev.6.10,,locked runtime authority retained; raw secondary textual/segmentation variant recorded
strong_control_sequence_difference,high,resolved_by_locked_runtime_authority_contract,Lev.6.11,uk5-6f4ddca99fe600438ef7,oshb,Lev.6.11,,locked runtime authority retained; raw secondary textual/segmentation variant recorded
strong_control_sequence_difference,high,resolved_by_locked_runtime_authority_contract,Lev.6.12,uk5-b9e6ffd701aa9c55dea1,oshb,Lev.6.12,,locked runtime authority retained; raw secondary textual/segmentation variant recorded
strong_control_sequence_difference,high,resolved_by_locked_runtime_authority_contract,Lev.6.13,uk5-901dc200fa31355fb10a,oshb,Lev.6.13,,locked runtime authority retained; raw secondary textual/segmentation variant recorded
strong_control_sequence_difference,high,resolved_by_locked_runtime_authority_contract,Lev.6.14,uk5-8f44ef7ae70c33999665,oshb,Lev.6.14,,locked runtime authority retained; raw secondary textual/segmentation variant recorded
strong_control_sequence_difference,high,resolved_by_locked_runtime_authority_contract,Lev.6.15,uk5-ecd8e2a895d031c0a4af,oshb,Lev.6.15,,locked runtime authority retained; raw secondary textual/segmentation variant recorded
strong_control_sequence_difference,high,resolved_by_locked_runtime_authority_contract,Lev.6.16,uk5-4360d83a96fbf68bee7f,oshb,Lev.6.16,,locked runtime authority retained; raw secondary textual/segmentation variant recorded
strong_control_sequence_difference,high,resolved_by_locked_runtime_authority_contract,Lev.6.17,uk5-638640a89b03ab8b497c,oshb,Lev.6.17,,locked runtime authority retained; raw secondary textual/segmentation variant recorded
strong_control_sequence_difference,high,resolved_by_locked_runtime_authority_contract,Lev.6.18,uk5-4be43c55b7ec955522a2,oshb,Lev.6.18,,locked runtime authority retained; raw secondary textual/segmentation variant recorded
strong_control_sequence_difference,high,resolved_by_locked_runtime_authority_contract,Lev.6.19,uk5-180d5911ed30d10936f4,oshb,Lev.6.19,,locked runtime authority retained; raw secondary textual/segmentation variant recorded
strong_control_sequence_difference,high,resolved_by_locked_runtime_authority_contract,Lev.6.2,uk5-efec2c3ee96b75938c5a,oshb,Lev.6.2,,locked runtime authority retained; raw secondary textual/segmentation variant recorded
strong_control_sequence_difference,high,resolved_by_locked_runtime_authority_contract,Lev.6.20,uk5-0ac1a3a228a397f294fe,oshb,Lev.6.20,,locked runtime authority retained; raw secondary textual/segmentation variant recorded
strong_control_sequence_difference,high,resolved_by_locked_runtime_authority_contract,Lev.6.21,uk5-4edd731da3b6c302b01e,oshb,Lev.6.21,,locked runtime authority retained; raw secondary textual/segmentation variant recorded
strong_control_sequence_difference,high,resolved_by_locked_runtime_authority_contract,Lev.6.22,uk5-10ec13edc101714554d4,oshb,Lev.6.22,,locked runtime authority retained; raw secondary textual/segmentation variant recorded
strong_control_sequence_difference,high,resolved_by_locked_runtime_authority_contract,Lev.6.23,uk5-066d6a3d087cf0b809a4,oshb,Lev.6.23,,locked runtime authority retained; raw secondary textual/segmentation variant recorded
strong_control_sequence_difference,high,resolved_by_locked_runtime_authority_contract,Lev.6.24,uk5-e63719a52de79cecf8bd,oshb,Lev.6.17,,locked runtime authority retained; raw secondary textual/segmentation variant recorded
strong_control_sequence_difference,high,resolved_by_locked_runtime_authority_contract,Lev.6.25,uk5-902285bead06caa8aabf,oshb,Lev.6.18,,locked runtime authority retained; raw secondary textual/segmentation variant recorded
strong_control_sequence_difference,high,resolved_by_locked_runtime_authority_contract,Lev.6.26,uk5-a9d8eb16f420f4114188,oshb,Lev.6.19,,locked runtime authority retained; raw secondary textual/segmentation variant recorded
strong_control_sequence_difference,high,resolved_by_locked_runtime_authority_contract,Lev.6.27,uk5-c367ff31fbd49725ab94,oshb,Lev.6.20,,locked runtime authority retained; raw secondary textual/segmentation variant recorded
strong_control_sequence_difference,high,resolved_by_locked_runtime_authority_contract,Lev.6.28,uk5-856ff5a264ead793ac1b,oshb,Lev.6.21,,locked runtime authority retained; raw secondary textual/segmentation variant recorded
strong_control_sequence_difference,high,resolved_by_locked_runtime_authority_contract,Lev.6.29,uk5-2b948910f413307e9c8a,oshb,Lev.6.22,,locked runtime authority retained; raw secondary textual/segmentation variant recorded
strong_control_sequence_difference,high,resolved_by_locked_runtime_authority_contract,Lev.6.3,uk5-567c5a4d2e7d6cafe6e7,oshb,Lev.6.3,,locked runtime authority retained; raw secondary textual/segmentation variant recorded
strong_control_sequence_difference,high,resolved_by_locked_runtime_authority_contract,Lev.6.30,uk5-31202335dc76bad292b9,oshb,Lev.6.23,,locked runtime authority retained; raw secondary textual/segmentation variant recorded
strong_control_sequence_difference,high,resolved_by_locked_runtime_authority_contract,Lev.6.4,uk5-563e770d67159f2b9e75,oshb,Lev.6.4,,locked runtime authority retained; raw secondary textual/segmentation variant recorded
strong_control_sequence_difference,high,resolved_by_locked_runtime_authority_contract,Lev.6.5,uk5-37901222b03e0fe154fb,oshb,Lev.6.5,,locked runtime authority retained; raw secondary textual/segmentation variant recorded
strong_control_sequence_difference,high,resolved_by_locked_runtime_authority_contract,Lev.6.6,uk5-28a2932ed0a015394a69,oshb,Lev.6.6,,locked runtime authority retained; raw secondary textual/segmentation variant recorded
strong_control_sequence_difference,high,resolved_by_locked_runtime_authority_contract,Lev.6.7,uk5-c110512a003ef12fa3a5,oshb,Lev.6.7,,locked runtime authority retained; raw secondary textual/segmentation variant recorded
strong_control_sequence_difference,high,resolved_by_locked_runtime_authority_contract,Lev.6.8,uk5-0e9063fe4fc1cfd3f499,oshb,Lev.6.8,,locked runtime authority retained; raw secondary textual/segmentation variant recorded
strong_control_sequence_difference,high,resolved_by_locked_runtime_authority_contract,Lev.6.9,uk5-e0fc5c787b2f1b90f776,oshb,Lev.6.9,,locked runtime authority retained; raw secondary textual/segmentation variant recorded
strong_control_sequence_difference,low,resolved_by_locked_runtime_authority_contract,Lev.7.32,uk5-c7a0200e3aa96ea6a81d,oshb,Lev.7.32,Lev.7.32,locked runtime authority retained; raw secondary textual/segmentation variant recorded
strong_control_sequence_difference,low,resolved_by_locked_runtime_authority_contract,Luke.1.12,uk5-b0fd8296957623dce692,tagnt,Luke.1.12,Luke.1.12,locked runtime authority retained; raw secondary textual/segmentation variant recorded
strong_control_sequence_difference,low,resolved_by_locked_runtime_authority_contract,Luke.1.25,uk5-f2523744f2a557376740,tagnt,Luke.1.25,Luke.1.25,locked runtime authority retained; raw secondary textual/segmentation variant recorded
strong_control_sequence_difference,low,resolved_by_locked_runtime_authority_contract,Luke.1.28,uk5-4a7d46b9959fb0188bd5,tagnt,Luke.1.28,Luke.1.28,locked runtime authority retained; raw secondary textual/segmentation variant recorded
strong_control_sequence_difference,low,resolved_by_locked_runtime_authority_contract,Luke.1.3,uk5-d0832323a8f0807a917c,tagnt,Luke.1.3,Luke.1.3,locked runtime authority retained; raw secondary textual/segmentation variant recorded
strong_control_sequence_difference,low,resolved_by_locked_runtime_authority_contract,Luke.1.35,uk5-9e2260fa70b9b450f2b8,tagnt,Luke.1.35,Luke.1.35,locked runtime authority retained; raw secondary textual/segmentation variant recorded
strong_control_sequence_difference,low,resolved_by_locked_runtime_authority_contract,Luke.1.38,uk5-1cf3da01d63a19d56d5b,tagnt,Luke.1.38,Luke.1.38,locked runtime authority retained; raw secondary textual/segmentation variant recorded
strong_control_sequence_difference,low,resolved_by_locked_runtime_authority_contract,Luke.1.42,uk5-97e6cf7d0a1ede6e199b,tagnt,Luke.1.42,Luke.1.42,locked runtime authority retained; raw secondary textual/segmentation variant recorded
strong_control_sequence_difference,low,resolved_by_locked_runtime_authority_contract,Luke.1.43,uk5-8ee2e906b2a25a673bb9,tagnt,Luke.1.43,Luke.1.43,locked runtime authority retained; raw secondary textual/segmentation variant recorded
strong_control_sequence_difference,low,resolved_by_locked_runtime_authority_contract,Luke.1.44,uk5-40837e6a31b3b08daabc,tagnt,Luke.1.44,Luke.1.44,locked runtime authority retained; raw secondary textual/segmentation variant recorded
strong_control_sequence_difference,low,resolved_by_locked_runtime_authority_contract,Luke.1.46,uk5-70606315057e9a517efc,tagnt,Luke.1.46,Luke.1.46,locked runtime authority retained; raw secondary textual/segmentation variant recorded
strong_control_sequence_difference,low,resolved_by_locked_runtime_authority_contract,Luke.1.47,uk5-35b34ea7dce529d25802,tagnt,Luke.1.47,Luke.1.47,locked runtime authority retained; raw secondary textual/segmentation variant recorded
strong_control_sequence_difference,low,resolved_by_locked_runtime_authority_contract,Luke.1.48,uk5-66212bab45827a2ee426,tagnt,Luke.1.48,Luke.1.48,locked runtime authority retained; raw secondary textual/segmentation variant recorded
strong_control_sequence_difference,low,resolved_by_locked_runtime_authority_contract,Luke.1.49,uk5-6bd217b283b9d891460d,tagnt,Luke.1.49,Luke.1.49,locked runtime authority retained; raw secondary textual/segmentation variant recorded
strong_control_sequence_difference,low,resolved_by_locked_runtime_authority_contract,Luke.1.69,uk5-e6f8537419db61380fde,tagnt,Luke.1.69,Luke.1.69,locked runtime authority retained; raw secondary textual/segmentation variant recorded
strong_control_sequence_difference,low,resolved_by_locked_runtime_authority_contract,Luke.1.71,uk5-ccbaf9ff06e99ea736d7,tagnt,Luke.1.71,Luke.1.71,locked runtime authority retained; raw secondary textual/segmentation variant recorded
strong_control_sequence_difference,low,resolved_by_locked_runtime_authority_contract,Luke.1.72,uk5-4948d2fb55af455b5eb0,tagnt,Luke.1.72,Luke.1.72,locked runtime authority retained; raw secondary textual/segmentation variant recorded
strong_control_sequence_difference,high,resolved_by_locked_runtime_authority_contract,Luke.1.73,uk5-cb279a1874a2fd9fa8b8,tagnt,Luke.1.73,Luke.1.73,locked runtime authority retained; raw secondary textual/segmentation variant recorded
strong_control_sequence_difference,low,resolved_by_locked_runtime_authority_contract,Luke.1.74,uk5-69da7c4023cc265ce779,tagnt,Luke.1.74,Luke.1.74,locked runtime authority retained; raw secondary textual/segmentation variant recorded
strong_control_sequence_difference,low,resolved_by_locked_runtime_authority_contract,Luke.1.75,uk5-c1c4a9e94d5c20924c48,tagnt,Luke.1.75,Luke.1.75,locked runtime authority retained; raw secondary textual/segmentation variant recorded
strong_control_sequence_difference,low,resolved_by_locked_runtime_authority_contract,Luke.1.78,uk5-55c735f9802f0c6727fd,tagnt,Luke.1.78,Luke.1.78,locked runtime authority retained; raw secondary textual/segmentation variant recorded
strong_control_sequence_difference,medium,resolved_by_locked_runtime_authority_contract,Luke.10.10,uk5-992658b1e8b00c55c52c,tagnt,Luke.10.10,Luke.10.10,locked runtime authority retained; raw secondary textual/segmentation variant recorded
strong_control_sequence_difference,low,resolved_by_locked_runtime_authority_contract,Luke.10.18,uk5-25180f0a8832b4894238,tagnt,Luke.10.18,Luke.10.18,locked runtime authority retained; raw secondary textual/segmentation variant recorded
strong_control_sequence_difference,low,resolved_by_locked_runtime_authority_contract,Luke.10.22,uk5-7795d2617ef94f5660d1,tagnt,Luke.10.22,Luke.10.22,locked runtime authority retained; raw secondary textual/segmentation variant recorded
strong_control_sequence_difference,low,resolved_by_locked_runtime_authority_contract,Luke.10.25,uk5-50efdc3d8048f4a145a6,tagnt,Luke.10.25,Luke.10.25,locked runtime authority retained; raw secondary textual/segmentation variant recorded
strong_control_sequence_difference,low,resolved_by_locked_runtime_authority_contract,Luke.10.28,uk5-5b93f6471c0ac81b9a2b,tagnt,Luke.10.28,Luke.10.28,locked runtime authority retained; raw secondary textual/segmentation variant recorded
strong_control_sequence_difference,low,resolved_by_locked_runtime_authority_contract,Luke.10.29,uk5-17b7e379297327a0723e,tagnt,Luke.10.29,Luke.10.29,locked runtime authority retained; raw secondary textual/segmentation variant recorded
strong_control_sequence_difference,low,resolved_by_locked_runtime_authority_contract,Luke.10.3,uk5-78683ef2f9e2bc737a0d,tagnt,Luke.10.3,Luke.10.3,locked runtime authority retained; raw secondary textual/segmentation variant recorded
strong_control_sequence_difference,low,resolved_by_locked_runtime_authority_contract,Luke.10.30,uk5-6b583d60f58c5b11758f,tagnt,Luke.10.30,Luke.10.30,locked runtime authority retained; raw secondary textual/segmentation variant recorded
strong_control_sequence_difference,low,resolved_by_locked_runtime_authority_contract,Luke.10.32,uk5-787ed9d6fea21bef363a,tagnt,Luke.10.32,Luke.10.32,locked runtime authority retained; raw secondary textual/segmentation variant recorded
strong_control_sequence_difference,low,resolved_by_locked_runtime_authority_contract,Luke.10.33,uk5-f35e42f1d175661400ac,tagnt,Luke.10.33,Luke.10.33,locked runtime authority retained; raw secondary textual/segmentation variant recorded
strong_control_sequence_difference,low,resolved_by_locked_runtime_authority_contract,Luke.10.35,uk5-f0177aa328c83a0f715d,tagnt,Luke.10.35,Luke.10.35,locked runtime authority retained; raw secondary textual/segmentation variant recorded
strong_control_sequence_difference,low,resolved_by_locked_runtime_authority_contract,Luke.10.37,uk5-5f7d5ca844cfa8c35124,tagnt,Luke.10.37,Luke.10.37,locked runtime authority retained; raw secondary textual/segmentation variant recorded
strong_control_sequence_difference,low,resolved_by_locked_runtime_authority_contract,Luke.10.38,uk5-e6618374cf38d7c7971f,tagnt,Luke.10.38,Luke.10.38,locked runtime authority retained; raw secondary textual/segmentation variant recorded
strong_control_sequence_difference,low,resolved_by_locked_runtime_authority_contract,Luke.10.40,uk5-860fe6396afab66e6a95,tagnt,Luke.10.40,Luke.10.40,locked runtime authority retained; raw secondary textual/segmentation variant recorded
strong_control_sequence_difference,low,resolved_by_locked_runtime_authority_contract,Luke.10.41,uk5-3766707fbfc3ccb9a791,tagnt,Luke.10.41,Luke.10.41,locked runtime authority retained; raw secondary textual/segmentation variant recorded
strong_control_sequence_difference,low,resolved_by_locked_runtime_authority_contract,Luke.11.11,uk5-41f9f4d71db5ea48a4dc,tagnt,Luke.11.11,Luke.11.11,locked runtime authority retained; raw secondary textual/segmentation variant recorded
strong_control_sequence_difference,low,resolved_by_locked_runtime_authority_contract,Luke.11.12,uk5-e5d059fe3a468a28fc6d,tagnt,Luke.11.12,Luke.11.12,locked runtime authority retained; raw secondary textual/segmentation variant recorded
strong_control_sequence_difference,low,resolved_by_locked_runtime_authority_contract,Luke.11.17,uk5-31ac21aa69dbc5c7a424,tagnt,Luke.11.17,Luke.11.17,locked runtime authority retained; raw secondary textual/segmentation variant recorded
strong_control_sequence_difference,medium,resolved_by_locked_runtime_authority_contract,Luke.11.2,uk5-c92da5e1bf76690dcd7a,tagnt,Luke.11.2,Luke.11.2,locked runtime authority retained; raw secondary textual/segmentation variant recorded
strong_control_sequence_difference,low,resolved_by_locked_runtime_authority_contract,Luke.11.28,uk5-bd77a53733261ee818cc,tagnt,Luke.11.28,Luke.11.28,locked runtime authority retained; raw secondary textual/segmentation variant recorded
strong_control_sequence_difference,low,resolved_by_locked_runtime_authority_contract,Luke.11.3,uk5-feea2c634b23a670376e,tagnt,Luke.11.3,Luke.11.3,locked runtime authority retained; raw secondary textual/segmentation variant recorded
strong_control_sequence_difference,low,resolved_by_locked_runtime_authority_contract,Luke.11.38,uk5-cb85b048831bf6ef0773,tagnt,Luke.11.38,Luke.11.38,locked runtime authority retained; raw secondary textual/segmentation variant recorded
strong_control_sequence_difference,medium,resolved_by_locked_runtime_authority_contract,Luke.11.4,uk5-4339f30cc12cd4548514,tagnt,Luke.11.4,Luke.11.4,locked runtime authority retained; raw secondary textual/segmentation variant recorded
strong_control_sequence_difference,low,resolved_by_locked_runtime_authority_contract,Luke.11.40,uk5-5c1599276b8ff5c9f3dd,tagnt,Luke.11.40,Luke.11.40,locked runtime authority retained; raw secondary textual/segmentation variant recorded
strong_control_sequence_difference,low,resolved_by_locked_runtime_authority_contract,Luke.11.44,uk5-72f712ef26ca0c47ddb7,tagnt,Luke.11.44,Luke.11.44,locked runtime authority retained; raw secondary textual/segmentation variant recorded
strong_control_sequence_difference,low,resolved_by_locked_runtime_authority_contract,Luke.11.45,uk5-3f03eab820dbfff26291,tagnt,Luke.11.45,Luke.11.45,locked runtime authority retained; raw secondary textual/segmentation variant recorded
strong_control_sequence_difference,low,resolved_by_locked_runtime_authority_contract,Luke.11.48,uk5-23972ebf2add2bb071df,tagnt,Luke.11.48,Luke.11.48,locked runtime authority retained; raw secondary textual/segmentation variant recorded
strong_control_sequence_difference,low,resolved_by_locked_runtime_authority_contract,Luke.11.5,uk5-7fca0b11a73237977a33,tagnt,Luke.11.5,Luke.11.5,locked runtime authority retained; raw secondary textual/segmentation variant recorded
strong_control_sequence_difference,low,resolved_by_locked_runtime_authority_contract,Luke.11.53,uk5-426d8cf5aad3650a4715,tagnt,Luke.11.53,Luke.11.53,locked runtime authority retained; raw secondary textual/segmentation variant recorded
strong_control_sequence_difference,low,resolved_by_locked_runtime_authority_contract,Luke.11.54,uk5-1d250a9a7d4c9f7e16e9,tagnt,Luke.11.54,Luke.11.54,locked runtime authority retained; raw secondary textual/segmentation variant recorded
strong_control_sequence_difference,low,resolved_by_locked_runtime_authority_contract,Luke.11.6,uk5-023c2846bf41eecbe452,tagnt,Luke.11.6,Luke.11.6,locked runtime authority retained; raw secondary textual/segmentation variant recorded
strong_control_sequence_difference,low,resolved_by_locked_runtime_authority_contract,Luke.11.7,uk5-d72b38906d101fdc5ce3,tagnt,Luke.11.7,Luke.11.7,locked runtime authority retained; raw secondary textual/segmentation variant recorded
strong_control_sequence_difference,low,resolved_by_locked_runtime_authority_contract,Luke.11.9,uk5-c392ddca32e174e71e30,tagnt,Luke.11.9,Luke.11.9,locked runtime authority retained; raw secondary textual/segmentation variant recorded
strong_control_sequence_difference,low,resolved_by_locked_runtime_authority_contract,Luke.12.10,uk5-8ae937939f5a741472d4,tagnt,Luke.12.10,Luke.12.10,locked runtime authority retained; raw secondary textual/segmentation variant recorded
strong_control_sequence_difference,low,resolved_by_locked_runtime_authority_contract,Luke.12.12,uk5-eb5f33d57cbaeb80005e,tagnt,Luke.12.12,Luke.12.12,locked runtime authority retained; raw secondary textual/segmentation variant recorded
strong_control_sequence_difference,low,resolved_by_locked_runtime_authority_contract,Luke.12.13,uk5-768f3358dab7f8deeb17,tagnt,Luke.12.13,Luke.12.13,locked runtime authority retained; raw secondary textual/segmentation variant recorded
strong_control_sequence_difference,low,resolved_by_locked_runtime_authority_contract,Luke.12.14,uk5-b516b740d4b35c964f2f,tagnt,Luke.12.14,Luke.12.14,locked runtime authority retained; raw secondary textual/segmentation variant recorded
strong_control_sequence_difference,low,resolved_by_locked_runtime_authority_contract,Luke.12.18,uk5-5e21ecf471e499e719df,tagnt,Luke.12.18,Luke.12.18,locked runtime authority retained; raw secondary textual/segmentation variant recorded
strong_control_sequence_difference,low,resolved_by_locked_runtime_authority_contract,Luke.12.19,uk5-39b2aa5cc766781b4fd6,tagnt,Luke.12.19,Luke.12.19,locked runtime authority retained; raw secondary textual/segmentation variant recorded
strong_control_sequence_difference,low,resolved_by_locked_runtime_authority_contract,Luke.12.22,uk5-8244e82448dbd969143b,tagnt,Luke.12.22,Luke.12.22,locked runtime authority retained; raw secondary textual/segmentation variant recorded
strong_control_sequence_difference,medium,resolved_by_locked_runtime_authority_contract,Luke.12.38,uk5-c54c296b21e757e7461f,tagnt,Luke.12.38,Luke.12.38,locked runtime authority retained; raw secondary textual/segmentation variant recorded
strong_control_sequence_difference,low,resolved_by_locked_runtime_authority_contract,Luke.12.41,uk5-009e10db49dced892b93,tagnt,Luke.12.41,Luke.12.41,locked runtime authority retained; raw secondary textual/segmentation variant recorded
strong_control_sequence_difference,low,resolved_by_locked_runtime_authority_contract,Luke.12.54,uk5-df919f3855a2e3331872,tagnt,Luke.12.54,Luke.12.54,locked runtime authority retained; raw secondary textual/segmentation variant recorded
strong_control_sequence_difference,low,resolved_by_locked_runtime_authority_contract,Luke.13.11,uk5-90d2f38db39af83d8299,tagnt,Luke.13.11,Luke.13.11,locked runtime authority retained; raw secondary textual/segmentation variant recorded
strong_control_sequence_difference,low,resolved_by_locked_runtime_authority_contract,Luke.13.12,uk5-70f12b8d7394a46cda4b,tagnt,Luke.13.12,Luke.13.12,locked runtime authority retained; raw secondary textual/segmentation variant recorded
strong_control_sequence_difference,low,resolved_by_locked_runtime_authority_contract,Luke.13.2,uk5-53ee44f896200d1652f6,tagnt,Luke.13.2,Luke.13.2,locked runtime authority retained; raw secondary textual/segmentation variant recorded
strong_control_sequence_difference,low,resolved_by_locked_runtime_authority_contract,Luke.13.20,uk5-f589fe7f8bbd999bb54c,tagnt,Luke.13.20,Luke.13.20,locked runtime authority retained; raw secondary textual/segmentation variant recorded
strong_control_sequence_difference,low,resolved_by_locked_runtime_authority_contract,Luke.13.23,uk5-7fe1e81a8c94c984044a,tagnt,Luke.13.23,Luke.13.23,locked runtime authority retained; raw secondary textual/segmentation variant recorded
strong_control_sequence_difference,low,resolved_by_locked_runtime_authority_contract,Luke.13.25,uk5-5c3bdace8f96feaedd30,tagnt,Luke.13.25,Luke.13.25,locked runtime authority retained; raw secondary textual/segmentation variant recorded
strong_control_sequence_difference,low,resolved_by_locked_runtime_authority_contract,Luke.13.26,uk5-f4dccea61f17e09400db,tagnt,Luke.13.26,Luke.13.26,locked runtime authority retained; raw secondary textual/segmentation variant recorded
strong_control_sequence_difference,low,resolved_by_locked_runtime_authority_contract,Luke.13.27,uk5-61bcab4b9a6009e7260a,tagnt,Luke.13.27,Luke.13.27,locked runtime authority retained; raw secondary textual/segmentation variant recorded
strong_control_sequence_difference,low,resolved_by_locked_runtime_authority_contract,Luke.13.30,uk5-409023c628377da940bf,tagnt,Luke.13.30,Luke.13.30,locked runtime authority retained; raw secondary textual/segmentation variant recorded
strong_control_sequence_difference,low,resolved_by_locked_runtime_authority_contract,Luke.13.32,uk5-fe6e7b02d4a78ee2932c,tagnt,Luke.13.32,Luke.13.32,locked runtime authority retained; raw secondary textual/segmentation variant recorded
strong_control_sequence_difference,low,resolved_by_locked_runtime_authority_contract,Luke.13.33,uk5-77a79f3cf3975626613f,tagnt,Luke.13.33,Luke.13.33,locked runtime authority retained; raw secondary textual/segmentation variant recorded
strong_control_sequence_difference,low,resolved_by_locked_runtime_authority_contract,Luke.13.35,uk5-5765da88fd59dd2ff636,tagnt,Luke.13.35,Luke.13.35,locked runtime authority retained; raw secondary textual/segmentation variant recorded
strong_control_sequence_difference,low,resolved_by_locked_runtime_authority_contract,Luke.13.9,uk5-718860c7dd63b5d43172,tagnt,Luke.13.9,Luke.13.9,locked runtime authority retained; raw secondary textual/segmentation variant recorded
strong_control_sequence_difference,low,resolved_by_locked_runtime_authority_contract,Luke.14.15,uk5-63bb5724c5fc9d8e8a20,tagnt,Luke.14.15,Luke.14.15,locked runtime authority retained; raw secondary textual/segmentation variant recorded
strong_control_sequence_difference,low,resolved_by_locked_runtime_authority_contract,Luke.14.18,uk5-9ba8c4d3bf5e841c9d7d,tagnt,Luke.14.18,Luke.14.18,locked runtime authority retained; raw secondary textual/segmentation variant recorded
strong_control_sequence_difference,low,resolved_by_locked_runtime_authority_contract,Luke.14.19,uk5-6a91ef51b67d6765a1b3,tagnt,Luke.14.19,Luke.14.19,locked runtime authority retained; raw secondary textual/segmentation variant recorded
strong_control_sequence_difference,low,resolved_by_locked_runtime_authority_contract,Luke.14.2,uk5-5b2e0c32259513d4f1aa,tagnt,Luke.14.2,Luke.14.2,locked runtime authority retained; raw secondary textual/segmentation variant recorded
strong_control_sequence_difference,medium,resolved_by_locked_runtime_authority_contract,Luke.14.24,uk5-4f96152c468bc3c049a9,tagnt,Luke.14.24,Luke.14.24,locked runtime authority retained; raw secondary textual/segmentation variant recorded
strong_control_sequence_difference,low,resolved_by_locked_runtime_authority_contract,Luke.14.26,uk5-0afe515f14cacd122278,tagnt,Luke.14.26,Luke.14.26,locked runtime authority retained; raw secondary textual/segmentation variant recorded
strong_control_sequence_difference,low,resolved_by_locked_runtime_authority_contract,Luke.14.27,uk5-56da78fffdd02f55dc08,tagnt,Luke.14.27,Luke.14.27,locked runtime authority retained; raw secondary textual/segmentation variant recorded
strong_control_sequence_difference,low,resolved_by_locked_runtime_authority_contract,Luke.14.28,uk5-9b406f967d137ee95406,tagnt,Luke.14.28,Luke.14.28,locked runtime authority retained; raw secondary textual/segmentation variant recorded
strong_control_sequence_difference,low,resolved_by_locked_runtime_authority_contract,Luke.14.29,uk5-c43e44c0e1b18c719a10,tagnt,Luke.14.29,Luke.14.29,locked runtime authority retained; raw secondary textual/segmentation variant recorded
strong_control_sequence_difference,low,resolved_by_locked_runtime_authority_contract,Luke.14.3,uk5-fe94f872eb1a53c7db62,tagnt,Luke.14.3,Luke.14.3,locked runtime authority retained; raw secondary textual/segmentation variant recorded
strong_control_sequence_difference,low,resolved_by_locked_runtime_authority_contract,Luke.14.33,uk5-af91917e97fc38154e20,tagnt,Luke.14.33,Luke.14.33,locked runtime authority retained; raw secondary textual/segmentation variant recorded
strong_control_sequence_difference,low,resolved_by_locked_runtime_authority_contract,Luke.14.8,uk5-fd73c1c4b61d5a621d96,tagnt,Luke.14.8,Luke.14.8,locked runtime authority retained; raw secondary textual/segmentation variant recorded
strong_control_sequence_difference,low,resolved_by_locked_runtime_authority_contract,Luke.15.11,uk5-f852430fd33b958651c7,tagnt,Luke.15.11,Luke.15.11,locked runtime authority retained; raw secondary textual/segmentation variant recorded
strong_control_sequence_difference,low,resolved_by_locked_runtime_authority_contract,Luke.15.12,uk5-2a5c3ba0efecf823184c,tagnt,Luke.15.12,Luke.15.12,locked runtime authority retained; raw secondary textual/segmentation variant recorded
strong_control_sequence_difference,low,resolved_by_locked_runtime_authority_contract,Luke.15.16,uk5-33855a93294f6322a41d,tagnt,Luke.15.16,Luke.15.16,locked runtime authority retained; raw secondary textual/segmentation variant recorded
strong_control_sequence_difference,low,resolved_by_locked_runtime_authority_contract,Luke.15.18,uk5-4a090d127a59ca9c36a1,tagnt,Luke.15.18,Luke.15.18,locked runtime authority retained; raw secondary textual/segmentation variant recorded
strong_control_sequence_difference,low,resolved_by_locked_runtime_authority_contract,Luke.15.19,uk5-69cda2c1b7483e3458af,tagnt,Luke.15.19,Luke.15.19,locked runtime authority retained; raw secondary textual/segmentation variant recorded
strong_control_sequence_difference,medium,resolved_by_locked_runtime_authority_contract,Luke.15.21,uk5-00d129d2aeaddb098a48,tagnt,Luke.15.21,Luke.15.21,locked runtime authority retained; raw secondary textual/segmentation variant recorded
strong_control_sequence_difference,low,resolved_by_locked_runtime_authority_contract,Luke.15.24,uk5-17dcd3b0095522727247,tagnt,Luke.15.24,Luke.15.24,locked runtime authority retained; raw secondary textual/segmentation variant recorded
strong_control_sequence_difference,low,resolved_by_locked_runtime_authority_contract,Luke.15.29,uk5-dd0edcf3a640ef31029b,tagnt,Luke.15.29,Luke.15.29,locked runtime authority retained; raw secondary textual/segmentation variant recorded
strong_control_sequence_difference,low,resolved_by_locked_runtime_authority_contract,Luke.15.3,uk5-31d64cf9a84a4f61bb24,tagnt,Luke.15.3,Luke.15.3,locked runtime authority retained; raw secondary textual/segmentation variant recorded
strong_control_sequence_difference,low,resolved_by_locked_runtime_authority_contract,Luke.15.31,uk5-0a5b229e11de2036a08b,tagnt,Luke.15.31,Luke.15.31,locked runtime authority retained; raw secondary textual/segmentation variant recorded
strong_control_sequence_difference,medium,resolved_by_locked_runtime_authority_contract,Luke.16.26,uk5-63e1619427aec0c3979b,tagnt,Luke.16.26,Luke.16.26,locked runtime authority retained; raw secondary textual/segmentation variant recorded
strong_control_sequence_difference,low,resolved_by_locked_runtime_authority_contract,Luke.16.27,uk5-f560cfaba461485a21f4,tagnt,Luke.16.27,Luke.16.27,locked runtime authority retained; raw secondary textual/segmentation variant recorded
strong_control_sequence_difference,low,resolved_by_locked_runtime_authority_contract,Luke.16.5,uk5-b63f5c3223360c8a19f0,tagnt,Luke.16.5,Luke.16.5,locked runtime authority retained; raw secondary textual/segmentation variant recorded
strong_control_sequence_difference,low,resolved_by_locked_runtime_authority_contract,Luke.16.6,uk5-20767c611f388c427be9,tagnt,Luke.16.6,Luke.16.6,locked runtime authority retained; raw secondary textual/segmentation variant recorded
strong_control_sequence_difference,low,resolved_by_locked_runtime_authority_contract,Luke.16.7,uk5-46b4ee77d4d0c0190a46,tagnt,Luke.16.7,Luke.16.7,locked runtime authority retained; raw secondary textual/segmentation variant recorded
strong_control_sequence_difference,low,resolved_by_locked_runtime_authority_contract,Luke.17.10,uk5-77069ec6bde428f2ded4,tagnt,Luke.17.10,Luke.17.10,locked runtime authority retained; raw secondary textual/segmentation variant recorded
strong_control_sequence_difference,low,resolved_by_locked_runtime_authority_contract,Luke.17.13,uk5-e04e96c682a0de4b9494,tagnt,Luke.17.13,Luke.17.13,locked runtime authority retained; raw secondary textual/segmentation variant recorded
strong_control_sequence_difference,low,resolved_by_locked_runtime_authority_contract,Luke.17.14,uk5-457207fa1de447d80544,tagnt,Luke.17.14,Luke.17.14,locked runtime authority retained; raw secondary textual/segmentation variant recorded
strong_control_sequence_difference,low,resolved_by_locked_runtime_authority_contract,Luke.17.21,uk5-82e4fe7e782f4da30929,tagnt,Luke.17.21,Luke.17.21,locked runtime authority retained; raw secondary textual/segmentation variant recorded
strong_control_sequence_difference,low,resolved_by_locked_runtime_authority_contract,Luke.17.22,uk5-19eaec44ee277018dacb,tagnt,Luke.17.22,Luke.17.22,locked runtime authority retained; raw secondary textual/segmentation variant recorded
strong_control_sequence_difference,low,resolved_by_locked_runtime_authority_contract,Luke.17.23,uk5-77cb63e965ca24297251,tagnt,Luke.17.23,Luke.17.23,locked runtime authority retained; raw secondary textual/segmentation variant recorded
strong_control_sequence_difference,low,resolved_by_locked_runtime_authority_contract,Luke.17.24,uk5-04073b24dc9e95ebff98,tagnt,Luke.17.24,Luke.17.24,locked runtime authority retained; raw secondary textual/segmentation variant recorded
strong_control_sequence_difference,low,resolved_by_locked_runtime_authority_contract,Luke.17.25,uk5-6856074607e3e0841c23,tagnt,Luke.17.25,Luke.17.25,locked runtime authority retained; raw secondary textual/segmentation variant recorded
strong_control_sequence_difference,low,resolved_by_locked_runtime_authority_contract,Luke.17.30,uk5-56fcfeca3b2c3152d1a1,tagnt,Luke.17.30,Luke.17.30,locked runtime authority retained; raw secondary textual/segmentation variant recorded
strong_control_sequence_difference,low,resolved_by_locked_runtime_authority_contract,Luke.17.36,uk5-97ae058f783c2a175ff2,tagnt,Luke.17.36,Luke.17.36,locked runtime authority retained; raw secondary textual/segmentation variant recorded
strong_control_sequence_difference,low,resolved_by_locked_runtime_authority_contract,Luke.17.5,uk5-013e33a753b1e9ab0562,tagnt,Luke.17.5,Luke.17.5,locked runtime authority retained; raw secondary textual/segmentation variant recorded
strong_control_sequence_difference,low,resolved_by_locked_runtime_authority_contract,Luke.17.8,uk5-52d24c6dc890c615ad7e,tagnt,Luke.17.8,Luke.17.8,locked runtime authority retained; raw secondary textual/segmentation variant recorded
strong_control_sequence_difference,low,resolved_by_locked_runtime_authority_contract,Luke.17.9,uk5-bc56f9223746c9a42530,tagnt,Luke.17.9,Luke.17.9,locked runtime authority retained; raw secondary textual/segmentation variant recorded
strong_control_sequence_difference,low,resolved_by_locked_runtime_authority_contract,Luke.18.1,uk5-9c1a2fb670596d288cf7,tagnt,Luke.18.1,Luke.18.1,locked runtime authority retained; raw secondary textual/segmentation variant recorded
strong_control_sequence_difference,low,resolved_by_locked_runtime_authority_contract,Luke.18.19,uk5-e5036a6590455c4c04f2,tagnt,Luke.18.19,Luke.18.19,locked runtime authority retained; raw secondary textual/segmentation variant recorded
strong_control_sequence_difference,medium,resolved_by_locked_runtime_authority_contract,Luke.18.21,uk5-4070fff3d0a1ef3fad66,tagnt,Luke.18.21,Luke.18.21,locked runtime authority retained; raw secondary textual/segmentation variant recorded
strong_control_sequence_difference,low,resolved_by_locked_runtime_authority_contract,Luke.18.22,uk5-74335abb97636a1d3b61,tagnt,Luke.18.22,Luke.18.22,locked runtime authority retained; raw secondary textual/segmentation variant recorded
strong_control_sequence_difference,low,resolved_by_locked_runtime_authority_contract,Luke.18.24,uk5-c36f9c9e487c11194909,tagnt,Luke.18.24,Luke.18.24,locked runtime authority retained; raw secondary textual/segmentation variant recorded
strong_control_sequence_difference,low,resolved_by_locked_runtime_authority_contract,Luke.18.26,uk5-4107c23ff61d9dda9867,tagnt,Luke.18.26,Luke.18.26,locked runtime authority retained; raw secondary textual/segmentation variant recorded
strong_control_sequence_difference,medium,resolved_by_locked_runtime_authority_contract,Luke.18.28,uk5-8bc8162fc44c502e370e,tagnt,Luke.18.28,Luke.18.28,locked runtime authority retained; raw secondary textual/segmentation variant recorded
strong_control_sequence_difference,low,resolved_by_locked_runtime_authority_contract,Luke.18.3,uk5-ad677f0590b91042a46c,tagnt,Luke.18.3,Luke.18.3,locked runtime authority retained; raw secondary textual/segmentation variant recorded
strong_control_sequence_difference,low,resolved_by_locked_runtime_authority_contract,Luke.18.31,uk5-0f032cb69a84e00c9b1a,tagnt,Luke.18.31,Luke.18.31,locked runtime authority retained; raw secondary textual/segmentation variant recorded
strong_control_sequence_difference,low,resolved_by_locked_runtime_authority_contract,Luke.18.38,uk5-1642891bcd61a4de044d,tagnt,Luke.18.38,Luke.18.38,locked runtime authority retained; raw secondary textual/segmentation variant recorded
strong_control_sequence_difference,medium,resolved_by_locked_runtime_authority_contract,Luke.18.5,uk5-e81c690f6fe2dd0ca89d,tagnt,Luke.18.5,Luke.18.5,locked runtime authority retained; raw secondary textual/segmentation variant recorded
strong_control_sequence_difference,low,resolved_by_locked_runtime_authority_contract,Luke.19.11,uk5-bd732f5da44635a2ab1c,tagnt,Luke.19.11,Luke.19.11,locked runtime authority retained; raw secondary textual/segmentation variant recorded
strong_control_sequence_difference,low,resolved_by_locked_runtime_authority_contract,Luke.19.17,uk5-87d1909227f32e407db2,tagnt,Luke.19.17,Luke.19.17,locked runtime authority retained; raw secondary textual/segmentation variant recorded
strong_control_sequence_difference,low,resolved_by_locked_runtime_authority_contract,Luke.19.2,uk5-c8187d11d8dd8fe8fb09,tagnt,Luke.19.2,Luke.19.2,locked runtime authority retained; raw secondary textual/segmentation variant recorded
strong_control_sequence_difference,low,resolved_by_locked_runtime_authority_contract,Luke.19.23,uk5-8263dfa249dcf197fffe,tagnt,Luke.19.23,Luke.19.23,locked runtime authority retained; raw secondary textual/segmentation variant recorded
strong_control_sequence_difference,low,resolved_by_locked_runtime_authority_contract,Luke.19.25,uk5-0fa820c65ecaeb8077ec,tagnt,Luke.19.25,Luke.19.25,locked runtime authority retained; raw secondary textual/segmentation variant recorded
strong_control_sequence_difference,low,resolved_by_locked_runtime_authority_contract,Luke.19.27,uk5-2f2b7c8c8fe749d7e392,tagnt,Luke.19.27,Luke.19.27,locked runtime authority retained; raw secondary textual/segmentation variant recorded
strong_control_sequence_difference,low,resolved_by_locked_runtime_authority_contract,Luke.19.28,uk5-d09644abe2b64d19a62b,tagnt,Luke.19.28,Luke.19.28,locked runtime authority retained; raw secondary textual/segmentation variant recorded
strong_control_sequence_difference,low,resolved_by_locked_runtime_authority_contract,Luke.19.32,uk5-2fa0ca683e27f5d0a52e,tagnt,Luke.19.32,Luke.19.32,locked runtime authority retained; raw secondary textual/segmentation variant recorded
strong_control_sequence_difference,low,resolved_by_locked_runtime_authority_contract,Luke.19.34,uk5-0cbf919d493d60920d5c,tagnt,Luke.19.34,Luke.19.34,locked runtime authority retained; raw secondary textual/segmentation variant recorded
strong_control_sequence_difference,low,resolved_by_locked_runtime_authority_contract,Luke.19.40,uk5-f266785a043a1132f504,tagnt,Luke.19.40,Luke.19.40,locked runtime authority retained; raw secondary textual/segmentation variant recorded
strong_control_sequence_difference,low,resolved_by_locked_runtime_authority_contract,Luke.19.41,uk5-0ab517b52fb2a306fd92,tagnt,Luke.19.41,Luke.19.41,locked runtime authority retained; raw secondary textual/segmentation variant recorded
strong_control_sequence_difference,low,resolved_by_locked_runtime_authority_contract,Luke.19.45,uk5-29802269e0937816a859,tagnt,Luke.19.45,Luke.19.45,locked runtime authority retained; raw secondary textual/segmentation variant recorded
strong_control_sequence_difference,low,resolved_by_locked_runtime_authority_contract,Luke.19.46,uk5-f320fa71afab07136022,tagnt,Luke.19.46,Luke.19.46,locked runtime authority retained; raw secondary textual/segmentation variant recorded
strong_control_sequence_difference,low,resolved_by_locked_runtime_authority_contract,Luke.19.5,uk5-ca9063e8499ab0cc44a3,tagnt,Luke.19.5,Luke.19.5,locked runtime authority retained; raw secondary textual/segmentation variant recorded
strong_control_sequence_difference,low,resolved_by_locked_runtime_authority_contract,Luke.19.7,uk5-9cd78c9e9377b7f08c28,tagnt,Luke.19.7,Luke.19.7,locked runtime authority retained; raw secondary textual/segmentation variant recorded
strong_control_sequence_difference,low,resolved_by_locked_runtime_authority_contract,Luke.19.8,uk5-1c000acaf26148884c3d,tagnt,Luke.19.8,Luke.19.8,locked runtime authority retained; raw secondary textual/segmentation variant recorded
strong_control_sequence_difference,low,resolved_by_locked_runtime_authority_contract,Luke.2.10,uk5-d011f8984aff25655ec7,tagnt,Luke.2.10,Luke.2.10,locked runtime authority retained; raw secondary textual/segmentation variant recorded
strong_control_sequence_difference,low,resolved_by_locked_runtime_authority_contract,Luke.2.15,uk5-248898d65684cd211a93,tagnt,Luke.2.15,Luke.2.15,locked runtime authority retained; raw secondary textual/segmentation variant recorded
strong_control_sequence_difference,low,resolved_by_locked_runtime_authority_contract,Luke.2.23,uk5-6be238b84f5dd113204d,tagnt,Luke.2.23,Luke.2.23,locked runtime authority retained; raw secondary textual/segmentation variant recorded
strong_control_sequence_difference,low,resolved_by_locked_runtime_authority_contract,Luke.2.26,uk5-cdefa937479b9059b148,tagnt,Luke.2.26,Luke.2.26,locked runtime authority retained; raw secondary textual/segmentation variant recorded
strong_control_sequence_difference,low,resolved_by_locked_runtime_authority_contract,Luke.2.28,uk5-85fa290f23b70895bf5c,tagnt,Luke.2.28,Luke.2.28,locked runtime authority retained; raw secondary textual/segmentation variant recorded
strong_control_sequence_difference,low,resolved_by_locked_runtime_authority_contract,Luke.2.30,uk5-229adae31673120a9150,tagnt,Luke.2.30,Luke.2.30,locked runtime authority retained; raw secondary textual/segmentation variant recorded
strong_control_sequence_difference,low,resolved_by_locked_runtime_authority_contract,Luke.2.38,uk5-f7f551f32760e6fb9876,tagnt,Luke.2.38,Luke.2.38,locked runtime authority retained; raw secondary textual/segmentation variant recorded
strong_control_sequence_difference,low,resolved_by_locked_runtime_authority_contract,Luke.2.43,uk5-d6c4213717c3c02d0b19,tagnt,Luke.2.43,Luke.2.43,locked runtime authority retained; raw secondary textual/segmentation variant recorded
strong_control_sequence_difference,low,resolved_by_locked_runtime_authority_contract,Luke.2.45,uk5-bdfde70c151fb1d291da,tagnt,Luke.2.45,Luke.2.45,locked runtime authority retained; raw secondary textual/segmentation variant recorded
strong_control_sequence_difference,low,resolved_by_locked_runtime_authority_contract,Luke.2.48,uk5-c8822d8f0ab67388e9b8,tagnt,Luke.2.48,Luke.2.48,locked runtime authority retained; raw secondary textual/segmentation variant recorded
strong_control_sequence_difference,medium,resolved_by_locked_runtime_authority_contract,Luke.2.49,uk5-18c6b19db5e0ba9351b6,tagnt,Luke.2.49,Luke.2.49,locked runtime authority retained; raw secondary textual/segmentation variant recorded
strong_control_sequence_difference,low,resolved_by_locked_runtime_authority_contract,Luke.2.9,uk5-7b0af51c2e808eb1c8be,tagnt,Luke.2.9,Luke.2.9,locked runtime authority retained; raw secondary textual/segmentation variant recorded
strong_control_sequence_difference,low,resolved_by_locked_runtime_authority_contract,Luke.20.11,uk5-77cbd6d5d51c8c618fb8,tagnt,Luke.20.11,Luke.20.11,locked runtime authority retained; raw secondary textual/segmentation variant recorded
strong_control_sequence_difference,low,resolved_by_locked_runtime_authority_contract,Luke.20.13,uk5-a3ea29626dd783cee8bb,tagnt,Luke.20.13,Luke.20.13,locked runtime authority retained; raw secondary textual/segmentation variant recorded
strong_control_sequence_difference,low,resolved_by_locked_runtime_authority_contract,Luke.20.14,uk5-997bc6f566bfb330e5f8,tagnt,Luke.20.14,Luke.20.14,locked runtime authority retained; raw secondary textual/segmentation variant recorded
strong_control_sequence_difference,low,resolved_by_locked_runtime_authority_contract,Luke.20.2,uk5-f2bc53776ef478417967,tagnt,Luke.20.2,Luke.20.2,locked runtime authority retained; raw secondary textual/segmentation variant recorded
strong_control_sequence_difference,high,resolved_by_locked_runtime_authority_contract,Luke.20.22,uk5-c4443dcdcceb45d60be2,tagnt,Luke.20.22,Luke.20.22,locked runtime authority retained; raw secondary textual/segmentation variant recorded
strong_control_sequence_difference,medium,resolved_by_locked_runtime_authority_contract,Luke.20.23,uk5-81460a8e7fc143fcfc94,tagnt,Luke.20.23,Luke.20.23,locked runtime authority retained; raw secondary textual/segmentation variant recorded
strong_control_sequence_difference,low,resolved_by_locked_runtime_authority_contract,Luke.20.24,uk5-9f2e7a51d6596ced0a9e,tagnt,Luke.20.24,Luke.20.24,locked runtime authority retained; raw secondary textual/segmentation variant recorded
strong_control_sequence_difference,low,resolved_by_locked_runtime_authority_contract,Luke.20.25,uk5-d32c77c0a14e69880d6c,tagnt,Luke.20.25,Luke.20.25,locked runtime authority retained; raw secondary textual/segmentation variant recorded
strong_control_sequence_difference,low,resolved_by_locked_runtime_authority_contract,Luke.20.27,uk5-f3829d9918a054860a16,tagnt,Luke.20.27,Luke.20.27,locked runtime authority retained; raw secondary textual/segmentation variant recorded
strong_control_sequence_difference,medium,resolved_by_locked_runtime_authority_contract,Luke.20.3,uk5-651a81438c1b0cb7de99,tagnt,Luke.20.3,Luke.20.3,locked runtime authority retained; raw secondary textual/segmentation variant recorded
strong_control_sequence_difference,high,resolved_by_locked_runtime_authority_contract,Luke.20.30,uk5-5ac28d25c9e90aaa6b66,tagnt,Luke.20.30,Luke.20.30,locked runtime authority retained; raw secondary textual/segmentation variant recorded
strong_control_sequence_difference,medium,resolved_by_locked_runtime_authority_contract,Luke.20.32,uk5-8d4890229d5a89ed2bf1,tagnt,Luke.20.32,Luke.20.32,locked runtime authority retained; raw secondary textual/segmentation variant recorded
strong_control_sequence_difference,low,resolved_by_locked_runtime_authority_contract,Luke.20.33,uk5-14c0257597fade3034e1,tagnt,Luke.20.33,Luke.20.33,locked runtime authority retained; raw secondary textual/segmentation variant recorded
strong_control_sequence_difference,low,resolved_by_locked_runtime_authority_contract,Luke.20.34,uk5-20b89afc0deea90992da,tagnt,Luke.20.34,Luke.20.34,locked runtime authority retained; raw secondary textual/segmentation variant recorded
strong_control_sequence_difference,low,resolved_by_locked_runtime_authority_contract,Luke.20.39,uk5-94ff84908391a1a36ee1,tagnt,Luke.20.39,Luke.20.39,locked runtime authority retained; raw secondary textual/segmentation variant recorded
strong_control_sequence_difference,low,resolved_by_locked_runtime_authority_contract,Luke.20.40,uk5-f995aa656ac43952afa4,tagnt,Luke.20.40,Luke.20.40,locked runtime authority retained; raw secondary textual/segmentation variant recorded
strong_control_sequence_difference,low,resolved_by_locked_runtime_authority_contract,Luke.20.41,uk5-aa25b81f887191d89ca0,tagnt,Luke.20.41,Luke.20.41,locked runtime authority retained; raw secondary textual/segmentation variant recorded
strong_control_sequence_difference,medium,resolved_by_locked_runtime_authority_contract,Luke.20.42,uk5-92db4e9ac33adf7a46d1,tagnt,Luke.20.42,Luke.20.42,locked runtime authority retained; raw secondary textual/segmentation variant recorded
strong_control_sequence_difference,low,resolved_by_locked_runtime_authority_contract,Luke.20.45,uk5-c3f87886c6ccd776517c,tagnt,Luke.20.45,Luke.20.45,locked runtime authority retained; raw secondary textual/segmentation variant recorded
strong_control_sequence_difference,low,resolved_by_locked_runtime_authority_contract,Luke.20.5,uk5-d49c070a49131a899d06,tagnt,Luke.20.5,Luke.20.5,locked runtime authority retained; raw secondary textual/segmentation variant recorded
strong_control_sequence_difference,low,resolved_by_locked_runtime_authority_contract,Luke.20.6,uk5-b640ff69017011081306,tagnt,Luke.20.6,Luke.20.6,locked runtime authority retained; raw secondary textual/segmentation variant recorded
strong_control_sequence_difference,low,resolved_by_locked_runtime_authority_contract,Luke.20.7,uk5-6ad9bc71e201c20c7cbf,tagnt,Luke.20.7,Luke.20.7,locked runtime authority retained; raw secondary textual/segmentation variant recorded
strong_control_sequence_difference,low,resolved_by_locked_runtime_authority_contract,Luke.21.13,uk5-a86f20c2e0722b398f85,tagnt,Luke.21.13,Luke.21.13,locked runtime authority retained; raw secondary textual/segmentation variant recorded
strong_control_sequence_difference,low,resolved_by_locked_runtime_authority_contract,Luke.21.15,uk5-14b184484b987eb14e93,tagnt,Luke.21.15,Luke.21.15,locked runtime authority retained; raw secondary textual/segmentation variant recorded
strong_control_sequence_difference,low,resolved_by_locked_runtime_authority_contract,Luke.21.17,uk5-e7dd3e61164d997a2d68,tagnt,Luke.21.17,Luke.21.17,locked runtime authority retained; raw secondary textual/segmentation variant recorded
strong_control_sequence_difference,medium,resolved_by_locked_runtime_authority_contract,Luke.21.2,uk5-f694d30b6f4ee40dbc64,tagnt,Luke.21.2,Luke.21.2,locked runtime authority retained; raw secondary textual/segmentation variant recorded
strong_control_sequence_difference,low,resolved_by_locked_runtime_authority_contract,Luke.21.20,uk5-7db44c3b001e14a0515b,tagnt,Luke.21.20,Luke.21.20,locked runtime authority retained; raw secondary textual/segmentation variant recorded
strong_control_sequence_difference,low,resolved_by_locked_runtime_authority_contract,Luke.21.29,uk5-0a7564549288cde16a69,tagnt,Luke.21.29,Luke.21.29,locked runtime authority retained; raw secondary textual/segmentation variant recorded
strong_control_sequence_difference,low,resolved_by_locked_runtime_authority_contract,Luke.21.4,uk5-061ad16292448a1821a3,tagnt,Luke.21.4,Luke.21.4,locked runtime authority retained; raw secondary textual/segmentation variant recorded
strong_control_sequence_difference,low,resolved_by_locked_runtime_authority_contract,Luke.21.5,uk5-62554721a17ab7dbdba3,tagnt,Luke.21.5,Luke.21.5,locked runtime authority retained; raw secondary textual/segmentation variant recorded
strong_control_sequence_difference,low,resolved_by_locked_runtime_authority_contract,Luke.21.8,uk5-83ef3341e50abe5a19aa,tagnt,Luke.21.8,Luke.21.8,locked runtime authority retained; raw secondary textual/segmentation variant recorded
strong_control_sequence_difference,low,resolved_by_locked_runtime_authority_contract,Luke.21.9,uk5-ef3fa3d30c249b0302f1,tagnt,Luke.21.9,Luke.21.9,locked runtime authority retained; raw secondary textual/segmentation variant recorded
strong_control_sequence_difference,low,resolved_by_locked_runtime_authority_contract,Luke.22.11,uk5-a3c436af6d753641b558,tagnt,Luke.22.11,Luke.22.11,locked runtime authority retained; raw secondary textual/segmentation variant recorded
strong_control_sequence_difference,low,resolved_by_locked_runtime_authority_contract,Luke.22.12,uk5-5ed58b17ce068e409437,tagnt,Luke.22.12,Luke.22.12,locked runtime authority retained; raw secondary textual/segmentation variant recorded
strong_control_sequence_difference,low,resolved_by_locked_runtime_authority_contract,Luke.22.15,uk5-f8e50c458d474faa2b03,tagnt,Luke.22.15,Luke.22.15,locked runtime authority retained; raw secondary textual/segmentation variant recorded
strong_control_sequence_difference,low,resolved_by_locked_runtime_authority_contract,Luke.22.16,uk5-82022a22186a045e14fb,tagnt,Luke.22.16,Luke.22.16,locked runtime authority retained; raw secondary textual/segmentation variant recorded
strong_control_sequence_difference,medium,resolved_by_locked_runtime_authority_contract,Luke.22.21,uk5-4f5d81090bcf0b627c6f,tagnt,Luke.22.21,Luke.22.21,locked runtime authority retained; raw secondary textual/segmentation variant recorded
strong_control_sequence_difference,medium,resolved_by_locked_runtime_authority_contract,Luke.22.24,uk5-cf043aeec782df0408cf,tagnt,Luke.22.24,Luke.22.24,locked runtime authority retained; raw secondary textual/segmentation variant recorded
strong_control_sequence_difference,low,resolved_by_locked_runtime_authority_contract,Luke.22.29,uk5-95f95ee8575c6d83ac86,tagnt,Luke.22.29,Luke.22.29,locked runtime authority retained; raw secondary textual/segmentation variant recorded
strong_control_sequence_difference,low,resolved_by_locked_runtime_authority_contract,Luke.22.3,uk5-e64bc44757eee656cf7b,tagnt,Luke.22.3,Luke.22.3,locked runtime authority retained; raw secondary textual/segmentation variant recorded
strong_control_sequence_difference,medium,resolved_by_locked_runtime_authority_contract,Luke.22.31,uk5-570b86c2481859281196,tagnt,Luke.22.31,Luke.22.31,locked runtime authority retained; raw secondary textual/segmentation variant recorded
strong_control_sequence_difference,low,resolved_by_locked_runtime_authority_contract,Luke.22.34,uk5-d4d04b9106f08c926238,tagnt,Luke.22.34,Luke.22.34,locked runtime authority retained; raw secondary textual/segmentation variant recorded
strong_control_sequence_difference,low,resolved_by_locked_runtime_authority_contract,Luke.22.35,uk5-0de33ca946dfa8a60fb7,tagnt,Luke.22.35,Luke.22.35,locked runtime authority retained; raw secondary textual/segmentation variant recorded
strong_control_sequence_difference,low,resolved_by_locked_runtime_authority_contract,Luke.22.38,uk5-b506d6c5c4bf0e5f0c73,tagnt,Luke.22.38,Luke.22.38,locked runtime authority retained; raw secondary textual/segmentation variant recorded
strong_control_sequence_difference,low,resolved_by_locked_runtime_authority_contract,Luke.22.42,uk5-eb9bf19ce4376cbc9d0c,tagnt,Luke.22.42,Luke.22.42,locked runtime authority retained; raw secondary textual/segmentation variant recorded
strong_control_sequence_difference,low,resolved_by_locked_runtime_authority_contract,Luke.22.43,uk5-91371ea4db7843244781,tagnt,Luke.22.43,Luke.22.43,locked runtime authority retained; raw secondary textual/segmentation variant recorded
strong_control_sequence_difference,low,resolved_by_locked_runtime_authority_contract,Luke.22.48,uk5-5d391e0ea5cfb5c6e2c8,tagnt,Luke.22.48,Luke.22.48,locked runtime authority retained; raw secondary textual/segmentation variant recorded
strong_control_sequence_difference,low,resolved_by_locked_runtime_authority_contract,Luke.22.49,uk5-da1237c2bfe94c56cac7,tagnt,Luke.22.49,Luke.22.49,locked runtime authority retained; raw secondary textual/segmentation variant recorded
strong_control_sequence_difference,low,resolved_by_locked_runtime_authority_contract,Luke.22.51,uk5-a00224bd882488dfc694,tagnt,Luke.22.51,Luke.22.51,locked runtime authority retained; raw secondary textual/segmentation variant recorded
strong_control_sequence_difference,low,resolved_by_locked_runtime_authority_contract,Luke.22.55,uk5-d4111ebf3f73213faa1b,tagnt,Luke.22.55,Luke.22.55,locked runtime authority retained; raw secondary textual/segmentation variant recorded
strong_control_sequence_difference,low,resolved_by_locked_runtime_authority_contract,Luke.22.56,uk5-f115a21f0cd80cf0e09f,tagnt,Luke.22.56,Luke.22.56,locked runtime authority retained; raw secondary textual/segmentation variant recorded
strong_control_sequence_difference,low,resolved_by_locked_runtime_authority_contract,Luke.22.57,uk5-03fcf31dedc727d4c0c1,tagnt,Luke.22.57,Luke.22.57,locked runtime authority retained; raw secondary textual/segmentation variant recorded
strong_control_sequence_difference,low,resolved_by_locked_runtime_authority_contract,Luke.22.60,uk5-9c96cf3ce4c3c6f9ca82,tagnt,Luke.22.60,Luke.22.60,locked runtime authority retained; raw secondary textual/segmentation variant recorded
strong_control_sequence_difference,low,resolved_by_locked_runtime_authority_contract,Luke.22.61,uk5-2c425b0ac396afb25ae9,tagnt,Luke.22.61,Luke.22.61,locked runtime authority retained; raw secondary textual/segmentation variant recorded
strong_control_sequence_difference,low,resolved_by_locked_runtime_authority_contract,Luke.22.62,uk5-592db86f41fe65c9e2f4,tagnt,Luke.22.62,Luke.22.62,locked runtime authority retained; raw secondary textual/segmentation variant recorded
strong_control_sequence_difference,low,resolved_by_locked_runtime_authority_contract,Luke.22.64,uk5-dd25295a9550f9664e6f,tagnt,Luke.22.64,Luke.22.64,locked runtime authority retained; raw secondary textual/segmentation variant recorded
strong_control_sequence_difference,low,resolved_by_locked_runtime_authority_contract,Luke.22.67,uk5-2d49494c39cb58ea0199,tagnt,Luke.22.67,Luke.22.67,locked runtime authority retained; raw secondary textual/segmentation variant recorded
strong_control_sequence_difference,low,resolved_by_locked_runtime_authority_contract,Luke.22.68,uk5-26d9eeab5c64debba535,tagnt,Luke.22.68,Luke.22.68,locked runtime authority retained; raw secondary textual/segmentation variant recorded
strong_control_sequence_difference,low,resolved_by_locked_runtime_authority_contract,Luke.22.8,uk5-e84bfb6dd9b062fc5d53,tagnt,Luke.22.8,Luke.22.8,locked runtime authority retained; raw secondary textual/segmentation variant recorded
strong_control_sequence_difference,low,resolved_by_locked_runtime_authority_contract,Luke.22.9,uk5-78b30a57da97a00c45f3,tagnt,Luke.22.9,Luke.22.9,locked runtime authority retained; raw secondary textual/segmentation variant recorded
strong_control_sequence_difference,low,resolved_by_locked_runtime_authority_contract,Luke.23.14,uk5-5b5d02be004d465b1648,tagnt,Luke.23.14,Luke.23.14,locked runtime authority retained; raw secondary textual/segmentation variant recorded
strong_control_sequence_difference,low,resolved_by_locked_runtime_authority_contract,Luke.23.15,uk5-caeb6a4b38981126f6a0,tagnt,Luke.23.15,Luke.23.15,locked runtime authority retained; raw secondary textual/segmentation variant recorded
strong_control_sequence_difference,low,resolved_by_locked_runtime_authority_contract,Luke.23.2,uk5-7354a2f8dde7a8420dd9,tagnt,Luke.23.2,Luke.23.2,locked runtime authority retained; raw secondary textual/segmentation variant recorded
strong_control_sequence_difference,low,resolved_by_locked_runtime_authority_contract,Luke.23.23,uk5-783764f8ce38cf15ff91,tagnt,Luke.23.23,Luke.23.23,locked runtime authority retained; raw secondary textual/segmentation variant recorded
strong_control_sequence_difference,low,resolved_by_locked_runtime_authority_contract,Luke.23.30,uk5-4b86f5bfd7056ae7fad4,tagnt,Luke.23.30,Luke.23.30,locked runtime authority retained; raw secondary textual/segmentation variant recorded
strong_control_sequence_difference,medium,resolved_by_locked_runtime_authority_contract,Luke.23.34,uk5-85a748ed058512f82687,tagnt,Luke.23.34,Luke.23.34,locked runtime authority retained; raw secondary textual/segmentation variant recorded
strong_control_sequence_difference,medium,resolved_by_locked_runtime_authority_contract,Luke.23.38,uk5-5c2d1caa3ca5bff8c1ec,tagnt,Luke.23.38,Luke.23.38,locked runtime authority retained; raw secondary textual/segmentation variant recorded
strong_control_sequence_difference,low,resolved_by_locked_runtime_authority_contract,Luke.23.39,uk5-b7cebd4a27b25a3b98c8,tagnt,Luke.23.39,Luke.23.39,locked runtime authority retained; raw secondary textual/segmentation variant recorded
strong_control_sequence_difference,low,resolved_by_locked_runtime_authority_contract,Luke.23.42,uk5-0f01e92126e02d327cb7,tagnt,Luke.23.42,Luke.23.42,locked runtime authority retained; raw secondary textual/segmentation variant recorded
strong_control_sequence_difference,low,resolved_by_locked_runtime_authority_contract,Luke.23.43,uk5-47aaf3b6340acd12d034,tagnt,Luke.23.43,Luke.23.43,locked runtime authority retained; raw secondary textual/segmentation variant recorded
strong_control_sequence_difference,low,resolved_by_locked_runtime_authority_contract,Luke.23.46,uk5-3d694f5a8f0848f1959a,tagnt,Luke.23.46,Luke.23.46,locked runtime authority retained; raw secondary textual/segmentation variant recorded
strong_control_sequence_difference,low,resolved_by_locked_runtime_authority_contract,Luke.23.50,uk5-db41c67e2932c5fc6b78,tagnt,Luke.23.50,Luke.23.50,locked runtime authority retained; raw secondary textual/segmentation variant recorded
strong_control_sequence_difference,low,resolved_by_locked_runtime_authority_contract,Luke.24.1,uk5-159e233e3e4655e34049,tagnt,Luke.24.1,Luke.24.1,locked runtime authority retained; raw secondary textual/segmentation variant recorded
strong_control_sequence_difference,low,resolved_by_locked_runtime_authority_contract,Luke.24.18,uk5-dddc89997f802a305a2f,tagnt,Luke.24.18,Luke.24.18,locked runtime authority retained; raw secondary textual/segmentation variant recorded
strong_control_sequence_difference,low,resolved_by_locked_runtime_authority_contract,Luke.24.22,uk5-b69b91d2449ed7b8cacf,tagnt,Luke.24.22,Luke.24.22,locked runtime authority retained; raw secondary textual/segmentation variant recorded
strong_control_sequence_difference,low,resolved_by_locked_runtime_authority_contract,Luke.24.24,uk5-1c12378f3a8ea074574c,tagnt,Luke.24.24,Luke.24.24,locked runtime authority retained; raw secondary textual/segmentation variant recorded
strong_control_sequence_difference,low,resolved_by_locked_runtime_authority_contract,Luke.24.32,uk5-dd531fc8c8aba7246b3e,tagnt,Luke.24.32,Luke.24.32,locked runtime authority retained; raw secondary textual/segmentation variant recorded
strong_control_sequence_difference,low,resolved_by_locked_runtime_authority_contract,Luke.24.34,uk5-b71ca2b06f57f837b951,tagnt,Luke.24.34,Luke.24.34,locked runtime authority retained; raw secondary textual/segmentation variant recorded
strong_control_sequence_difference,low,resolved_by_locked_runtime_authority_contract,Luke.24.39,uk5-3c8b50ecec1dbf46eda7,tagnt,Luke.24.39,Luke.24.39,locked runtime authority retained; raw secondary textual/segmentation variant recorded
strong_control_sequence_difference,low,resolved_by_locked_runtime_authority_contract,Luke.24.42,uk5-23146eb3bc22ba489389,tagnt,Luke.24.42,Luke.24.42,locked runtime authority retained; raw secondary textual/segmentation variant recorded
strong_control_sequence_difference,low,resolved_by_locked_runtime_authority_contract,Luke.24.43,uk5-63d198b4cfba599aa163,tagnt,Luke.24.43,Luke.24.43,locked runtime authority retained; raw secondary textual/segmentation variant recorded
strong_control_sequence_difference,low,resolved_by_locked_runtime_authority_contract,Luke.24.45,uk5-1f2bf7a48930afd6c805,tagnt,Luke.24.45,Luke.24.45,locked runtime authority retained; raw secondary textual/segmentation variant recorded
strong_control_sequence_difference,low,resolved_by_locked_runtime_authority_contract,Luke.24.46,uk5-262b240641e61e28301a,tagnt,Luke.24.46,Luke.24.46,locked runtime authority retained; raw secondary textual/segmentation variant recorded
strong_control_sequence_difference,low,resolved_by_locked_runtime_authority_contract,Luke.24.48,uk5-48d531dfc5ef5ee44acc,tagnt,Luke.24.48,Luke.24.48,locked runtime authority retained; raw secondary textual/segmentation variant recorded
strong_control_sequence_difference,low,resolved_by_locked_runtime_authority_contract,Luke.24.53,uk5-215158bc134cdf178823,tagnt,Luke.24.53,Luke.24.53,locked runtime authority retained; raw secondary textual/segmentation variant recorded
strong_control_sequence_difference,low,resolved_by_locked_runtime_authority_contract,Luke.3.14,uk5-0976ee2557940b095486,tagnt,Luke.3.14,Luke.3.14,locked runtime authority retained; raw secondary textual/segmentation variant recorded
strong_control_sequence_difference,low,resolved_by_locked_runtime_authority_contract,Luke.3.26,uk5-8f82b98d31705669b1d4,tagnt,Luke.3.26,Luke.3.26,locked runtime authority retained; raw secondary textual/segmentation variant recorded
strong_control_sequence_difference,low,resolved_by_locked_runtime_authority_contract,Luke.3.6,uk5-922eac719747fc2c37b2,tagnt,Luke.3.6,Luke.3.6,locked runtime authority retained; raw secondary textual/segmentation variant recorded
strong_control_sequence_difference,low,resolved_by_locked_runtime_authority_contract,Luke.4.11,uk5-28955b89f49e2d2e38a8,tagnt,Luke.4.11,Luke.4.11,locked runtime authority retained; raw secondary textual/segmentation variant recorded
strong_control_sequence_difference,low,resolved_by_locked_runtime_authority_contract,Luke.4.12,uk5-774f695f4bf700e8825f,tagnt,Luke.4.12,Luke.4.12,locked runtime authority retained; raw secondary textual/segmentation variant recorded
strong_control_sequence_difference,low,resolved_by_locked_runtime_authority_contract,Luke.4.18,uk5-e14b5cbce1452b18a270,tagnt,Luke.4.18,Luke.4.18,locked runtime authority retained; raw secondary textual/segmentation variant recorded
strong_control_sequence_difference,low,resolved_by_locked_runtime_authority_contract,Luke.4.23,uk5-eb4dad5e4f34cab59d5d,tagnt,Luke.4.23,Luke.4.23,locked runtime authority retained; raw secondary textual/segmentation variant recorded
strong_control_sequence_difference,low,resolved_by_locked_runtime_authority_contract,Luke.4.3,uk5-e2f5cd5d714226910db7,tagnt,Luke.4.3,Luke.4.3,locked runtime authority retained; raw secondary textual/segmentation variant recorded
strong_control_sequence_difference,low,resolved_by_locked_runtime_authority_contract,Luke.4.34,uk5-3c228af3458966f70024,tagnt,Luke.4.34,Luke.4.34,locked runtime authority retained; raw secondary textual/segmentation variant recorded
strong_control_sequence_difference,low,resolved_by_locked_runtime_authority_contract,Luke.4.4,uk5-8e7e20de70bd0c7e7c34,tagnt,Luke.4.4,Luke.4.4,locked runtime authority retained; raw secondary textual/segmentation variant recorded
strong_control_sequence_difference,low,resolved_by_locked_runtime_authority_contract,Luke.4.41,uk5-4a616da07a0a39477a4e,tagnt,Luke.4.41,Luke.4.41,locked runtime authority retained; raw secondary textual/segmentation variant recorded
strong_control_sequence_difference,low,resolved_by_locked_runtime_authority_contract,Luke.4.43,uk5-a1d24820932bb42f71c9,tagnt,Luke.4.43,Luke.4.43,locked runtime authority retained; raw secondary textual/segmentation variant recorded
strong_control_sequence_difference,low,resolved_by_locked_runtime_authority_contract,Luke.4.5,uk5-41b69a41d6207f3862a7,tagnt,Luke.4.5,Luke.4.5,locked runtime authority retained; raw secondary textual/segmentation variant recorded
strong_control_sequence_difference,low,resolved_by_locked_runtime_authority_contract,Luke.4.8,uk5-e981011ecf3901285133,tagnt,Luke.4.8,Luke.4.8,locked runtime authority retained; raw secondary textual/segmentation variant recorded
strong_control_sequence_difference,low,resolved_by_locked_runtime_authority_contract,Luke.4.9,uk5-a0b71ed8e24612cd1642,tagnt,Luke.4.9,Luke.4.9,locked runtime authority retained; raw secondary textual/segmentation variant recorded
strong_control_sequence_difference,low,resolved_by_locked_runtime_authority_contract,Luke.5.12,uk5-a05d564c2093c7c3310c,tagnt,Luke.5.12,Luke.5.12,locked runtime authority retained; raw secondary textual/segmentation variant recorded
strong_control_sequence_difference,low,resolved_by_locked_runtime_authority_contract,Luke.5.20,uk5-48e116e147dc6b420c26,tagnt,Luke.5.20,Luke.5.20,locked runtime authority retained; raw secondary textual/segmentation variant recorded
strong_control_sequence_difference,low,resolved_by_locked_runtime_authority_contract,Luke.5.23,uk5-40244fbd209a244a20aa,tagnt,Luke.5.23,Luke.5.23,locked runtime authority retained; raw secondary textual/segmentation variant recorded
strong_control_sequence_difference,low,resolved_by_locked_runtime_authority_contract,Luke.5.27,uk5-d9ef49269ad754290fb1,tagnt,Luke.5.27,Luke.5.27,locked runtime authority retained; raw secondary textual/segmentation variant recorded
strong_control_sequence_difference,low,resolved_by_locked_runtime_authority_contract,Luke.5.33,uk5-0bea1d886ac35d3a908c,tagnt,Luke.5.33,Luke.5.33,locked runtime authority retained; raw secondary textual/segmentation variant recorded
strong_control_sequence_difference,low,resolved_by_locked_runtime_authority_contract,Luke.5.38,uk5-b51eb9130049a99b54f3,tagnt,Luke.5.38,Luke.5.38,locked runtime authority retained; raw secondary textual/segmentation variant recorded
strong_control_sequence_difference,low,resolved_by_locked_runtime_authority_contract,Luke.5.5,uk5-59c670a0b09469da89d6,tagnt,Luke.5.5,Luke.5.5,locked runtime authority retained; raw secondary textual/segmentation variant recorded
strong_control_sequence_difference,low,resolved_by_locked_runtime_authority_contract,Luke.6.10,uk5-e28b1dfd22596abc6c90,tagnt,Luke.6.10,Luke.6.10,locked runtime authority retained; raw secondary textual/segmentation variant recorded
strong_control_sequence_difference,low,resolved_by_locked_runtime_authority_contract,Luke.6.15,uk5-dffd2581cad945f147ed,tagnt,Luke.6.15,Luke.6.15,locked runtime authority retained; raw secondary textual/segmentation variant recorded
strong_control_sequence_difference,low,resolved_by_locked_runtime_authority_contract,Luke.6.16,uk5-1fbb35d59be2cfe05cde,tagnt,Luke.6.16,Luke.6.16,locked runtime authority retained; raw secondary textual/segmentation variant recorded
strong_control_sequence_difference,medium,resolved_by_locked_runtime_authority_contract,Luke.6.18,uk5-dd121be2f21ed1319e5c,tagnt,Luke.6.18,Luke.6.18,locked runtime authority retained; raw secondary textual/segmentation variant recorded
strong_control_sequence_difference,medium,resolved_by_locked_runtime_authority_contract,Luke.6.2,uk5-7353eaf85f0e80512290,tagnt,Luke.6.2,Luke.6.2,locked runtime authority retained; raw secondary textual/segmentation variant recorded
strong_control_sequence_difference,low,resolved_by_locked_runtime_authority_contract,Luke.6.25,uk5-6e728e822e0bbbb4dc2e,tagnt,Luke.6.25,Luke.6.25,locked runtime authority retained; raw secondary textual/segmentation variant recorded
strong_control_sequence_difference,low,resolved_by_locked_runtime_authority_contract,Luke.6.30,uk5-748af83adede3ced13a4,tagnt,Luke.6.30,Luke.6.30,locked runtime authority retained; raw secondary textual/segmentation variant recorded
strong_control_sequence_difference,low,resolved_by_locked_runtime_authority_contract,Luke.6.31,uk5-57b4dedab3dfb1d52eff,tagnt,Luke.6.31,Luke.6.31,locked runtime authority retained; raw secondary textual/segmentation variant recorded
strong_control_sequence_difference,low,resolved_by_locked_runtime_authority_contract,Luke.6.36,uk5-5bf5004a688f352ab5d6,tagnt,Luke.6.36,Luke.6.36,locked runtime authority retained; raw secondary textual/segmentation variant recorded
strong_control_sequence_difference,low,resolved_by_locked_runtime_authority_contract,Luke.6.4,uk5-7f02e3508218651ab415,tagnt,Luke.6.4,Luke.6.4,locked runtime authority retained; raw secondary textual/segmentation variant recorded
strong_control_sequence_difference,low,resolved_by_locked_runtime_authority_contract,Luke.6.43,uk5-f6c81ad271bdc998a25e,tagnt,Luke.6.43,Luke.6.43,locked runtime authority retained; raw secondary textual/segmentation variant recorded
strong_control_sequence_difference,low,resolved_by_locked_runtime_authority_contract,Luke.6.45,uk5-e6ba9c0352a41b3e2a1d,tagnt,Luke.6.45,Luke.6.45,locked runtime authority retained; raw secondary textual/segmentation variant recorded
strong_control_sequence_difference,low,resolved_by_locked_runtime_authority_contract,Luke.6.46,uk5-c635723367e62d0d3c83,tagnt,Luke.6.46,Luke.6.46,locked runtime authority retained; raw secondary textual/segmentation variant recorded
strong_control_sequence_difference,low,resolved_by_locked_runtime_authority_contract,Luke.6.47,uk5-285c758d153ad9b0a26f,tagnt,Luke.6.47,Luke.6.47,locked runtime authority retained; raw secondary textual/segmentation variant recorded
strong_control_sequence_difference,low,resolved_by_locked_runtime_authority_contract,Luke.6.9,uk5-ae95bff562c470e3a524,tagnt,Luke.6.9,Luke.6.9,locked runtime authority retained; raw secondary textual/segmentation variant recorded
strong_control_sequence_difference,low,resolved_by_locked_runtime_authority_contract,Luke.7.13,uk5-ff21f8dfe61b657753ad,tagnt,Luke.7.13,Luke.7.13,locked runtime authority retained; raw secondary textual/segmentation variant recorded
strong_control_sequence_difference,low,resolved_by_locked_runtime_authority_contract,Luke.7.16,uk5-055758186d637618fb19,tagnt,Luke.7.16,Luke.7.16,locked runtime authority retained; raw secondary textual/segmentation variant recorded
strong_control_sequence_difference,medium,resolved_by_locked_runtime_authority_contract,Luke.7.18,uk5-49c86de9769d566f7b52,tagnt,Luke.7.18,Luke.7.18,locked runtime authority retained; raw secondary textual/segmentation variant recorded
strong_control_sequence_difference,low,resolved_by_locked_runtime_authority_contract,Luke.7.22,uk5-76769d911b9e8ba11af9,tagnt,Luke.7.22,Luke.7.22,locked runtime authority retained; raw secondary textual/segmentation variant recorded
strong_control_sequence_difference,low,resolved_by_locked_runtime_authority_contract,Luke.7.25,uk5-4da9084389bf05724508,tagnt,Luke.7.25,Luke.7.25,locked runtime authority retained; raw secondary textual/segmentation variant recorded
strong_control_sequence_difference,low,resolved_by_locked_runtime_authority_contract,Luke.7.26,uk5-188920af75ec6bb5f4c8,tagnt,Luke.7.26,Luke.7.26,locked runtime authority retained; raw secondary textual/segmentation variant recorded
strong_control_sequence_difference,low,resolved_by_locked_runtime_authority_contract,Luke.7.28,uk5-f21161ec8f1f29f8dfb8,tagnt,Luke.7.28,Luke.7.28,locked runtime authority retained; raw secondary textual/segmentation variant recorded
strong_control_sequence_difference,low,resolved_by_locked_runtime_authority_contract,Luke.7.31,uk5-c64fd2b4f6ebbfe18271,tagnt,Luke.7.31,Luke.7.31,locked runtime authority retained; raw secondary textual/segmentation variant recorded
strong_control_sequence_difference,low,resolved_by_locked_runtime_authority_contract,Luke.7.39,uk5-081bf3309992dc3f5f02,tagnt,Luke.7.39,Luke.7.39,locked runtime authority retained; raw secondary textual/segmentation variant recorded
strong_control_sequence_difference,low,resolved_by_locked_runtime_authority_contract,Luke.7.40,uk5-28a3744b0cbc9ca22192,tagnt,Luke.7.40,Luke.7.40,locked runtime authority retained; raw secondary textual/segmentation variant recorded
strong_control_sequence_difference,low,resolved_by_locked_runtime_authority_contract,Luke.7.42,uk5-d38aef70e74166df5fbe,tagnt,Luke.7.42,Luke.7.42,locked runtime authority retained; raw secondary textual/segmentation variant recorded
strong_control_sequence_difference,low,resolved_by_locked_runtime_authority_contract,Luke.7.43,uk5-f7bf68d7ceaafd940481,tagnt,Luke.7.43,Luke.7.43,locked runtime authority retained; raw secondary textual/segmentation variant recorded
strong_control_sequence_difference,low,resolved_by_locked_runtime_authority_contract,Luke.7.44,uk5-489e0b5b308d4443b5ff,tagnt,Luke.7.44,Luke.7.44,locked runtime authority retained; raw secondary textual/segmentation variant recorded
strong_control_sequence_difference,low,resolved_by_locked_runtime_authority_contract,Luke.7.45,uk5-bce8b1e9716badd93c99,tagnt,Luke.7.45,Luke.7.45,locked runtime authority retained; raw secondary textual/segmentation variant recorded
strong_control_sequence_difference,low,resolved_by_locked_runtime_authority_contract,Luke.7.46,uk5-702b85f3a152d24dcf13,tagnt,Luke.7.46,Luke.7.46,locked runtime authority retained; raw secondary textual/segmentation variant recorded
strong_control_sequence_difference,low,resolved_by_locked_runtime_authority_contract,Luke.7.47,uk5-6c086ce3c0a994897aa7,tagnt,Luke.7.47,Luke.7.47,locked runtime authority retained; raw secondary textual/segmentation variant recorded
strong_control_sequence_difference,low,resolved_by_locked_runtime_authority_contract,Luke.7.48,uk5-b4973ce5c55326dd94fc,tagnt,Luke.7.48,Luke.7.48,locked runtime authority retained; raw secondary textual/segmentation variant recorded
strong_control_sequence_difference,low,resolved_by_locked_runtime_authority_contract,Luke.7.5,uk5-a5fe889db9a11fb8e74a,tagnt,Luke.7.5,Luke.7.5,locked runtime authority retained; raw secondary textual/segmentation variant recorded
strong_control_sequence_difference,low,resolved_by_locked_runtime_authority_contract,Luke.7.7,uk5-d6005d6c94d084bb80fe,tagnt,Luke.7.7,Luke.7.7,locked runtime authority retained; raw secondary textual/segmentation variant recorded
strong_control_sequence_difference,low,resolved_by_locked_runtime_authority_contract,Luke.7.8,uk5-4ae0ec4f9becf0900426,tagnt,Luke.7.8,Luke.7.8,locked runtime authority retained; raw secondary textual/segmentation variant recorded
strong_control_sequence_difference,low,resolved_by_locked_runtime_authority_contract,Luke.8.20,uk5-d462cc9044f2a06884dd,tagnt,Luke.8.20,Luke.8.20,locked runtime authority retained; raw secondary textual/segmentation variant recorded
strong_control_sequence_difference,low,resolved_by_locked_runtime_authority_contract,Luke.8.21,uk5-cf0036ba5db55d58a2bd,tagnt,Luke.8.21,Luke.8.21,locked runtime authority retained; raw secondary textual/segmentation variant recorded
strong_control_sequence_difference,low,resolved_by_locked_runtime_authority_contract,Luke.8.28,uk5-7bcefd57fcc50258a0cb,tagnt,Luke.8.28,Luke.8.28,locked runtime authority retained; raw secondary textual/segmentation variant recorded
strong_control_sequence_difference,low,resolved_by_locked_runtime_authority_contract,Luke.8.36,uk5-4b5b6770a7b46a3068f8,tagnt,Luke.8.36,Luke.8.36,locked runtime authority retained; raw secondary textual/segmentation variant recorded
strong_control_sequence_difference,low,resolved_by_locked_runtime_authority_contract,Luke.8.38,uk5-e93b1ef9fd313ad67830,tagnt,Luke.8.38,Luke.8.38,locked runtime authority retained; raw secondary textual/segmentation variant recorded
strong_control_sequence_difference,medium,resolved_by_locked_runtime_authority_contract,Luke.8.45,uk5-b8a0e3d160abe1b54a28,tagnt,Luke.8.45,Luke.8.45,locked runtime authority retained; raw secondary textual/segmentation variant recorded
strong_control_sequence_difference,low,resolved_by_locked_runtime_authority_contract,Luke.8.46,uk5-20ce7410479346a704d1,tagnt,Luke.8.46,Luke.8.46,locked runtime authority retained; raw secondary textual/segmentation variant recorded
strong_control_sequence_difference,low,resolved_by_locked_runtime_authority_contract,Luke.8.48,uk5-d613676aa68be789b5c1,tagnt,Luke.8.48,Luke.8.48,locked runtime authority retained; raw secondary textual/segmentation variant recorded
strong_control_sequence_difference,low,resolved_by_locked_runtime_authority_contract,Luke.8.50,uk5-e7d0b8b15835d4abd18b,tagnt,Luke.8.50,Luke.8.50,locked runtime authority retained; raw secondary textual/segmentation variant recorded
strong_control_sequence_difference,low,resolved_by_locked_runtime_authority_contract,Luke.8.54,uk5-07b975027c9d64058902,tagnt,Luke.8.54,Luke.8.54,locked runtime authority retained; raw secondary textual/segmentation variant recorded
strong_control_sequence_difference,medium,resolved_by_locked_runtime_authority_contract,Luke.9.13,uk5-722d2cff11aacad0f5e7,tagnt,Luke.9.13,Luke.9.13,locked runtime authority retained; raw secondary textual/segmentation variant recorded
strong_control_sequence_difference,low,resolved_by_locked_runtime_authority_contract,Luke.9.18,uk5-b2a72272f78dae54012b,tagnt,Luke.9.18,Luke.9.18,locked runtime authority retained; raw secondary textual/segmentation variant recorded
strong_control_sequence_difference,medium,resolved_by_locked_runtime_authority_contract,Luke.9.20,uk5-d6fd71863655290f0452,tagnt,Luke.9.20,Luke.9.20,locked runtime authority retained; raw secondary textual/segmentation variant recorded
strong_control_sequence_difference,low,resolved_by_locked_runtime_authority_contract,Luke.9.23,uk5-0ca494545392a1ae9a73,tagnt,Luke.9.23,Luke.9.23,locked runtime authority retained; raw secondary textual/segmentation variant recorded
strong_control_sequence_difference,low,resolved_by_locked_runtime_authority_contract,Luke.9.31,uk5-ac732a66df8cecdbe9e4,tagnt,Luke.9.31,Luke.9.31,locked runtime authority retained; raw secondary textual/segmentation variant recorded
strong_control_sequence_difference,low,resolved_by_locked_runtime_authority_contract,Luke.9.38,uk5-8cb5976e0222396e9213,tagnt,Luke.9.38,Luke.9.38,locked runtime authority retained; raw secondary textual/segmentation variant recorded
strong_control_sequence_difference,low,resolved_by_locked_runtime_authority_contract,Luke.9.48,uk5-c01dd3004db09e17002b,tagnt,Luke.9.48,Luke.9.48,locked runtime authority retained; raw secondary textual/segmentation variant recorded
strong_control_sequence_difference,low,resolved_by_locked_runtime_authority_contract,Luke.9.49,uk5-25989076370e573758a2,tagnt,Luke.9.49,Luke.9.49,locked runtime authority retained; raw secondary textual/segmentation variant recorded
strong_control_sequence_difference,medium,resolved_by_locked_runtime_authority_contract,Luke.9.54,uk5-7f52cbead39c093c7065,tagnt,Luke.9.54,Luke.9.54,locked runtime authority retained; raw secondary textual/segmentation variant recorded
strong_control_sequence_difference,high,resolved_by_locked_runtime_authority_contract,Luke.9.55,uk5-3042588255488740dfc7,tagnt,Luke.9.55,Luke.9.55,locked runtime authority retained; raw secondary textual/segmentation variant recorded
strong_control_sequence_difference,high,resolved_by_locked_runtime_authority_contract,Luke.9.56,uk5-d4fd07a632f5d5abd607,tagnt,Luke.9.56,Luke.9.56,locked runtime authority retained; raw secondary textual/segmentation variant recorded
strong_control_sequence_difference,low,resolved_by_locked_runtime_authority_contract,Luke.9.57,uk5-6de31b23a5ec677a287c,tagnt,Luke.9.57,Luke.9.57,locked runtime authority retained; raw secondary textual/segmentation variant recorded
strong_control_sequence_difference,high,resolved_by_locked_runtime_authority_contract,Luke.9.59,uk5-6a269ebf01d63e3386b9,tagnt,Luke.9.59,Luke.9.59,locked runtime authority retained; raw secondary textual/segmentation variant recorded
strong_control_sequence_difference,low,resolved_by_locked_runtime_authority_contract,Luke.9.60,uk5-b7bb8363c79c674b8e07,tagnt,Luke.9.60,Luke.9.60,locked runtime authority retained; raw secondary textual/segmentation variant recorded
strong_control_sequence_difference,low,resolved_by_locked_runtime_authority_contract,Luke.9.61,uk5-0b569a056c481a8ea8e9,tagnt,Luke.9.61,Luke.9.61,locked runtime authority retained; raw secondary textual/segmentation variant recorded
strong_control_sequence_difference,low,resolved_by_locked_runtime_authority_contract,Luke.9.62,uk5-b7be5f245c9015942db1,tagnt,Luke.9.62,Luke.9.62,locked runtime authority retained; raw secondary textual/segmentation variant recorded
strong_control_sequence_difference,low,resolved_by_locked_runtime_authority_contract,Luke.9.9,uk5-24aef31a67f691dc18ff,tagnt,Luke.9.9,Luke.9.9,locked runtime authority retained; raw secondary textual/segmentation variant recorded
strong_surface_binding_ambiguity,high,unresolved_manual_review_required,MULTIPLE,,oshb/tagnt,,,180406 low-margin Strong bindings across 30135 targets require source-backed review; deterministic safety samples contain semantically incompatible surface bindings
strong_control_sequence_difference,low,resolved_by_locked_runtime_authority_contract,Mal.3.16,uk5-79689d30227f4bc44ff6,oshb,Mal.3.16,Mal.3.16,locked runtime authority retained; raw secondary textual/segmentation variant recorded
strong_control_sequence_difference,high,resolved_by_locked_runtime_authority_contract,Mal.4.1,uk5-e4d4525b6ed789833fd4,oshb,Mal.3.19,,locked runtime authority retained; raw secondary textual/segmentation variant recorded
strong_control_sequence_difference,high,resolved_by_locked_runtime_authority_contract,Mal.4.2,uk5-73bd951555bc72af7da4,oshb,Mal.3.20,,locked runtime authority retained; raw secondary textual/segmentation variant recorded
strong_control_sequence_difference,high,resolved_by_locked_runtime_authority_contract,Mal.4.3,uk5-6d94f19ddcc745aa9929,oshb,Mal.3.21,,locked runtime authority retained; raw secondary textual/segmentation variant recorded
strong_control_sequence_difference,high,resolved_by_locked_runtime_authority_contract,Mal.4.4,uk5-b9f86ce70b1eed76f4e4,oshb,Mal.3.22,,locked runtime authority retained; raw secondary textual/segmentation variant recorded
strong_control_sequence_difference,high,resolved_by_locked_runtime_authority_contract,Mal.4.5,uk5-40a1d537d0d2c021b2e5,oshb,Mal.3.23,,locked runtime authority retained; raw secondary textual/segmentation variant recorded
strong_control_sequence_difference,high,resolved_by_locked_runtime_authority_contract,Mal.4.6,uk5-18ae5d3376460569aea0,oshb,Mal.3.24,,locked runtime authority retained; raw secondary textual/segmentation variant recorded
strong_control_sequence_difference,low,resolved_by_locked_runtime_authority_contract,Mark.1.10,uk5-36f84d473cf4f20efab8,tagnt,Mark.1.10,Mark.1.10,locked runtime authority retained; raw secondary textual/segmentation variant recorded
strong_control_sequence_difference,low,resolved_by_locked_runtime_authority_contract,Mark.1.16,uk5-2bcdb20cceddd01da9e9,tagnt,Mark.1.16,Mark.1.16,locked runtime authority retained; raw secondary textual/segmentation variant recorded
strong_control_sequence_difference,low,resolved_by_locked_runtime_authority_contract,Mark.1.17,uk5-68fd86d7d5077e26339f,tagnt,Mark.1.17,Mark.1.17,locked runtime authority retained; raw secondary textual/segmentation variant recorded
strong_control_sequence_difference,low,resolved_by_locked_runtime_authority_contract,Mark.1.2,uk5-39f91ee051ea616e037b,tagnt,Mark.1.2,Mark.1.2,locked runtime authority retained; raw secondary textual/segmentation variant recorded
strong_control_sequence_difference,low,resolved_by_locked_runtime_authority_contract,Mark.1.24,uk5-04dcb75a8bd7ac63eee0,tagnt,Mark.1.24,Mark.1.24,locked runtime authority retained; raw secondary textual/segmentation variant recorded
strong_control_sequence_difference,low,resolved_by_locked_runtime_authority_contract,Mark.1.27,uk5-1f9885c81cb9d341573d,tagnt,Mark.1.27,Mark.1.27,locked runtime authority retained; raw secondary textual/segmentation variant recorded
strong_control_sequence_difference,low,resolved_by_locked_runtime_authority_contract,Mark.1.35,uk5-a6b8cf4897447943a14a,tagnt,Mark.1.35,Mark.1.35,locked runtime authority retained; raw secondary textual/segmentation variant recorded
strong_control_sequence_difference,low,resolved_by_locked_runtime_authority_contract,Mark.1.40,uk5-413250a7705a639e19ea,tagnt,Mark.1.40,Mark.1.40,locked runtime authority retained; raw secondary textual/segmentation variant recorded
strong_control_sequence_difference,low,resolved_by_locked_runtime_authority_contract,Mark.1.41,uk5-df8972950d938fb543c8,tagnt,Mark.1.41,Mark.1.41,locked runtime authority retained; raw secondary textual/segmentation variant recorded
strong_control_sequence_difference,low,resolved_by_locked_runtime_authority_contract,Mark.1.7,uk5-5f0ec98210188a0bdb4f,tagnt,Mark.1.7,Mark.1.7,locked runtime authority retained; raw secondary textual/segmentation variant recorded
strong_control_sequence_difference,low,resolved_by_locked_runtime_authority_contract,Mark.1.8,uk5-7f98faabf63ba39814a7,tagnt,Mark.1.8,Mark.1.8,locked runtime authority retained; raw secondary textual/segmentation variant recorded
strong_control_sequence_difference,low,resolved_by_locked_runtime_authority_contract,Mark.10.10,uk5-21b9abd92eb60439f243,tagnt,Mark.10.10,Mark.10.10,locked runtime authority retained; raw secondary textual/segmentation variant recorded
strong_control_sequence_difference,low,resolved_by_locked_runtime_authority_contract,Mark.10.14,uk5-2701f5b3aaf543bd81ab,tagnt,Mark.10.14,Mark.10.14,locked runtime authority retained; raw secondary textual/segmentation variant recorded
strong_control_sequence_difference,low,resolved_by_locked_runtime_authority_contract,Mark.10.18,uk5-0d1e3a397232d82fd016,tagnt,Mark.10.18,Mark.10.18,locked runtime authority retained; raw secondary textual/segmentation variant recorded
strong_control_sequence_difference,low,resolved_by_locked_runtime_authority_contract,Mark.10.2,uk5-89fa61e8aaa4d3e35d1f,tagnt,Mark.10.2,Mark.10.2,locked runtime authority retained; raw secondary textual/segmentation variant recorded
strong_control_sequence_difference,low,resolved_by_locked_runtime_authority_contract,Mark.10.20,uk5-15f30a201bcc2c05a125,tagnt,Mark.10.20,Mark.10.20,locked runtime authority retained; raw secondary textual/segmentation variant recorded
strong_control_sequence_difference,low,resolved_by_locked_runtime_authority_contract,Mark.10.21,uk5-650105d20ba7582bdf3d,tagnt,Mark.10.21,Mark.10.21,locked runtime authority retained; raw secondary textual/segmentation variant recorded
strong_control_sequence_difference,low,resolved_by_locked_runtime_authority_contract,Mark.10.28,uk5-03b1a63a14a6b86f444f,tagnt,Mark.10.28,Mark.10.28,locked runtime authority retained; raw secondary textual/segmentation variant recorded
strong_control_sequence_difference,low,resolved_by_locked_runtime_authority_contract,Mark.10.3,uk5-608fbe30088eb69d5952,tagnt,Mark.10.3,Mark.10.3,locked runtime authority retained; raw secondary textual/segmentation variant recorded
strong_control_sequence_difference,low,resolved_by_locked_runtime_authority_contract,Mark.10.31,uk5-f4e5e561f2df026396d9,tagnt,Mark.10.31,Mark.10.31,locked runtime authority retained; raw secondary textual/segmentation variant recorded
strong_control_sequence_difference,low,resolved_by_locked_runtime_authority_contract,Mark.10.36,uk5-d136ef5e10d1123ff1d6,tagnt,Mark.10.36,Mark.10.36,locked runtime authority retained; raw secondary textual/segmentation variant recorded
strong_control_sequence_difference,low,resolved_by_locked_runtime_authority_contract,Mark.10.37,uk5-752e629df621b90c579e,tagnt,Mark.10.37,Mark.10.37,locked runtime authority retained; raw secondary textual/segmentation variant recorded
strong_control_sequence_difference,low,resolved_by_locked_runtime_authority_contract,Mark.10.39,uk5-369f7a2a3f9aea2c5543,tagnt,Mark.10.39,Mark.10.39,locked runtime authority retained; raw secondary textual/segmentation variant recorded
strong_control_sequence_difference,low,resolved_by_locked_runtime_authority_contract,Mark.10.47,uk5-e2f84e64838d8f033041,tagnt,Mark.10.47,Mark.10.47,locked runtime authority retained; raw secondary textual/segmentation variant recorded
strong_control_sequence_difference,low,resolved_by_locked_runtime_authority_contract,Mark.10.5,uk5-4bd1f748223d641d475d,tagnt,Mark.10.5,Mark.10.5,locked runtime authority retained; raw secondary textual/segmentation variant recorded
strong_control_sequence_difference,medium,resolved_by_locked_runtime_authority_contract,Mark.10.51,uk5-43890aebb6c4249f4a54,tagnt,Mark.10.51,Mark.10.51,locked runtime authority retained; raw secondary textual/segmentation variant recorded
strong_control_sequence_difference,low,resolved_by_locked_runtime_authority_contract,Mark.10.7,uk5-4195a9410622c934ff3a,tagnt,Mark.10.7,Mark.10.7,locked runtime authority retained; raw secondary textual/segmentation variant recorded
strong_control_sequence_difference,low,resolved_by_locked_runtime_authority_contract,Mark.10.8,uk5-12299543d4fbdab0482c,tagnt,Mark.10.8,Mark.10.8,locked runtime authority retained; raw secondary textual/segmentation variant recorded
strong_control_sequence_difference,low,resolved_by_locked_runtime_authority_contract,Mark.11.10,uk5-e13914c5c2a2fe9ae8d1,tagnt,Mark.11.10,Mark.11.10,locked runtime authority retained; raw secondary textual/segmentation variant recorded
strong_control_sequence_difference,medium,resolved_by_locked_runtime_authority_contract,Mark.11.14,uk5-ce8ee6f5740fb690f060,tagnt,Mark.11.14,Mark.11.14,locked runtime authority retained; raw secondary textual/segmentation variant recorded
strong_control_sequence_difference,low,resolved_by_locked_runtime_authority_contract,Mark.11.20,uk5-e10f21c0782355b495b4,tagnt,Mark.11.20,Mark.11.20,locked runtime authority retained; raw secondary textual/segmentation variant recorded
strong_control_sequence_difference,low,resolved_by_locked_runtime_authority_contract,Mark.11.23,uk5-addb14fe2453a10d6a40,tagnt,Mark.11.23,Mark.11.23,locked runtime authority retained; raw secondary textual/segmentation variant recorded
strong_control_sequence_difference,low,resolved_by_locked_runtime_authority_contract,Mark.11.29,uk5-4f94bd2c42369954a952,tagnt,Mark.11.29,Mark.11.29,locked runtime authority retained; raw secondary textual/segmentation variant recorded
strong_control_sequence_difference,low,resolved_by_locked_runtime_authority_contract,Mark.11.31,uk5-744d19215ed97dff0dd2,tagnt,Mark.11.31,Mark.11.31,locked runtime authority retained; raw secondary textual/segmentation variant recorded
strong_control_sequence_difference,low,resolved_by_locked_runtime_authority_contract,Mark.11.33,uk5-fee2017be7f486ec3cbd,tagnt,Mark.11.33,Mark.11.33,locked runtime authority retained; raw secondary textual/segmentation variant recorded
strong_control_sequence_difference,low,resolved_by_locked_runtime_authority_contract,Mark.11.6,uk5-3cc6d7f27e9bd70f8ba7,tagnt,Mark.11.6,Mark.11.6,locked runtime authority retained; raw secondary textual/segmentation variant recorded
strong_control_sequence_difference,low,resolved_by_locked_runtime_authority_contract,Mark.11.8,uk5-74d6c2426ad4e6c22257,tagnt,Mark.11.8,Mark.11.8,locked runtime authority retained; raw secondary textual/segmentation variant recorded
strong_control_sequence_difference,low,resolved_by_locked_runtime_authority_contract,Mark.12.14,uk5-9ff0bf11571cefcb2916,tagnt,Mark.12.14,Mark.12.14,locked runtime authority retained; raw secondary textual/segmentation variant recorded
strong_control_sequence_difference,low,resolved_by_locked_runtime_authority_contract,Mark.12.15,uk5-f5ccbc6725c4a963b0ac,tagnt,Mark.12.15,Mark.12.15,locked runtime authority retained; raw secondary textual/segmentation variant recorded
strong_control_sequence_difference,low,resolved_by_locked_runtime_authority_contract,Mark.12.17,uk5-4c69cbee0f4e99862ec9,tagnt,Mark.12.17,Mark.12.17,locked runtime authority retained; raw secondary textual/segmentation variant recorded
strong_control_sequence_difference,low,resolved_by_locked_runtime_authority_contract,Mark.12.18,uk5-e5b4b11a48646a7d85cb,tagnt,Mark.12.18,Mark.12.18,locked runtime authority retained; raw secondary textual/segmentation variant recorded
strong_control_sequence_difference,low,resolved_by_locked_runtime_authority_contract,Mark.12.22,uk5-c70c95ae58574a2c95be,tagnt,Mark.12.22,Mark.12.22,locked runtime authority retained; raw secondary textual/segmentation variant recorded
strong_control_sequence_difference,low,resolved_by_locked_runtime_authority_contract,Mark.12.23,uk5-36c0d11f1a5ecad6d82a,tagnt,Mark.12.23,Mark.12.23,locked runtime authority retained; raw secondary textual/segmentation variant recorded
strong_control_sequence_difference,low,resolved_by_locked_runtime_authority_contract,Mark.12.24,uk5-e8de1dccc0d3e0dc67a3,tagnt,Mark.12.24,Mark.12.24,locked runtime authority retained; raw secondary textual/segmentation variant recorded
strong_control_sequence_difference,medium,resolved_by_locked_runtime_authority_contract,Mark.12.27,uk5-776e68e969086216d7b6,tagnt,Mark.12.27,Mark.12.27,locked runtime authority retained; raw secondary textual/segmentation variant recorded
strong_control_sequence_difference,medium,resolved_by_locked_runtime_authority_contract,Mark.12.29,uk5-cb1d1c2529bc1e1c813d,tagnt,Mark.12.29,Mark.12.29,locked runtime authority retained; raw secondary textual/segmentation variant recorded
strong_control_sequence_difference,low,resolved_by_locked_runtime_authority_contract,Mark.12.31,uk5-cae8e5f5bd7704bf8b61,tagnt,Mark.12.31,Mark.12.31,locked runtime authority retained; raw secondary textual/segmentation variant recorded
strong_control_sequence_difference,low,resolved_by_locked_runtime_authority_contract,Mark.12.32,uk5-7f14335dd4042972bb12,tagnt,Mark.12.32,Mark.12.32,locked runtime authority retained; raw secondary textual/segmentation variant recorded
strong_control_sequence_difference,low,resolved_by_locked_runtime_authority_contract,Mark.12.33,uk5-3b5a556ad52f4baaca3a,tagnt,Mark.12.33,Mark.12.33,locked runtime authority retained; raw secondary textual/segmentation variant recorded
strong_control_sequence_difference,low,resolved_by_locked_runtime_authority_contract,Mark.12.34,uk5-fe078ca8ca4ac452f917,tagnt,Mark.12.34,Mark.12.34,locked runtime authority retained; raw secondary textual/segmentation variant recorded
strong_control_sequence_difference,low,resolved_by_locked_runtime_authority_contract,Mark.12.36,uk5-f09d052c2f5c9e57eea6,tagnt,Mark.12.36,Mark.12.36,locked runtime authority retained; raw secondary textual/segmentation variant recorded
strong_control_sequence_difference,low,resolved_by_locked_runtime_authority_contract,Mark.12.4,uk5-d2499c5c45ce245ca7c8,tagnt,Mark.12.4,Mark.12.4,locked runtime authority retained; raw secondary textual/segmentation variant recorded
strong_control_sequence_difference,low,resolved_by_locked_runtime_authority_contract,Mark.12.41,uk5-85a00722839b598dde86,tagnt,Mark.12.41,Mark.12.41,locked runtime authority retained; raw secondary textual/segmentation variant recorded
strong_control_sequence_difference,low,resolved_by_locked_runtime_authority_contract,Mark.12.43,uk5-c376fbe54df4978d35fc,tagnt,Mark.12.43,Mark.12.43,locked runtime authority retained; raw secondary textual/segmentation variant recorded
strong_control_sequence_difference,low,resolved_by_locked_runtime_authority_contract,Mark.12.5,uk5-b76245212761feb9e3fb,tagnt,Mark.12.5,Mark.12.5,locked runtime authority retained; raw secondary textual/segmentation variant recorded
strong_control_sequence_difference,low,resolved_by_locked_runtime_authority_contract,Mark.12.6,uk5-1c30cf69d0b65b7d13be,tagnt,Mark.12.6,Mark.12.6,locked runtime authority retained; raw secondary textual/segmentation variant recorded
strong_control_sequence_difference,low,resolved_by_locked_runtime_authority_contract,Mark.13.10,uk5-439721812ff313f63fe7,tagnt,Mark.13.10,Mark.13.10,locked runtime authority retained; raw secondary textual/segmentation variant recorded
strong_control_sequence_difference,low,resolved_by_locked_runtime_authority_contract,Mark.13.14,uk5-5c18bb9d54d0a17a5248,tagnt,Mark.13.14,Mark.13.14,locked runtime authority retained; raw secondary textual/segmentation variant recorded
strong_control_sequence_difference,low,resolved_by_locked_runtime_authority_contract,Mark.13.18,uk5-298baed511d91733f97e,tagnt,Mark.13.18,Mark.13.18,locked runtime authority retained; raw secondary textual/segmentation variant recorded
strong_control_sequence_difference,low,resolved_by_locked_runtime_authority_contract,Mark.13.21,uk5-8f63f24da211370f08fe,tagnt,Mark.13.21,Mark.13.21,locked runtime authority retained; raw secondary textual/segmentation variant recorded
strong_control_sequence_difference,high,resolved_by_locked_runtime_authority_contract,Mark.13.23,uk5-30b79dc34f0eacd8b263,tagnt,Mark.13.23,Mark.13.23,locked runtime authority retained; raw secondary textual/segmentation variant recorded
strong_control_sequence_difference,low,resolved_by_locked_runtime_authority_contract,Mark.13.37,uk5-91aba01680772fa21e7d,tagnt,Mark.13.37,Mark.13.37,locked runtime authority retained; raw secondary textual/segmentation variant recorded
strong_control_sequence_difference,low,resolved_by_locked_runtime_authority_contract,Mark.13.4,uk5-51074a0366b075a1c391,tagnt,Mark.13.4,Mark.13.4,locked runtime authority retained; raw secondary textual/segmentation variant recorded
strong_control_sequence_difference,low,resolved_by_locked_runtime_authority_contract,Mark.13.6,uk5-9c2bf17f74b0295da33c,tagnt,Mark.13.6,Mark.13.6,locked runtime authority retained; raw secondary textual/segmentation variant recorded
strong_control_sequence_difference,low,resolved_by_locked_runtime_authority_contract,Mark.14.14,uk5-a1bbe5d3832eafe65582,tagnt,Mark.14.14,Mark.14.14,locked runtime authority retained; raw secondary textual/segmentation variant recorded
strong_control_sequence_difference,medium,resolved_by_locked_runtime_authority_contract,Mark.14.19,uk5-bcc3abf045abf2771dc7,tagnt,Mark.14.19,Mark.14.19,locked runtime authority retained; raw secondary textual/segmentation variant recorded
strong_control_sequence_difference,low,resolved_by_locked_runtime_authority_contract,Mark.14.2,uk5-6afd6108ae08ccb1cb21,tagnt,Mark.14.2,Mark.14.2,locked runtime authority retained; raw secondary textual/segmentation variant recorded
strong_control_sequence_difference,low,resolved_by_locked_runtime_authority_contract,Mark.14.20,uk5-96268c1a14e6fbcd6f55,tagnt,Mark.14.20,Mark.14.20,locked runtime authority retained; raw secondary textual/segmentation variant recorded
strong_control_sequence_difference,low,resolved_by_locked_runtime_authority_contract,Mark.14.22,uk5-fbf079b5eeba70c354e4,tagnt,Mark.14.22,Mark.14.22,locked runtime authority retained; raw secondary textual/segmentation variant recorded
strong_control_sequence_difference,low,resolved_by_locked_runtime_authority_contract,Mark.14.24,uk5-e63bcf2f392d975f42a9,tagnt,Mark.14.24,Mark.14.24,locked runtime authority retained; raw secondary textual/segmentation variant recorded
strong_control_sequence_difference,low,resolved_by_locked_runtime_authority_contract,Mark.14.26,uk5-8f8052d5b91c571b15bb,tagnt,Mark.14.26,Mark.14.26,locked runtime authority retained; raw secondary textual/segmentation variant recorded
strong_control_sequence_difference,low,resolved_by_locked_runtime_authority_contract,Mark.14.27,uk5-dc6176f952a67e6f5fec,tagnt,Mark.14.27,Mark.14.27,locked runtime authority retained; raw secondary textual/segmentation variant recorded
strong_control_sequence_difference,low,resolved_by_locked_runtime_authority_contract,Mark.14.30,uk5-f7f5a76405f2d63e67b5,tagnt,Mark.14.30,Mark.14.30,locked runtime authority retained; raw secondary textual/segmentation variant recorded
strong_control_sequence_difference,low,resolved_by_locked_runtime_authority_contract,Mark.14.31,uk5-8f498bb2f0f0088c849c,tagnt,Mark.14.31,Mark.14.31,locked runtime authority retained; raw secondary textual/segmentation variant recorded
strong_control_sequence_difference,low,resolved_by_locked_runtime_authority_contract,Mark.14.39,uk5-9610363255657793c3b0,tagnt,Mark.14.39,Mark.14.39,locked runtime authority retained; raw secondary textual/segmentation variant recorded
strong_control_sequence_difference,medium,resolved_by_locked_runtime_authority_contract,Mark.14.42,uk5-7c89277e9a896ffc5170,tagnt,Mark.14.42,Mark.14.42,locked runtime authority retained; raw secondary textual/segmentation variant recorded
strong_control_sequence_difference,low,resolved_by_locked_runtime_authority_contract,Mark.14.48,uk5-77c5513af3743a5cfa33,tagnt,Mark.14.48,Mark.14.48,locked runtime authority retained; raw secondary textual/segmentation variant recorded
strong_control_sequence_difference,low,resolved_by_locked_runtime_authority_contract,Mark.14.51,uk5-b87618471b72ff307b2e,tagnt,Mark.14.51,Mark.14.51,locked runtime authority retained; raw secondary textual/segmentation variant recorded
strong_control_sequence_difference,low,resolved_by_locked_runtime_authority_contract,Mark.14.52,uk5-48ee50bbc666523626e6,tagnt,Mark.14.52,Mark.14.52,locked runtime authority retained; raw secondary textual/segmentation variant recorded
strong_control_sequence_difference,low,resolved_by_locked_runtime_authority_contract,Mark.14.58,uk5-89411f0a44277f9db9a5,tagnt,Mark.14.58,Mark.14.58,locked runtime authority retained; raw secondary textual/segmentation variant recorded
strong_control_sequence_difference,low,resolved_by_locked_runtime_authority_contract,Mark.14.68,uk5-d901860edddc446d9be8,tagnt,Mark.14.68,Mark.14.68,locked runtime authority retained; raw secondary textual/segmentation variant recorded
strong_control_sequence_difference,low,resolved_by_locked_runtime_authority_contract,Mark.14.70,uk5-9643c4012e50545557d8,tagnt,Mark.14.70,Mark.14.70,locked runtime authority retained; raw secondary textual/segmentation variant recorded
strong_control_sequence_difference,low,resolved_by_locked_runtime_authority_contract,Mark.14.8,uk5-9c7861a41da4dce8e0a8,tagnt,Mark.14.8,Mark.14.8,locked runtime authority retained; raw secondary textual/segmentation variant recorded
strong_control_sequence_difference,low,resolved_by_locked_runtime_authority_contract,Mark.15.12,uk5-c9316698061d57a8bfe9,tagnt,Mark.15.12,Mark.15.12,locked runtime authority retained; raw secondary textual/segmentation variant recorded
strong_control_sequence_difference,low,resolved_by_locked_runtime_authority_contract,Mark.15.18,uk5-f24781a5577aab7649d8,tagnt,Mark.15.18,Mark.15.18,locked runtime authority retained; raw secondary textual/segmentation variant recorded
strong_control_sequence_difference,low,resolved_by_locked_runtime_authority_contract,Mark.15.30,uk5-34cd9429e2802677760a,tagnt,Mark.15.30,Mark.15.30,locked runtime authority retained; raw secondary textual/segmentation variant recorded
strong_control_sequence_difference,low,resolved_by_locked_runtime_authority_contract,Mark.15.34,uk5-23e4c0a410855b629640,tagnt,Mark.15.34,Mark.15.34,locked runtime authority retained; raw secondary textual/segmentation variant recorded
strong_control_sequence_difference,low,resolved_by_locked_runtime_authority_contract,Mark.15.35,uk5-a195a14f6cee065c7127,tagnt,Mark.15.35,Mark.15.35,locked runtime authority retained; raw secondary textual/segmentation variant recorded
strong_control_sequence_difference,low,resolved_by_locked_runtime_authority_contract,Mark.15.39,uk5-f040312e0223bca4d897,tagnt,Mark.15.39,Mark.15.39,locked runtime authority retained; raw secondary textual/segmentation variant recorded
strong_control_sequence_difference,low,resolved_by_locked_runtime_authority_contract,Mark.15.42,uk5-0b1c05915e10fd61560a,tagnt,Mark.15.42,Mark.15.42,locked runtime authority retained; raw secondary textual/segmentation variant recorded
strong_control_sequence_difference,low,resolved_by_locked_runtime_authority_contract,Mark.15.5,uk5-260e03bcceba0d2496eb,tagnt,Mark.15.5,Mark.15.5,locked runtime authority retained; raw secondary textual/segmentation variant recorded
strong_control_sequence_difference,low,resolved_by_locked_runtime_authority_contract,Mark.15.8,uk5-64e29adc10a5bc3f37c2,tagnt,Mark.15.8,Mark.15.8,locked runtime authority retained; raw secondary textual/segmentation variant recorded
strong_control_sequence_difference,low,resolved_by_locked_runtime_authority_contract,Mark.16.11,uk5-05bf2b2f84e87d010bdd,tagnt,Mark.16.11,Mark.16.11,locked runtime authority retained; raw secondary textual/segmentation variant recorded
strong_control_sequence_difference,low,resolved_by_locked_runtime_authority_contract,Mark.16.13,uk5-683b30005cdf3f961cd4,tagnt,Mark.16.13,Mark.16.13,locked runtime authority retained; raw secondary textual/segmentation variant recorded
strong_control_sequence_difference,low,resolved_by_locked_runtime_authority_contract,Mark.16.18,uk5-a138693bded62c6f5f02,tagnt,Mark.16.18,Mark.16.18,locked runtime authority retained; raw secondary textual/segmentation variant recorded
strong_control_sequence_difference,low,resolved_by_locked_runtime_authority_contract,Mark.16.3,uk5-ee0452339d749a9465ae,tagnt,Mark.16.3,Mark.16.3,locked runtime authority retained; raw secondary textual/segmentation variant recorded
strong_control_sequence_difference,low,resolved_by_locked_runtime_authority_contract,Mark.16.7,uk5-54ed31472f03bb6d1f7b,tagnt,Mark.16.7,Mark.16.7,locked runtime authority retained; raw secondary textual/segmentation variant recorded
strong_control_sequence_difference,high,resolved_by_locked_runtime_authority_contract,Mark.16.8,uk5-33a022e8040305963d05,tagnt,Mark.16.8,Mark.16.8,locked runtime authority retained; raw secondary textual/segmentation variant recorded
strong_control_sequence_difference,low,resolved_by_locked_runtime_authority_contract,Mark.16.9,uk5-c1ff44c1ba7d5490d332,tagnt,Mark.16.9,Mark.16.9,locked runtime authority retained; raw secondary textual/segmentation variant recorded
strong_control_sequence_difference,low,resolved_by_locked_runtime_authority_contract,Mark.2.16,uk5-188856f454a8b5ff29b9,tagnt,Mark.2.16,Mark.2.16,locked runtime authority retained; raw secondary textual/segmentation variant recorded
strong_control_sequence_difference,low,resolved_by_locked_runtime_authority_contract,Mark.2.24,uk5-e6d76656986be52fe755,tagnt,Mark.2.24,Mark.2.24,locked runtime authority retained; raw secondary textual/segmentation variant recorded
strong_control_sequence_difference,low,resolved_by_locked_runtime_authority_contract,Mark.2.26,uk5-e336f9d09a6e8bb8d4bb,tagnt,Mark.2.26,Mark.2.26,locked runtime authority retained; raw secondary textual/segmentation variant recorded
strong_control_sequence_difference,low,resolved_by_locked_runtime_authority_contract,Mark.2.5,uk5-f28894ff5ff01524bb20,tagnt,Mark.2.5,Mark.2.5,locked runtime authority retained; raw secondary textual/segmentation variant recorded
strong_control_sequence_difference,low,resolved_by_locked_runtime_authority_contract,Mark.3.15,uk5-7e21fb721363ed8afe3c,tagnt,Mark.3.15,Mark.3.15,locked runtime authority retained; raw secondary textual/segmentation variant recorded
strong_control_sequence_difference,low,resolved_by_locked_runtime_authority_contract,Mark.3.20,uk5-cd120c35af4850edf6de,tagnt,Mark.3.20,Mark.3.20,locked runtime authority retained; raw secondary textual/segmentation variant recorded
strong_control_sequence_difference,low,resolved_by_locked_runtime_authority_contract,Mark.3.23,uk5-dfbdc686782b41ec6026,tagnt,Mark.3.23,Mark.3.23,locked runtime authority retained; raw secondary textual/segmentation variant recorded
strong_control_sequence_difference,low,resolved_by_locked_runtime_authority_contract,Mark.3.32,uk5-13bc0fb8b71da65b4463,tagnt,Mark.3.32,Mark.3.32,locked runtime authority retained; raw secondary textual/segmentation variant recorded
strong_control_sequence_difference,low,resolved_by_locked_runtime_authority_contract,Mark.3.33,uk5-6f4d79fd323fd300dd2a,tagnt,Mark.3.33,Mark.3.33,locked runtime authority retained; raw secondary textual/segmentation variant recorded
strong_control_sequence_difference,low,resolved_by_locked_runtime_authority_contract,Mark.3.34,uk5-13f1256cae144d215668,tagnt,Mark.3.34,Mark.3.34,locked runtime authority retained; raw secondary textual/segmentation variant recorded
strong_control_sequence_difference,low,resolved_by_locked_runtime_authority_contract,Mark.3.4,uk5-1e0e5debee7adaae59a2,tagnt,Mark.3.4,Mark.3.4,locked runtime authority retained; raw secondary textual/segmentation variant recorded
strong_control_sequence_difference,low,resolved_by_locked_runtime_authority_contract,Mark.4.12,uk5-b7dae707d4732b343ee1,tagnt,Mark.4.12,Mark.4.12,locked runtime authority retained; raw secondary textual/segmentation variant recorded
strong_control_sequence_difference,low,resolved_by_locked_runtime_authority_contract,Mark.4.20,uk5-4bfe4cd8b2e046ce9651,tagnt,Mark.4.20,Mark.4.20,locked runtime authority retained; raw secondary textual/segmentation variant recorded
strong_control_sequence_difference,low,resolved_by_locked_runtime_authority_contract,Mark.4.22,uk5-a08767087301544a9912,tagnt,Mark.4.22,Mark.4.22,locked runtime authority retained; raw secondary textual/segmentation variant recorded
strong_control_sequence_difference,low,resolved_by_locked_runtime_authority_contract,Mark.4.28,uk5-b96bb8c5e37f86d72580,tagnt,Mark.4.28,Mark.4.28,locked runtime authority retained; raw secondary textual/segmentation variant recorded
strong_control_sequence_difference,low,resolved_by_locked_runtime_authority_contract,Mark.4.3,uk5-2c9511f1ae19e170e66c,tagnt,Mark.4.3,Mark.4.3,locked runtime authority retained; raw secondary textual/segmentation variant recorded
strong_control_sequence_difference,low,resolved_by_locked_runtime_authority_contract,Mark.4.40,uk5-0a090182766edebae5be,tagnt,Mark.4.40,Mark.4.40,locked runtime authority retained; raw secondary textual/segmentation variant recorded
strong_control_sequence_difference,low,resolved_by_locked_runtime_authority_contract,Mark.4.8,uk5-564babedc1b4f57c0450,tagnt,Mark.4.8,Mark.4.8,locked runtime authority retained; raw secondary textual/segmentation variant recorded
strong_control_sequence_difference,low,resolved_by_locked_runtime_authority_contract,Mark.5.12,uk5-b37270a27b7a17b0813d,tagnt,Mark.5.12,Mark.5.12,locked runtime authority retained; raw secondary textual/segmentation variant recorded
strong_control_sequence_difference,low,resolved_by_locked_runtime_authority_contract,Mark.5.14,uk5-4c1b5c6a43535ef5601e,tagnt,Mark.5.14,Mark.5.14,locked runtime authority retained; raw secondary textual/segmentation variant recorded
strong_control_sequence_difference,medium,resolved_by_locked_runtime_authority_contract,Mark.5.16,uk5-fd3a34228278adcba784,tagnt,Mark.5.16,Mark.5.16,locked runtime authority retained; raw secondary textual/segmentation variant recorded
strong_control_sequence_difference,low,resolved_by_locked_runtime_authority_contract,Mark.5.19,uk5-cdf6313ed9f6acf93054,tagnt,Mark.5.19,Mark.5.19,locked runtime authority retained; raw secondary textual/segmentation variant recorded
strong_control_sequence_difference,low,resolved_by_locked_runtime_authority_contract,Mark.5.22,uk5-f4efd7a35eda93f90ff3,tagnt,Mark.5.22,Mark.5.22,locked runtime authority retained; raw secondary textual/segmentation variant recorded
strong_control_sequence_difference,low,resolved_by_locked_runtime_authority_contract,Mark.5.28,uk5-2d7fbac4a43b43882eb6,tagnt,Mark.5.28,Mark.5.28,locked runtime authority retained; raw secondary textual/segmentation variant recorded
strong_control_sequence_difference,low,resolved_by_locked_runtime_authority_contract,Mark.5.31,uk5-1764ec8871e872fdfe6f,tagnt,Mark.5.31,Mark.5.31,locked runtime authority retained; raw secondary textual/segmentation variant recorded
strong_control_sequence_difference,low,resolved_by_locked_runtime_authority_contract,Mark.5.32,uk5-123f935c7ef3df2705cf,tagnt,Mark.5.32,Mark.5.32,locked runtime authority retained; raw secondary textual/segmentation variant recorded
strong_control_sequence_difference,low,resolved_by_locked_runtime_authority_contract,Mark.5.36,uk5-f759c8513d65c4c1b41a,tagnt,Mark.5.36,Mark.5.36,locked runtime authority retained; raw secondary textual/segmentation variant recorded
strong_control_sequence_difference,low,resolved_by_locked_runtime_authority_contract,Mark.5.43,uk5-05cba1c42b38ce435019,tagnt,Mark.5.43,Mark.5.43,locked runtime authority retained; raw secondary textual/segmentation variant recorded
strong_control_sequence_difference,low,resolved_by_locked_runtime_authority_contract,Mark.5.6,uk5-87222c4c5e38c8211ef1,tagnt,Mark.5.6,Mark.5.6,locked runtime authority retained; raw secondary textual/segmentation variant recorded
strong_control_sequence_difference,low,resolved_by_locked_runtime_authority_contract,Mark.6.11,uk5-784032e9565e63ee3fe9,tagnt,Mark.6.11,Mark.6.11,locked runtime authority retained; raw secondary textual/segmentation variant recorded
strong_control_sequence_difference,low,resolved_by_locked_runtime_authority_contract,Mark.6.15,uk5-9173736abcc583c5bf95,tagnt,Mark.6.15,Mark.6.15,locked runtime authority retained; raw secondary textual/segmentation variant recorded
strong_control_sequence_difference,low,resolved_by_locked_runtime_authority_contract,Mark.6.16,uk5-802e52fda36777bbcdf4,tagnt,Mark.6.16,Mark.6.16,locked runtime authority retained; raw secondary textual/segmentation variant recorded
strong_control_sequence_difference,low,resolved_by_locked_runtime_authority_contract,Mark.6.22,uk5-b1f4c662a560fff77adf,tagnt,Mark.6.22,Mark.6.22,locked runtime authority retained; raw secondary textual/segmentation variant recorded
strong_control_sequence_difference,medium,resolved_by_locked_runtime_authority_contract,Mark.6.23,uk5-91c86e145a0aa63390f2,tagnt,Mark.6.23,Mark.6.23,locked runtime authority retained; raw secondary textual/segmentation variant recorded
strong_control_sequence_difference,low,resolved_by_locked_runtime_authority_contract,Mark.6.24,uk5-34b35d39b65be328335c,tagnt,Mark.6.24,Mark.6.24,locked runtime authority retained; raw secondary textual/segmentation variant recorded
strong_control_sequence_difference,low,resolved_by_locked_runtime_authority_contract,Mark.6.33,uk5-c12c05e40ce8127fe9aa,tagnt,Mark.6.33,Mark.6.33,locked runtime authority retained; raw secondary textual/segmentation variant recorded
strong_control_sequence_difference,low,resolved_by_locked_runtime_authority_contract,Mark.6.34,uk5-7349c2037e183794b258,tagnt,Mark.6.34,Mark.6.34,locked runtime authority retained; raw secondary textual/segmentation variant recorded
strong_control_sequence_difference,low,resolved_by_locked_runtime_authority_contract,Mark.6.36,uk5-acdbe63437a01d0ee6ba,tagnt,Mark.6.36,Mark.6.36,locked runtime authority retained; raw secondary textual/segmentation variant recorded
strong_control_sequence_difference,low,resolved_by_locked_runtime_authority_contract,Mark.6.37,uk5-5b116859142e0e18ec72,tagnt,Mark.6.37,Mark.6.37,locked runtime authority retained; raw secondary textual/segmentation variant recorded
strong_control_sequence_difference,low,resolved_by_locked_runtime_authority_contract,Mark.6.38,uk5-39510086939bc0c0ef0f,tagnt,Mark.6.38,Mark.6.38,locked runtime authority retained; raw secondary textual/segmentation variant recorded
strong_control_sequence_difference,low,resolved_by_locked_runtime_authority_contract,Mark.6.42,uk5-2da26d9ec9008318d6d8,tagnt,Mark.6.42,Mark.6.42,locked runtime authority retained; raw secondary textual/segmentation variant recorded
strong_control_sequence_difference,low,resolved_by_locked_runtime_authority_contract,Mark.6.44,uk5-62d35b96345d3684eb71,tagnt,Mark.6.44,Mark.6.44,locked runtime authority retained; raw secondary textual/segmentation variant recorded
strong_control_sequence_difference,low,resolved_by_locked_runtime_authority_contract,Mark.6.51,uk5-4ea9995e03ddf2f1457b,tagnt,Mark.6.51,Mark.6.51,locked runtime authority retained; raw secondary textual/segmentation variant recorded
strong_control_sequence_difference,low,resolved_by_locked_runtime_authority_contract,Mark.7.12,uk5-a36ca571ca525e7994f2,tagnt,Mark.7.12,Mark.7.12,locked runtime authority retained; raw secondary textual/segmentation variant recorded
strong_control_sequence_difference,low,resolved_by_locked_runtime_authority_contract,Mark.7.36,uk5-8e6fc340c6c544cdc306,tagnt,Mark.7.36,Mark.7.36,locked runtime authority retained; raw secondary textual/segmentation variant recorded
strong_control_sequence_difference,low,resolved_by_locked_runtime_authority_contract,Mark.7.37,uk5-bdf764b511bf72c9f4ca,tagnt,Mark.7.37,Mark.7.37,locked runtime authority retained; raw secondary textual/segmentation variant recorded
strong_control_sequence_difference,low,resolved_by_locked_runtime_authority_contract,Mark.7.4,uk5-5eba62774a77799695f5,tagnt,Mark.7.4,Mark.7.4,locked runtime authority retained; raw secondary textual/segmentation variant recorded
strong_control_sequence_difference,low,resolved_by_locked_runtime_authority_contract,Mark.7.6,uk5-89fd30c5befa396bd915,tagnt,Mark.7.6,Mark.7.6,locked runtime authority retained; raw secondary textual/segmentation variant recorded
strong_control_sequence_difference,low,resolved_by_locked_runtime_authority_contract,Mark.7.7,uk5-f87615573811e319b154,tagnt,Mark.7.7,Mark.7.7,locked runtime authority retained; raw secondary textual/segmentation variant recorded
strong_control_sequence_difference,medium,resolved_by_locked_runtime_authority_contract,Mark.7.8,uk5-b3e436f78c382ed6985a,tagnt,Mark.7.8,Mark.7.8,locked runtime authority retained; raw secondary textual/segmentation variant recorded
strong_control_sequence_difference,low,resolved_by_locked_runtime_authority_contract,Mark.8.1,uk5-f8b3c4ad24c93203adb9,tagnt,Mark.8.1,Mark.8.1,locked runtime authority retained; raw secondary textual/segmentation variant recorded
strong_control_sequence_difference,low,resolved_by_locked_runtime_authority_contract,Mark.8.13,uk5-d4048fa54a18fa32e7dd,tagnt,Mark.8.13,Mark.8.13,locked runtime authority retained; raw secondary textual/segmentation variant recorded
strong_control_sequence_difference,low,resolved_by_locked_runtime_authority_contract,Mark.8.2,uk5-2338372bf7ebfe88d996,tagnt,Mark.8.2,Mark.8.2,locked runtime authority retained; raw secondary textual/segmentation variant recorded
strong_control_sequence_difference,low,resolved_by_locked_runtime_authority_contract,Mark.8.26,uk5-c9e05cadd7cabd4838ae,tagnt,Mark.8.26,Mark.8.26,locked runtime authority retained; raw secondary textual/segmentation variant recorded
strong_control_sequence_difference,low,resolved_by_locked_runtime_authority_contract,Mark.8.27,uk5-4444d4fba02e9aef179a,tagnt,Mark.8.27,Mark.8.27,locked runtime authority retained; raw secondary textual/segmentation variant recorded
strong_control_sequence_difference,low,resolved_by_locked_runtime_authority_contract,Mark.8.28,uk5-786c635b0a79c658626c,tagnt,Mark.8.28,Mark.8.28,locked runtime authority retained; raw secondary textual/segmentation variant recorded
strong_control_sequence_difference,low,resolved_by_locked_runtime_authority_contract,Mark.8.29,uk5-59fae0be907f660824da,tagnt,Mark.8.29,Mark.8.29,locked runtime authority retained; raw secondary textual/segmentation variant recorded
strong_control_sequence_difference,low,resolved_by_locked_runtime_authority_contract,Mark.8.33,uk5-3a976a6c8a36e26a0803,tagnt,Mark.8.33,Mark.8.33,locked runtime authority retained; raw secondary textual/segmentation variant recorded
strong_control_sequence_difference,low,resolved_by_locked_runtime_authority_contract,Mark.8.34,uk5-f171fcd2393356a0d52a,tagnt,Mark.8.34,Mark.8.34,locked runtime authority retained; raw secondary textual/segmentation variant recorded
strong_control_sequence_difference,low,resolved_by_locked_runtime_authority_contract,Mark.8.7,uk5-c054855f8f1c1fefc87f,tagnt,Mark.8.7,Mark.8.7,locked runtime authority retained; raw secondary textual/segmentation variant recorded
strong_control_sequence_difference,low,resolved_by_locked_runtime_authority_contract,Mark.8.8,uk5-80809b7dda8a4846ab98,tagnt,Mark.8.8,Mark.8.8,locked runtime authority retained; raw secondary textual/segmentation variant recorded
strong_control_sequence_difference,low,resolved_by_locked_runtime_authority_contract,Mark.8.9,uk5-4f1c8a8d46e1ac5cdbec,tagnt,Mark.8.9,Mark.8.9,locked runtime authority retained; raw secondary textual/segmentation variant recorded
strong_control_sequence_difference,medium,resolved_by_locked_runtime_authority_contract,Mark.9.11,uk5-c442f8479165fa6d2c0c,tagnt,Mark.9.11,Mark.9.11,locked runtime authority retained; raw secondary textual/segmentation variant recorded
strong_control_sequence_difference,low,resolved_by_locked_runtime_authority_contract,Mark.9.22,uk5-1f8814561c589cdfbdbb,tagnt,Mark.9.22,Mark.9.22,locked runtime authority retained; raw secondary textual/segmentation variant recorded
strong_control_sequence_difference,low,resolved_by_locked_runtime_authority_contract,Mark.9.23,uk5-16bb667987cdccaae9e3,tagnt,Mark.9.23,Mark.9.23,locked runtime authority retained; raw secondary textual/segmentation variant recorded
strong_control_sequence_difference,low,resolved_by_locked_runtime_authority_contract,Mark.9.24,uk5-e341314502ece1e1d81d,tagnt,Mark.9.24,Mark.9.24,locked runtime authority retained; raw secondary textual/segmentation variant recorded
strong_control_sequence_difference,low,resolved_by_locked_runtime_authority_contract,Mark.9.30,uk5-b3cab88b5f7a8f78ee49,tagnt,Mark.9.30,Mark.9.30,locked runtime authority retained; raw secondary textual/segmentation variant recorded
strong_control_sequence_difference,low,resolved_by_locked_runtime_authority_contract,Mark.9.38,uk5-aed9f876aefdc153da66,tagnt,Mark.9.38,Mark.9.38,locked runtime authority retained; raw secondary textual/segmentation variant recorded
strong_control_sequence_difference,low,resolved_by_locked_runtime_authority_contract,Mark.9.39,uk5-b5766d869b7edf384039,tagnt,Mark.9.39,Mark.9.39,locked runtime authority retained; raw secondary textual/segmentation variant recorded
strong_control_sequence_difference,low,resolved_by_locked_runtime_authority_contract,Mark.9.40,uk5-d8997070e9e0c02a55e4,tagnt,Mark.9.40,Mark.9.40,locked runtime authority retained; raw secondary textual/segmentation variant recorded
strong_control_sequence_difference,medium,resolved_by_locked_runtime_authority_contract,Mark.9.49,uk5-7cb5e3fcae312cf4cad4,tagnt,Mark.9.49,Mark.9.49,locked runtime authority retained; raw secondary textual/segmentation variant recorded
strong_control_sequence_difference,low,resolved_by_locked_runtime_authority_contract,Mark.9.8,uk5-5d6c10f8797c0fda6ac2,tagnt,Mark.9.8,Mark.9.8,locked runtime authority retained; raw secondary textual/segmentation variant recorded
strong_control_sequence_difference,low,resolved_by_locked_runtime_authority_contract,Mat.1.10,uk5-d8c8a880bbc86975021e,tagnt,Mat.1.10,Mat.1.10,locked runtime authority retained; raw secondary textual/segmentation variant recorded
strong_control_sequence_difference,low,resolved_by_locked_runtime_authority_contract,Mat.1.22,uk5-bf99d2453e31966914a5,tagnt,Mat.1.22,Mat.1.22,locked runtime authority retained; raw secondary textual/segmentation variant recorded
strong_control_sequence_difference,low,resolved_by_locked_runtime_authority_contract,Mat.1.25,uk5-3d364cfee213450c1c78,tagnt,Mat.1.25,Mat.1.25,locked runtime authority retained; raw secondary textual/segmentation variant recorded
strong_control_sequence_difference,low,resolved_by_locked_runtime_authority_contract,Mat.10.33,uk5-70ac3aae0ebb1fac308c,tagnt,Mat.10.33,Mat.10.33,locked runtime authority retained; raw secondary textual/segmentation variant recorded
strong_control_sequence_difference,low,resolved_by_locked_runtime_authority_contract,Mat.10.38,uk5-6d920ad77c3ac42ca2d2,tagnt,Mat.10.38,Mat.10.38,locked runtime authority retained; raw secondary textual/segmentation variant recorded
strong_control_sequence_difference,low,resolved_by_locked_runtime_authority_contract,Mat.11.10,uk5-631f72c1e76fd05e61fb,tagnt,Mat.11.10,Mat.11.10,locked runtime authority retained; raw secondary textual/segmentation variant recorded
strong_control_sequence_difference,low,resolved_by_locked_runtime_authority_contract,Mat.11.11,uk5-fa3c009e754530ba6265,tagnt,Mat.11.11,Mat.11.11,locked runtime authority retained; raw secondary textual/segmentation variant recorded
strong_control_sequence_difference,low,resolved_by_locked_runtime_authority_contract,Mat.11.15,uk5-7cd45deae5d2e997e9b6,tagnt,Mat.11.15,Mat.11.15,locked runtime authority retained; raw secondary textual/segmentation variant recorded
strong_control_sequence_difference,low,resolved_by_locked_runtime_authority_contract,Mat.11.28,uk5-9af54b2c6fa25607160a,tagnt,Mat.11.28,Mat.11.28,locked runtime authority retained; raw secondary textual/segmentation variant recorded
strong_control_sequence_difference,low,resolved_by_locked_runtime_authority_contract,Mat.11.3,uk5-25bdb6ada68c4fddc3c4,tagnt,Mat.11.3,Mat.11.3,locked runtime authority retained; raw secondary textual/segmentation variant recorded
strong_control_sequence_difference,low,resolved_by_locked_runtime_authority_contract,Mat.11.30,uk5-ec5bce2a60dafa2d17fe,tagnt,Mat.11.30,Mat.11.30,locked runtime authority retained; raw secondary textual/segmentation variant recorded
strong_control_sequence_difference,low,resolved_by_locked_runtime_authority_contract,Mat.11.8,uk5-93690dd75f529a1a90b2,tagnt,Mat.11.8,Mat.11.8,locked runtime authority retained; raw secondary textual/segmentation variant recorded
strong_control_sequence_difference,low,resolved_by_locked_runtime_authority_contract,Mat.11.9,uk5-b110b766e40f5b9eeb1f,tagnt,Mat.11.9,Mat.11.9,locked runtime authority retained; raw secondary textual/segmentation variant recorded
strong_control_sequence_difference,low,resolved_by_locked_runtime_authority_contract,Mat.12.10,uk5-75c344998779d23ea710,tagnt,Mat.12.10,Mat.12.10,locked runtime authority retained; raw secondary textual/segmentation variant recorded
strong_control_sequence_difference,low,resolved_by_locked_runtime_authority_contract,Mat.12.17,uk5-98d8a4866d613d9af74b,tagnt,Mat.12.17,Mat.12.17,locked runtime authority retained; raw secondary textual/segmentation variant recorded
strong_control_sequence_difference,low,resolved_by_locked_runtime_authority_contract,Mat.12.18,uk5-68eb73643661dbee9f50,tagnt,Mat.12.18,Mat.12.18,locked runtime authority retained; raw secondary textual/segmentation variant recorded
strong_control_sequence_difference,medium,resolved_by_locked_runtime_authority_contract,Mat.12.2,uk5-95afde45d059408f8691,tagnt,Mat.12.2,Mat.12.2,locked runtime authority retained; raw secondary textual/segmentation variant recorded
strong_control_sequence_difference,low,resolved_by_locked_runtime_authority_contract,Mat.12.25,uk5-3623d1f0d3f69d166e71,tagnt,Mat.12.25,Mat.12.25,locked runtime authority retained; raw secondary textual/segmentation variant recorded
strong_control_sequence_difference,low,resolved_by_locked_runtime_authority_contract,Mat.12.26,uk5-a272aaf41c2b0861fdc0,tagnt,Mat.12.26,Mat.12.26,locked runtime authority retained; raw secondary textual/segmentation variant recorded
strong_control_sequence_difference,low,resolved_by_locked_runtime_authority_contract,Mat.12.31,uk5-f97ac4c6287f853458a1,tagnt,Mat.12.31,Mat.12.31,locked runtime authority retained; raw secondary textual/segmentation variant recorded
strong_control_sequence_difference,low,resolved_by_locked_runtime_authority_contract,Mat.12.32,uk5-904a361d82e68379224b,tagnt,Mat.12.32,Mat.12.32,locked runtime authority retained; raw secondary textual/segmentation variant recorded
strong_control_sequence_difference,low,resolved_by_locked_runtime_authority_contract,Mat.12.4,uk5-e65aed3ad3721d4c91c7,tagnt,Mat.12.4,Mat.12.4,locked runtime authority retained; raw secondary textual/segmentation variant recorded
strong_control_sequence_difference,low,resolved_by_locked_runtime_authority_contract,Mat.12.47,uk5-165ec8e79523e903020f,tagnt,Mat.12.47,Mat.12.47,locked runtime authority retained; raw secondary textual/segmentation variant recorded
strong_control_sequence_difference,low,resolved_by_locked_runtime_authority_contract,Mat.12.48,uk5-35ad93450c1c40a29d53,tagnt,Mat.12.48,Mat.12.48,locked runtime authority retained; raw secondary textual/segmentation variant recorded
strong_control_sequence_difference,low,resolved_by_locked_runtime_authority_contract,Mat.12.49,uk5-a76e95d7693d1dd99db1,tagnt,Mat.12.49,Mat.12.49,locked runtime authority retained; raw secondary textual/segmentation variant recorded
strong_control_sequence_difference,low,resolved_by_locked_runtime_authority_contract,Mat.12.6,uk5-6d69fbf7bb9eec42338e,tagnt,Mat.12.6,Mat.12.6,locked runtime authority retained; raw secondary textual/segmentation variant recorded
strong_control_sequence_difference,low,resolved_by_locked_runtime_authority_contract,Mat.13.27,uk5-7dd910e706d30a86670c,tagnt,Mat.13.27,Mat.13.27,locked runtime authority retained; raw secondary textual/segmentation variant recorded
strong_control_sequence_difference,low,resolved_by_locked_runtime_authority_contract,Mat.13.29,uk5-efbaf10005af08323e3d,tagnt,Mat.13.29,Mat.13.29,locked runtime authority retained; raw secondary textual/segmentation variant recorded
strong_control_sequence_difference,low,resolved_by_locked_runtime_authority_contract,Mat.13.30,uk5-ffe6d49153cce7f092a3,tagnt,Mat.13.30,Mat.13.30,locked runtime authority retained; raw secondary textual/segmentation variant recorded
strong_control_sequence_difference,low,resolved_by_locked_runtime_authority_contract,Mat.13.35,uk5-6ee4dd738a461ffc54ae,tagnt,Mat.13.35,Mat.13.35,locked runtime authority retained; raw secondary textual/segmentation variant recorded
strong_control_sequence_difference,low,resolved_by_locked_runtime_authority_contract,Mat.13.37,uk5-efce7354f0e8f09b67cb,tagnt,Mat.13.37,Mat.13.37,locked runtime authority retained; raw secondary textual/segmentation variant recorded
strong_control_sequence_difference,medium,resolved_by_locked_runtime_authority_contract,Mat.13.51,uk5-ab4c6d9e4804cd637c7e,tagnt,Mat.13.51,Mat.13.51,locked runtime authority retained; raw secondary textual/segmentation variant recorded
strong_control_sequence_difference,low,resolved_by_locked_runtime_authority_contract,Mat.13.9,uk5-cdfdf8d660cba2077f27,tagnt,Mat.13.9,Mat.13.9,locked runtime authority retained; raw secondary textual/segmentation variant recorded
strong_control_sequence_difference,low,resolved_by_locked_runtime_authority_contract,Mat.14.14,uk5-3bd331ba24fa29e5465e,tagnt,Mat.14.14,Mat.14.14,locked runtime authority retained; raw secondary textual/segmentation variant recorded
strong_control_sequence_difference,low,resolved_by_locked_runtime_authority_contract,Mat.14.16,uk5-67072f2f02fcb3f47d64,tagnt,Mat.14.16,Mat.14.16,locked runtime authority retained; raw secondary textual/segmentation variant recorded
strong_control_sequence_difference,high,resolved_by_locked_runtime_authority_contract,Mat.14.18,uk5-c0b89a449fb94b265db7,tagnt,Mat.14.18,Mat.14.18,locked runtime authority retained; raw secondary textual/segmentation variant recorded
strong_control_sequence_difference,low,resolved_by_locked_runtime_authority_contract,Mat.14.24,uk5-a198acf86392ee7ebf9c,tagnt,Mat.14.24,Mat.14.24,locked runtime authority retained; raw secondary textual/segmentation variant recorded
strong_control_sequence_difference,low,resolved_by_locked_runtime_authority_contract,Mat.14.25,uk5-5f17a4620bac8e08abc8,tagnt,Mat.14.25,Mat.14.25,locked runtime authority retained; raw secondary textual/segmentation variant recorded
strong_control_sequence_difference,low,resolved_by_locked_runtime_authority_contract,Mat.14.28,uk5-8f64546b1409d6a55c7e,tagnt,Mat.14.28,Mat.14.28,locked runtime authority retained; raw secondary textual/segmentation variant recorded
strong_control_sequence_difference,low,resolved_by_locked_runtime_authority_contract,Mat.14.29,uk5-29c0e824ab79d98edd6b,tagnt,Mat.14.29,Mat.14.29,locked runtime authority retained; raw secondary textual/segmentation variant recorded
strong_control_sequence_difference,low,resolved_by_locked_runtime_authority_contract,Mat.14.30,uk5-08848934d0b17274f96b,tagnt,Mat.14.30,Mat.14.30,locked runtime authority retained; raw secondary textual/segmentation variant recorded
strong_control_sequence_difference,low,resolved_by_locked_runtime_authority_contract,Mat.14.34,uk5-ba97b275cf826b3c699e,tagnt,Mat.14.34,Mat.14.34,locked runtime authority retained; raw secondary textual/segmentation variant recorded
strong_control_sequence_difference,low,resolved_by_locked_runtime_authority_contract,Mat.14.36,uk5-92b6214a56a5a19acfd5,tagnt,Mat.14.36,Mat.14.36,locked runtime authority retained; raw secondary textual/segmentation variant recorded
strong_control_sequence_difference,low,resolved_by_locked_runtime_authority_contract,Mat.15.10,uk5-f4ab9ef9464ebafdee89,tagnt,Mat.15.10,Mat.15.10,locked runtime authority retained; raw secondary textual/segmentation variant recorded
strong_control_sequence_difference,low,resolved_by_locked_runtime_authority_contract,Mat.15.13,uk5-8b506718312d87cf91c6,tagnt,Mat.15.13,Mat.15.13,locked runtime authority retained; raw secondary textual/segmentation variant recorded
strong_control_sequence_difference,low,resolved_by_locked_runtime_authority_contract,Mat.15.15,uk5-b366ff302c9fd99b0ad5,tagnt,Mat.15.15,Mat.15.15,locked runtime authority retained; raw secondary textual/segmentation variant recorded
strong_control_sequence_difference,low,resolved_by_locked_runtime_authority_contract,Mat.15.16,uk5-9f0f0eaf8d09413059d4,tagnt,Mat.15.16,Mat.15.16,locked runtime authority retained; raw secondary textual/segmentation variant recorded
strong_control_sequence_difference,low,resolved_by_locked_runtime_authority_contract,Mat.15.18,uk5-00e9910cbb3f38b09b0a,tagnt,Mat.15.18,Mat.15.18,locked runtime authority retained; raw secondary textual/segmentation variant recorded
strong_control_sequence_difference,low,resolved_by_locked_runtime_authority_contract,Mat.15.22,uk5-52e8f5c1733855efa8ad,tagnt,Mat.15.22,Mat.15.22,locked runtime authority retained; raw secondary textual/segmentation variant recorded
strong_control_sequence_difference,low,resolved_by_locked_runtime_authority_contract,Mat.15.25,uk5-68e6275c8a1605316d03,tagnt,Mat.15.25,Mat.15.25,locked runtime authority retained; raw secondary textual/segmentation variant recorded
strong_control_sequence_difference,low,resolved_by_locked_runtime_authority_contract,Mat.15.32,uk5-ad6506cad4c9a6ca0d58,tagnt,Mat.15.32,Mat.15.32,locked runtime authority retained; raw secondary textual/segmentation variant recorded
strong_control_sequence_difference,medium,resolved_by_locked_runtime_authority_contract,Mat.15.6,uk5-66ce7276ab0959428f1b,tagnt,Mat.15.6,Mat.15.6,locked runtime authority retained; raw secondary textual/segmentation variant recorded
strong_control_sequence_difference,low,resolved_by_locked_runtime_authority_contract,Mat.15.8,uk5-75cf9b6685ef5cf45b80,tagnt,Mat.15.8,Mat.15.8,locked runtime authority retained; raw secondary textual/segmentation variant recorded
strong_control_sequence_difference,low,resolved_by_locked_runtime_authority_contract,Mat.15.9,uk5-fcd0062afe58488c66dc,tagnt,Mat.15.9,Mat.15.9,locked runtime authority retained; raw secondary textual/segmentation variant recorded
strong_control_sequence_difference,low,resolved_by_locked_runtime_authority_contract,Mat.16.13,uk5-db819ce1a7f7b0d987c6,tagnt,Mat.16.13,Mat.16.13,locked runtime authority retained; raw secondary textual/segmentation variant recorded
strong_control_sequence_difference,high,resolved_by_locked_runtime_authority_contract,Mat.16.15,uk5-cae37d4a8e6c94f64a10,tagnt,Mat.16.15,Mat.16.15,locked runtime authority retained; raw secondary textual/segmentation variant recorded
strong_control_sequence_difference,low,resolved_by_locked_runtime_authority_contract,Mat.16.20,uk5-7208cce934436c27a4a7,tagnt,Mat.16.20,Mat.16.20,locked runtime authority retained; raw secondary textual/segmentation variant recorded
strong_control_sequence_difference,low,resolved_by_locked_runtime_authority_contract,Mat.16.23,uk5-8dcecf63b025298e18ec,tagnt,Mat.16.23,Mat.16.23,locked runtime authority retained; raw secondary textual/segmentation variant recorded
strong_control_sequence_difference,low,resolved_by_locked_runtime_authority_contract,Mat.16.24,uk5-144cd73aaa4a6bef7d51,tagnt,Mat.16.24,Mat.16.24,locked runtime authority retained; raw secondary textual/segmentation variant recorded
strong_control_sequence_difference,low,resolved_by_locked_runtime_authority_contract,Mat.16.8,uk5-5ed61aaa4608b2fd1e01,tagnt,Mat.16.8,Mat.16.8,locked runtime authority retained; raw secondary textual/segmentation variant recorded
strong_control_sequence_difference,low,resolved_by_locked_runtime_authority_contract,Mat.17.10,uk5-6da3fcded72780831685,tagnt,Mat.17.10,Mat.17.10,locked runtime authority retained; raw secondary textual/segmentation variant recorded
strong_control_sequence_difference,low,resolved_by_locked_runtime_authority_contract,Mat.17.11,uk5-537498b7215b004d8d1e,tagnt,Mat.17.11,Mat.17.11,locked runtime authority retained; raw secondary textual/segmentation variant recorded
strong_control_sequence_difference,low,resolved_by_locked_runtime_authority_contract,Mat.17.15,uk5-33708be23b32cf99c925,tagnt,Mat.17.15,Mat.17.15,locked runtime authority retained; raw secondary textual/segmentation variant recorded
strong_control_sequence_difference,low,resolved_by_locked_runtime_authority_contract,Mat.17.19,uk5-e4eb513af939339be6f2,tagnt,Mat.17.19,Mat.17.19,locked runtime authority retained; raw secondary textual/segmentation variant recorded
strong_control_sequence_difference,low,resolved_by_locked_runtime_authority_contract,Mat.17.20,uk5-f5c506e1206ec8036c72,tagnt,Mat.17.20,Mat.17.20,locked runtime authority retained; raw secondary textual/segmentation variant recorded
strong_control_sequence_difference,low,resolved_by_locked_runtime_authority_contract,Mat.17.26,uk5-df8275b429e74da5608c,tagnt,Mat.17.26,Mat.17.26,locked runtime authority retained; raw secondary textual/segmentation variant recorded
strong_control_sequence_difference,low,resolved_by_locked_runtime_authority_contract,Mat.17.3,uk5-bac71af8ccf0fde08fc7,tagnt,Mat.17.3,Mat.17.3,locked runtime authority retained; raw secondary textual/segmentation variant recorded
strong_control_sequence_difference,low,resolved_by_locked_runtime_authority_contract,Mat.17.4,uk5-8b3a09f35cb5aabf2c24,tagnt,Mat.17.4,Mat.17.4,locked runtime authority retained; raw secondary textual/segmentation variant recorded
strong_control_sequence_difference,low,resolved_by_locked_runtime_authority_contract,Mat.17.5,uk5-fbf224e7e28a16e648fb,tagnt,Mat.17.5,Mat.17.5,locked runtime authority retained; raw secondary textual/segmentation variant recorded
strong_control_sequence_difference,low,resolved_by_locked_runtime_authority_contract,Mat.17.7,uk5-b666b6aa832e3e3091a2,tagnt,Mat.17.7,Mat.17.7,locked runtime authority retained; raw secondary textual/segmentation variant recorded
strong_control_sequence_difference,low,resolved_by_locked_runtime_authority_contract,Mat.17.8,uk5-61ba7a8e21f3886289a7,tagnt,Mat.17.8,Mat.17.8,locked runtime authority retained; raw secondary textual/segmentation variant recorded
strong_control_sequence_difference,low,resolved_by_locked_runtime_authority_contract,Mat.18.18,uk5-913896f11febd6be0e9d,tagnt,Mat.18.18,Mat.18.18,locked runtime authority retained; raw secondary textual/segmentation variant recorded
strong_control_sequence_difference,medium,resolved_by_locked_runtime_authority_contract,Mat.18.2,uk5-0f05144fa73b59b1b1a0,tagnt,Mat.18.2,Mat.18.2,locked runtime authority retained; raw secondary textual/segmentation variant recorded
strong_control_sequence_difference,low,resolved_by_locked_runtime_authority_contract,Mat.18.21,uk5-36a700e081a991b42660,tagnt,Mat.18.21,Mat.18.21,locked runtime authority retained; raw secondary textual/segmentation variant recorded
strong_control_sequence_difference,low,resolved_by_locked_runtime_authority_contract,Mat.18.29,uk5-98c4915b846ba5043698,tagnt,Mat.18.29,Mat.18.29,locked runtime authority retained; raw secondary textual/segmentation variant recorded
strong_control_sequence_difference,low,resolved_by_locked_runtime_authority_contract,Mat.18.33,uk5-692fa944966c8b2bfde9,tagnt,Mat.18.33,Mat.18.33,locked runtime authority retained; raw secondary textual/segmentation variant recorded
strong_control_sequence_difference,low,resolved_by_locked_runtime_authority_contract,Mat.18.35,uk5-7f6222f3df9111aa7b81,tagnt,Mat.18.35,Mat.18.35,locked runtime authority retained; raw secondary textual/segmentation variant recorded
strong_control_sequence_difference,low,resolved_by_locked_runtime_authority_contract,Mat.18.5,uk5-72d99a088783de16160d,tagnt,Mat.18.5,Mat.18.5,locked runtime authority retained; raw secondary textual/segmentation variant recorded
strong_control_sequence_difference,low,resolved_by_locked_runtime_authority_contract,Mat.19.16,uk5-0a30b9626c34694efe74,tagnt,Mat.19.16,Mat.19.16,locked runtime authority retained; raw secondary textual/segmentation variant recorded
strong_control_sequence_difference,low,resolved_by_locked_runtime_authority_contract,Mat.19.17,uk5-c08fc86e5ed75483da44,tagnt,Mat.19.17,Mat.19.17,locked runtime authority retained; raw secondary textual/segmentation variant recorded
strong_control_sequence_difference,low,resolved_by_locked_runtime_authority_contract,Mat.19.19,uk5-67942496c8444e37e750,tagnt,Mat.19.19,Mat.19.19,locked runtime authority retained; raw secondary textual/segmentation variant recorded
strong_control_sequence_difference,low,resolved_by_locked_runtime_authority_contract,Mat.19.20,uk5-52f1e00f34850ab6f9d1,tagnt,Mat.19.20,Mat.19.20,locked runtime authority retained; raw secondary textual/segmentation variant recorded
strong_control_sequence_difference,low,resolved_by_locked_runtime_authority_contract,Mat.19.27,uk5-dc50a0f60e4de2b5af29,tagnt,Mat.19.27,Mat.19.27,locked runtime authority retained; raw secondary textual/segmentation variant recorded
strong_control_sequence_difference,low,resolved_by_locked_runtime_authority_contract,Mat.19.3,uk5-1da7342b35f73b55f4de,tagnt,Mat.19.3,Mat.19.3,locked runtime authority retained; raw secondary textual/segmentation variant recorded
strong_control_sequence_difference,low,resolved_by_locked_runtime_authority_contract,Mat.19.30,uk5-4f530506ce141c26e948,tagnt,Mat.19.30,Mat.19.30,locked runtime authority retained; raw secondary textual/segmentation variant recorded
strong_control_sequence_difference,low,resolved_by_locked_runtime_authority_contract,Mat.19.4,uk5-0d526bd19829b9b55845,tagnt,Mat.19.4,Mat.19.4,locked runtime authority retained; raw secondary textual/segmentation variant recorded
strong_control_sequence_difference,low,resolved_by_locked_runtime_authority_contract,Mat.2.10,uk5-a7857fbd3aff24768104,tagnt,Mat.2.10,Mat.2.10,locked runtime authority retained; raw secondary textual/segmentation variant recorded
strong_control_sequence_difference,low,resolved_by_locked_runtime_authority_contract,Mat.2.15,uk5-dfe873f4bbeefd1b4a6c,tagnt,Mat.2.15,Mat.2.15,locked runtime authority retained; raw secondary textual/segmentation variant recorded
strong_control_sequence_difference,low,resolved_by_locked_runtime_authority_contract,Mat.2.17,uk5-b61e40bfd26df73cbb53,tagnt,Mat.2.17,Mat.2.17,locked runtime authority retained; raw secondary textual/segmentation variant recorded
strong_control_sequence_difference,low,resolved_by_locked_runtime_authority_contract,Mat.2.6,uk5-239b17d2204e00e60f38,tagnt,Mat.2.6,Mat.2.6,locked runtime authority retained; raw secondary textual/segmentation variant recorded
strong_control_sequence_difference,low,resolved_by_locked_runtime_authority_contract,Mat.2.8,uk5-27b0f9112562a4370066,tagnt,Mat.2.8,Mat.2.8,locked runtime authority retained; raw secondary textual/segmentation variant recorded
strong_control_sequence_difference,low,resolved_by_locked_runtime_authority_contract,Mat.20.12,uk5-d7567c3a73e07dbd94e1,tagnt,Mat.20.12,Mat.20.12,locked runtime authority retained; raw secondary textual/segmentation variant recorded
strong_control_sequence_difference,low,resolved_by_locked_runtime_authority_contract,Mat.20.13,uk5-e84a09950178d98e8ffa,tagnt,Mat.20.13,Mat.20.13,locked runtime authority retained; raw secondary textual/segmentation variant recorded
strong_control_sequence_difference,high,resolved_by_locked_runtime_authority_contract,Mat.20.16,uk5-d6d152c63e550aa3748f,tagnt,Mat.20.16,Mat.20.16,locked runtime authority retained; raw secondary textual/segmentation variant recorded
strong_control_sequence_difference,low,resolved_by_locked_runtime_authority_contract,Mat.20.17,uk5-a155d150a6eaf424b13e,tagnt,Mat.20.17,Mat.20.17,locked runtime authority retained; raw secondary textual/segmentation variant recorded
strong_control_sequence_difference,low,resolved_by_locked_runtime_authority_contract,Mat.20.21,uk5-88916f92c58ab36699fc,tagnt,Mat.20.21,Mat.20.21,locked runtime authority retained; raw secondary textual/segmentation variant recorded
strong_control_sequence_difference,low,resolved_by_locked_runtime_authority_contract,Mat.20.22,uk5-350505fd70f34df826a1,tagnt,Mat.20.22,Mat.20.22,locked runtime authority retained; raw secondary textual/segmentation variant recorded
strong_control_sequence_difference,medium,resolved_by_locked_runtime_authority_contract,Mat.20.23,uk5-3c2939264adb1e1d2aff,tagnt,Mat.20.23,Mat.20.23,locked runtime authority retained; raw secondary textual/segmentation variant recorded
strong_control_sequence_difference,low,resolved_by_locked_runtime_authority_contract,Mat.20.3,uk5-168d745125df970805cb,tagnt,Mat.20.3,Mat.20.3,locked runtime authority retained; raw secondary textual/segmentation variant recorded
strong_control_sequence_difference,low,resolved_by_locked_runtime_authority_contract,Mat.20.30,uk5-74a813ab7d739e793c77,tagnt,Mat.20.30,Mat.20.30,locked runtime authority retained; raw secondary textual/segmentation variant recorded
strong_control_sequence_difference,low,resolved_by_locked_runtime_authority_contract,Mat.20.31,uk5-ef2f9e4e322a8c246b63,tagnt,Mat.20.31,Mat.20.31,locked runtime authority retained; raw secondary textual/segmentation variant recorded
strong_control_sequence_difference,low,resolved_by_locked_runtime_authority_contract,Mat.20.33,uk5-6318c7c987e822ce920a,tagnt,Mat.20.33,Mat.20.33,locked runtime authority retained; raw secondary textual/segmentation variant recorded
strong_control_sequence_difference,low,resolved_by_locked_runtime_authority_contract,Mat.20.34,uk5-9bc8ec125922fe7b4481,tagnt,Mat.20.34,Mat.20.34,locked runtime authority retained; raw secondary textual/segmentation variant recorded
strong_control_sequence_difference,medium,resolved_by_locked_runtime_authority_contract,Mat.20.7,uk5-fb1ec782b0c175080ca4,tagnt,Mat.20.7,Mat.20.7,locked runtime authority retained; raw secondary textual/segmentation variant recorded
strong_control_sequence_difference,low,resolved_by_locked_runtime_authority_contract,Mat.21.1,uk5-c799b7d7c4947d902b7a,tagnt,Mat.21.1,Mat.21.1,locked runtime authority retained; raw secondary textual/segmentation variant recorded
strong_control_sequence_difference,low,resolved_by_locked_runtime_authority_contract,Mat.21.13,uk5-b0c25d79fe4d169c3249,tagnt,Mat.21.13,Mat.21.13,locked runtime authority retained; raw secondary textual/segmentation variant recorded
strong_control_sequence_difference,low,resolved_by_locked_runtime_authority_contract,Mat.21.21,uk5-e954bc2ff03e2e646a30,tagnt,Mat.21.21,Mat.21.21,locked runtime authority retained; raw secondary textual/segmentation variant recorded
strong_control_sequence_difference,low,resolved_by_locked_runtime_authority_contract,Mat.21.24,uk5-2c85b6d4c71a085c32e4,tagnt,Mat.21.24,Mat.21.24,locked runtime authority retained; raw secondary textual/segmentation variant recorded
strong_control_sequence_difference,low,resolved_by_locked_runtime_authority_contract,Mat.21.25,uk5-2db1a0c0e6dc8eea3d92,tagnt,Mat.21.25,Mat.21.25,locked runtime authority retained; raw secondary textual/segmentation variant recorded
strong_control_sequence_difference,low,resolved_by_locked_runtime_authority_contract,Mat.21.29,uk5-23287c89f65fcc6db8dc,tagnt,Mat.21.29,Mat.21.29,locked runtime authority retained; raw secondary textual/segmentation variant recorded
strong_control_sequence_difference,low,resolved_by_locked_runtime_authority_contract,Mat.21.3,uk5-61690b897a77fee6497a,tagnt,Mat.21.3,Mat.21.3,locked runtime authority retained; raw secondary textual/segmentation variant recorded
strong_control_sequence_difference,low,resolved_by_locked_runtime_authority_contract,Mat.21.30,uk5-3c4c3b0afb75e3b06c85,tagnt,Mat.21.30,Mat.21.30,locked runtime authority retained; raw secondary textual/segmentation variant recorded
strong_control_sequence_difference,low,resolved_by_locked_runtime_authority_contract,Mat.21.32,uk5-a35aa5cf6c8354831850,tagnt,Mat.21.32,Mat.21.32,locked runtime authority retained; raw secondary textual/segmentation variant recorded
strong_control_sequence_difference,low,resolved_by_locked_runtime_authority_contract,Mat.21.37,uk5-22ff27e1120fcab3eca6,tagnt,Mat.21.37,Mat.21.37,locked runtime authority retained; raw secondary textual/segmentation variant recorded
strong_control_sequence_difference,low,resolved_by_locked_runtime_authority_contract,Mat.21.4,uk5-faa068dd76c11d26226a,tagnt,Mat.21.4,Mat.21.4,locked runtime authority retained; raw secondary textual/segmentation variant recorded
strong_control_sequence_difference,low,resolved_by_locked_runtime_authority_contract,Mat.21.5,uk5-9058dd540c2c7adcddce,tagnt,Mat.21.5,Mat.21.5,locked runtime authority retained; raw secondary textual/segmentation variant recorded
strong_control_sequence_difference,low,resolved_by_locked_runtime_authority_contract,Mat.22.17,uk5-11a980beddf6ee34449a,tagnt,Mat.22.17,Mat.22.17,locked runtime authority retained; raw secondary textual/segmentation variant recorded
strong_control_sequence_difference,low,resolved_by_locked_runtime_authority_contract,Mat.22.18,uk5-0e8458fdb10fa9e240f9,tagnt,Mat.22.18,Mat.22.18,locked runtime authority retained; raw secondary textual/segmentation variant recorded
strong_control_sequence_difference,low,resolved_by_locked_runtime_authority_contract,Mat.22.21,uk5-c5fc763791d3d82b47f8,tagnt,Mat.22.21,Mat.22.21,locked runtime authority retained; raw secondary textual/segmentation variant recorded
strong_control_sequence_difference,low,resolved_by_locked_runtime_authority_contract,Mat.22.23,uk5-697e1b6a0bb4e51fd9b4,tagnt,Mat.22.23,Mat.22.23,locked runtime authority retained; raw secondary textual/segmentation variant recorded
strong_control_sequence_difference,low,resolved_by_locked_runtime_authority_contract,Mat.22.27,uk5-84be7c752e47bef51ad4,tagnt,Mat.22.27,Mat.22.27,locked runtime authority retained; raw secondary textual/segmentation variant recorded
strong_control_sequence_difference,low,resolved_by_locked_runtime_authority_contract,Mat.22.35,uk5-31aae400c2af7dfb678a,tagnt,Mat.22.35,Mat.22.35,locked runtime authority retained; raw secondary textual/segmentation variant recorded
strong_control_sequence_difference,low,resolved_by_locked_runtime_authority_contract,Mat.22.4,uk5-5708dcaff7cf71d9a329,tagnt,Mat.22.4,Mat.22.4,locked runtime authority retained; raw secondary textual/segmentation variant recorded
strong_control_sequence_difference,low,resolved_by_locked_runtime_authority_contract,Mat.22.44,uk5-c951fcb52238d0e139c4,tagnt,Mat.22.44,Mat.22.44,locked runtime authority retained; raw secondary textual/segmentation variant recorded
strong_control_sequence_difference,low,resolved_by_locked_runtime_authority_contract,Mat.23.11,uk5-ebe90fb65b1f025c720b,tagnt,Mat.23.11,Mat.23.11,locked runtime authority retained; raw secondary textual/segmentation variant recorded
strong_control_sequence_difference,low,resolved_by_locked_runtime_authority_contract,Mat.23.3,uk5-2bd6e3c9f2bc9e31c1b6,tagnt,Mat.23.3,Mat.23.3,locked runtime authority retained; raw secondary textual/segmentation variant recorded
strong_control_sequence_difference,low,resolved_by_locked_runtime_authority_contract,Mat.23.38,uk5-252b6c092de375e82015,tagnt,Mat.23.38,Mat.23.38,locked runtime authority retained; raw secondary textual/segmentation variant recorded
strong_control_sequence_difference,low,resolved_by_locked_runtime_authority_contract,Mat.23.39,uk5-c7399861b345fec2d8a5,tagnt,Mat.23.39,Mat.23.39,locked runtime authority retained; raw secondary textual/segmentation variant recorded
strong_control_sequence_difference,low,resolved_by_locked_runtime_authority_contract,Mat.23.8,uk5-1a3895781958e28cfe9d,tagnt,Mat.23.8,Mat.23.8,locked runtime authority retained; raw secondary textual/segmentation variant recorded
strong_control_sequence_difference,low,resolved_by_locked_runtime_authority_contract,Mat.24.15,uk5-8ca5446881cb466ddd2e,tagnt,Mat.24.15,Mat.24.15,locked runtime authority retained; raw secondary textual/segmentation variant recorded
strong_control_sequence_difference,low,resolved_by_locked_runtime_authority_contract,Mat.24.23,uk5-1139595435619f2a489f,tagnt,Mat.24.23,Mat.24.23,locked runtime authority retained; raw secondary textual/segmentation variant recorded
strong_control_sequence_difference,high,resolved_by_locked_runtime_authority_contract,Mat.24.25,uk5-47e4d4cdcfa7956d5935,tagnt,Mat.24.25,Mat.24.25,locked runtime authority retained; raw secondary textual/segmentation variant recorded
strong_control_sequence_difference,low,resolved_by_locked_runtime_authority_contract,Mat.24.26,uk5-ce7ac5e7b5d406b9294e,tagnt,Mat.24.26,Mat.24.26,locked runtime authority retained; raw secondary textual/segmentation variant recorded
strong_control_sequence_difference,low,resolved_by_locked_runtime_authority_contract,Mat.24.3,uk5-74a95a650acea6952c8c,tagnt,Mat.24.3,Mat.24.3,locked runtime authority retained; raw secondary textual/segmentation variant recorded
strong_control_sequence_difference,low,resolved_by_locked_runtime_authority_contract,Mat.24.48,uk5-dd103aced289d6695d36,tagnt,Mat.24.48,Mat.24.48,locked runtime authority retained; raw secondary textual/segmentation variant recorded
strong_control_sequence_difference,medium,resolved_by_locked_runtime_authority_contract,Mat.25.11,uk5-ca888ef524e84c594230,tagnt,Mat.25.11,Mat.25.11,locked runtime authority retained; raw secondary textual/segmentation variant recorded
strong_control_sequence_difference,low,resolved_by_locked_runtime_authority_contract,Mat.25.12,uk5-40afc7d6ef667266bd6b,tagnt,Mat.25.12,Mat.25.12,locked runtime authority retained; raw secondary textual/segmentation variant recorded
strong_control_sequence_difference,medium,resolved_by_locked_runtime_authority_contract,Mat.25.13,uk5-d0adcb6f4377f41c504c,tagnt,Mat.25.13,Mat.25.13,locked runtime authority retained; raw secondary textual/segmentation variant recorded
strong_control_sequence_difference,low,resolved_by_locked_runtime_authority_contract,Mat.25.17,uk5-a1f3d2588abe254cbfb2,tagnt,Mat.25.17,Mat.25.17,locked runtime authority retained; raw secondary textual/segmentation variant recorded
strong_control_sequence_difference,low,resolved_by_locked_runtime_authority_contract,Mat.25.20,uk5-f316b678bb01096e7faf,tagnt,Mat.25.20,Mat.25.20,locked runtime authority retained; raw secondary textual/segmentation variant recorded
strong_control_sequence_difference,medium,resolved_by_locked_runtime_authority_contract,Mat.25.22,uk5-cb675b067dbc3d47397f,tagnt,Mat.25.22,Mat.25.22,locked runtime authority retained; raw secondary textual/segmentation variant recorded
strong_control_sequence_difference,low,resolved_by_locked_runtime_authority_contract,Mat.25.25,uk5-7bbf0b4ff0c2549559a5,tagnt,Mat.25.25,Mat.25.25,locked runtime authority retained; raw secondary textual/segmentation variant recorded
strong_control_sequence_difference,medium,resolved_by_locked_runtime_authority_contract,Mat.25.35,uk5-ea1b942f42270282a727,tagnt,Mat.25.35,Mat.25.35,locked runtime authority retained; raw secondary textual/segmentation variant recorded
strong_control_sequence_difference,low,resolved_by_locked_runtime_authority_contract,Mat.25.36,uk5-8f5c3361966b238dde9f,tagnt,Mat.25.36,Mat.25.36,locked runtime authority retained; raw secondary textual/segmentation variant recorded
strong_control_sequence_difference,low,resolved_by_locked_runtime_authority_contract,Mat.25.39,uk5-49d35eb741f7101ec1ec,tagnt,Mat.25.39,Mat.25.39,locked runtime authority retained; raw secondary textual/segmentation variant recorded
strong_control_sequence_difference,low,resolved_by_locked_runtime_authority_contract,Mat.25.40,uk5-1baf6f3eab83d18250e7,tagnt,Mat.25.40,Mat.25.40,locked runtime authority retained; raw secondary textual/segmentation variant recorded
strong_control_sequence_difference,medium,resolved_by_locked_runtime_authority_contract,Mat.25.42,uk5-5fbbd2adbd305c47d8c8,tagnt,Mat.25.42,Mat.25.42,locked runtime authority retained; raw secondary textual/segmentation variant recorded
strong_control_sequence_difference,low,resolved_by_locked_runtime_authority_contract,Mat.25.43,uk5-c3af42f06f1a8587a1cf,tagnt,Mat.25.43,Mat.25.43,locked runtime authority retained; raw secondary textual/segmentation variant recorded
strong_control_sequence_difference,low,resolved_by_locked_runtime_authority_contract,Mat.25.45,uk5-ef8d7ee59d268907eb27,tagnt,Mat.25.45,Mat.25.45,locked runtime authority retained; raw secondary textual/segmentation variant recorded
strong_control_sequence_difference,low,resolved_by_locked_runtime_authority_contract,Mat.25.6,uk5-a60aedaca5c2a962cd70,tagnt,Mat.25.6,Mat.25.6,locked runtime authority retained; raw secondary textual/segmentation variant recorded
strong_control_sequence_difference,low,resolved_by_locked_runtime_authority_contract,Mat.25.8,uk5-1bb2e6d6eb840179f35f,tagnt,Mat.25.8,Mat.25.8,locked runtime authority retained; raw secondary textual/segmentation variant recorded
strong_control_sequence_difference,low,resolved_by_locked_runtime_authority_contract,Mat.25.9,uk5-307b884d25d174da46ab,tagnt,Mat.25.9,Mat.25.9,locked runtime authority retained; raw secondary textual/segmentation variant recorded
strong_control_sequence_difference,low,resolved_by_locked_runtime_authority_contract,Mat.26.12,uk5-e9847bdf86e1374171c6,tagnt,Mat.26.12,Mat.26.12,locked runtime authority retained; raw secondary textual/segmentation variant recorded
strong_control_sequence_difference,low,resolved_by_locked_runtime_authority_contract,Mat.26.15,uk5-69140f8715b3b3fa8071,tagnt,Mat.26.15,Mat.26.15,locked runtime authority retained; raw secondary textual/segmentation variant recorded
strong_control_sequence_difference,low,resolved_by_locked_runtime_authority_contract,Mat.26.18,uk5-b119093f9255172130b4,tagnt,Mat.26.18,Mat.26.18,locked runtime authority retained; raw secondary textual/segmentation variant recorded
strong_control_sequence_difference,low,resolved_by_locked_runtime_authority_contract,Mat.26.21,uk5-08aa6e113a6705e64221,tagnt,Mat.26.21,Mat.26.21,locked runtime authority retained; raw secondary textual/segmentation variant recorded
strong_control_sequence_difference,low,resolved_by_locked_runtime_authority_contract,Mat.26.23,uk5-170de2b7ab14a0eaba8b,tagnt,Mat.26.23,Mat.26.23,locked runtime authority retained; raw secondary textual/segmentation variant recorded
strong_control_sequence_difference,low,resolved_by_locked_runtime_authority_contract,Mat.26.25,uk5-8f3c87b707ee3a2a96f4,tagnt,Mat.26.25,Mat.26.25,locked runtime authority retained; raw secondary textual/segmentation variant recorded
strong_control_sequence_difference,low,resolved_by_locked_runtime_authority_contract,Mat.26.26,uk5-58fac6f164e7e6997bfa,tagnt,Mat.26.26,Mat.26.26,locked runtime authority retained; raw secondary textual/segmentation variant recorded
strong_control_sequence_difference,low,resolved_by_locked_runtime_authority_contract,Mat.26.28,uk5-d45daa07f3172234ceb9,tagnt,Mat.26.28,Mat.26.28,locked runtime authority retained; raw secondary textual/segmentation variant recorded
strong_control_sequence_difference,low,resolved_by_locked_runtime_authority_contract,Mat.26.30,uk5-f4cc7c28ab4513ed8573,tagnt,Mat.26.30,Mat.26.30,locked runtime authority retained; raw secondary textual/segmentation variant recorded
strong_control_sequence_difference,low,resolved_by_locked_runtime_authority_contract,Mat.26.33,uk5-65e4b2566084bbce0038,tagnt,Mat.26.33,Mat.26.33,locked runtime authority retained; raw secondary textual/segmentation variant recorded
strong_control_sequence_difference,low,resolved_by_locked_runtime_authority_contract,Mat.26.35,uk5-75357b834c5addcc31a0,tagnt,Mat.26.35,Mat.26.35,locked runtime authority retained; raw secondary textual/segmentation variant recorded
strong_control_sequence_difference,low,resolved_by_locked_runtime_authority_contract,Mat.26.38,uk5-7dbf9a27ff2db378ebe9,tagnt,Mat.26.38,Mat.26.38,locked runtime authority retained; raw secondary textual/segmentation variant recorded
strong_control_sequence_difference,medium,resolved_by_locked_runtime_authority_contract,Mat.26.46,uk5-320f7ea545ca49896e6f,tagnt,Mat.26.46,Mat.26.46,locked runtime authority retained; raw secondary textual/segmentation variant recorded
strong_control_sequence_difference,low,resolved_by_locked_runtime_authority_contract,Mat.26.50,uk5-9842a0d7466845c28fe9,tagnt,Mat.26.50,Mat.26.50,locked runtime authority retained; raw secondary textual/segmentation variant recorded
strong_control_sequence_difference,low,resolved_by_locked_runtime_authority_contract,Mat.26.53,uk5-faa74327d7500ca7739c,tagnt,Mat.26.53,Mat.26.53,locked runtime authority retained; raw secondary textual/segmentation variant recorded
strong_control_sequence_difference,low,resolved_by_locked_runtime_authority_contract,Mat.26.54,uk5-0f0a87bba50323e70614,tagnt,Mat.26.54,Mat.26.54,locked runtime authority retained; raw secondary textual/segmentation variant recorded
strong_control_sequence_difference,low,resolved_by_locked_runtime_authority_contract,Mat.26.55,uk5-4e126aa065375098687c,tagnt,Mat.26.55,Mat.26.55,locked runtime authority retained; raw secondary textual/segmentation variant recorded
strong_control_sequence_difference,low,resolved_by_locked_runtime_authority_contract,Mat.26.60,uk5-c755cde2eb40a911b67d,tagnt,Mat.26.60,Mat.26.60,locked runtime authority retained; raw secondary textual/segmentation variant recorded
strong_control_sequence_difference,low,resolved_by_locked_runtime_authority_contract,Mat.26.61,uk5-55dc651d2758ad07fb99,tagnt,Mat.26.61,Mat.26.61,locked runtime authority retained; raw secondary textual/segmentation variant recorded
strong_control_sequence_difference,low,resolved_by_locked_runtime_authority_contract,Mat.26.63,uk5-dd7c4e648ca938231c16,tagnt,Mat.26.63,Mat.26.63,locked runtime authority retained; raw secondary textual/segmentation variant recorded
strong_control_sequence_difference,low,resolved_by_locked_runtime_authority_contract,Mat.26.64,uk5-2a4eb049df249da99183,tagnt,Mat.26.64,Mat.26.64,locked runtime authority retained; raw secondary textual/segmentation variant recorded
strong_control_sequence_difference,low,resolved_by_locked_runtime_authority_contract,Mat.26.68,uk5-385e073c13dd6d3df1d7,tagnt,Mat.26.68,Mat.26.68,locked runtime authority retained; raw secondary textual/segmentation variant recorded
strong_control_sequence_difference,medium,resolved_by_locked_runtime_authority_contract,Mat.26.70,uk5-302150d4b10dbc3ae693,tagnt,Mat.26.70,Mat.26.70,locked runtime authority retained; raw secondary textual/segmentation variant recorded
strong_control_sequence_difference,low,resolved_by_locked_runtime_authority_contract,Mat.26.71,uk5-0a068fd21a806523aa32,tagnt,Mat.26.71,Mat.26.71,locked runtime authority retained; raw secondary textual/segmentation variant recorded
strong_control_sequence_difference,low,resolved_by_locked_runtime_authority_contract,Mat.26.75,uk5-419d29c5114800f9bc08,tagnt,Mat.26.75,Mat.26.75,locked runtime authority retained; raw secondary textual/segmentation variant recorded
strong_control_sequence_difference,low,resolved_by_locked_runtime_authority_contract,Mat.26.8,uk5-a3cdb04018d8af0dfdbe,tagnt,Mat.26.8,Mat.26.8,locked runtime authority retained; raw secondary textual/segmentation variant recorded
strong_control_sequence_difference,low,resolved_by_locked_runtime_authority_contract,Mat.26.9,uk5-faa0520710dce562f946,tagnt,Mat.26.9,Mat.26.9,locked runtime authority retained; raw secondary textual/segmentation variant recorded
strong_control_sequence_difference,low,resolved_by_locked_runtime_authority_contract,Mat.27.17,uk5-9ce85b722a1128098688,tagnt,Mat.27.17,Mat.27.17,locked runtime authority retained; raw secondary textual/segmentation variant recorded
strong_control_sequence_difference,low,resolved_by_locked_runtime_authority_contract,Mat.27.21,uk5-b4b439bf4e2a6e7d381c,tagnt,Mat.27.21,Mat.27.21,locked runtime authority retained; raw secondary textual/segmentation variant recorded
strong_control_sequence_difference,low,resolved_by_locked_runtime_authority_contract,Mat.27.22,uk5-f78a995716fa6809fbab,tagnt,Mat.27.22,Mat.27.22,locked runtime authority retained; raw secondary textual/segmentation variant recorded
strong_control_sequence_difference,medium,resolved_by_locked_runtime_authority_contract,Mat.27.24,uk5-0953dc539adb9d4cff11,tagnt,Mat.27.24,Mat.27.24,locked runtime authority retained; raw secondary textual/segmentation variant recorded
strong_control_sequence_difference,low,resolved_by_locked_runtime_authority_contract,Mat.27.25,uk5-c8d9f1bf73dbbc93e5d3,tagnt,Mat.27.25,Mat.27.25,locked runtime authority retained; raw secondary textual/segmentation variant recorded
strong_control_sequence_difference,low,resolved_by_locked_runtime_authority_contract,Mat.27.3,uk5-4ba249223a340d14dfd0,tagnt,Mat.27.3,Mat.27.3,locked runtime authority retained; raw secondary textual/segmentation variant recorded
strong_control_sequence_difference,high,resolved_by_locked_runtime_authority_contract,Mat.27.35,uk5-188f266ec9be057e0bea,tagnt,Mat.27.35,Mat.27.35,locked runtime authority retained; raw secondary textual/segmentation variant recorded
strong_control_sequence_difference,low,resolved_by_locked_runtime_authority_contract,Mat.27.4,uk5-c472c6b68adbab4f52a9,tagnt,Mat.27.4,Mat.27.4,locked runtime authority retained; raw secondary textual/segmentation variant recorded
strong_control_sequence_difference,low,resolved_by_locked_runtime_authority_contract,Mat.27.41,uk5-5e2431e1922d8b536b56,tagnt,Mat.27.41,Mat.27.41,locked runtime authority retained; raw secondary textual/segmentation variant recorded
strong_control_sequence_difference,low,resolved_by_locked_runtime_authority_contract,Mat.27.46,uk5-02afa8a1befa16dbc4dc,tagnt,Mat.27.46,Mat.27.46,locked runtime authority retained; raw secondary textual/segmentation variant recorded
strong_control_sequence_difference,high,resolved_by_locked_runtime_authority_contract,Mat.27.49,uk5-1cb964a40abb55ee4e10,tagnt,Mat.27.49,Mat.27.49,locked runtime authority retained; raw secondary textual/segmentation variant recorded
strong_control_sequence_difference,low,resolved_by_locked_runtime_authority_contract,Mat.27.6,uk5-7ff01db8e28196ac2267,tagnt,Mat.27.6,Mat.27.6,locked runtime authority retained; raw secondary textual/segmentation variant recorded
strong_control_sequence_difference,low,resolved_by_locked_runtime_authority_contract,Mat.27.8,uk5-ebeb0df60043eafa5457,tagnt,Mat.27.8,Mat.27.8,locked runtime authority retained; raw secondary textual/segmentation variant recorded
strong_control_sequence_difference,low,resolved_by_locked_runtime_authority_contract,Mat.28.10,uk5-f57ffdb08617398d510e,tagnt,Mat.28.10,Mat.28.10,locked runtime authority retained; raw secondary textual/segmentation variant recorded
strong_control_sequence_difference,low,resolved_by_locked_runtime_authority_contract,Mat.28.13,uk5-b753f59349f8e4bc2703,tagnt,Mat.28.13,Mat.28.13,locked runtime authority retained; raw secondary textual/segmentation variant recorded
strong_control_sequence_difference,low,resolved_by_locked_runtime_authority_contract,Mat.28.14,uk5-823b6b40f4517a8e2502,tagnt,Mat.28.14,Mat.28.14,locked runtime authority retained; raw secondary textual/segmentation variant recorded
strong_control_sequence_difference,low,resolved_by_locked_runtime_authority_contract,Mat.28.17,uk5-545c5a5cc52e75419cd7,tagnt,Mat.28.17,Mat.28.17,locked runtime authority retained; raw secondary textual/segmentation variant recorded
strong_control_sequence_difference,low,resolved_by_locked_runtime_authority_contract,Mat.28.2,uk5-6d887ff56010856433d2,tagnt,Mat.28.2,Mat.28.2,locked runtime authority retained; raw secondary textual/segmentation variant recorded
strong_control_sequence_difference,low,resolved_by_locked_runtime_authority_contract,Mat.28.6,uk5-d9301c38dfcce6bae9d0,tagnt,Mat.28.6,Mat.28.6,locked runtime authority retained; raw secondary textual/segmentation variant recorded
strong_control_sequence_difference,low,resolved_by_locked_runtime_authority_contract,Mat.28.7,uk5-bd9417674f0034e48c35,tagnt,Mat.28.7,Mat.28.7,locked runtime authority retained; raw secondary textual/segmentation variant recorded
strong_control_sequence_difference,medium,resolved_by_locked_runtime_authority_contract,Mat.28.9,uk5-c45b077bae90a5b89930,tagnt,Mat.28.9,Mat.28.9,locked runtime authority retained; raw secondary textual/segmentation variant recorded
strong_control_sequence_difference,low,resolved_by_locked_runtime_authority_contract,Mat.3.15,uk5-f9ac998f9b6f28119b00,tagnt,Mat.3.15,Mat.3.15,locked runtime authority retained; raw secondary textual/segmentation variant recorded
strong_control_sequence_difference,low,resolved_by_locked_runtime_authority_contract,Mat.3.16,uk5-fbf8b7a6a454be82ef5f,tagnt,Mat.3.16,Mat.3.16,locked runtime authority retained; raw secondary textual/segmentation variant recorded
strong_control_sequence_difference,low,resolved_by_locked_runtime_authority_contract,Mat.3.17,uk5-1338b5b4f22630c42471,tagnt,Mat.3.17,Mat.3.17,locked runtime authority retained; raw secondary textual/segmentation variant recorded
strong_control_sequence_difference,low,resolved_by_locked_runtime_authority_contract,Mat.4.10,uk5-0025bdba5ce1eff4d428,tagnt,Mat.4.10,Mat.4.10,locked runtime authority retained; raw secondary textual/segmentation variant recorded
strong_control_sequence_difference,low,resolved_by_locked_runtime_authority_contract,Mat.4.14,uk5-0903730db61e8f2bc5f8,tagnt,Mat.4.14,Mat.4.14,locked runtime authority retained; raw secondary textual/segmentation variant recorded
strong_control_sequence_difference,low,resolved_by_locked_runtime_authority_contract,Mat.4.2,uk5-2ead4317ea22cc57bb06,tagnt,Mat.4.2,Mat.4.2,locked runtime authority retained; raw secondary textual/segmentation variant recorded
strong_control_sequence_difference,low,resolved_by_locked_runtime_authority_contract,Mat.4.3,uk5-84fddabc8f9349b02155,tagnt,Mat.4.3,Mat.4.3,locked runtime authority retained; raw secondary textual/segmentation variant recorded
strong_control_sequence_difference,low,resolved_by_locked_runtime_authority_contract,Mat.4.9,uk5-af51531343dac23c4441,tagnt,Mat.4.9,Mat.4.9,locked runtime authority retained; raw secondary textual/segmentation variant recorded
strong_control_sequence_difference,low,resolved_by_locked_runtime_authority_contract,Mat.5.25,uk5-4a4cbbc61fccab137f01,tagnt,Mat.5.25,Mat.5.25,locked runtime authority retained; raw secondary textual/segmentation variant recorded
strong_control_sequence_difference,medium,resolved_by_locked_runtime_authority_contract,Mat.5.27,uk5-5df95f4860c8eb488765,tagnt,Mat.5.27,Mat.5.27,locked runtime authority retained; raw secondary textual/segmentation variant recorded
strong_control_sequence_difference,low,resolved_by_locked_runtime_authority_contract,Mat.5.31,uk5-fb78690ce1b32d8dea99,tagnt,Mat.5.31,Mat.5.31,locked runtime authority retained; raw secondary textual/segmentation variant recorded
strong_control_sequence_difference,medium,resolved_by_locked_runtime_authority_contract,Mat.5.44,uk5-0fe0c632430ca7bf8460,tagnt,Mat.5.44,Mat.5.44,locked runtime authority retained; raw secondary textual/segmentation variant recorded
strong_control_sequence_difference,low,resolved_by_locked_runtime_authority_contract,Mat.5.47,uk5-946b6517ed34ad0dc342,tagnt,Mat.5.47,Mat.5.47,locked runtime authority retained; raw secondary textual/segmentation variant recorded
strong_control_sequence_difference,low,resolved_by_locked_runtime_authority_contract,Mat.5.5,uk5-3e0089ec07493448e378,tagnt,Mat.5.5,Mat.5.5,locked runtime authority retained; raw secondary textual/segmentation variant recorded
strong_control_sequence_difference,low,resolved_by_locked_runtime_authority_contract,Mat.6.11,uk5-9de3638bcc9eb4e027cc,tagnt,Mat.6.11,Mat.6.11,locked runtime authority retained; raw secondary textual/segmentation variant recorded
strong_control_sequence_difference,medium,resolved_by_locked_runtime_authority_contract,Mat.6.12,uk5-7c8ae9c54bd10bf1b65c,tagnt,Mat.6.12,Mat.6.12,locked runtime authority retained; raw secondary textual/segmentation variant recorded
strong_control_sequence_difference,high,resolved_by_locked_runtime_authority_contract,Mat.6.13,uk5-a16785e9aa2ce2f35ad6,tagnt,Mat.6.13,Mat.6.13,locked runtime authority retained; raw secondary textual/segmentation variant recorded
strong_control_sequence_difference,low,resolved_by_locked_runtime_authority_contract,Mat.6.15,uk5-6498507eb9823233ad2c,tagnt,Mat.6.15,Mat.6.15,locked runtime authority retained; raw secondary textual/segmentation variant recorded
strong_control_sequence_difference,low,resolved_by_locked_runtime_authority_contract,Mat.6.33,uk5-49e231886069a7f8ac7c,tagnt,Mat.6.33,Mat.6.33,locked runtime authority retained; raw secondary textual/segmentation variant recorded
strong_control_sequence_difference,low,resolved_by_locked_runtime_authority_contract,Mat.7.21,uk5-0a02a52b0321a110a5f2,tagnt,Mat.7.21,Mat.7.21,locked runtime authority retained; raw secondary textual/segmentation variant recorded
strong_control_sequence_difference,low,resolved_by_locked_runtime_authority_contract,Mat.7.22,uk5-a80c676c11e6bf270bf3,tagnt,Mat.7.22,Mat.7.22,locked runtime authority retained; raw secondary textual/segmentation variant recorded
strong_control_sequence_difference,low,resolved_by_locked_runtime_authority_contract,Mat.7.4,uk5-9d47966da4995df3178a,tagnt,Mat.7.4,Mat.7.4,locked runtime authority retained; raw secondary textual/segmentation variant recorded
strong_control_sequence_difference,low,resolved_by_locked_runtime_authority_contract,Mat.8.17,uk5-944a4d07a409bdbd1875,tagnt,Mat.8.17,Mat.8.17,locked runtime authority retained; raw secondary textual/segmentation variant recorded
strong_control_sequence_difference,low,resolved_by_locked_runtime_authority_contract,Mat.8.18,uk5-bb6acafba9f9849119a1,tagnt,Mat.8.18,Mat.8.18,locked runtime authority retained; raw secondary textual/segmentation variant recorded
strong_control_sequence_difference,low,resolved_by_locked_runtime_authority_contract,Mat.8.2,uk5-a1395d96072d28f982e6,tagnt,Mat.8.2,Mat.8.2,locked runtime authority retained; raw secondary textual/segmentation variant recorded
strong_control_sequence_difference,medium,resolved_by_locked_runtime_authority_contract,Mat.8.21,uk5-70644d73a112ca4107c8,tagnt,Mat.8.21,Mat.8.21,locked runtime authority retained; raw secondary textual/segmentation variant recorded
strong_control_sequence_difference,low,resolved_by_locked_runtime_authority_contract,Mat.8.25,uk5-6ba7841f65a0edcec3ba,tagnt,Mat.8.25,Mat.8.25,locked runtime authority retained; raw secondary textual/segmentation variant recorded
strong_control_sequence_difference,low,resolved_by_locked_runtime_authority_contract,Mat.8.29,uk5-28366a151c9cb5c353a1,tagnt,Mat.8.29,Mat.8.29,locked runtime authority retained; raw secondary textual/segmentation variant recorded
strong_control_sequence_difference,low,resolved_by_locked_runtime_authority_contract,Mat.8.31,uk5-53cad633cfa4d77b771e,tagnt,Mat.8.31,Mat.8.31,locked runtime authority retained; raw secondary textual/segmentation variant recorded
strong_control_sequence_difference,low,resolved_by_locked_runtime_authority_contract,Mat.8.32,uk5-0f388d0eb181f4d08458,tagnt,Mat.8.32,Mat.8.32,locked runtime authority retained; raw secondary textual/segmentation variant recorded
strong_control_sequence_difference,low,resolved_by_locked_runtime_authority_contract,Mat.8.7,uk5-1e9237f98fdb877e4684,tagnt,Mat.8.7,Mat.8.7,locked runtime authority retained; raw secondary textual/segmentation variant recorded
strong_control_sequence_difference,low,resolved_by_locked_runtime_authority_contract,Mat.8.8,uk5-84968625b790d3945f54,tagnt,Mat.8.8,Mat.8.8,locked runtime authority retained; raw secondary textual/segmentation variant recorded
strong_control_sequence_difference,low,resolved_by_locked_runtime_authority_contract,Mat.8.9,uk5-b93b2fec22272b8ad71b,tagnt,Mat.8.9,Mat.8.9,locked runtime authority retained; raw secondary textual/segmentation variant recorded
strong_control_sequence_difference,low,resolved_by_locked_runtime_authority_contract,Mat.9.12,uk5-c7ea4ae961c1ef84f27b,tagnt,Mat.9.12,Mat.9.12,locked runtime authority retained; raw secondary textual/segmentation variant recorded
strong_control_sequence_difference,low,resolved_by_locked_runtime_authority_contract,Mat.9.18,uk5-820f853b813efd75630f,tagnt,Mat.9.18,Mat.9.18,locked runtime authority retained; raw secondary textual/segmentation variant recorded
strong_control_sequence_difference,low,resolved_by_locked_runtime_authority_contract,Mat.9.2,uk5-e6ad60a966804667baa9,tagnt,Mat.9.2,Mat.9.2,locked runtime authority retained; raw secondary textual/segmentation variant recorded
strong_control_sequence_difference,low,resolved_by_locked_runtime_authority_contract,Mat.9.20,uk5-45ad8da0b2f513d03148,tagnt,Mat.9.20,Mat.9.20,locked runtime authority retained; raw secondary textual/segmentation variant recorded
strong_control_sequence_difference,low,resolved_by_locked_runtime_authority_contract,Mat.9.21,uk5-f607580117e257c061b8,tagnt,Mat.9.21,Mat.9.21,locked runtime authority retained; raw secondary textual/segmentation variant recorded
strong_control_sequence_difference,low,resolved_by_locked_runtime_authority_contract,Mat.9.3,uk5-859424e0509afa278e64,tagnt,Mat.9.3,Mat.9.3,locked runtime authority retained; raw secondary textual/segmentation variant recorded
strong_control_sequence_difference,low,resolved_by_locked_runtime_authority_contract,Mat.9.32,uk5-436c78aec5a436f0d4f7,tagnt,Mat.9.32,Mat.9.32,locked runtime authority retained; raw secondary textual/segmentation variant recorded
strong_control_sequence_difference,low,resolved_by_locked_runtime_authority_contract,Mat.9.4,uk5-f3e63b19bca880c3affe,tagnt,Mat.9.4,Mat.9.4,locked runtime authority retained; raw secondary textual/segmentation variant recorded
strong_control_sequence_difference,low,resolved_by_locked_runtime_authority_contract,Mat.9.5,uk5-f87392d9e2a169a5573d,tagnt,Mat.9.5,Mat.9.5,locked runtime authority retained; raw secondary textual/segmentation variant recorded
strong_control_sequence_difference,low,resolved_by_locked_runtime_authority_contract,Mat.9.9,uk5-e39ecf0230fd283e4117,tagnt,Mat.9.9,Mat.9.9,locked runtime authority retained; raw secondary textual/segmentation variant recorded
strong_control_sequence_difference,low,resolved_by_locked_runtime_authority_contract,Mic.1.11,uk5-bbc1c043f099be822d10,oshb,Mic.1.11,Mic.1.11,locked runtime authority retained; raw secondary textual/segmentation variant recorded
strong_control_sequence_difference,low,resolved_by_locked_runtime_authority_contract,Mic.4.5,uk5-cb86c83253f5d5b354d3,oshb,Mic.4.5,Mic.4.5,locked runtime authority retained; raw secondary textual/segmentation variant recorded
strong_control_sequence_difference,high,resolved_by_locked_runtime_authority_contract,Mic.5.1,uk5-b25a7bcb4cf1cd2f1b04,oshb,Mic.5.1,,locked runtime authority retained; raw secondary textual/segmentation variant recorded
strong_control_sequence_difference,high,resolved_by_locked_runtime_authority_contract,Mic.5.10,uk5-305d221043e0dcd8cf25,oshb,Mic.5.10,,locked runtime authority retained; raw secondary textual/segmentation variant recorded
strong_control_sequence_difference,high,resolved_by_locked_runtime_authority_contract,Mic.5.11,uk5-d42c0b9eeb0819658d15,oshb,Mic.5.11,,locked runtime authority retained; raw secondary textual/segmentation variant recorded
strong_control_sequence_difference,high,resolved_by_locked_runtime_authority_contract,Mic.5.12,uk5-afa42664727e467a070a,oshb,Mic.5.12,,locked runtime authority retained; raw secondary textual/segmentation variant recorded
strong_control_sequence_difference,high,resolved_by_locked_runtime_authority_contract,Mic.5.13,uk5-a5b1807880fa65c48571,oshb,Mic.5.13,,locked runtime authority retained; raw secondary textual/segmentation variant recorded
strong_control_sequence_difference,high,resolved_by_locked_runtime_authority_contract,Mic.5.14,uk5-356130aa3503c3ddff8d,oshb,Mic.5.14,,locked runtime authority retained; raw secondary textual/segmentation variant recorded
strong_control_sequence_difference,high,resolved_by_locked_runtime_authority_contract,Mic.5.15,uk5-d8a4e23cf1421c80e8d0,oshb,Mic.5.14,,locked runtime authority retained; raw secondary textual/segmentation variant recorded
strong_control_sequence_difference,high,resolved_by_locked_runtime_authority_contract,Mic.5.2,uk5-aab93804ce98b6a21d90,oshb,Mic.5.2,,locked runtime authority retained; raw secondary textual/segmentation variant recorded
strong_control_sequence_difference,high,resolved_by_locked_runtime_authority_contract,Mic.5.3,uk5-6a3c4fcf93418314ef15,oshb,Mic.5.3,,locked runtime authority retained; raw secondary textual/segmentation variant recorded
strong_control_sequence_difference,high,resolved_by_locked_runtime_authority_contract,Mic.5.4,uk5-5aa04bdaa532a7f6e412,oshb,Mic.5.4,,locked runtime authority retained; raw secondary textual/segmentation variant recorded
strong_control_sequence_difference,high,resolved_by_locked_runtime_authority_contract,Mic.5.5,uk5-a9a881aaa9dc54dd766b,oshb,Mic.5.5,,locked runtime authority retained; raw secondary textual/segmentation variant recorded
strong_control_sequence_difference,high,resolved_by_locked_runtime_authority_contract,Mic.5.6,uk5-b8b9cf9af8f6627feaeb,oshb,Mic.5.6,,locked runtime authority retained; raw secondary textual/segmentation variant recorded
strong_control_sequence_difference,high,resolved_by_locked_runtime_authority_contract,Mic.5.7,uk5-56ba3e3d5273874005da,oshb,Mic.5.7,,locked runtime authority retained; raw secondary textual/segmentation variant recorded
strong_control_sequence_difference,high,resolved_by_locked_runtime_authority_contract,Mic.5.8,uk5-7bb0bc1713fa99d3c12e,oshb,Mic.5.8,,locked runtime authority retained; raw secondary textual/segmentation variant recorded
strong_control_sequence_difference,high,resolved_by_locked_runtime_authority_contract,Mic.5.9,uk5-3aba6fe7c7f231185ecc,oshb,Mic.5.9,,locked runtime authority retained; raw secondary textual/segmentation variant recorded
strong_control_sequence_difference,high,resolved_by_locked_runtime_authority_contract,Nah.1.15,uk5-75b86e2f0c8ba1344c01,oshb,Nah.2.1,,locked runtime authority retained; raw secondary textual/segmentation variant recorded
strong_control_sequence_difference,high,resolved_by_locked_runtime_authority_contract,Nah.2.1,uk5-a5c91e6eb33801e6b482,oshb,Nah.2.1,,locked runtime authority retained; raw secondary textual/segmentation variant recorded
strong_control_sequence_difference,high,resolved_by_locked_runtime_authority_contract,Nah.2.10,uk5-fc4608233e7404045b9f,oshb,Nah.2.10,,locked runtime authority retained; raw secondary textual/segmentation variant recorded
strong_control_sequence_difference,high,resolved_by_locked_runtime_authority_contract,Nah.2.11,uk5-f7f51490ca3a8c399e82,oshb,Nah.2.11,,locked runtime authority retained; raw secondary textual/segmentation variant recorded
strong_control_sequence_difference,high,resolved_by_locked_runtime_authority_contract,Nah.2.12,uk5-f7adaab8d85287cb1904,oshb,Nah.2.12,,locked runtime authority retained; raw secondary textual/segmentation variant recorded
strong_control_sequence_difference,high,resolved_by_locked_runtime_authority_contract,Nah.2.13,uk5-d8bf9ea417c6e81adb1f,oshb,Nah.2.13,,locked runtime authority retained; raw secondary textual/segmentation variant recorded
strong_control_sequence_difference,high,resolved_by_locked_runtime_authority_contract,Nah.2.2,uk5-09eab728a59cb94b95d5,oshb,Nah.2.2,,locked runtime authority retained; raw secondary textual/segmentation variant recorded
strong_control_sequence_difference,high,resolved_by_locked_runtime_authority_contract,Nah.2.3,uk5-01ff6584b9ae945c3cae,oshb,Nah.2.3,,locked runtime authority retained; raw secondary textual/segmentation variant recorded
strong_control_sequence_difference,high,resolved_by_locked_runtime_authority_contract,Nah.2.4,uk5-957f0021921c393b3efa,oshb,Nah.2.4,,locked runtime authority retained; raw secondary textual/segmentation variant recorded
strong_control_sequence_difference,high,resolved_by_locked_runtime_authority_contract,Nah.2.5,uk5-e17e80723a996acbd395,oshb,Nah.2.5,,locked runtime authority retained; raw secondary textual/segmentation variant recorded
strong_control_sequence_difference,high,resolved_by_locked_runtime_authority_contract,Nah.2.6,uk5-0a6b0d5b71752eaeb0cb,oshb,Nah.2.6,,locked runtime authority retained; raw secondary textual/segmentation variant recorded
strong_control_sequence_difference,high,resolved_by_locked_runtime_authority_contract,Nah.2.7,uk5-58c302b63dab9df25902,oshb,Nah.2.7,,locked runtime authority retained; raw secondary textual/segmentation variant recorded
strong_control_sequence_difference,high,resolved_by_locked_runtime_authority_contract,Nah.2.8,uk5-5b21198e35eb8f744b10,oshb,Nah.2.8,,locked runtime authority retained; raw secondary textual/segmentation variant recorded
strong_control_sequence_difference,high,resolved_by_locked_runtime_authority_contract,Nah.2.9,uk5-45a5daf23ddfc81ce599,oshb,Nah.2.9,,locked runtime authority retained; raw secondary textual/segmentation variant recorded
strong_control_sequence_difference,high,resolved_by_locked_runtime_authority_contract,Neh.10.1,uk5-f9880c6c890eed0fefdc,oshb,Neh.10.1,,locked runtime authority retained; raw secondary textual/segmentation variant recorded
strong_control_sequence_difference,high,resolved_by_locked_runtime_authority_contract,Neh.10.10,uk5-3f6ec831eb8a3e39a982,oshb,Neh.10.10,,locked runtime authority retained; raw secondary textual/segmentation variant recorded
strong_control_sequence_difference,high,resolved_by_locked_runtime_authority_contract,Neh.10.11,uk5-d4b0af4f55ccb010b367,oshb,Neh.10.11,,locked runtime authority retained; raw secondary textual/segmentation variant recorded
strong_control_sequence_difference,high,resolved_by_locked_runtime_authority_contract,Neh.10.12,uk5-c9a961b1341130cadc3b,oshb,Neh.10.12,,locked runtime authority retained; raw secondary textual/segmentation variant recorded
strong_control_sequence_difference,high,resolved_by_locked_runtime_authority_contract,Neh.10.13,uk5-5e7cce98314cafd57873,oshb,Neh.10.13,,locked runtime authority retained; raw secondary textual/segmentation variant recorded
strong_control_sequence_difference,high,resolved_by_locked_runtime_authority_contract,Neh.10.14,uk5-8a12f6a2545602e059b8,oshb,Neh.10.14,,locked runtime authority retained; raw secondary textual/segmentation variant recorded
strong_control_sequence_difference,high,resolved_by_locked_runtime_authority_contract,Neh.10.15,uk5-f91aa1b6202b2c580038,oshb,Neh.10.15,,locked runtime authority retained; raw secondary textual/segmentation variant recorded
strong_control_sequence_difference,high,resolved_by_locked_runtime_authority_contract,Neh.10.16,uk5-8ae8e334b28fbca9e47e,oshb,Neh.10.16,,locked runtime authority retained; raw secondary textual/segmentation variant recorded
strong_control_sequence_difference,high,resolved_by_locked_runtime_authority_contract,Neh.10.17,uk5-c6a3ad2ce2134f28db22,oshb,Neh.10.17,,locked runtime authority retained; raw secondary textual/segmentation variant recorded
strong_control_sequence_difference,high,resolved_by_locked_runtime_authority_contract,Neh.10.18,uk5-0b07e87063dc0a5b27f7,oshb,Neh.10.18,,locked runtime authority retained; raw secondary textual/segmentation variant recorded
strong_control_sequence_difference,high,resolved_by_locked_runtime_authority_contract,Neh.10.19,uk5-1fb2d0ff125ece5227cc,oshb,Neh.10.19,,locked runtime authority retained; raw secondary textual/segmentation variant recorded
strong_control_sequence_difference,high,resolved_by_locked_runtime_authority_contract,Neh.10.2,uk5-ccee82f480c2e8b0c319,oshb,Neh.10.2,,locked runtime authority retained; raw secondary textual/segmentation variant recorded
strong_control_sequence_difference,high,resolved_by_locked_runtime_authority_contract,Neh.10.20,uk5-0a393cfc9be46f83a1cd,oshb,Neh.10.20,,locked runtime authority retained; raw secondary textual/segmentation variant recorded
strong_control_sequence_difference,high,resolved_by_locked_runtime_authority_contract,Neh.10.21,uk5-a1ea8da9cf4d9c6ef95e,oshb,Neh.10.21,,locked runtime authority retained; raw secondary textual/segmentation variant recorded
strong_control_sequence_difference,high,resolved_by_locked_runtime_authority_contract,Neh.10.22,uk5-23f5074dee4ca70cacb7,oshb,Neh.10.22,,locked runtime authority retained; raw secondary textual/segmentation variant recorded
strong_control_sequence_difference,high,resolved_by_locked_runtime_authority_contract,Neh.10.23,uk5-3fcbddfe07404beed221,oshb,Neh.10.23,,locked runtime authority retained; raw secondary textual/segmentation variant recorded
strong_control_sequence_difference,high,resolved_by_locked_runtime_authority_contract,Neh.10.24,uk5-b7b7bb944e3d959c509d,oshb,Neh.10.24,,locked runtime authority retained; raw secondary textual/segmentation variant recorded
strong_control_sequence_difference,high,resolved_by_locked_runtime_authority_contract,Neh.10.25,uk5-1f0ac2c0f523682057aa,oshb,Neh.10.25,,locked runtime authority retained; raw secondary textual/segmentation variant recorded
strong_control_sequence_difference,high,resolved_by_locked_runtime_authority_contract,Neh.10.26,uk5-005f92ae14492f9cc1ce,oshb,Neh.10.26,,locked runtime authority retained; raw secondary textual/segmentation variant recorded
strong_control_sequence_difference,high,resolved_by_locked_runtime_authority_contract,Neh.10.27,uk5-c1557ac205422febe1a4,oshb,Neh.10.27,,locked runtime authority retained; raw secondary textual/segmentation variant recorded
strong_control_sequence_difference,high,resolved_by_locked_runtime_authority_contract,Neh.10.28,uk5-60d276e07fd552fa2e95,oshb,Neh.10.28,,locked runtime authority retained; raw secondary textual/segmentation variant recorded
strong_control_sequence_difference,high,resolved_by_locked_runtime_authority_contract,Neh.10.29,uk5-1831cf02f17dc52dc8ca,oshb,Neh.10.29,,locked runtime authority retained; raw secondary textual/segmentation variant recorded
strong_control_sequence_difference,high,resolved_by_locked_runtime_authority_contract,Neh.10.3,uk5-39a705f0d169af6f5b45,oshb,Neh.10.3,,locked runtime authority retained; raw secondary textual/segmentation variant recorded
strong_control_sequence_difference,high,resolved_by_locked_runtime_authority_contract,Neh.10.30,uk5-a7bc6f7968fee528f7b6,oshb,Neh.10.30,,locked runtime authority retained; raw secondary textual/segmentation variant recorded
strong_control_sequence_difference,high,resolved_by_locked_runtime_authority_contract,Neh.10.31,uk5-618c7a04faf4c95630d1,oshb,Neh.10.31,,locked runtime authority retained; raw secondary textual/segmentation variant recorded
strong_control_sequence_difference,high,resolved_by_locked_runtime_authority_contract,Neh.10.32,uk5-03e7e938683bd8e98087,oshb,Neh.10.32,,locked runtime authority retained; raw secondary textual/segmentation variant recorded
strong_control_sequence_difference,high,resolved_by_locked_runtime_authority_contract,Neh.10.33,uk5-b3fc9d8a7973cc4d1795,oshb,Neh.10.33,,locked runtime authority retained; raw secondary textual/segmentation variant recorded
strong_control_sequence_difference,high,resolved_by_locked_runtime_authority_contract,Neh.10.34,uk5-c603d19b54db25fd9df3,oshb,Neh.10.34,,locked runtime authority retained; raw secondary textual/segmentation variant recorded
strong_control_sequence_difference,high,resolved_by_locked_runtime_authority_contract,Neh.10.35,uk5-117c56472c2c584e7f0a,oshb,Neh.10.35,,locked runtime authority retained; raw secondary textual/segmentation variant recorded
strong_control_sequence_difference,high,resolved_by_locked_runtime_authority_contract,Neh.10.36,uk5-8fb68e53cac3c8472b50,oshb,Neh.10.36,,locked runtime authority retained; raw secondary textual/segmentation variant recorded
strong_control_sequence_difference,high,resolved_by_locked_runtime_authority_contract,Neh.10.37,uk5-19b686caaf26f75865e8,oshb,Neh.10.37,,locked runtime authority retained; raw secondary textual/segmentation variant recorded
strong_control_sequence_difference,high,resolved_by_locked_runtime_authority_contract,Neh.10.38,uk5-be5e057729223635fde5,oshb,Neh.10.38,,locked runtime authority retained; raw secondary textual/segmentation variant recorded
strong_control_sequence_difference,high,resolved_by_locked_runtime_authority_contract,Neh.10.39,uk5-c046e0909c307fa798e3,oshb,Neh.10.39,,locked runtime authority retained; raw secondary textual/segmentation variant recorded
strong_control_sequence_difference,high,resolved_by_locked_runtime_authority_contract,Neh.10.4,uk5-4ea7b0a55479798e9ff5,oshb,Neh.10.4,,locked runtime authority retained; raw secondary textual/segmentation variant recorded
strong_control_sequence_difference,high,resolved_by_locked_runtime_authority_contract,Neh.10.5,uk5-b7a158d8d4fecdbd9fdd,oshb,Neh.10.5,,locked runtime authority retained; raw secondary textual/segmentation variant recorded
strong_control_sequence_difference,high,resolved_by_locked_runtime_authority_contract,Neh.10.6,uk5-c7ab0fa5be69bfbf8d30,oshb,Neh.10.6,,locked runtime authority retained; raw secondary textual/segmentation variant recorded
strong_control_sequence_difference,high,resolved_by_locked_runtime_authority_contract,Neh.10.7,uk5-cf5cc739d70f0084a198,oshb,Neh.10.7,,locked runtime authority retained; raw secondary textual/segmentation variant recorded
strong_control_sequence_difference,high,resolved_by_locked_runtime_authority_contract,Neh.10.8,uk5-018833394789e098c930,oshb,Neh.10.8,,locked runtime authority retained; raw secondary textual/segmentation variant recorded
strong_control_sequence_difference,high,resolved_by_locked_runtime_authority_contract,Neh.10.9,uk5-9bfaea14f8b114376e13,oshb,Neh.10.9,,locked runtime authority retained; raw secondary textual/segmentation variant recorded
strong_control_sequence_difference,low,resolved_by_locked_runtime_authority_contract,Neh.11.26,uk5-ec5f29108a4c3e14dffc,oshb,Neh.11.26,Neh.11.26,locked runtime authority retained; raw secondary textual/segmentation variant recorded
strong_control_sequence_difference,low,resolved_by_locked_runtime_authority_contract,Neh.11.27,uk5-019a4b135729140d5568,oshb,Neh.11.27,Neh.11.27,locked runtime authority retained; raw secondary textual/segmentation variant recorded
strong_control_sequence_difference,low,resolved_by_locked_runtime_authority_contract,Neh.11.29,uk5-cacae165d64a1fabf114,oshb,Neh.11.29,Neh.11.29,locked runtime authority retained; raw secondary textual/segmentation variant recorded
strong_control_sequence_difference,low,resolved_by_locked_runtime_authority_contract,Neh.11.35,uk5-178a9f75d5569d264fad,oshb,Neh.11.35,Neh.11.35,locked runtime authority retained; raw secondary textual/segmentation variant recorded
strong_control_sequence_difference,low,resolved_by_locked_runtime_authority_contract,Neh.12.10,uk5-2d5368ff7ad5c55079ab,oshb,Neh.12.10,Neh.12.10,locked runtime authority retained; raw secondary textual/segmentation variant recorded
strong_control_sequence_difference,low,resolved_by_locked_runtime_authority_contract,Neh.12.14,uk5-171d4cc50f6f3045435f,oshb,Neh.12.14,Neh.12.14,locked runtime authority retained; raw secondary textual/segmentation variant recorded
strong_control_sequence_difference,low,resolved_by_locked_runtime_authority_contract,Neh.12.16,uk5-993d97dae8a42c9f231a,oshb,Neh.12.16,Neh.12.16,locked runtime authority retained; raw secondary textual/segmentation variant recorded
strong_control_sequence_difference,low,resolved_by_locked_runtime_authority_contract,Neh.12.19,uk5-390aadf6fee8da8cfe16,oshb,Neh.12.19,Neh.12.19,locked runtime authority retained; raw secondary textual/segmentation variant recorded
strong_control_sequence_difference,low,resolved_by_locked_runtime_authority_contract,Neh.12.6,uk5-fbc9d48ddb88ba044417,oshb,Neh.12.6,Neh.12.6,locked runtime authority retained; raw secondary textual/segmentation variant recorded
uxlc_independent_surface_difference,medium,resolved_by_locked_runtime_authority_contract,Neh.13.23,uk5-ba02c4ef5ae08a07e5dc,oshb,Neh.13.23,Neh.13.23,independent UXLC surface difference recorded; OSHB Strong authority retained
strong_control_sequence_difference,high,resolved_by_locked_runtime_authority_contract,Neh.4.1,uk5-78aaa3cd4989f5d83a6b,oshb,Neh.4.1,,locked runtime authority retained; raw secondary textual/segmentation variant recorded
strong_control_sequence_difference,high,resolved_by_locked_runtime_authority_contract,Neh.4.10,uk5-18943334d55528d8f6a1,oshb,Neh.4.10,,locked runtime authority retained; raw secondary textual/segmentation variant recorded
strong_control_sequence_difference,high,resolved_by_locked_runtime_authority_contract,Neh.4.11,uk5-abf012f2138d462abf44,oshb,Neh.4.11,,locked runtime authority retained; raw secondary textual/segmentation variant recorded
strong_control_sequence_difference,high,resolved_by_locked_runtime_authority_contract,Neh.4.12,uk5-acf79f1379bc0cb9d729,oshb,Neh.4.12,,locked runtime authority retained; raw secondary textual/segmentation variant recorded
strong_control_sequence_difference,high,resolved_by_locked_runtime_authority_contract,Neh.4.13,uk5-d4636a15b7d16dadfc25,oshb,Neh.4.13,,locked runtime authority retained; raw secondary textual/segmentation variant recorded
strong_control_sequence_difference,high,resolved_by_locked_runtime_authority_contract,Neh.4.14,uk5-b639a5ed316b9b59119e,oshb,Neh.4.14,,locked runtime authority retained; raw secondary textual/segmentation variant recorded
strong_control_sequence_difference,high,resolved_by_locked_runtime_authority_contract,Neh.4.15,uk5-c28f9daef354000b63a3,oshb,Neh.4.15,,locked runtime authority retained; raw secondary textual/segmentation variant recorded
strong_control_sequence_difference,high,resolved_by_locked_runtime_authority_contract,Neh.4.16,uk5-07e5ccbe1cb7d25e2638,oshb,Neh.4.16,,locked runtime authority retained; raw secondary textual/segmentation variant recorded
strong_control_sequence_difference,high,resolved_by_locked_runtime_authority_contract,Neh.4.17,uk5-b60b27264f9494acf4b3,oshb,Neh.4.17,,locked runtime authority retained; raw secondary textual/segmentation variant recorded
strong_control_sequence_difference,high,resolved_by_locked_runtime_authority_contract,Neh.4.18,uk5-72516cd0affccc036732,oshb,Neh.4.12,,locked runtime authority retained; raw secondary textual/segmentation variant recorded
strong_control_sequence_difference,high,resolved_by_locked_runtime_authority_contract,Neh.4.19,uk5-7723af50c14c64a2014c,oshb,Neh.4.13,,locked runtime authority retained; raw secondary textual/segmentation variant recorded
strong_control_sequence_difference,high,resolved_by_locked_runtime_authority_contract,Neh.4.2,uk5-a9e2267d22fc6bae5789,oshb,Neh.4.2,,locked runtime authority retained; raw secondary textual/segmentation variant recorded
strong_control_sequence_difference,high,resolved_by_locked_runtime_authority_contract,Neh.4.20,uk5-f6a2ac5b756796649fef,oshb,Neh.4.14,,locked runtime authority retained; raw secondary textual/segmentation variant recorded
strong_control_sequence_difference,high,resolved_by_locked_runtime_authority_contract,Neh.4.21,uk5-27e299eeda2db27dd764,oshb,Neh.4.15,,locked runtime authority retained; raw secondary textual/segmentation variant recorded
strong_control_sequence_difference,high,resolved_by_locked_runtime_authority_contract,Neh.4.22,uk5-d20a350898efbf27da27,oshb,Neh.4.16,,locked runtime authority retained; raw secondary textual/segmentation variant recorded
strong_control_sequence_difference,high,resolved_by_locked_runtime_authority_contract,Neh.4.23,uk5-fab9efcbf6f95f0043e1,oshb,Neh.4.17,,locked runtime authority retained; raw secondary textual/segmentation variant recorded
strong_control_sequence_difference,high,resolved_by_locked_runtime_authority_contract,Neh.4.3,uk5-ef55c5e5c98ead28db2b,oshb,Neh.4.3,,locked runtime authority retained; raw secondary textual/segmentation variant recorded
strong_control_sequence_difference,high,resolved_by_locked_runtime_authority_contract,Neh.4.4,uk5-7f667d8415c14263e57a,oshb,Neh.4.4,,locked runtime authority retained; raw secondary textual/segmentation variant recorded
strong_control_sequence_difference,high,resolved_by_locked_runtime_authority_contract,Neh.4.5,uk5-4dac2c3e1dfba92586db,oshb,Neh.4.5,,locked runtime authority retained; raw secondary textual/segmentation variant recorded
strong_control_sequence_difference,high,resolved_by_locked_runtime_authority_contract,Neh.4.6,uk5-2f19c444fd3c66ce3d81,oshb,Neh.4.6,,locked runtime authority retained; raw secondary textual/segmentation variant recorded
strong_control_sequence_difference,high,resolved_by_locked_runtime_authority_contract,Neh.4.7,uk5-52e1d5cfcf2ceb6b1279,oshb,Neh.4.7,,locked runtime authority retained; raw secondary textual/segmentation variant recorded
strong_control_sequence_difference,high,resolved_by_locked_runtime_authority_contract,Neh.4.8,uk5-ca6e100fec8161c2709d,oshb,Neh.4.8,,locked runtime authority retained; raw secondary textual/segmentation variant recorded
strong_control_sequence_difference,high,resolved_by_locked_runtime_authority_contract,Neh.4.9,uk5-8c45990b28f0281860aa,oshb,Neh.4.9,,locked runtime authority retained; raw secondary textual/segmentation variant recorded
strong_control_sequence_difference,low,resolved_by_locked_runtime_authority_contract,Neh.7.26,uk5-3e5983536f125b1b0583,oshb,Neh.7.26,Neh.7.26,locked runtime authority retained; raw secondary textual/segmentation variant recorded
strong_control_sequence_difference,low,resolved_by_locked_runtime_authority_contract,Neh.7.28,uk5-7210879fef85aafe92d9,oshb,Neh.7.28,Neh.7.28,locked runtime authority retained; raw secondary textual/segmentation variant recorded
strong_control_sequence_difference,low,resolved_by_locked_runtime_authority_contract,Neh.7.29,uk5-ff9d961b395c0e118c4b,oshb,Neh.7.29,Neh.7.29,locked runtime authority retained; raw secondary textual/segmentation variant recorded
strong_control_sequence_difference,low,resolved_by_locked_runtime_authority_contract,Neh.7.32,uk5-d2b152c6f90a6d549399,oshb,Neh.7.32,Neh.7.32,locked runtime authority retained; raw secondary textual/segmentation variant recorded
strong_control_sequence_difference,high,resolved_by_locked_runtime_authority_contract,Neh.7.68,uk5-1116b8268b214a9ab4b9,oshb,Neh.7.68,,locked runtime authority retained; raw secondary textual/segmentation variant recorded
strong_control_sequence_difference,high,resolved_by_locked_runtime_authority_contract,Neh.7.69,uk5-3a073e065c040e629944,oshb,Neh.7.69,,locked runtime authority retained; raw secondary textual/segmentation variant recorded
strong_control_sequence_difference,high,resolved_by_locked_runtime_authority_contract,Neh.7.70,uk5-3914d08badf0951c26ee,oshb,Neh.7.70,,locked runtime authority retained; raw secondary textual/segmentation variant recorded
strong_control_sequence_difference,high,resolved_by_locked_runtime_authority_contract,Neh.7.71,uk5-b3ae8dfef8bfc2393dcc,oshb,Neh.7.71,,locked runtime authority retained; raw secondary textual/segmentation variant recorded
strong_control_sequence_difference,high,resolved_by_locked_runtime_authority_contract,Neh.7.72,uk5-dd7fa893d7ede8b71a0d,oshb,Neh.7.72,,locked runtime authority retained; raw secondary textual/segmentation variant recorded
strong_control_sequence_difference,high,resolved_by_locked_runtime_authority_contract,Neh.7.73,uk5-7e463ec41267977c307d,oshb,Neh.7.72,,locked runtime authority retained; raw secondary textual/segmentation variant recorded
strong_control_sequence_difference,high,resolved_by_locked_runtime_authority_contract,Neh.9.38,uk5-10d6747f4cc1ff998802,oshb,Neh.10.1,,locked runtime authority retained; raw secondary textual/segmentation variant recorded
strong_control_sequence_difference,low,resolved_by_locked_runtime_authority_contract,Num.10.30,uk5-ac596c19833a9ee96aee,oshb,Num.10.30,Num.10.30,locked runtime authority retained; raw secondary textual/segmentation variant recorded
strong_control_sequence_difference,low,resolved_by_locked_runtime_authority_contract,Num.12.9,uk5-3c1e1b217e73c20f706a,oshb,Num.12.9,Num.12.9,locked runtime authority retained; raw secondary textual/segmentation variant recorded
uxlc_independent_surface_difference,medium,resolved_by_locked_runtime_authority_contract,Num.12.9,uk5-3c1e1b217e73c20f706a,oshb,Num.12.9,Num.12.9,independent UXLC surface difference recorded; OSHB Strong authority retained
strong_control_sequence_difference,low,resolved_by_locked_runtime_authority_contract,Num.16.25,uk5-855d95b2949a4c622771,oshb,Num.16.25,Num.16.25,locked runtime authority retained; raw secondary textual/segmentation variant recorded
strong_control_sequence_difference,high,resolved_by_locked_runtime_authority_contract,Num.16.36,uk5-020789a643805a4d3913,oshb,Num.17.1,,locked runtime authority retained; raw secondary textual/segmentation variant recorded
strong_control_sequence_difference,high,resolved_by_locked_runtime_authority_contract,Num.16.37,uk5-aeae5c26d9e818ab8f2d,oshb,Num.17.2,,locked runtime authority retained; raw secondary textual/segmentation variant recorded
strong_control_sequence_difference,high,resolved_by_locked_runtime_authority_contract,Num.16.38,uk5-8d56d1b09e84475ec0a1,oshb,Num.17.3,,locked runtime authority retained; raw secondary textual/segmentation variant recorded
strong_control_sequence_difference,high,resolved_by_locked_runtime_authority_contract,Num.16.39,uk5-8ccb95e1b3af60a7bb0f,oshb,Num.17.4,,locked runtime authority retained; raw secondary textual/segmentation variant recorded
strong_control_sequence_difference,high,resolved_by_locked_runtime_authority_contract,Num.16.40,uk5-0154586beea710b33fda,oshb,Num.17.5,,locked runtime authority retained; raw secondary textual/segmentation variant recorded
strong_control_sequence_difference,high,resolved_by_locked_runtime_authority_contract,Num.16.41,uk5-9e5a6dc317f61df96bcc,oshb,Num.17.6,,locked runtime authority retained; raw secondary textual/segmentation variant recorded
strong_control_sequence_difference,high,resolved_by_locked_runtime_authority_contract,Num.16.42,uk5-62a17b1e7b377fc11fd3,oshb,Num.17.7,,locked runtime authority retained; raw secondary textual/segmentation variant recorded
strong_control_sequence_difference,high,resolved_by_locked_runtime_authority_contract,Num.16.43,uk5-dd44e4f1fd2d4a7f0ed5,oshb,Num.17.8,,locked runtime authority retained; raw secondary textual/segmentation variant recorded
strong_control_sequence_difference,high,resolved_by_locked_runtime_authority_contract,Num.16.44,uk5-b88c055b69fa9e75ff68,oshb,Num.17.9,,locked runtime authority retained; raw secondary textual/segmentation variant recorded
strong_control_sequence_difference,high,resolved_by_locked_runtime_authority_contract,Num.16.45,uk5-f1148f1bb99879bcc022,oshb,Num.17.10,,locked runtime authority retained; raw secondary textual/segmentation variant recorded
strong_control_sequence_difference,high,resolved_by_locked_runtime_authority_contract,Num.16.46,uk5-d8715f8b4a46eb878c4b,oshb,Num.17.11,,locked runtime authority retained; raw secondary textual/segmentation variant recorded
strong_control_sequence_difference,high,resolved_by_locked_runtime_authority_contract,Num.16.47,uk5-df94009681e48c0485b4,oshb,Num.17.12,,locked runtime authority retained; raw secondary textual/segmentation variant recorded
strong_control_sequence_difference,high,resolved_by_locked_runtime_authority_contract,Num.16.48,uk5-c68e360c67f1ba17d759,oshb,Num.17.13,,locked runtime authority retained; raw secondary textual/segmentation variant recorded
strong_control_sequence_difference,high,resolved_by_locked_runtime_authority_contract,Num.16.49,uk5-530c551615a8c70f4939,oshb,Num.17.14,,locked runtime authority retained; raw secondary textual/segmentation variant recorded
strong_control_sequence_difference,high,resolved_by_locked_runtime_authority_contract,Num.16.50,uk5-263507a391e8f201101b,oshb,Num.17.15,,locked runtime authority retained; raw secondary textual/segmentation variant recorded
strong_control_sequence_difference,high,resolved_by_locked_runtime_authority_contract,Num.17.1,uk5-f87fe19b1130d94a7c54,oshb,Num.17.1,,locked runtime authority retained; raw secondary textual/segmentation variant recorded
strong_control_sequence_difference,high,resolved_by_locked_runtime_authority_contract,Num.17.10,uk5-ac21b093c842123cc566,oshb,Num.17.10,,locked runtime authority retained; raw secondary textual/segmentation variant recorded
strong_control_sequence_difference,high,resolved_by_locked_runtime_authority_contract,Num.17.11,uk5-414d7bc9abe5316bf284,oshb,Num.17.11,,locked runtime authority retained; raw secondary textual/segmentation variant recorded
strong_control_sequence_difference,high,resolved_by_locked_runtime_authority_contract,Num.17.12,uk5-4778395c1703f3e2fc4b,oshb,Num.17.12,,locked runtime authority retained; raw secondary textual/segmentation variant recorded
strong_control_sequence_difference,high,resolved_by_locked_runtime_authority_contract,Num.17.13,uk5-4e3c00af89d34fd1ac42,oshb,Num.17.13,,locked runtime authority retained; raw secondary textual/segmentation variant recorded
strong_control_sequence_difference,high,resolved_by_locked_runtime_authority_contract,Num.17.2,uk5-6f33254742927964d6f1,oshb,Num.17.2,,locked runtime authority retained; raw secondary textual/segmentation variant recorded
strong_control_sequence_difference,high,resolved_by_locked_runtime_authority_contract,Num.17.3,uk5-cfb71065a758aa7e1422,oshb,Num.17.3,,locked runtime authority retained; raw secondary textual/segmentation variant recorded
strong_control_sequence_difference,high,resolved_by_locked_runtime_authority_contract,Num.17.4,uk5-a85ca449b09cb223b9cf,oshb,Num.17.4,,locked runtime authority retained; raw secondary textual/segmentation variant recorded
strong_control_sequence_difference,high,resolved_by_locked_runtime_authority_contract,Num.17.5,uk5-c6b2552fa8acd549aa1d,oshb,Num.17.5,,locked runtime authority retained; raw secondary textual/segmentation variant recorded
strong_control_sequence_difference,high,resolved_by_locked_runtime_authority_contract,Num.17.6,uk5-0ced413a1ce7731ae562,oshb,Num.17.6,,locked runtime authority retained; raw secondary textual/segmentation variant recorded
strong_control_sequence_difference,high,resolved_by_locked_runtime_authority_contract,Num.17.7,uk5-4be02de94bc1168d65f5,oshb,Num.17.7,,locked runtime authority retained; raw secondary textual/segmentation variant recorded
strong_control_sequence_difference,high,resolved_by_locked_runtime_authority_contract,Num.17.8,uk5-b256caaa5bb36ef8831d,oshb,Num.17.8,,locked runtime authority retained; raw secondary textual/segmentation variant recorded
strong_control_sequence_difference,high,resolved_by_locked_runtime_authority_contract,Num.17.9,uk5-4b59986a715473c17ae2,oshb,Num.17.9,,locked runtime authority retained; raw secondary textual/segmentation variant recorded
strong_control_sequence_difference,low,resolved_by_locked_runtime_authority_contract,Num.22.35,uk5-01292b04c803a919bc06,oshb,Num.22.35,Num.22.35,locked runtime authority retained; raw secondary textual/segmentation variant recorded
strong_control_sequence_difference,low,resolved_by_locked_runtime_authority_contract,Num.22.39,uk5-33a5bf79d7181fd91527,oshb,Num.22.39,Num.22.39,locked runtime authority retained; raw secondary textual/segmentation variant recorded
strong_control_sequence_difference,low,resolved_by_locked_runtime_authority_contract,Num.23.3,uk5-4f0d85040c4ae98d13d1,oshb,Num.23.3,Num.23.3,locked runtime authority retained; raw secondary textual/segmentation variant recorded
strong_control_sequence_difference,low,resolved_by_locked_runtime_authority_contract,Num.23.7,uk5-7f3e67039e0a79074712,oshb,Num.23.7,Num.23.7,locked runtime authority retained; raw secondary textual/segmentation variant recorded
strong_control_sequence_difference,low,resolved_by_locked_runtime_authority_contract,Num.24.25,uk5-d8f723ed0caa41ffb319,oshb,Num.24.25,Num.24.25,locked runtime authority retained; raw secondary textual/segmentation variant recorded
strong_control_sequence_difference,low,resolved_by_locked_runtime_authority_contract,Num.25.5,uk5-001c34e29edda0083399,oshb,Num.25.5,Num.25.5,locked runtime authority retained; raw secondary textual/segmentation variant recorded
uxlc_independent_surface_difference,medium,resolved_by_locked_runtime_authority_contract,Num.27.5,uk5-4b6fc27a6829a272c4e5,oshb,Num.27.5,Num.27.5,independent UXLC surface difference recorded; OSHB Strong authority retained
strong_control_sequence_difference,high,resolved_by_locked_runtime_authority_contract,Num.29.40,uk5-11f4be1494aaae450c99,oshb,Num.30.1,,locked runtime authority retained; raw secondary textual/segmentation variant recorded
strong_control_sequence_difference,low,resolved_by_locked_runtime_authority_contract,Num.3.33,uk5-3899862fd2c3ff41c1eb,oshb,Num.3.33,Num.3.33,locked runtime authority retained; raw secondary textual/segmentation variant recorded
strong_control_sequence_difference,high,resolved_by_locked_runtime_authority_contract,Num.30.1,uk5-a07d47e4e69ba0797690,oshb,Num.30.1,,locked runtime authority retained; raw secondary textual/segmentation variant recorded
strong_control_sequence_difference,high,resolved_by_locked_runtime_authority_contract,Num.30.10,uk5-7c6c9e3d5763066ce342,oshb,Num.30.10,,locked runtime authority retained; raw secondary textual/segmentation variant recorded
strong_control_sequence_difference,high,resolved_by_locked_runtime_authority_contract,Num.30.11,uk5-6fed2e60ad4cdacfb0d4,oshb,Num.30.11,,locked runtime authority retained; raw secondary textual/segmentation variant recorded
strong_control_sequence_difference,high,resolved_by_locked_runtime_authority_contract,Num.30.12,uk5-0e4a65810b14035ae74f,oshb,Num.30.12,,locked runtime authority retained; raw secondary textual/segmentation variant recorded
strong_control_sequence_difference,high,resolved_by_locked_runtime_authority_contract,Num.30.13,uk5-bf1876239608a7316e4d,oshb,Num.30.13,,locked runtime authority retained; raw secondary textual/segmentation variant recorded
strong_control_sequence_difference,high,resolved_by_locked_runtime_authority_contract,Num.30.14,uk5-b22189e69a0d69c2e2e3,oshb,Num.30.14,,locked runtime authority retained; raw secondary textual/segmentation variant recorded
strong_control_sequence_difference,high,resolved_by_locked_runtime_authority_contract,Num.30.15,uk5-0af68aca0b999494c6ad,oshb,Num.30.15,,locked runtime authority retained; raw secondary textual/segmentation variant recorded
strong_control_sequence_difference,high,resolved_by_locked_runtime_authority_contract,Num.30.16,uk5-2efae5e99eecb718f838,oshb,Num.30.16,,locked runtime authority retained; raw secondary textual/segmentation variant recorded
strong_control_sequence_difference,high,resolved_by_locked_runtime_authority_contract,Num.30.2,uk5-42bca05c201513e122a5,oshb,Num.30.2,,locked runtime authority retained; raw secondary textual/segmentation variant recorded
strong_control_sequence_difference,high,resolved_by_locked_runtime_authority_contract,Num.30.3,uk5-4c04c1c342bd5e7a1d6c,oshb,Num.30.3,,locked runtime authority retained; raw secondary textual/segmentation variant recorded
strong_control_sequence_difference,high,resolved_by_locked_runtime_authority_contract,Num.30.4,uk5-51be4f839d8e9325828d,oshb,Num.30.4,,locked runtime authority retained; raw secondary textual/segmentation variant recorded
strong_control_sequence_difference,high,resolved_by_locked_runtime_authority_contract,Num.30.5,uk5-2a6bdc671f1c1cc6228d,oshb,Num.30.5,,locked runtime authority retained; raw secondary textual/segmentation variant recorded
strong_control_sequence_difference,high,resolved_by_locked_runtime_authority_contract,Num.30.6,uk5-f86bf18b66c0d2a0ab57,oshb,Num.30.6,,locked runtime authority retained; raw secondary textual/segmentation variant recorded
strong_control_sequence_difference,high,resolved_by_locked_runtime_authority_contract,Num.30.7,uk5-8e69664d94bf5374ddcd,oshb,Num.30.7,,locked runtime authority retained; raw secondary textual/segmentation variant recorded
strong_control_sequence_difference,high,resolved_by_locked_runtime_authority_contract,Num.30.8,uk5-d1ce8b5c2b179fee642f,oshb,Num.30.8,,locked runtime authority retained; raw secondary textual/segmentation variant recorded
strong_control_sequence_difference,high,resolved_by_locked_runtime_authority_contract,Num.30.9,uk5-1fb2558c32b88a794a81,oshb,Num.30.9,,locked runtime authority retained; raw secondary textual/segmentation variant recorded
strong_control_sequence_difference,low,resolved_by_locked_runtime_authority_contract,Num.31.53,uk5-121e5fd9e60b4422a410,oshb,Num.31.53,Num.31.53,locked runtime authority retained; raw secondary textual/segmentation variant recorded
strong_control_sequence_difference,low,resolved_by_locked_runtime_authority_contract,Num.32.35,uk5-755da58b4ade6ad71fa0,oshb,Num.32.35,Num.32.35,locked runtime authority retained; raw secondary textual/segmentation variant recorded
strong_control_sequence_difference,low,resolved_by_locked_runtime_authority_contract,Num.32.36,uk5-504a75224088fda7e84f,oshb,Num.32.36,Num.32.36,locked runtime authority retained; raw secondary textual/segmentation variant recorded
strong_control_sequence_difference,low,resolved_by_locked_runtime_authority_contract,Num.33.17,uk5-9f02514d80b6169cc129,oshb,Num.33.17,Num.33.17,locked runtime authority retained; raw secondary textual/segmentation variant recorded
strong_control_sequence_difference,low,resolved_by_locked_runtime_authority_contract,Num.33.19,uk5-36fdd836344fd23d68e0,oshb,Num.33.19,Num.33.19,locked runtime authority retained; raw secondary textual/segmentation variant recorded
strong_control_sequence_difference,low,resolved_by_locked_runtime_authority_contract,Num.33.20,uk5-fc617ac24254fa8a474f,oshb,Num.33.20,Num.33.20,locked runtime authority retained; raw secondary textual/segmentation variant recorded
strong_control_sequence_difference,low,resolved_by_locked_runtime_authority_contract,Num.33.31,uk5-6ac7200bcd7c66e738fa,oshb,Num.33.31,Num.33.31,locked runtime authority retained; raw secondary textual/segmentation variant recorded
strong_control_sequence_difference,low,resolved_by_locked_runtime_authority_contract,Num.33.32,uk5-794121370e6977a04b0b,oshb,Num.33.32,Num.33.32,locked runtime authority retained; raw secondary textual/segmentation variant recorded
strong_control_sequence_difference,low,resolved_by_locked_runtime_authority_contract,Num.33.33,uk5-2212b2a51503c766a63c,oshb,Num.33.33,Num.33.33,locked runtime authority retained; raw secondary textual/segmentation variant recorded
strong_control_sequence_difference,low,resolved_by_locked_runtime_authority_contract,Num.33.35,uk5-2ac90c0aaa57ea6a3c30,oshb,Num.33.35,Num.33.35,locked runtime authority retained; raw secondary textual/segmentation variant recorded
strong_control_sequence_difference,low,resolved_by_locked_runtime_authority_contract,Num.33.49,uk5-66e91a8af99cd800489f,oshb,Num.33.49,Num.33.49,locked runtime authority retained; raw secondary textual/segmentation variant recorded
strong_control_sequence_difference,low,resolved_by_locked_runtime_authority_contract,Num.34.10,uk5-6da7d869228f18d65e74,oshb,Num.34.10,Num.34.10,locked runtime authority retained; raw secondary textual/segmentation variant recorded
strong_control_sequence_difference,low,resolved_by_locked_runtime_authority_contract,Num.34.4,uk5-61542520e8fd022aa01f,oshb,Num.34.4,Num.34.4,locked runtime authority retained; raw secondary textual/segmentation variant recorded
strong_control_sequence_difference,low,resolved_by_locked_runtime_authority_contract,Phil.1.13,uk5-6b0380b040d438eab660,tagnt,Phil.1.13,Phil.1.13,locked runtime authority retained; raw secondary textual/segmentation variant recorded
strong_control_sequence_difference,low,resolved_by_locked_runtime_authority_contract,Phil.1.14,uk5-551b407be9b28c2c2737,tagnt,Phil.1.14,Phil.1.14,locked runtime authority retained; raw secondary textual/segmentation variant recorded
strong_control_sequence_difference,low,resolved_by_locked_runtime_authority_contract,Phil.1.18,uk5-79d605008467fbc22101,tagnt,Phil.1.18,Phil.1.18,locked runtime authority retained; raw secondary textual/segmentation variant recorded
strong_control_sequence_difference,low,resolved_by_locked_runtime_authority_contract,Phil.1.23,uk5-8c702d90e198cc57a30f,tagnt,Phil.1.23,Phil.1.23,locked runtime authority retained; raw secondary textual/segmentation variant recorded
strong_control_sequence_difference,low,resolved_by_locked_runtime_authority_contract,Phil.1.3,uk5-cd4137ceee2f73dc3a99,tagnt,Phil.1.3,Phil.1.3,locked runtime authority retained; raw secondary textual/segmentation variant recorded
strong_control_sequence_difference,low,resolved_by_locked_runtime_authority_contract,Phil.1.8,uk5-bf8d432c544be429ce4a,tagnt,Phil.1.8,Phil.1.8,locked runtime authority retained; raw secondary textual/segmentation variant recorded
strong_control_sequence_difference,low,resolved_by_locked_runtime_authority_contract,Phil.2.1,uk5-17fe059044325ed6476a,tagnt,Phil.2.1,Phil.2.1,locked runtime authority retained; raw secondary textual/segmentation variant recorded
strong_control_sequence_difference,low,resolved_by_locked_runtime_authority_contract,Phil.2.12,uk5-c84d54e86294b029d16f,tagnt,Phil.2.12,Phil.2.12,locked runtime authority retained; raw secondary textual/segmentation variant recorded
strong_control_sequence_difference,medium,resolved_by_locked_runtime_authority_contract,Phil.2.18,uk5-f277350389db8a0c0ff5,tagnt,Phil.2.18,Phil.2.18,locked runtime authority retained; raw secondary textual/segmentation variant recorded
strong_control_sequence_difference,low,resolved_by_locked_runtime_authority_contract,Phil.2.25,uk5-eba49caff2c2a8270aa9,tagnt,Phil.2.25,Phil.2.25,locked runtime authority retained; raw secondary textual/segmentation variant recorded
strong_control_sequence_difference,medium,resolved_by_locked_runtime_authority_contract,Phil.2.28,uk5-1d5d33182ca1691d872b,tagnt,Phil.2.28,Phil.2.28,locked runtime authority retained; raw secondary textual/segmentation variant recorded
strong_control_sequence_difference,low,resolved_by_locked_runtime_authority_contract,Phil.2.6,uk5-d8dc7d9975822ce2de50,tagnt,Phil.2.6,Phil.2.6,locked runtime authority retained; raw secondary textual/segmentation variant recorded
strong_control_sequence_difference,low,resolved_by_locked_runtime_authority_contract,Phil.2.7,uk5-93b8a8cf100324365f6d,tagnt,Phil.2.7,Phil.2.7,locked runtime authority retained; raw secondary textual/segmentation variant recorded
strong_control_sequence_difference,low,resolved_by_locked_runtime_authority_contract,Phil.3.1,uk5-a3891a18ddf02c8d8006,tagnt,Phil.3.1,Phil.3.1,locked runtime authority retained; raw secondary textual/segmentation variant recorded
strong_control_sequence_difference,low,resolved_by_locked_runtime_authority_contract,Phil.3.16,uk5-313fe63f0726efaa5aa1,tagnt,Phil.3.16,Phil.3.16,locked runtime authority retained; raw secondary textual/segmentation variant recorded
strong_control_sequence_difference,low,resolved_by_locked_runtime_authority_contract,Phil.3.17,uk5-ccad9f87e37fd8a9f094,tagnt,Phil.3.17,Phil.3.17,locked runtime authority retained; raw secondary textual/segmentation variant recorded
strong_control_sequence_difference,low,resolved_by_locked_runtime_authority_contract,Phil.3.21,uk5-9ec28350da8c0c080b20,tagnt,Phil.3.21,Phil.3.21,locked runtime authority retained; raw secondary textual/segmentation variant recorded
strong_control_sequence_difference,low,resolved_by_locked_runtime_authority_contract,Phil.3.7,uk5-93cd495ae119ac57389c,tagnt,Phil.3.7,Phil.3.7,locked runtime authority retained; raw secondary textual/segmentation variant recorded
strong_control_sequence_difference,low,resolved_by_locked_runtime_authority_contract,Phil.4.1,uk5-3f767db74fbc059c5f4e,tagnt,Phil.4.1,Phil.4.1,locked runtime authority retained; raw secondary textual/segmentation variant recorded
strong_control_sequence_difference,low,resolved_by_locked_runtime_authority_contract,Phil.4.13,uk5-3c9a4b4b3128d80f7345,tagnt,Phil.4.13,Phil.4.13,locked runtime authority retained; raw secondary textual/segmentation variant recorded
strong_control_sequence_difference,low,resolved_by_locked_runtime_authority_contract,Phil.4.14,uk5-c8148a58e71f0d00b640,tagnt,Phil.4.14,Phil.4.14,locked runtime authority retained; raw secondary textual/segmentation variant recorded
strong_control_sequence_difference,low,resolved_by_locked_runtime_authority_contract,Phil.4.20,uk5-5136fbf5bebf3f9f837c,tagnt,Phil.4.20,Phil.4.20,locked runtime authority retained; raw secondary textual/segmentation variant recorded
strong_control_sequence_difference,medium,resolved_by_locked_runtime_authority_contract,Phil.4.23,uk5-c4a561dc2606b24a1ed5,tagnt,Phil.4.23,Phil.4.23,locked runtime authority retained; raw secondary textual/segmentation variant recorded
strong_control_sequence_difference,low,resolved_by_locked_runtime_authority_contract,Phil.4.4,uk5-c48835393fe72846433d,tagnt,Phil.4.4,Phil.4.4,locked runtime authority retained; raw secondary textual/segmentation variant recorded
strong_control_sequence_difference,low,resolved_by_locked_runtime_authority_contract,Phlm.1.10,uk5-13a782778ed5da104668,tagnt,Phlm.1.10,Phlm.1.10,locked runtime authority retained; raw secondary textual/segmentation variant recorded
strong_control_sequence_difference,low,resolved_by_locked_runtime_authority_contract,Phlm.1.12,uk5-9e1bd0aa35f1459e84b2,tagnt,Phlm.1.12,Phlm.1.12,locked runtime authority retained; raw secondary textual/segmentation variant recorded
strong_control_sequence_difference,low,resolved_by_locked_runtime_authority_contract,Phlm.1.17,uk5-228624755e5c5a785800,tagnt,Phlm.1.17,Phlm.1.17,locked runtime authority retained; raw secondary textual/segmentation variant recorded
strong_control_sequence_difference,low,resolved_by_locked_runtime_authority_contract,Phlm.1.19,uk5-8be431d886b5bb389e60,tagnt,Phlm.1.19,Phlm.1.19,locked runtime authority retained; raw secondary textual/segmentation variant recorded
strong_control_sequence_difference,low,resolved_by_locked_runtime_authority_contract,Phlm.1.20,uk5-3ed96447024f888c032d,tagnt,Phlm.1.20,Phlm.1.20,locked runtime authority retained; raw secondary textual/segmentation variant recorded
strong_control_sequence_difference,low,resolved_by_locked_runtime_authority_contract,Phlm.1.23,uk5-abc97ec07be900d46418,tagnt,Phlm.1.23,Phlm.1.23,locked runtime authority retained; raw secondary textual/segmentation variant recorded
strong_control_sequence_difference,low,resolved_by_locked_runtime_authority_contract,Phlm.1.24,uk5-ed6a1862b0db95392d72,tagnt,Phlm.1.24,Phlm.1.24,locked runtime authority retained; raw secondary textual/segmentation variant recorded
strong_control_sequence_difference,medium,resolved_by_locked_runtime_authority_contract,Phlm.1.25,uk5-eac6f1becc99eed05d5f,tagnt,Phlm.1.25,Phlm.1.25,locked runtime authority retained; raw secondary textual/segmentation variant recorded
strong_control_sequence_difference,low,resolved_by_locked_runtime_authority_contract,Phlm.1.3,uk5-deaa3409cdefd8bbeb92,tagnt,Phlm.1.3,Phlm.1.3,locked runtime authority retained; raw secondary textual/segmentation variant recorded
strong_control_sequence_difference,low,resolved_by_locked_runtime_authority_contract,Phlm.1.4,uk5-94ec3ce5df4b1e0beff2,tagnt,Phlm.1.4,Phlm.1.4,locked runtime authority retained; raw secondary textual/segmentation variant recorded
strong_control_sequence_difference,low,resolved_by_locked_runtime_authority_contract,Prov.10.29,uk5-7ef1967101e1abd1ba18,oshb,Prov.10.29,Prov.10.29,locked runtime authority retained; raw secondary textual/segmentation variant recorded
strong_control_sequence_difference,low,resolved_by_locked_runtime_authority_contract,Prov.10.9,uk5-94e797231945c1dc71be,oshb,Prov.10.9,Prov.10.9,locked runtime authority retained; raw secondary textual/segmentation variant recorded
uxlc_independent_surface_difference,medium,resolved_by_locked_runtime_authority_contract,Prov.12.1,uk5-7d5620f0b1d51c8ab6db,oshb,Prov.12.1,Prov.12.1,independent UXLC surface difference recorded; OSHB Strong authority retained
strong_control_sequence_difference,low,resolved_by_locked_runtime_authority_contract,Prov.12.10,uk5-2f51aa0f93056ad22277,oshb,Prov.12.10,Prov.12.10,locked runtime authority retained; raw secondary textual/segmentation variant recorded
strong_control_sequence_difference,low,resolved_by_locked_runtime_authority_contract,Prov.12.13,uk5-e0199ee874a5f9b2cf41,oshb,Prov.12.13,Prov.12.13,locked runtime authority retained; raw secondary textual/segmentation variant recorded
uxlc_independent_surface_difference,medium,resolved_by_locked_runtime_authority_contract,Prov.12.18,uk5-f9801fa4f37da6f54306,oshb,Prov.12.18,Prov.12.18,independent UXLC surface difference recorded; OSHB Strong authority retained
strong_control_sequence_difference,low,resolved_by_locked_runtime_authority_contract,Prov.13.20,uk5-454abc9baf26322ca977,oshb,Prov.13.20,Prov.13.20,locked runtime authority retained; raw secondary textual/segmentation variant recorded
strong_control_sequence_difference,medium,resolved_by_locked_runtime_authority_contract,Prov.13.23,uk5-e27a4965a3349ca14188,oshb,Prov.13.23,Prov.13.23,locked runtime authority retained; raw secondary textual/segmentation variant recorded
uxlc_independent_surface_difference,medium,resolved_by_locked_runtime_authority_contract,Prov.15.31,uk5-054e1122dfffbce04a05,oshb,Prov.15.31,Prov.15.31,independent UXLC surface difference recorded; OSHB Strong authority retained
strong_control_sequence_difference,low,resolved_by_locked_runtime_authority_contract,Prov.17.17,uk5-96b20e21e40540941f5b,oshb,Prov.17.17,Prov.17.17,locked runtime authority retained; raw secondary textual/segmentation variant recorded
strong_control_sequence_difference,low,resolved_by_locked_runtime_authority_contract,Prov.19.25,uk5-a69eca98bfec52561059,oshb,Prov.19.25,Prov.19.25,locked runtime authority retained; raw secondary textual/segmentation variant recorded
uxlc_independent_surface_difference,medium,resolved_by_locked_runtime_authority_contract,Prov.2.21,uk5-43eabe75173e4b5e0152,oshb,Prov.2.21,Prov.2.21,independent UXLC surface difference recorded; OSHB Strong authority retained
strong_control_sequence_difference,low,resolved_by_locked_runtime_authority_contract,Prov.2.7,uk5-53f58ed06ddaa1d67a11,oshb,Prov.2.7,Prov.2.7,locked runtime authority retained; raw secondary textual/segmentation variant recorded
strong_control_sequence_difference,low,resolved_by_locked_runtime_authority_contract,Prov.22.11,uk5-c2e7e0bac6398bb7b674,oshb,Prov.22.11,Prov.22.11,locked runtime authority retained; raw secondary textual/segmentation variant recorded
strong_control_sequence_difference,low,resolved_by_locked_runtime_authority_contract,Prov.23.24,uk5-4fc6872ec7e7fe1cddf7,oshb,Prov.23.24,Prov.23.24,locked runtime authority retained; raw secondary textual/segmentation variant recorded
uxlc_independent_surface_difference,medium,resolved_by_locked_runtime_authority_contract,Prov.23.26,uk5-4e7a3a5866b62dd2f3db,oshb,Prov.23.26,Prov.23.26,independent UXLC surface difference recorded; OSHB Strong authority retained
strong_control_sequence_difference,low,resolved_by_locked_runtime_authority_contract,Prov.24.1,uk5-74ddf996cd8d0009c51a,oshb,Prov.24.1,Prov.24.1,locked runtime authority retained; raw secondary textual/segmentation variant recorded
strong_control_sequence_difference,low,resolved_by_locked_runtime_authority_contract,Prov.25.19,uk5-c4814d1c7e6909a9417e,oshb,Prov.25.19,Prov.25.19,locked runtime authority retained; raw secondary textual/segmentation variant recorded
strong_control_sequence_difference,low,resolved_by_locked_runtime_authority_contract,Prov.25.25,uk5-620ee5032afd7148553e,oshb,Prov.25.25,Prov.25.25,locked runtime authority retained; raw secondary textual/segmentation variant recorded
strong_control_sequence_difference,low,resolved_by_locked_runtime_authority_contract,Prov.25.28,uk5-29f179e6b94a6f029bd1,oshb,Prov.25.28,Prov.25.28,locked runtime authority retained; raw secondary textual/segmentation variant recorded
strong_control_sequence_difference,low,resolved_by_locked_runtime_authority_contract,Prov.26.10,uk5-ff1b79ff5a430eb20a72,oshb,Prov.26.10,Prov.26.10,locked runtime authority retained; raw secondary textual/segmentation variant recorded
strong_control_sequence_difference,low,resolved_by_locked_runtime_authority_contract,Prov.26.6,uk5-c99b19b3983bf25eeff2,oshb,Prov.26.6,Prov.26.6,locked runtime authority retained; raw secondary textual/segmentation variant recorded
strong_control_sequence_difference,low,resolved_by_locked_runtime_authority_contract,Prov.26.7,uk5-e9d21de2904b79e9b1f5,oshb,Prov.26.7,Prov.26.7,locked runtime authority retained; raw secondary textual/segmentation variant recorded
strong_control_sequence_difference,low,resolved_by_locked_runtime_authority_contract,Prov.27.20,uk5-ee357e12dc5e91f91db6,oshb,Prov.27.20,Prov.27.20,locked runtime authority retained; raw secondary textual/segmentation variant recorded
uxlc_independent_surface_difference,medium,resolved_by_locked_runtime_authority_contract,Prov.28.17,uk5-6151e83f8dfcb146adf0,oshb,Prov.28.17,Prov.28.17,independent UXLC surface difference recorded; OSHB Strong authority retained
strong_control_sequence_difference,low,resolved_by_locked_runtime_authority_contract,Prov.29.11,uk5-9b772adeae95e32d8a67,oshb,Prov.29.11,Prov.29.11,locked runtime authority retained; raw secondary textual/segmentation variant recorded
strong_control_sequence_difference,medium,resolved_by_locked_runtime_authority_contract,Prov.30.29,uk5-1a4563348c84c9b57760,oshb,Prov.30.29,Prov.30.29,locked runtime authority retained; raw secondary textual/segmentation variant recorded
strong_control_sequence_difference,medium,resolved_by_locked_runtime_authority_contract,Prov.31.2,uk5-29ef0314e9f0ece79a8a,oshb,Prov.31.2,Prov.31.2,locked runtime authority retained; raw secondary textual/segmentation variant recorded
strong_control_sequence_difference,low,resolved_by_locked_runtime_authority_contract,Prov.31.28,uk5-e45355edfd6ffdfc26df,oshb,Prov.31.28,Prov.31.28,locked runtime authority retained; raw secondary textual/segmentation variant recorded
uxlc_independent_surface_difference,medium,resolved_by_locked_runtime_authority_contract,Prov.31.28,uk5-e45355edfd6ffdfc26df,oshb,Prov.31.28,Prov.31.28,independent UXLC surface difference recorded; OSHB Strong authority retained
strong_control_sequence_difference,low,resolved_by_locked_runtime_authority_contract,Prov.5.19,uk5-3c66d752941e66cc199d,oshb,Prov.5.19,Prov.5.19,locked runtime authority retained; raw secondary textual/segmentation variant recorded
uxlc_independent_surface_difference,medium,resolved_by_locked_runtime_authority_contract,Prov.6.13,uk5-53e6930f11b96fc4d253,oshb,Prov.6.13,Prov.6.13,independent UXLC surface difference recorded; OSHB Strong authority retained
strong_control_sequence_difference,low,resolved_by_locked_runtime_authority_contract,Prov.6.14,uk5-0d6f6b55b641879e439e,oshb,Prov.6.14,Prov.6.14,locked runtime authority retained; raw secondary textual/segmentation variant recorded
strong_control_sequence_difference,low,resolved_by_locked_runtime_authority_contract,Prov.6.15,uk5-79c4ababc4f54ab9f7ad,oshb,Prov.6.15,Prov.6.15,locked runtime authority retained; raw secondary textual/segmentation variant recorded
uxlc_independent_surface_difference,medium,resolved_by_locked_runtime_authority_contract,Prov.6.16,uk5-afe45ab647b79830a3d8,oshb,Prov.6.16,Prov.6.16,independent UXLC surface difference recorded; OSHB Strong authority retained
strong_control_sequence_difference,low,resolved_by_locked_runtime_authority_contract,Prov.6.7,uk5-28870548d9aa5f65a239,oshb,Prov.6.7,Prov.6.7,locked runtime authority retained; raw secondary textual/segmentation variant recorded
uxlc_independent_surface_difference,medium,resolved_by_locked_runtime_authority_contract,Prov.8.35,uk5-ca3c5a58dea08fc6b7c4,oshb,Prov.8.35,Prov.8.35,independent UXLC surface difference recorded; OSHB Strong authority retained
strong_control_sequence_difference,low,resolved_by_locked_runtime_authority_contract,Ps.10.10,uk5-3d41864918fc42930720,oshb,Ps.10.10,Ps.10.10,locked runtime authority retained; raw secondary textual/segmentation variant recorded
strong_control_sequence_difference,medium,resolved_by_locked_runtime_authority_contract,Ps.100.1,uk5-2e231512a77da848f3ca,oshb,Ps.100.1,Ps.100.1,locked runtime authority retained; raw secondary textual/segmentation variant recorded
strong_control_sequence_difference,low,resolved_by_locked_runtime_authority_contract,Ps.101.1,uk5-62f4c134e21a2baaadba,oshb,Ps.101.1,Ps.101.1,locked runtime authority retained; raw secondary textual/segmentation variant recorded
strong_control_sequence_difference,high,resolved_by_locked_runtime_authority_contract,Ps.102.1,uk5-bee384f5d1d047945b75,oshb,Ps.102.1,Ps.101.1,locked runtime authority retained; raw secondary textual/segmentation variant recorded
strong_control_sequence_difference,high,resolved_by_locked_runtime_authority_contract,Ps.102.10,uk5-7ee9d711e445bfab79bf,oshb,Ps.102.10,,locked runtime authority retained; raw secondary textual/segmentation variant recorded
strong_control_sequence_difference,high,resolved_by_locked_runtime_authority_contract,Ps.102.11,uk5-44458c19c1a1a72216af,oshb,Ps.102.11,,locked runtime authority retained; raw secondary textual/segmentation variant recorded
strong_control_sequence_difference,high,resolved_by_locked_runtime_authority_contract,Ps.102.12,uk5-9b95964b948d5ad3bdab,oshb,Ps.102.12,,locked runtime authority retained; raw secondary textual/segmentation variant recorded
strong_control_sequence_difference,high,resolved_by_locked_runtime_authority_contract,Ps.102.13,uk5-4c3f2c1f5fe0e2718c58,oshb,Ps.102.13,,locked runtime authority retained; raw secondary textual/segmentation variant recorded
strong_control_sequence_difference,high,resolved_by_locked_runtime_authority_contract,Ps.102.14,uk5-82c097929e53dec269e8,oshb,Ps.102.14,,locked runtime authority retained; raw secondary textual/segmentation variant recorded
strong_control_sequence_difference,high,resolved_by_locked_runtime_authority_contract,Ps.102.15,uk5-dcb81faa9bbc4c5c11c2,oshb,Ps.102.15,,locked runtime authority retained; raw secondary textual/segmentation variant recorded
strong_control_sequence_difference,high,resolved_by_locked_runtime_authority_contract,Ps.102.16,uk5-861b765b88713e01bbb9,oshb,Ps.102.16,,locked runtime authority retained; raw secondary textual/segmentation variant recorded
strong_control_sequence_difference,high,resolved_by_locked_runtime_authority_contract,Ps.102.17,uk5-bcb1fc8b6f1076d13615,oshb,Ps.102.17,,locked runtime authority retained; raw secondary textual/segmentation variant recorded
strong_control_sequence_difference,high,resolved_by_locked_runtime_authority_contract,Ps.102.18,uk5-72c6a5ce81c0241d62a2,oshb,Ps.102.18,,locked runtime authority retained; raw secondary textual/segmentation variant recorded
strong_control_sequence_difference,high,resolved_by_locked_runtime_authority_contract,Ps.102.19,uk5-23199d98545b3afeebbf,oshb,Ps.102.19,,locked runtime authority retained; raw secondary textual/segmentation variant recorded
strong_control_sequence_difference,high,resolved_by_locked_runtime_authority_contract,Ps.102.2,uk5-bd85a0efb520528266d2,oshb,Ps.102.2,Ps.101.3,locked runtime authority retained; raw secondary textual/segmentation variant recorded
strong_control_sequence_difference,high,resolved_by_locked_runtime_authority_contract,Ps.102.20,uk5-260d232e9f382985502c,oshb,Ps.102.20,,locked runtime authority retained; raw secondary textual/segmentation variant recorded
strong_control_sequence_difference,high,resolved_by_locked_runtime_authority_contract,Ps.102.21,uk5-58eec9acb1743d4753d9,oshb,Ps.102.21,,locked runtime authority retained; raw secondary textual/segmentation variant recorded
strong_control_sequence_difference,high,resolved_by_locked_runtime_authority_contract,Ps.102.22,uk5-0e27fc47561cc20df658,oshb,Ps.102.22,,locked runtime authority retained; raw secondary textual/segmentation variant recorded
strong_control_sequence_difference,high,resolved_by_locked_runtime_authority_contract,Ps.102.23,uk5-0d853d357799272ae63c,oshb,Ps.102.23,,locked runtime authority retained; raw secondary textual/segmentation variant recorded
strong_control_sequence_difference,high,resolved_by_locked_runtime_authority_contract,Ps.102.24,uk5-cf2a079029ea0c0c6d04,oshb,Ps.102.24,,locked runtime authority retained; raw secondary textual/segmentation variant recorded
strong_control_sequence_difference,high,resolved_by_locked_runtime_authority_contract,Ps.102.25,uk5-4056c28dd8a789f0fa81,oshb,Ps.102.25,,locked runtime authority retained; raw secondary textual/segmentation variant recorded
strong_control_sequence_difference,high,resolved_by_locked_runtime_authority_contract,Ps.102.26,uk5-9df8826b4e9203c7ed86,oshb,Ps.102.26,,locked runtime authority retained; raw secondary textual/segmentation variant recorded
strong_control_sequence_difference,high,resolved_by_locked_runtime_authority_contract,Ps.102.27,uk5-5864a607cc50b3cfcffb,oshb,Ps.102.27,,locked runtime authority retained; raw secondary textual/segmentation variant recorded
strong_control_sequence_difference,high,resolved_by_locked_runtime_authority_contract,Ps.102.28,uk5-4ff253246daa2dd25cf8,oshb,Ps.102.28,,locked runtime authority retained; raw secondary textual/segmentation variant recorded
strong_control_sequence_difference,high,resolved_by_locked_runtime_authority_contract,Ps.102.3,uk5-c7b99b6c36e0376f6f09,oshb,Ps.102.3,Ps.101.4,locked runtime authority retained; raw secondary textual/segmentation variant recorded
strong_control_sequence_difference,high,resolved_by_locked_runtime_authority_contract,Ps.102.4,uk5-2cbe2ea880dcf1f2f8fb,oshb,Ps.102.4,Ps.101.5,locked runtime authority retained; raw secondary textual/segmentation variant recorded
strong_control_sequence_difference,high,resolved_by_locked_runtime_authority_contract,Ps.102.5,uk5-99e3d599d492588c18df,oshb,Ps.102.5,Ps.101.6,locked runtime authority retained; raw secondary textual/segmentation variant recorded
strong_control_sequence_difference,high,resolved_by_locked_runtime_authority_contract,Ps.102.6,uk5-d1a91467acf8210ff1d6,oshb,Ps.102.6,Ps.101.7,locked runtime authority retained; raw secondary textual/segmentation variant recorded
strong_control_sequence_difference,high,resolved_by_locked_runtime_authority_contract,Ps.102.7,uk5-b22c9f6492e060946b7f,oshb,Ps.102.7,Ps.101.8,locked runtime authority retained; raw secondary textual/segmentation variant recorded
strong_control_sequence_difference,high,resolved_by_locked_runtime_authority_contract,Ps.102.8,uk5-f598aafb3b3c124a6f6b,oshb,Ps.102.8,,locked runtime authority retained; raw secondary textual/segmentation variant recorded
strong_control_sequence_difference,high,resolved_by_locked_runtime_authority_contract,Ps.102.9,uk5-2da232fb730c36aa6a59,oshb,Ps.102.9,,locked runtime authority retained; raw secondary textual/segmentation variant recorded
strong_control_sequence_difference,low,resolved_by_locked_runtime_authority_contract,Ps.105.28,uk5-976b0faf96fc964a77a3,oshb,Ps.105.28,Ps.105.28,locked runtime authority retained; raw secondary textual/segmentation variant recorded
uxlc_independent_surface_difference,medium,resolved_by_locked_runtime_authority_contract,Ps.106.1,uk5-21584c87af0bf989582c,oshb,Ps.106.1,Ps.106.1,independent UXLC surface difference recorded; OSHB Strong authority retained
strong_control_sequence_difference,low,resolved_by_locked_runtime_authority_contract,Ps.106.29,uk5-e608c423c865aaff4ab9,oshb,Ps.106.29,Ps.106.29,locked runtime authority retained; raw secondary textual/segmentation variant recorded
strong_control_sequence_difference,low,resolved_by_locked_runtime_authority_contract,Ps.106.32,uk5-e0f436c6f9f879ca1b8d,oshb,Ps.106.32,Ps.106.32,locked runtime authority retained; raw secondary textual/segmentation variant recorded
strong_control_sequence_difference,high,resolved_by_locked_runtime_authority_contract,Ps.108.1,uk5-367eabe0d54ff3f0dad5,oshb,Ps.108.1,Ps.107.1,locked runtime authority retained; raw secondary textual/segmentation variant recorded
strong_control_sequence_difference,high,resolved_by_locked_runtime_authority_contract,Ps.108.10,uk5-85ddf58f6003c35384a0,oshb,Ps.108.10,Ps.107.11,locked runtime authority retained; raw secondary textual/segmentation variant recorded
strong_control_sequence_difference,high,resolved_by_locked_runtime_authority_contract,Ps.108.11,uk5-e571652da237d7b7e5d5,oshb,Ps.108.11,Ps.107.12,locked runtime authority retained; raw secondary textual/segmentation variant recorded
strong_control_sequence_difference,high,resolved_by_locked_runtime_authority_contract,Ps.108.12,uk5-6ec07812aadf84d04eef,oshb,Ps.108.12,Ps.107.13,locked runtime authority retained; raw secondary textual/segmentation variant recorded
strong_control_sequence_difference,high,resolved_by_locked_runtime_authority_contract,Ps.108.13,uk5-70e43df66d64f585944d,oshb,Ps.108.13,Ps.107.14,locked runtime authority retained; raw secondary textual/segmentation variant recorded
strong_control_sequence_difference,high,resolved_by_locked_runtime_authority_contract,Ps.108.2,uk5-2f0a676a87e77a4058a6,oshb,Ps.108.2,Ps.107.3,locked runtime authority retained; raw secondary textual/segmentation variant recorded
strong_control_sequence_difference,high,resolved_by_locked_runtime_authority_contract,Ps.108.3,uk5-6e54f0ff09b5d888c6b9,oshb,Ps.108.3,Ps.107.4,locked runtime authority retained; raw secondary textual/segmentation variant recorded
strong_control_sequence_difference,high,resolved_by_locked_runtime_authority_contract,Ps.108.4,uk5-fdd93eb4796cd2e70cb7,oshb,Ps.108.4,Ps.107.5,locked runtime authority retained; raw secondary textual/segmentation variant recorded
strong_control_sequence_difference,high,resolved_by_locked_runtime_authority_contract,Ps.108.5,uk5-8e1f0f6edbff9d9add90,oshb,Ps.108.5,Ps.107.6,locked runtime authority retained; raw secondary textual/segmentation variant recorded
strong_control_sequence_difference,high,resolved_by_locked_runtime_authority_contract,Ps.108.6,uk5-143bcb8db7cceffdda85,oshb,Ps.108.6,Ps.107.7,locked runtime authority retained; raw secondary textual/segmentation variant recorded
strong_control_sequence_difference,high,resolved_by_locked_runtime_authority_contract,Ps.108.7,uk5-b6cb10bfb2745789e2cc,oshb,Ps.108.7,Ps.107.8,locked runtime authority retained; raw secondary textual/segmentation variant recorded
strong_control_sequence_difference,high,resolved_by_locked_runtime_authority_contract,Ps.108.8,uk5-1d97571dece57b311e30,oshb,Ps.108.8,Ps.107.9,locked runtime authority retained; raw secondary textual/segmentation variant recorded
strong_control_sequence_difference,high,resolved_by_locked_runtime_authority_contract,Ps.108.9,uk5-0280b7aa7210ce7984cb,oshb,Ps.108.9,Ps.107.10,locked runtime authority retained; raw secondary textual/segmentation variant recorded
strong_control_sequence_difference,medium,resolved_by_locked_runtime_authority_contract,Ps.109.1,uk5-e34da2e55004956a674e,oshb,Ps.109.1,Ps.109.1,locked runtime authority retained; raw secondary textual/segmentation variant recorded
strong_control_sequence_difference,low,resolved_by_locked_runtime_authority_contract,Ps.109.13,uk5-87faa961ab81cec01961,oshb,Ps.109.13,Ps.109.13,locked runtime authority retained; raw secondary textual/segmentation variant recorded
strong_control_sequence_difference,low,resolved_by_locked_runtime_authority_contract,Ps.109.30,uk5-a1630a5d9bc2b4ab8dcb,oshb,Ps.109.30,Ps.109.30,locked runtime authority retained; raw secondary textual/segmentation variant recorded
strong_control_sequence_difference,low,resolved_by_locked_runtime_authority_contract,Ps.11.1,uk5-6239731f76f42e0a0d98,oshb,Ps.11.1,Ps.11.1,locked runtime authority retained; raw secondary textual/segmentation variant recorded
strong_control_sequence_difference,low,resolved_by_locked_runtime_authority_contract,Ps.116.13,uk5-1e5c1d1c6f71362d5a48,oshb,Ps.116.13,Ps.116.13,locked runtime authority retained; raw secondary textual/segmentation variant recorded
strong_control_sequence_difference,low,resolved_by_locked_runtime_authority_contract,Ps.119.63,uk5-b1668cc6a3adcf25345e,oshb,Ps.119.63,Ps.119.63,locked runtime authority retained; raw secondary textual/segmentation variant recorded
strong_control_sequence_difference,low,resolved_by_locked_runtime_authority_contract,Ps.119.67,uk5-66daf229fb68e587297a,oshb,Ps.119.67,Ps.119.67,locked runtime authority retained; raw secondary textual/segmentation variant recorded
strong_control_sequence_difference,low,resolved_by_locked_runtime_authority_contract,Ps.119.79,uk5-1b66e1c83b826f893374,oshb,Ps.119.79,Ps.119.79,locked runtime authority retained; raw secondary textual/segmentation variant recorded
strong_control_sequence_difference,low,resolved_by_locked_runtime_authority_contract,Ps.119.81,uk5-0fb336727aadf293a80a,oshb,Ps.119.81,Ps.119.81,locked runtime authority retained; raw secondary textual/segmentation variant recorded
strong_control_sequence_difference,high,resolved_by_locked_runtime_authority_contract,Ps.12.1,uk5-53d76e91e4c2dbba2347,oshb,Ps.12.1,Ps.11.1,locked runtime authority retained; raw secondary textual/segmentation variant recorded
strong_control_sequence_difference,high,resolved_by_locked_runtime_authority_contract,Ps.12.2,uk5-48b27a98d051e3832518,oshb,Ps.12.2,Ps.11.3,locked runtime authority retained; raw secondary textual/segmentation variant recorded
strong_control_sequence_difference,high,resolved_by_locked_runtime_authority_contract,Ps.12.3,uk5-a2339be8724b426ebd49,oshb,Ps.12.3,Ps.11.4,locked runtime authority retained; raw secondary textual/segmentation variant recorded
strong_control_sequence_difference,high,resolved_by_locked_runtime_authority_contract,Ps.12.4,uk5-b05019b654d44dd57e0e,oshb,Ps.12.4,Ps.11.5,locked runtime authority retained; raw secondary textual/segmentation variant recorded
strong_control_sequence_difference,high,resolved_by_locked_runtime_authority_contract,Ps.12.5,uk5-66cc4c824fca67a7ea82,oshb,Ps.12.5,Ps.11.6,locked runtime authority retained; raw secondary textual/segmentation variant recorded
strong_control_sequence_difference,high,resolved_by_locked_runtime_authority_contract,Ps.12.6,uk5-fd8ad7efbf85a18ed674,oshb,Ps.12.6,Ps.11.7,locked runtime authority retained; raw secondary textual/segmentation variant recorded
strong_control_sequence_difference,high,resolved_by_locked_runtime_authority_contract,Ps.12.7,uk5-3abcd29fccf84f81bea2,oshb,Ps.12.7,,locked runtime authority retained; raw secondary textual/segmentation variant recorded
strong_control_sequence_difference,high,resolved_by_locked_runtime_authority_contract,Ps.12.8,uk5-6b2607c4a95928949eaf,oshb,Ps.12.8,,locked runtime authority retained; raw secondary textual/segmentation variant recorded
strong_control_sequence_difference,low,resolved_by_locked_runtime_authority_contract,Ps.120.1,uk5-3973642db725624138f3,oshb,Ps.120.1,Ps.120.1,locked runtime authority retained; raw secondary textual/segmentation variant recorded
strong_control_sequence_difference,low,resolved_by_locked_runtime_authority_contract,Ps.121.1,uk5-eeb0d563a24b075f8fdc,oshb,Ps.121.1,Ps.121.1,locked runtime authority retained; raw secondary textual/segmentation variant recorded
strong_control_sequence_difference,high,resolved_by_locked_runtime_authority_contract,Ps.122.1,uk5-557a9d3fa1c8a88b7c56,oshb,Ps.122.1,Ps.122.1,locked runtime authority retained; raw secondary textual/segmentation variant recorded
strong_control_sequence_difference,low,resolved_by_locked_runtime_authority_contract,Ps.123.1,uk5-e67a694b5a77e682f9ef,oshb,Ps.123.1,Ps.123.1,locked runtime authority retained; raw secondary textual/segmentation variant recorded
strong_control_sequence_difference,medium,resolved_by_locked_runtime_authority_contract,Ps.123.4,uk5-c030c0549a50d519a412,oshb,Ps.123.4,Ps.123.4,locked runtime authority retained; raw secondary textual/segmentation variant recorded
strong_control_sequence_difference,low,resolved_by_locked_runtime_authority_contract,Ps.124.1,uk5-0419cd5bc1a07a1d32e8,oshb,Ps.124.1,Ps.124.1,locked runtime authority retained; raw secondary textual/segmentation variant recorded
strong_control_sequence_difference,low,resolved_by_locked_runtime_authority_contract,Ps.125.1,uk5-19b3eafdb9e1e2f565f7,oshb,Ps.125.1,Ps.125.1,locked runtime authority retained; raw secondary textual/segmentation variant recorded
strong_control_sequence_difference,low,resolved_by_locked_runtime_authority_contract,Ps.125.4,uk5-5b01fb456f386c2a3a6b,oshb,Ps.125.4,Ps.125.4,locked runtime authority retained; raw secondary textual/segmentation variant recorded
strong_control_sequence_difference,low,resolved_by_locked_runtime_authority_contract,Ps.126.1,uk5-e0ac4c57b96611a87876,oshb,Ps.126.1,Ps.126.1,locked runtime authority retained; raw secondary textual/segmentation variant recorded
strong_control_sequence_difference,low,resolved_by_locked_runtime_authority_contract,Ps.128.1,uk5-a652ed917bf108c942b9,oshb,Ps.128.1,Ps.128.1,locked runtime authority retained; raw secondary textual/segmentation variant recorded
strong_control_sequence_difference,low,resolved_by_locked_runtime_authority_contract,Ps.129.1,uk5-8799d9147de4ec3df63c,oshb,Ps.129.1,Ps.129.1,locked runtime authority retained; raw secondary textual/segmentation variant recorded
strong_control_sequence_difference,high,resolved_by_locked_runtime_authority_contract,Ps.13.1,uk5-ac3515afaadddbb69d01,oshb,Ps.13.1,,locked runtime authority retained; raw secondary textual/segmentation variant recorded
strong_control_sequence_difference,high,resolved_by_locked_runtime_authority_contract,Ps.13.2,uk5-5f7a522ab7cd7dfc89d5,oshb,Ps.13.2,,locked runtime authority retained; raw secondary textual/segmentation variant recorded
strong_control_sequence_difference,high,resolved_by_locked_runtime_authority_contract,Ps.13.3,uk5-967f204794535570a13f,oshb,Ps.13.3,,locked runtime authority retained; raw secondary textual/segmentation variant recorded
strong_control_sequence_difference,high,resolved_by_locked_runtime_authority_contract,Ps.13.4,uk5-bf52bb86c905a3646cd6,oshb,Ps.13.4,,locked runtime authority retained; raw secondary textual/segmentation variant recorded
strong_control_sequence_difference,high,resolved_by_locked_runtime_authority_contract,Ps.13.5,uk5-88df09394a8445f2a2cf,oshb,Ps.13.5,,locked runtime authority retained; raw secondary textual/segmentation variant recorded
strong_control_sequence_difference,medium,resolved_by_locked_runtime_authority_contract,Ps.13.6,uk5-88df09394a8445f2a2cf,oshb,Ps.13.6,Ps.13.6,locked runtime authority retained; raw secondary textual/segmentation variant recorded
strong_control_sequence_difference,low,resolved_by_locked_runtime_authority_contract,Ps.130.1,uk5-3ab15d7298f4dd92e840,oshb,Ps.130.1,Ps.130.1,locked runtime authority retained; raw secondary textual/segmentation variant recorded
strong_control_sequence_difference,low,resolved_by_locked_runtime_authority_contract,Ps.131.1,uk5-7f57af4fa65250004e23,oshb,Ps.131.1,Ps.131.1,locked runtime authority retained; raw secondary textual/segmentation variant recorded
strong_control_sequence_difference,low,resolved_by_locked_runtime_authority_contract,Ps.132.1,uk5-f41f426d993b1dd95099,oshb,Ps.132.1,Ps.132.1,locked runtime authority retained; raw secondary textual/segmentation variant recorded
strong_control_sequence_difference,low,resolved_by_locked_runtime_authority_contract,Ps.133.1,uk5-1a2eff2723e5b39598c9,oshb,Ps.133.1,Ps.133.1,locked runtime authority retained; raw secondary textual/segmentation variant recorded
strong_control_sequence_difference,high,resolved_by_locked_runtime_authority_contract,Ps.139.1,uk5-3c2bd73cdca855df2d2d,oshb,Ps.139.1,Ps.139.1,locked runtime authority retained; raw secondary textual/segmentation variant recorded
strong_control_sequence_difference,medium,resolved_by_locked_runtime_authority_contract,Ps.139.3,uk5-70dd737a38b491a2f329,oshb,Ps.139.3,Ps.139.3,locked runtime authority retained; raw secondary textual/segmentation variant recorded
strong_control_sequence_difference,high,resolved_by_locked_runtime_authority_contract,Ps.140.1,uk5-391b4f2b3e02e6fd088e,oshb,Ps.140.1,Ps.139.1,locked runtime authority retained; raw secondary textual/segmentation variant recorded
strong_control_sequence_difference,high,resolved_by_locked_runtime_authority_contract,Ps.140.10,uk5-ebb9f90308e1964fb872,oshb,Ps.140.10,Ps.139.11,locked runtime authority retained; raw secondary textual/segmentation variant recorded
strong_control_sequence_difference,high,resolved_by_locked_runtime_authority_contract,Ps.140.11,uk5-a5c6a81f472aa1709328,oshb,Ps.140.11,Ps.139.12,locked runtime authority retained; raw secondary textual/segmentation variant recorded
strong_control_sequence_difference,high,resolved_by_locked_runtime_authority_contract,Ps.140.12,uk5-32091f915bac96209354,oshb,Ps.140.12,Ps.139.13,locked runtime authority retained; raw secondary textual/segmentation variant recorded
strong_control_sequence_difference,high,resolved_by_locked_runtime_authority_contract,Ps.140.13,uk5-04c853f564f7c8d963fc,oshb,Ps.140.13,Ps.139.14,locked runtime authority retained; raw secondary textual/segmentation variant recorded
strong_control_sequence_difference,high,resolved_by_locked_runtime_authority_contract,Ps.140.2,uk5-a907cfa5ca9c01648cf6,oshb,Ps.140.2,Ps.139.3,locked runtime authority retained; raw secondary textual/segmentation variant recorded
strong_control_sequence_difference,high,resolved_by_locked_runtime_authority_contract,Ps.140.3,uk5-eaa168bfe49efc200b5c,oshb,Ps.140.3,Ps.139.4,locked runtime authority retained; raw secondary textual/segmentation variant recorded
strong_control_sequence_difference,high,resolved_by_locked_runtime_authority_contract,Ps.140.4,uk5-3e40e8c7b5d120581869,oshb,Ps.140.4,Ps.139.5,locked runtime authority retained; raw secondary textual/segmentation variant recorded
strong_control_sequence_difference,high,resolved_by_locked_runtime_authority_contract,Ps.140.5,uk5-6c068e6e4a378ca177bf,oshb,Ps.140.5,Ps.139.6,locked runtime authority retained; raw secondary textual/segmentation variant recorded
strong_control_sequence_difference,high,resolved_by_locked_runtime_authority_contract,Ps.140.6,uk5-41cbe9eff1945292ac2e,oshb,Ps.140.6,Ps.139.7,locked runtime authority retained; raw secondary textual/segmentation variant recorded
strong_control_sequence_difference,high,resolved_by_locked_runtime_authority_contract,Ps.140.7,uk5-0fced8c0dcd12f5eb551,oshb,Ps.140.7,Ps.139.8,locked runtime authority retained; raw secondary textual/segmentation variant recorded
strong_control_sequence_difference,high,resolved_by_locked_runtime_authority_contract,Ps.140.8,uk5-6f5737b0cf25eaf23aa7,oshb,Ps.140.8,Ps.139.9,locked runtime authority retained; raw secondary textual/segmentation variant recorded
strong_control_sequence_difference,high,resolved_by_locked_runtime_authority_contract,Ps.140.9,uk5-5757b883691079b0666a,oshb,Ps.140.9,Ps.139.10,locked runtime authority retained; raw secondary textual/segmentation variant recorded
strong_control_sequence_difference,low,resolved_by_locked_runtime_authority_contract,Ps.141.1,uk5-d6277ba630d82532fafa,oshb,Ps.141.1,Ps.141.1,locked runtime authority retained; raw secondary textual/segmentation variant recorded
strong_control_sequence_difference,high,resolved_by_locked_runtime_authority_contract,Ps.142.1,uk5-b88d07daf944036734b5,oshb,Ps.142.1,Ps.141.1,locked runtime authority retained; raw secondary textual/segmentation variant recorded
strong_control_sequence_difference,high,resolved_by_locked_runtime_authority_contract,Ps.142.2,uk5-4588795dbc7072cd42c4,oshb,Ps.142.2,Ps.141.3,locked runtime authority retained; raw secondary textual/segmentation variant recorded
strong_control_sequence_difference,high,resolved_by_locked_runtime_authority_contract,Ps.142.3,uk5-76a88a3f310374564079,oshb,Ps.142.3,Ps.141.4,locked runtime authority retained; raw secondary textual/segmentation variant recorded
strong_control_sequence_difference,high,resolved_by_locked_runtime_authority_contract,Ps.142.4,uk5-ac7a3698f4101444c19c,oshb,Ps.142.4,Ps.141.5,locked runtime authority retained; raw secondary textual/segmentation variant recorded
strong_control_sequence_difference,high,resolved_by_locked_runtime_authority_contract,Ps.142.5,uk5-33d0d0337909053a9401,oshb,Ps.142.5,Ps.141.6,locked runtime authority retained; raw secondary textual/segmentation variant recorded
strong_control_sequence_difference,high,resolved_by_locked_runtime_authority_contract,Ps.142.6,uk5-eea7d63e1faa4341a524,oshb,Ps.142.6,Ps.141.7,locked runtime authority retained; raw secondary textual/segmentation variant recorded
strong_control_sequence_difference,high,resolved_by_locked_runtime_authority_contract,Ps.142.7,uk5-09bc6e41427d7d9e8d53,oshb,Ps.142.7,Ps.141.8,locked runtime authority retained; raw secondary textual/segmentation variant recorded
strong_control_sequence_difference,low,resolved_by_locked_runtime_authority_contract,Ps.144.12,uk5-1afa828bbec68cddbc57,oshb,Ps.144.12,Ps.144.12,locked runtime authority retained; raw secondary textual/segmentation variant recorded
strong_control_sequence_difference,low,resolved_by_locked_runtime_authority_contract,Ps.145.1,uk5-20a143f5af72915c4439,oshb,Ps.145.1,Ps.145.1,locked runtime authority retained; raw secondary textual/segmentation variant recorded
strong_control_sequence_difference,medium,resolved_by_locked_runtime_authority_contract,Ps.145.13,uk5-7e4b62da058363a40a2a,oshb,Ps.145.13,Ps.145.13,locked runtime authority retained; raw secondary textual/segmentation variant recorded
strong_control_sequence_difference,low,resolved_by_locked_runtime_authority_contract,Ps.149.6,uk5-53907207dfb11716ac19,oshb,Ps.149.6,Ps.149.6,locked runtime authority retained; raw secondary textual/segmentation variant recorded
strong_control_sequence_difference,medium,resolved_by_locked_runtime_authority_contract,Ps.15.1,uk5-40935b706b9a3c5b79df,oshb,Ps.15.1,Ps.15.1,locked runtime authority retained; raw secondary textual/segmentation variant recorded
strong_control_sequence_difference,low,resolved_by_locked_runtime_authority_contract,Ps.16.1,uk5-2b00136e3e04123f7792,oshb,Ps.16.1,Ps.16.1,locked runtime authority retained; raw secondary textual/segmentation variant recorded
strong_control_sequence_difference,high,resolved_by_locked_runtime_authority_contract,Ps.18.1,uk5-87998cec0485e7597d5e,oshb,Ps.18.1,Ps.17.1,locked runtime authority retained; raw secondary textual/segmentation variant recorded
strong_control_sequence_difference,high,resolved_by_locked_runtime_authority_contract,Ps.18.10,uk5-ebb4a58a9a961c2b9383,oshb,Ps.18.10,Ps.17.11,locked runtime authority retained; raw secondary textual/segmentation variant recorded
strong_control_sequence_difference,high,resolved_by_locked_runtime_authority_contract,Ps.18.11,uk5-848c91137e3cbd96717d,oshb,Ps.18.11,Ps.17.12,locked runtime authority retained; raw secondary textual/segmentation variant recorded
strong_control_sequence_difference,high,resolved_by_locked_runtime_authority_contract,Ps.18.12,uk5-b86f412c62ddb4e75df2,oshb,Ps.18.12,Ps.17.13,locked runtime authority retained; raw secondary textual/segmentation variant recorded
strong_control_sequence_difference,high,resolved_by_locked_runtime_authority_contract,Ps.18.13,uk5-5b62e10ab4c983db9dc0,oshb,Ps.18.13,Ps.17.14,locked runtime authority retained; raw secondary textual/segmentation variant recorded
strong_control_sequence_difference,high,resolved_by_locked_runtime_authority_contract,Ps.18.14,uk5-6973762352bdb5ab78b7,oshb,Ps.18.14,Ps.17.15,locked runtime authority retained; raw secondary textual/segmentation variant recorded
strong_control_sequence_difference,high,resolved_by_locked_runtime_authority_contract,Ps.18.15,uk5-4d14d3c9759380dbfdec,oshb,Ps.18.15,,locked runtime authority retained; raw secondary textual/segmentation variant recorded
strong_control_sequence_difference,high,resolved_by_locked_runtime_authority_contract,Ps.18.16,uk5-7b7feb9b5b4afae9cb4d,oshb,Ps.18.16,,locked runtime authority retained; raw secondary textual/segmentation variant recorded
strong_control_sequence_difference,high,resolved_by_locked_runtime_authority_contract,Ps.18.17,uk5-e22825dc912b52687149,oshb,Ps.18.17,,locked runtime authority retained; raw secondary textual/segmentation variant recorded
strong_control_sequence_difference,high,resolved_by_locked_runtime_authority_contract,Ps.18.18,uk5-3e815c5ce4c871fb2275,oshb,Ps.18.18,,locked runtime authority retained; raw secondary textual/segmentation variant recorded
strong_control_sequence_difference,high,resolved_by_locked_runtime_authority_contract,Ps.18.19,uk5-a842dd38946fee3c2b62,oshb,Ps.18.19,,locked runtime authority retained; raw secondary textual/segmentation variant recorded
strong_control_sequence_difference,high,resolved_by_locked_runtime_authority_contract,Ps.18.2,uk5-e134b43a8908ecbc4892,oshb,Ps.18.2,Ps.17.3,locked runtime authority retained; raw secondary textual/segmentation variant recorded
strong_control_sequence_difference,high,resolved_by_locked_runtime_authority_contract,Ps.18.20,uk5-f846e5477ccacd0fa26f,oshb,Ps.18.20,,locked runtime authority retained; raw secondary textual/segmentation variant recorded
strong_control_sequence_difference,high,resolved_by_locked_runtime_authority_contract,Ps.18.21,uk5-ee215e9ee7764901ac8b,oshb,Ps.18.21,,locked runtime authority retained; raw secondary textual/segmentation variant recorded
strong_control_sequence_difference,high,resolved_by_locked_runtime_authority_contract,Ps.18.22,uk5-745c87fb7faab71f694c,oshb,Ps.18.22,,locked runtime authority retained; raw secondary textual/segmentation variant recorded
strong_control_sequence_difference,high,resolved_by_locked_runtime_authority_contract,Ps.18.23,uk5-b38981426a40908449a3,oshb,Ps.18.23,,locked runtime authority retained; raw secondary textual/segmentation variant recorded
strong_control_sequence_difference,high,resolved_by_locked_runtime_authority_contract,Ps.18.24,uk5-0ff3d49dedafbf8aa715,oshb,Ps.18.24,,locked runtime authority retained; raw secondary textual/segmentation variant recorded
strong_control_sequence_difference,high,resolved_by_locked_runtime_authority_contract,Ps.18.25,uk5-69868769a054100739f8,oshb,Ps.18.25,,locked runtime authority retained; raw secondary textual/segmentation variant recorded
strong_control_sequence_difference,high,resolved_by_locked_runtime_authority_contract,Ps.18.26,uk5-97c84d2da8b46897acfd,oshb,Ps.18.26,,locked runtime authority retained; raw secondary textual/segmentation variant recorded
strong_control_sequence_difference,high,resolved_by_locked_runtime_authority_contract,Ps.18.27,uk5-3a49d45aff9eaab9a4e5,oshb,Ps.18.27,,locked runtime authority retained; raw secondary textual/segmentation variant recorded
strong_control_sequence_difference,high,resolved_by_locked_runtime_authority_contract,Ps.18.28,uk5-84f48e4b221cdb9b92ba,oshb,Ps.18.28,,locked runtime authority retained; raw secondary textual/segmentation variant recorded
strong_control_sequence_difference,high,resolved_by_locked_runtime_authority_contract,Ps.18.29,uk5-5e44f4a175371dae7461,oshb,Ps.18.29,,locked runtime authority retained; raw secondary textual/segmentation variant recorded
strong_control_sequence_difference,high,resolved_by_locked_runtime_authority_contract,Ps.18.3,uk5-ccc4c25f652d9ab99399,oshb,Ps.18.3,Ps.17.4,locked runtime authority retained; raw secondary textual/segmentation variant recorded
strong_control_sequence_difference,high,resolved_by_locked_runtime_authority_contract,Ps.18.30,uk5-d85cbcc13dacb8297f1d,oshb,Ps.18.30,,locked runtime authority retained; raw secondary textual/segmentation variant recorded
strong_control_sequence_difference,high,resolved_by_locked_runtime_authority_contract,Ps.18.31,uk5-a14e913e0181150dc81a,oshb,Ps.18.31,,locked runtime authority retained; raw secondary textual/segmentation variant recorded
strong_control_sequence_difference,high,resolved_by_locked_runtime_authority_contract,Ps.18.32,uk5-35ef6e883e1a2ee9eca3,oshb,Ps.18.32,,locked runtime authority retained; raw secondary textual/segmentation variant recorded
strong_control_sequence_difference,high,resolved_by_locked_runtime_authority_contract,Ps.18.33,uk5-bb5271d0c4d2436576a2,oshb,Ps.18.33,,locked runtime authority retained; raw secondary textual/segmentation variant recorded
strong_control_sequence_difference,high,resolved_by_locked_runtime_authority_contract,Ps.18.34,uk5-5d20ecd7c5596232cb38,oshb,Ps.18.34,,locked runtime authority retained; raw secondary textual/segmentation variant recorded
strong_control_sequence_difference,high,resolved_by_locked_runtime_authority_contract,Ps.18.35,uk5-69ea43a3aeda773b0024,oshb,Ps.18.35,,locked runtime authority retained; raw secondary textual/segmentation variant recorded
strong_control_sequence_difference,high,resolved_by_locked_runtime_authority_contract,Ps.18.36,uk5-3057f7d9833c7d41e3f8,oshb,Ps.18.36,,locked runtime authority retained; raw secondary textual/segmentation variant recorded
strong_control_sequence_difference,high,resolved_by_locked_runtime_authority_contract,Ps.18.37,uk5-a57fce8d0456eac70c04,oshb,Ps.18.37,,locked runtime authority retained; raw secondary textual/segmentation variant recorded
strong_control_sequence_difference,high,resolved_by_locked_runtime_authority_contract,Ps.18.38,uk5-695189907a901016be6d,oshb,Ps.18.38,,locked runtime authority retained; raw secondary textual/segmentation variant recorded
strong_control_sequence_difference,high,resolved_by_locked_runtime_authority_contract,Ps.18.39,uk5-20f91406588393a4bb38,oshb,Ps.18.39,,locked runtime authority retained; raw secondary textual/segmentation variant recorded
strong_control_sequence_difference,high,resolved_by_locked_runtime_authority_contract,Ps.18.4,uk5-809f908c345b8e97eb09,oshb,Ps.18.4,Ps.17.5,locked runtime authority retained; raw secondary textual/segmentation variant recorded
strong_control_sequence_difference,high,resolved_by_locked_runtime_authority_contract,Ps.18.40,uk5-c3fbb4b07560d518ac24,oshb,Ps.18.40,,locked runtime authority retained; raw secondary textual/segmentation variant recorded
strong_control_sequence_difference,high,resolved_by_locked_runtime_authority_contract,Ps.18.41,uk5-0f0248d79a3f3ac1be0b,oshb,Ps.18.41,,locked runtime authority retained; raw secondary textual/segmentation variant recorded
strong_control_sequence_difference,high,resolved_by_locked_runtime_authority_contract,Ps.18.42,uk5-529c3a0e1395256187b5,oshb,Ps.18.42,,locked runtime authority retained; raw secondary textual/segmentation variant recorded
strong_control_sequence_difference,high,resolved_by_locked_runtime_authority_contract,Ps.18.43,uk5-58f6623a5b76e872e3d9,oshb,Ps.18.43,,locked runtime authority retained; raw secondary textual/segmentation variant recorded
strong_control_sequence_difference,high,resolved_by_locked_runtime_authority_contract,Ps.18.44,uk5-0a167eb058d768588dcd,oshb,Ps.18.44,,locked runtime authority retained; raw secondary textual/segmentation variant recorded
strong_control_sequence_difference,high,resolved_by_locked_runtime_authority_contract,Ps.18.45,uk5-b486977104478afc64cc,oshb,Ps.18.45,,locked runtime authority retained; raw secondary textual/segmentation variant recorded
strong_control_sequence_difference,high,resolved_by_locked_runtime_authority_contract,Ps.18.46,uk5-bb87f47b69eddde18fc9,oshb,Ps.18.46,,locked runtime authority retained; raw secondary textual/segmentation variant recorded
strong_control_sequence_difference,high,resolved_by_locked_runtime_authority_contract,Ps.18.47,uk5-07fdc1c1d6751992261a,oshb,Ps.18.47,,locked runtime authority retained; raw secondary textual/segmentation variant recorded
strong_control_sequence_difference,high,resolved_by_locked_runtime_authority_contract,Ps.18.48,uk5-61c97c0a5f9236c43427,oshb,Ps.18.48,,locked runtime authority retained; raw secondary textual/segmentation variant recorded
strong_control_sequence_difference,high,resolved_by_locked_runtime_authority_contract,Ps.18.49,uk5-d8bf25a0fae36c3995df,oshb,Ps.18.49,,locked runtime authority retained; raw secondary textual/segmentation variant recorded
strong_control_sequence_difference,high,resolved_by_locked_runtime_authority_contract,Ps.18.5,uk5-698a64f612b61472da6d,oshb,Ps.18.5,Ps.17.6,locked runtime authority retained; raw secondary textual/segmentation variant recorded
strong_control_sequence_difference,high,resolved_by_locked_runtime_authority_contract,Ps.18.50,uk5-2ceb18fd8cfea499919c,oshb,Ps.18.50,,locked runtime authority retained; raw secondary textual/segmentation variant recorded
strong_control_sequence_difference,high,resolved_by_locked_runtime_authority_contract,Ps.18.6,uk5-d8a2939bce685d4a3825,oshb,Ps.18.6,Ps.17.7,locked runtime authority retained; raw secondary textual/segmentation variant recorded
strong_control_sequence_difference,high,resolved_by_locked_runtime_authority_contract,Ps.18.7,uk5-5029f51fb1e7bddff04f,oshb,Ps.18.7,Ps.17.8,locked runtime authority retained; raw secondary textual/segmentation variant recorded
strong_control_sequence_difference,high,resolved_by_locked_runtime_authority_contract,Ps.18.8,uk5-51f0b145ec61f217f6ab,oshb,Ps.18.8,Ps.17.9,locked runtime authority retained; raw secondary textual/segmentation variant recorded
strong_control_sequence_difference,high,resolved_by_locked_runtime_authority_contract,Ps.18.9,uk5-4fb7c45a29ce7745b2cb,oshb,Ps.18.9,Ps.17.10,locked runtime authority retained; raw secondary textual/segmentation variant recorded
strong_control_sequence_difference,high,resolved_by_locked_runtime_authority_contract,Ps.19.1,uk5-4cc4643ff87e6e1ca501,oshb,Ps.19.1,,locked runtime authority retained; raw secondary textual/segmentation variant recorded
strong_control_sequence_difference,high,resolved_by_locked_runtime_authority_contract,Ps.19.10,uk5-20439e22ca97522041b2,oshb,Ps.19.10,,locked runtime authority retained; raw secondary textual/segmentation variant recorded
strong_control_sequence_difference,high,resolved_by_locked_runtime_authority_contract,Ps.19.11,uk5-d7386981b93a6ffa47f9,oshb,Ps.19.11,,locked runtime authority retained; raw secondary textual/segmentation variant recorded
strong_control_sequence_difference,high,resolved_by_locked_runtime_authority_contract,Ps.19.12,uk5-1022559f5b60ce3b243c,oshb,Ps.19.12,,locked runtime authority retained; raw secondary textual/segmentation variant recorded
strong_control_sequence_difference,high,resolved_by_locked_runtime_authority_contract,Ps.19.13,uk5-e419053e8cdeb7ae237f,oshb,Ps.19.13,,locked runtime authority retained; raw secondary textual/segmentation variant recorded
strong_control_sequence_difference,high,resolved_by_locked_runtime_authority_contract,Ps.19.14,uk5-fb00e5275036b147be0f,oshb,Ps.19.14,,locked runtime authority retained; raw secondary textual/segmentation variant recorded
strong_control_sequence_difference,high,resolved_by_locked_runtime_authority_contract,Ps.19.2,uk5-a0db728171e988a5fba9,oshb,Ps.19.2,,locked runtime authority retained; raw secondary textual/segmentation variant recorded
strong_control_sequence_difference,high,resolved_by_locked_runtime_authority_contract,Ps.19.3,uk5-09a23dbf47246042174e,oshb,Ps.19.3,,locked runtime authority retained; raw secondary textual/segmentation variant recorded
strong_control_sequence_difference,high,resolved_by_locked_runtime_authority_contract,Ps.19.4,uk5-194603568a0d703e721e,oshb,Ps.19.4,,locked runtime authority retained; raw secondary textual/segmentation variant recorded
strong_control_sequence_difference,high,resolved_by_locked_runtime_authority_contract,Ps.19.5,uk5-0813ecf6b59a1926e217,oshb,Ps.19.5,,locked runtime authority retained; raw secondary textual/segmentation variant recorded
strong_control_sequence_difference,high,resolved_by_locked_runtime_authority_contract,Ps.19.6,uk5-6523b4ef295287746877,oshb,Ps.19.6,,locked runtime authority retained; raw secondary textual/segmentation variant recorded
strong_control_sequence_difference,high,resolved_by_locked_runtime_authority_contract,Ps.19.7,uk5-8f55ac9a4cbdedb61fe6,oshb,Ps.19.7,,locked runtime authority retained; raw secondary textual/segmentation variant recorded
strong_control_sequence_difference,high,resolved_by_locked_runtime_authority_contract,Ps.19.8,uk5-6594d26e5b21fc7c69fc,oshb,Ps.19.8,,locked runtime authority retained; raw secondary textual/segmentation variant recorded
strong_control_sequence_difference,high,resolved_by_locked_runtime_authority_contract,Ps.19.9,uk5-f63e16bfced9061a420f,oshb,Ps.19.9,,locked runtime authority retained; raw secondary textual/segmentation variant recorded
strong_control_sequence_difference,high,resolved_by_locked_runtime_authority_contract,Ps.20.1,uk5-817842299927f8c96ef6,oshb,Ps.20.1,,locked runtime authority retained; raw secondary textual/segmentation variant recorded
strong_control_sequence_difference,high,resolved_by_locked_runtime_authority_contract,Ps.20.2,uk5-361d96021ac0891c2f88,oshb,Ps.20.2,,locked runtime authority retained; raw secondary textual/segmentation variant recorded
strong_control_sequence_difference,high,resolved_by_locked_runtime_authority_contract,Ps.20.3,uk5-2de69aea6213fe3aa7d9,oshb,Ps.20.3,,locked runtime authority retained; raw secondary textual/segmentation variant recorded
strong_control_sequence_difference,high,resolved_by_locked_runtime_authority_contract,Ps.20.4,uk5-e92e19db2453c6fe9452,oshb,Ps.20.4,,locked runtime authority retained; raw secondary textual/segmentation variant recorded
strong_control_sequence_difference,high,resolved_by_locked_runtime_authority_contract,Ps.20.5,uk5-4e80f5ff6fde2200c508,oshb,Ps.20.5,,locked runtime authority retained; raw secondary textual/segmentation variant recorded
strong_control_sequence_difference,high,resolved_by_locked_runtime_authority_contract,Ps.20.6,uk5-f4a2e97ec6043b38ec79,oshb,Ps.20.6,,locked runtime authority retained; raw secondary textual/segmentation variant recorded
strong_control_sequence_difference,high,resolved_by_locked_runtime_authority_contract,Ps.20.7,uk5-dce5f81ca77d402adb19,oshb,Ps.20.7,,locked runtime authority retained; raw secondary textual/segmentation variant recorded
strong_control_sequence_difference,high,resolved_by_locked_runtime_authority_contract,Ps.20.8,uk5-6d848fd610b74cc80c8c,oshb,Ps.20.8,,locked runtime authority retained; raw secondary textual/segmentation variant recorded
strong_control_sequence_difference,high,resolved_by_locked_runtime_authority_contract,Ps.20.9,uk5-d506280d1f976ce08d49,oshb,Ps.20.9,,locked runtime authority retained; raw secondary textual/segmentation variant recorded
strong_control_sequence_difference,high,resolved_by_locked_runtime_authority_contract,Ps.21.1,uk5-b1d33b3ee8e1bd42e180,oshb,Ps.21.1,,locked runtime authority retained; raw secondary textual/segmentation variant recorded
strong_control_sequence_difference,high,resolved_by_locked_runtime_authority_contract,Ps.21.10,uk5-6c72f2da5cc9fc0f10bf,oshb,Ps.21.10,,locked runtime authority retained; raw secondary textual/segmentation variant recorded
strong_control_sequence_difference,high,resolved_by_locked_runtime_authority_contract,Ps.21.11,uk5-15aec2954ab2f736bfc7,oshb,Ps.21.11,,locked runtime authority retained; raw secondary textual/segmentation variant recorded
strong_control_sequence_difference,high,resolved_by_locked_runtime_authority_contract,Ps.21.12,uk5-694a4f098e040e36664e,oshb,Ps.21.12,,locked runtime authority retained; raw secondary textual/segmentation variant recorded
strong_control_sequence_difference,high,resolved_by_locked_runtime_authority_contract,Ps.21.13,uk5-fdaea41be04dcaa2c83c,oshb,Ps.21.13,,locked runtime authority retained; raw secondary textual/segmentation variant recorded
strong_control_sequence_difference,high,resolved_by_locked_runtime_authority_contract,Ps.21.2,uk5-776e2af46dd08660984a,oshb,Ps.21.2,,locked runtime authority retained; raw secondary textual/segmentation variant recorded
strong_control_sequence_difference,high,resolved_by_locked_runtime_authority_contract,Ps.21.3,uk5-cefea0e77af03bd9e7ec,oshb,Ps.21.3,,locked runtime authority retained; raw secondary textual/segmentation variant recorded
strong_control_sequence_difference,high,resolved_by_locked_runtime_authority_contract,Ps.21.4,uk5-bd2bf5ca04ff851b4806,oshb,Ps.21.4,,locked runtime authority retained; raw secondary textual/segmentation variant recorded
strong_control_sequence_difference,high,resolved_by_locked_runtime_authority_contract,Ps.21.5,uk5-868601e3619706dcc7c6,oshb,Ps.21.5,,locked runtime authority retained; raw secondary textual/segmentation variant recorded
strong_control_sequence_difference,high,resolved_by_locked_runtime_authority_contract,Ps.21.6,uk5-f9bb5ede94994ade4a02,oshb,Ps.21.6,,locked runtime authority retained; raw secondary textual/segmentation variant recorded
strong_control_sequence_difference,high,resolved_by_locked_runtime_authority_contract,Ps.21.7,uk5-8e063b471b985de413fa,oshb,Ps.21.7,,locked runtime authority retained; raw secondary textual/segmentation variant recorded
strong_control_sequence_difference,high,resolved_by_locked_runtime_authority_contract,Ps.21.8,uk5-332668e0d26fdd42a508,oshb,Ps.21.8,,locked runtime authority retained; raw secondary textual/segmentation variant recorded
strong_control_sequence_difference,high,resolved_by_locked_runtime_authority_contract,Ps.21.9,uk5-22d8e92a26ab8dee26cc,oshb,Ps.21.9,,locked runtime authority retained; raw secondary textual/segmentation variant recorded
strong_control_sequence_difference,high,resolved_by_locked_runtime_authority_contract,Ps.22.1,uk5-d5142e94f89835fb63a0,oshb,Ps.22.1,,locked runtime authority retained; raw secondary textual/segmentation variant recorded
strong_control_sequence_difference,high,resolved_by_locked_runtime_authority_contract,Ps.22.10,uk5-4b4380efd413db501270,oshb,Ps.22.10,,locked runtime authority retained; raw secondary textual/segmentation variant recorded
strong_control_sequence_difference,high,resolved_by_locked_runtime_authority_contract,Ps.22.11,uk5-b7c073fce38bbfe9e44c,oshb,Ps.22.11,,locked runtime authority retained; raw secondary textual/segmentation variant recorded
strong_control_sequence_difference,high,resolved_by_locked_runtime_authority_contract,Ps.22.12,uk5-05f74cb8f1ca2ed858b8,oshb,Ps.22.12,,locked runtime authority retained; raw secondary textual/segmentation variant recorded
strong_control_sequence_difference,high,resolved_by_locked_runtime_authority_contract,Ps.22.13,uk5-6f5602c3e752d9bd7db3,oshb,Ps.22.13,,locked runtime authority retained; raw secondary textual/segmentation variant recorded
strong_control_sequence_difference,high,resolved_by_locked_runtime_authority_contract,Ps.22.14,uk5-4736ec8abead119e87a9,oshb,Ps.22.14,,locked runtime authority retained; raw secondary textual/segmentation variant recorded
strong_control_sequence_difference,high,resolved_by_locked_runtime_authority_contract,Ps.22.15,uk5-2f770da971c0123612da,oshb,Ps.22.15,,locked runtime authority retained; raw secondary textual/segmentation variant recorded
strong_control_sequence_difference,high,resolved_by_locked_runtime_authority_contract,Ps.22.16,uk5-ef5a8906446e0f96d744,oshb,Ps.22.16,,locked runtime authority retained; raw secondary textual/segmentation variant recorded
strong_control_sequence_difference,high,resolved_by_locked_runtime_authority_contract,Ps.22.17,uk5-c288783d8135c3471b73,oshb,Ps.22.17,,locked runtime authority retained; raw secondary textual/segmentation variant recorded
strong_control_sequence_difference,high,resolved_by_locked_runtime_authority_contract,Ps.22.18,uk5-be1392f9b8ef7915f317,oshb,Ps.22.18,,locked runtime authority retained; raw secondary textual/segmentation variant recorded
strong_control_sequence_difference,high,resolved_by_locked_runtime_authority_contract,Ps.22.19,uk5-a198d35ec4ad6df5bf26,oshb,Ps.22.19,,locked runtime authority retained; raw secondary textual/segmentation variant recorded
strong_control_sequence_difference,high,resolved_by_locked_runtime_authority_contract,Ps.22.2,uk5-d2b7d48f8fad04392db8,oshb,Ps.22.2,,locked runtime authority retained; raw secondary textual/segmentation variant recorded
strong_control_sequence_difference,high,resolved_by_locked_runtime_authority_contract,Ps.22.20,uk5-f4f1065a35f8ddc4026c,oshb,Ps.22.20,,locked runtime authority retained; raw secondary textual/segmentation variant recorded
strong_control_sequence_difference,high,resolved_by_locked_runtime_authority_contract,Ps.22.21,uk5-c90c77cb5c04bb867243,oshb,Ps.22.21,,locked runtime authority retained; raw secondary textual/segmentation variant recorded
strong_control_sequence_difference,high,resolved_by_locked_runtime_authority_contract,Ps.22.22,uk5-54af7ad0c6392cac2ea1,oshb,Ps.22.22,,locked runtime authority retained; raw secondary textual/segmentation variant recorded
strong_control_sequence_difference,high,resolved_by_locked_runtime_authority_contract,Ps.22.23,uk5-3bee3209cd8165d26309,oshb,Ps.22.23,,locked runtime authority retained; raw secondary textual/segmentation variant recorded
strong_control_sequence_difference,high,resolved_by_locked_runtime_authority_contract,Ps.22.24,uk5-ef8659266295265ffc26,oshb,Ps.22.24,,locked runtime authority retained; raw secondary textual/segmentation variant recorded
strong_control_sequence_difference,high,resolved_by_locked_runtime_authority_contract,Ps.22.25,uk5-1031e14d9643f36a8444,oshb,Ps.22.25,,locked runtime authority retained; raw secondary textual/segmentation variant recorded
strong_control_sequence_difference,high,resolved_by_locked_runtime_authority_contract,Ps.22.26,uk5-61270d030cf48f6b230e,oshb,Ps.22.26,,locked runtime authority retained; raw secondary textual/segmentation variant recorded
strong_control_sequence_difference,high,resolved_by_locked_runtime_authority_contract,Ps.22.27,uk5-81ec1d43e316f8891f2b,oshb,Ps.22.27,,locked runtime authority retained; raw secondary textual/segmentation variant recorded
strong_control_sequence_difference,high,resolved_by_locked_runtime_authority_contract,Ps.22.28,uk5-74b905a1b024ae6a1d55,oshb,Ps.22.28,,locked runtime authority retained; raw secondary textual/segmentation variant recorded
strong_control_sequence_difference,high,resolved_by_locked_runtime_authority_contract,Ps.22.29,uk5-13422238f66d6e8fc12c,oshb,Ps.22.29,,locked runtime authority retained; raw secondary textual/segmentation variant recorded
strong_control_sequence_difference,high,resolved_by_locked_runtime_authority_contract,Ps.22.3,uk5-74e5e7a3ac3d927fe96b,oshb,Ps.22.3,,locked runtime authority retained; raw secondary textual/segmentation variant recorded
strong_control_sequence_difference,high,resolved_by_locked_runtime_authority_contract,Ps.22.30,uk5-145bd50ccb02e2a2c4c5,oshb,Ps.22.30,,locked runtime authority retained; raw secondary textual/segmentation variant recorded
strong_control_sequence_difference,high,resolved_by_locked_runtime_authority_contract,Ps.22.31,uk5-505200dadfe6310be3d9,oshb,Ps.22.31,,locked runtime authority retained; raw secondary textual/segmentation variant recorded
strong_control_sequence_difference,high,resolved_by_locked_runtime_authority_contract,Ps.22.4,uk5-a51249da3680c2952f0a,oshb,Ps.22.4,,locked runtime authority retained; raw secondary textual/segmentation variant recorded
strong_control_sequence_difference,high,resolved_by_locked_runtime_authority_contract,Ps.22.5,uk5-c81ce5d4bac4a17bde7d,oshb,Ps.22.5,,locked runtime authority retained; raw secondary textual/segmentation variant recorded
strong_control_sequence_difference,high,resolved_by_locked_runtime_authority_contract,Ps.22.6,uk5-430ae51e11971caaae64,oshb,Ps.22.6,,locked runtime authority retained; raw secondary textual/segmentation variant recorded
strong_control_sequence_difference,high,resolved_by_locked_runtime_authority_contract,Ps.22.7,uk5-1a8b6d496477608be220,oshb,Ps.22.7,,locked runtime authority retained; raw secondary textual/segmentation variant recorded
strong_control_sequence_difference,high,resolved_by_locked_runtime_authority_contract,Ps.22.8,uk5-c97515c4d5b4bdb2903b,oshb,Ps.22.8,,locked runtime authority retained; raw secondary textual/segmentation variant recorded
strong_control_sequence_difference,high,resolved_by_locked_runtime_authority_contract,Ps.22.9,uk5-25f5677d901aaf020c34,oshb,Ps.22.9,,locked runtime authority retained; raw secondary textual/segmentation variant recorded
strong_control_sequence_difference,low,resolved_by_locked_runtime_authority_contract,Ps.23.1,uk5-f68934a43459bbca5827,oshb,Ps.23.1,Ps.23.1,locked runtime authority retained; raw secondary textual/segmentation variant recorded
strong_control_sequence_difference,low,resolved_by_locked_runtime_authority_contract,Ps.24.1,uk5-d45e660f5a483d5ef179,oshb,Ps.24.1,Ps.24.1,locked runtime authority retained; raw secondary textual/segmentation variant recorded
strong_control_sequence_difference,low,resolved_by_locked_runtime_authority_contract,Ps.25.1,uk5-a05872695f38f48de57c,oshb,Ps.25.1,Ps.25.1,locked runtime authority retained; raw secondary textual/segmentation variant recorded
strong_control_sequence_difference,low,resolved_by_locked_runtime_authority_contract,Ps.29.1,uk5-d6954645d8e2e6dbc783,oshb,Ps.29.1,Ps.29.1,locked runtime authority retained; raw secondary textual/segmentation variant recorded
strong_control_sequence_difference,high,resolved_by_locked_runtime_authority_contract,Ps.3.1,uk5-ffa16f2340c8ed90aef7,oshb,Ps.3.1,,locked runtime authority retained; raw secondary textual/segmentation variant recorded
strong_control_sequence_difference,high,resolved_by_locked_runtime_authority_contract,Ps.3.2,uk5-3498eb3458065212cc97,oshb,Ps.3.2,,locked runtime authority retained; raw secondary textual/segmentation variant recorded
strong_control_sequence_difference,high,resolved_by_locked_runtime_authority_contract,Ps.3.3,uk5-55b03c10fe33bbcbebb9,oshb,Ps.3.3,,locked runtime authority retained; raw secondary textual/segmentation variant recorded
strong_control_sequence_difference,high,resolved_by_locked_runtime_authority_contract,Ps.3.4,uk5-ddeca370688c17c2509e,oshb,Ps.3.4,,locked runtime authority retained; raw secondary textual/segmentation variant recorded
strong_control_sequence_difference,high,resolved_by_locked_runtime_authority_contract,Ps.3.5,uk5-45f285dc61f47c3c4e75,oshb,Ps.3.5,,locked runtime authority retained; raw secondary textual/segmentation variant recorded
strong_control_sequence_difference,high,resolved_by_locked_runtime_authority_contract,Ps.3.6,uk5-d6e8504bc3080ff9d090,oshb,Ps.3.6,,locked runtime authority retained; raw secondary textual/segmentation variant recorded
strong_control_sequence_difference,high,resolved_by_locked_runtime_authority_contract,Ps.3.7,uk5-dd348e99c13a0c5f93bb,oshb,Ps.3.7,,locked runtime authority retained; raw secondary textual/segmentation variant recorded
strong_control_sequence_difference,high,resolved_by_locked_runtime_authority_contract,Ps.3.8,uk5-64c0283b8b6978d01d47,oshb,Ps.3.8,,locked runtime authority retained; raw secondary textual/segmentation variant recorded
strong_control_sequence_difference,high,resolved_by_locked_runtime_authority_contract,Ps.30.1,uk5-8a80f7352d672c027f63,oshb,Ps.30.1,Ps.29.1,locked runtime authority retained; raw secondary textual/segmentation variant recorded
strong_control_sequence_difference,high,resolved_by_locked_runtime_authority_contract,Ps.30.10,uk5-4f63b52776155b6257f7,oshb,Ps.30.10,Ps.29.11,locked runtime authority retained; raw secondary textual/segmentation variant recorded
strong_control_sequence_difference,high,resolved_by_locked_runtime_authority_contract,Ps.30.11,uk5-be5be9d105e398238a92,oshb,Ps.30.11,,locked runtime authority retained; raw secondary textual/segmentation variant recorded
strong_control_sequence_difference,high,resolved_by_locked_runtime_authority_contract,Ps.30.12,uk5-cabb67cdb6d8af2b07e7,oshb,Ps.30.12,,locked runtime authority retained; raw secondary textual/segmentation variant recorded
strong_control_sequence_difference,high,resolved_by_locked_runtime_authority_contract,Ps.30.2,uk5-9278c07b9099c691232b,oshb,Ps.30.2,Ps.29.3,locked runtime authority retained; raw secondary textual/segmentation variant recorded
strong_control_sequence_difference,high,resolved_by_locked_runtime_authority_contract,Ps.30.3,uk5-7870d8195c4276efa752,oshb,Ps.30.3,Ps.29.4,locked runtime authority retained; raw secondary textual/segmentation variant recorded
strong_control_sequence_difference,high,resolved_by_locked_runtime_authority_contract,Ps.30.4,uk5-eafd1387a83b339d4d25,oshb,Ps.30.4,Ps.29.5,locked runtime authority retained; raw secondary textual/segmentation variant recorded
strong_control_sequence_difference,high,resolved_by_locked_runtime_authority_contract,Ps.30.5,uk5-348416c8662ce4ed0c41,oshb,Ps.30.5,Ps.29.6,locked runtime authority retained; raw secondary textual/segmentation variant recorded
strong_control_sequence_difference,high,resolved_by_locked_runtime_authority_contract,Ps.30.6,uk5-6213b1ee3dac6773c5bb,oshb,Ps.30.6,Ps.29.7,locked runtime authority retained; raw secondary textual/segmentation variant recorded
strong_control_sequence_difference,high,resolved_by_locked_runtime_authority_contract,Ps.30.7,uk5-6e0f7a427b5713d6f2cf,oshb,Ps.30.7,Ps.29.8,locked runtime authority retained; raw secondary textual/segmentation variant recorded
strong_control_sequence_difference,high,resolved_by_locked_runtime_authority_contract,Ps.30.8,uk5-397230ba804861bc6455,oshb,Ps.30.8,Ps.29.9,locked runtime authority retained; raw secondary textual/segmentation variant recorded
strong_control_sequence_difference,high,resolved_by_locked_runtime_authority_contract,Ps.30.9,uk5-feef7a36263e2ade9c9f,oshb,Ps.30.9,Ps.29.10,locked runtime authority retained; raw secondary textual/segmentation variant recorded
strong_control_sequence_difference,high,resolved_by_locked_runtime_authority_contract,Ps.31.1,uk5-49aac9a3f7baffc7dc4a,oshb,Ps.31.1,,locked runtime authority retained; raw secondary textual/segmentation variant recorded
strong_control_sequence_difference,high,resolved_by_locked_runtime_authority_contract,Ps.31.10,uk5-b9c9660f7054e3fd569f,oshb,Ps.31.10,,locked runtime authority retained; raw secondary textual/segmentation variant recorded
strong_control_sequence_difference,high,resolved_by_locked_runtime_authority_contract,Ps.31.11,uk5-6bbe08e7717ee54ec936,oshb,Ps.31.11,,locked runtime authority retained; raw secondary textual/segmentation variant recorded
strong_control_sequence_difference,high,resolved_by_locked_runtime_authority_contract,Ps.31.12,uk5-2cf879ed63a10d8dbbca,oshb,Ps.31.12,,locked runtime authority retained; raw secondary textual/segmentation variant recorded
strong_control_sequence_difference,high,resolved_by_locked_runtime_authority_contract,Ps.31.13,uk5-87d84e30265c13b91971,oshb,Ps.31.13,,locked runtime authority retained; raw secondary textual/segmentation variant recorded
strong_control_sequence_difference,high,resolved_by_locked_runtime_authority_contract,Ps.31.14,uk5-6f0bf9501c45c575baa0,oshb,Ps.31.14,,locked runtime authority retained; raw secondary textual/segmentation variant recorded
strong_control_sequence_difference,high,resolved_by_locked_runtime_authority_contract,Ps.31.15,uk5-cbab8f7a2947da211ade,oshb,Ps.31.15,,locked runtime authority retained; raw secondary textual/segmentation variant recorded
strong_control_sequence_difference,high,resolved_by_locked_runtime_authority_contract,Ps.31.16,uk5-81a750188474ef811f14,oshb,Ps.31.16,,locked runtime authority retained; raw secondary textual/segmentation variant recorded
strong_control_sequence_difference,high,resolved_by_locked_runtime_authority_contract,Ps.31.17,uk5-17b2e498e600d3b62649,oshb,Ps.31.17,,locked runtime authority retained; raw secondary textual/segmentation variant recorded
strong_control_sequence_difference,high,resolved_by_locked_runtime_authority_contract,Ps.31.18,uk5-fc5fed0fd12952f21cde,oshb,Ps.31.18,,locked runtime authority retained; raw secondary textual/segmentation variant recorded
strong_control_sequence_difference,high,resolved_by_locked_runtime_authority_contract,Ps.31.19,uk5-1aa5c2c7a202b17aa226,oshb,Ps.31.19,,locked runtime authority retained; raw secondary textual/segmentation variant recorded
strong_control_sequence_difference,high,resolved_by_locked_runtime_authority_contract,Ps.31.2,uk5-eb6740f9511b93e8d797,oshb,Ps.31.2,,locked runtime authority retained; raw secondary textual/segmentation variant recorded
strong_control_sequence_difference,high,resolved_by_locked_runtime_authority_contract,Ps.31.20,uk5-7c0bc5e42ce6911fa178,oshb,Ps.31.20,,locked runtime authority retained; raw secondary textual/segmentation variant recorded
strong_control_sequence_difference,high,resolved_by_locked_runtime_authority_contract,Ps.31.21,uk5-d9342cf693fce1e050b2,oshb,Ps.31.21,,locked runtime authority retained; raw secondary textual/segmentation variant recorded
strong_control_sequence_difference,high,resolved_by_locked_runtime_authority_contract,Ps.31.22,uk5-da4bd03b4f59de57d109,oshb,Ps.31.22,,locked runtime authority retained; raw secondary textual/segmentation variant recorded
strong_control_sequence_difference,high,resolved_by_locked_runtime_authority_contract,Ps.31.23,uk5-fae8046ab988564447af,oshb,Ps.31.23,,locked runtime authority retained; raw secondary textual/segmentation variant recorded
strong_control_sequence_difference,high,resolved_by_locked_runtime_authority_contract,Ps.31.24,uk5-4abc3cb5544dad41d448,oshb,Ps.31.24,,locked runtime authority retained; raw secondary textual/segmentation variant recorded
strong_control_sequence_difference,high,resolved_by_locked_runtime_authority_contract,Ps.31.3,uk5-ca8736bfbde90fcf73ef,oshb,Ps.31.3,,locked runtime authority retained; raw secondary textual/segmentation variant recorded
strong_control_sequence_difference,high,resolved_by_locked_runtime_authority_contract,Ps.31.4,uk5-70b1262d17a183eeeb0e,oshb,Ps.31.4,,locked runtime authority retained; raw secondary textual/segmentation variant recorded
strong_control_sequence_difference,high,resolved_by_locked_runtime_authority_contract,Ps.31.5,uk5-3acc12baa47e20ad7987,oshb,Ps.31.5,,locked runtime authority retained; raw secondary textual/segmentation variant recorded
strong_control_sequence_difference,high,resolved_by_locked_runtime_authority_contract,Ps.31.6,uk5-cc2bc87da90710ec892b,oshb,Ps.31.6,,locked runtime authority retained; raw secondary textual/segmentation variant recorded
strong_control_sequence_difference,high,resolved_by_locked_runtime_authority_contract,Ps.31.7,uk5-17acc10ec0740af13a9e,oshb,Ps.31.7,,locked runtime authority retained; raw secondary textual/segmentation variant recorded
strong_control_sequence_difference,high,resolved_by_locked_runtime_authority_contract,Ps.31.8,uk5-e1c89845518cd05429c2,oshb,Ps.31.8,,locked runtime authority retained; raw secondary textual/segmentation variant recorded
strong_control_sequence_difference,high,resolved_by_locked_runtime_authority_contract,Ps.31.9,uk5-84810d950c8057103b70,oshb,Ps.31.9,,locked runtime authority retained; raw secondary textual/segmentation variant recorded
strong_control_sequence_difference,low,resolved_by_locked_runtime_authority_contract,Ps.32.1,uk5-51a267b835dfb8ddcf8a,oshb,Ps.32.1,Ps.32.1,locked runtime authority retained; raw secondary textual/segmentation variant recorded
strong_control_sequence_difference,low,resolved_by_locked_runtime_authority_contract,Ps.33.10,uk5-e5f5d44b6d27414a51cf,oshb,Ps.33.10,Ps.33.10,locked runtime authority retained; raw secondary textual/segmentation variant recorded
strong_control_sequence_difference,low,resolved_by_locked_runtime_authority_contract,Ps.33.7,uk5-08a1eb4ef7b055a48b5e,oshb,Ps.33.7,Ps.33.7,locked runtime authority retained; raw secondary textual/segmentation variant recorded
strong_control_sequence_difference,high,resolved_by_locked_runtime_authority_contract,Ps.34.1,uk5-78661572a2baeabd77ac,oshb,Ps.34.1,Ps.33.1,locked runtime authority retained; raw secondary textual/segmentation variant recorded
strong_control_sequence_difference,high,resolved_by_locked_runtime_authority_contract,Ps.34.10,uk5-082459e21e4307126625,oshb,Ps.34.10,Ps.33.11,locked runtime authority retained; raw secondary textual/segmentation variant recorded
strong_control_sequence_difference,high,resolved_by_locked_runtime_authority_contract,Ps.34.11,uk5-d1970d646c1548b917c6,oshb,Ps.34.11,Ps.33.12,locked runtime authority retained; raw secondary textual/segmentation variant recorded
strong_control_sequence_difference,high,resolved_by_locked_runtime_authority_contract,Ps.34.12,uk5-b8a0b4f6840671b1a4f6,oshb,Ps.34.12,Ps.33.13,locked runtime authority retained; raw secondary textual/segmentation variant recorded
strong_control_sequence_difference,high,resolved_by_locked_runtime_authority_contract,Ps.34.13,uk5-286fa0b1c75d74d53c62,oshb,Ps.34.13,Ps.33.14,locked runtime authority retained; raw secondary textual/segmentation variant recorded
strong_control_sequence_difference,high,resolved_by_locked_runtime_authority_contract,Ps.34.14,uk5-cb4834dc97cd1989f609,oshb,Ps.34.14,Ps.33.15,locked runtime authority retained; raw secondary textual/segmentation variant recorded
strong_control_sequence_difference,high,resolved_by_locked_runtime_authority_contract,Ps.34.15,uk5-dfb1d54d4e90bc956ba8,oshb,Ps.34.15,Ps.33.16,locked runtime authority retained; raw secondary textual/segmentation variant recorded
strong_control_sequence_difference,high,resolved_by_locked_runtime_authority_contract,Ps.34.16,uk5-44ff1b6890fb2497ab93,oshb,Ps.34.16,Ps.33.17,locked runtime authority retained; raw secondary textual/segmentation variant recorded
strong_control_sequence_difference,high,resolved_by_locked_runtime_authority_contract,Ps.34.17,uk5-64493e48590e66447bb4,oshb,Ps.34.17,Ps.33.18,locked runtime authority retained; raw secondary textual/segmentation variant recorded
strong_control_sequence_difference,high,resolved_by_locked_runtime_authority_contract,Ps.34.18,uk5-8c9b8a1db7fc7118835e,oshb,Ps.34.18,Ps.33.19,locked runtime authority retained; raw secondary textual/segmentation variant recorded
strong_control_sequence_difference,high,resolved_by_locked_runtime_authority_contract,Ps.34.19,uk5-fc3b83f1683d125c1de0,oshb,Ps.34.19,Ps.33.20,locked runtime authority retained; raw secondary textual/segmentation variant recorded
strong_control_sequence_difference,high,resolved_by_locked_runtime_authority_contract,Ps.34.2,uk5-a373bc87b548ddc70b9c,oshb,Ps.34.2,Ps.33.3,locked runtime authority retained; raw secondary textual/segmentation variant recorded
strong_control_sequence_difference,high,resolved_by_locked_runtime_authority_contract,Ps.34.20,uk5-382240a3e4fbc2e4ef3a,oshb,Ps.34.20,Ps.33.21,locked runtime authority retained; raw secondary textual/segmentation variant recorded
strong_control_sequence_difference,high,resolved_by_locked_runtime_authority_contract,Ps.34.21,uk5-ad6695ec36bd8f78c21b,oshb,Ps.34.21,Ps.33.22,locked runtime authority retained; raw secondary textual/segmentation variant recorded
strong_control_sequence_difference,high,resolved_by_locked_runtime_authority_contract,Ps.34.22,uk5-e08c694206a2d4d15643,oshb,Ps.34.22,,locked runtime authority retained; raw secondary textual/segmentation variant recorded
strong_control_sequence_difference,high,resolved_by_locked_runtime_authority_contract,Ps.34.3,uk5-acb1ac3d2769a7abd5c4,oshb,Ps.34.3,Ps.33.4,locked runtime authority retained; raw secondary textual/segmentation variant recorded
strong_control_sequence_difference,high,resolved_by_locked_runtime_authority_contract,Ps.34.4,uk5-b328c963e97a2b3901e5,oshb,Ps.34.4,Ps.33.5,locked runtime authority retained; raw secondary textual/segmentation variant recorded
strong_control_sequence_difference,high,resolved_by_locked_runtime_authority_contract,Ps.34.5,uk5-b570d770edefb7265120,oshb,Ps.34.5,Ps.33.6,locked runtime authority retained; raw secondary textual/segmentation variant recorded
strong_control_sequence_difference,high,resolved_by_locked_runtime_authority_contract,Ps.34.6,uk5-e68adc95761644fbf67a,oshb,Ps.34.6,Ps.33.7,locked runtime authority retained; raw secondary textual/segmentation variant recorded
strong_control_sequence_difference,high,resolved_by_locked_runtime_authority_contract,Ps.34.7,uk5-1aaf8d05b139e1919206,oshb,Ps.34.7,Ps.33.8,locked runtime authority retained; raw secondary textual/segmentation variant recorded
strong_control_sequence_difference,high,resolved_by_locked_runtime_authority_contract,Ps.34.8,uk5-d683b84e2a2d0108d8e2,oshb,Ps.34.8,Ps.33.9,locked runtime authority retained; raw secondary textual/segmentation variant recorded
strong_control_sequence_difference,high,resolved_by_locked_runtime_authority_contract,Ps.34.9,uk5-5cf3dcddabb12bf9848a,oshb,Ps.34.9,Ps.33.10,locked runtime authority retained; raw secondary textual/segmentation variant recorded
strong_control_sequence_difference,medium,resolved_by_locked_runtime_authority_contract,Ps.35.1,uk5-e00e66eb0693e744d28d,oshb,Ps.35.1,Ps.35.1,locked runtime authority retained; raw secondary textual/segmentation variant recorded
strong_control_sequence_difference,high,resolved_by_locked_runtime_authority_contract,Ps.36.1,uk5-4a73fbd98db1c3af7a6a,oshb,Ps.36.1,Ps.35.1,locked runtime authority retained; raw secondary textual/segmentation variant recorded
strong_control_sequence_difference,high,resolved_by_locked_runtime_authority_contract,Ps.36.10,uk5-bed62ac1ad51ac823e2d,oshb,Ps.36.10,Ps.35.11,locked runtime authority retained; raw secondary textual/segmentation variant recorded
strong_control_sequence_difference,high,resolved_by_locked_runtime_authority_contract,Ps.36.11,uk5-71017dac3ef3492ed24a,oshb,Ps.36.11,Ps.35.12,locked runtime authority retained; raw secondary textual/segmentation variant recorded
strong_control_sequence_difference,high,resolved_by_locked_runtime_authority_contract,Ps.36.12,uk5-85586e76917b65f84cab,oshb,Ps.36.12,Ps.35.13,locked runtime authority retained; raw secondary textual/segmentation variant recorded
strong_control_sequence_difference,high,resolved_by_locked_runtime_authority_contract,Ps.36.2,uk5-b2bd0158d4db99fcafc2,oshb,Ps.36.2,Ps.35.3,locked runtime authority retained; raw secondary textual/segmentation variant recorded
strong_control_sequence_difference,high,resolved_by_locked_runtime_authority_contract,Ps.36.3,uk5-397db1137d24aaae5666,oshb,Ps.36.3,Ps.35.4,locked runtime authority retained; raw secondary textual/segmentation variant recorded
strong_control_sequence_difference,high,resolved_by_locked_runtime_authority_contract,Ps.36.4,uk5-d8a909615acfa6c63233,oshb,Ps.36.4,Ps.35.5,locked runtime authority retained; raw secondary textual/segmentation variant recorded
strong_control_sequence_difference,high,resolved_by_locked_runtime_authority_contract,Ps.36.5,uk5-3db11913c46cd102e9c7,oshb,Ps.36.5,Ps.35.6,locked runtime authority retained; raw secondary textual/segmentation variant recorded
strong_control_sequence_difference,high,resolved_by_locked_runtime_authority_contract,Ps.36.6,uk5-bab49724895fcdff8559,oshb,Ps.36.6,Ps.35.7,locked runtime authority retained; raw secondary textual/segmentation variant recorded
strong_control_sequence_difference,high,resolved_by_locked_runtime_authority_contract,Ps.36.7,uk5-fd8d409a11caae9d9ad8,oshb,Ps.36.7,Ps.35.8,locked runtime authority retained; raw secondary textual/segmentation variant recorded
strong_control_sequence_difference,high,resolved_by_locked_runtime_authority_contract,Ps.36.8,uk5-906598c46bcfc1d63a13,oshb,Ps.36.8,Ps.35.9,locked runtime authority retained; raw secondary textual/segmentation variant recorded
strong_control_sequence_difference,high,resolved_by_locked_runtime_authority_contract,Ps.36.9,uk5-f953a6b8a496398a9f18,oshb,Ps.36.9,Ps.35.10,locked runtime authority retained; raw secondary textual/segmentation variant recorded
strong_control_sequence_difference,high,resolved_by_locked_runtime_authority_contract,Ps.38.1,uk5-da8e6b74d23222d78e67,oshb,Ps.38.1,Ps.37.1,locked runtime authority retained; raw secondary textual/segmentation variant recorded
strong_control_sequence_difference,high,resolved_by_locked_runtime_authority_contract,Ps.38.10,uk5-503bb248fd920018beef,oshb,Ps.38.10,Ps.37.11,locked runtime authority retained; raw secondary textual/segmentation variant recorded
strong_control_sequence_difference,high,resolved_by_locked_runtime_authority_contract,Ps.38.11,uk5-df0daa31b2bfd17dec48,oshb,Ps.38.11,Ps.37.12,locked runtime authority retained; raw secondary textual/segmentation variant recorded
strong_control_sequence_difference,high,resolved_by_locked_runtime_authority_contract,Ps.38.12,uk5-d2b1dbed4bc247265f07,oshb,Ps.38.12,Ps.37.13,locked runtime authority retained; raw secondary textual/segmentation variant recorded
strong_control_sequence_difference,high,resolved_by_locked_runtime_authority_contract,Ps.38.13,uk5-28e0b671872fa46d7567,oshb,Ps.38.13,Ps.37.14,locked runtime authority retained; raw secondary textual/segmentation variant recorded
strong_control_sequence_difference,high,resolved_by_locked_runtime_authority_contract,Ps.38.14,uk5-b3644a1b76b3db4aa7b6,oshb,Ps.38.14,Ps.37.15,locked runtime authority retained; raw secondary textual/segmentation variant recorded
strong_control_sequence_difference,high,resolved_by_locked_runtime_authority_contract,Ps.38.15,uk5-519b717ff83f32133ec5,oshb,Ps.38.15,Ps.37.16,locked runtime authority retained; raw secondary textual/segmentation variant recorded
strong_control_sequence_difference,high,resolved_by_locked_runtime_authority_contract,Ps.38.16,uk5-fc5a0c2c17fa3649035e,oshb,Ps.38.16,Ps.37.17,locked runtime authority retained; raw secondary textual/segmentation variant recorded
strong_control_sequence_difference,high,resolved_by_locked_runtime_authority_contract,Ps.38.17,uk5-fc3c277bd3a58bc929c0,oshb,Ps.38.17,Ps.37.18,locked runtime authority retained; raw secondary textual/segmentation variant recorded
strong_control_sequence_difference,high,resolved_by_locked_runtime_authority_contract,Ps.38.18,uk5-49af72dec99e11bb8373,oshb,Ps.38.18,Ps.37.19,locked runtime authority retained; raw secondary textual/segmentation variant recorded
strong_control_sequence_difference,high,resolved_by_locked_runtime_authority_contract,Ps.38.19,uk5-efc06e4d4c519e13391f,oshb,Ps.38.19,Ps.37.20,locked runtime authority retained; raw secondary textual/segmentation variant recorded
strong_control_sequence_difference,high,resolved_by_locked_runtime_authority_contract,Ps.38.2,uk5-c7e3c27f48a57225ed32,oshb,Ps.38.2,Ps.37.3,locked runtime authority retained; raw secondary textual/segmentation variant recorded
strong_control_sequence_difference,high,resolved_by_locked_runtime_authority_contract,Ps.38.20,uk5-99c0e2cc98671299caa3,oshb,Ps.38.20,Ps.37.21,locked runtime authority retained; raw secondary textual/segmentation variant recorded
strong_control_sequence_difference,high,resolved_by_locked_runtime_authority_contract,Ps.38.21,uk5-61fa8b87d8aae6637001,oshb,Ps.38.21,Ps.37.22,locked runtime authority retained; raw secondary textual/segmentation variant recorded
strong_control_sequence_difference,high,resolved_by_locked_runtime_authority_contract,Ps.38.22,uk5-e6fe09a0b2d84bb488a3,oshb,Ps.38.22,Ps.37.23,locked runtime authority retained; raw secondary textual/segmentation variant recorded
strong_control_sequence_difference,high,resolved_by_locked_runtime_authority_contract,Ps.38.3,uk5-0313f5935df7834809f9,oshb,Ps.38.3,Ps.37.4,locked runtime authority retained; raw secondary textual/segmentation variant recorded
strong_control_sequence_difference,high,resolved_by_locked_runtime_authority_contract,Ps.38.4,uk5-64bb15e68fc2b74401d2,oshb,Ps.38.4,Ps.37.5,locked runtime authority retained; raw secondary textual/segmentation variant recorded
strong_control_sequence_difference,high,resolved_by_locked_runtime_authority_contract,Ps.38.5,uk5-8bea97c79d4e5bd69ec0,oshb,Ps.38.5,Ps.37.6,locked runtime authority retained; raw secondary textual/segmentation variant recorded
strong_control_sequence_difference,high,resolved_by_locked_runtime_authority_contract,Ps.38.6,uk5-b1809492d9cd8cf0f65b,oshb,Ps.38.6,Ps.37.7,locked runtime authority retained; raw secondary textual/segmentation variant recorded
strong_control_sequence_difference,high,resolved_by_locked_runtime_authority_contract,Ps.38.7,uk5-ad80a4482b96c0938420,oshb,Ps.38.7,Ps.37.8,locked runtime authority retained; raw secondary textual/segmentation variant recorded
strong_control_sequence_difference,high,resolved_by_locked_runtime_authority_contract,Ps.38.8,uk5-3007312d826a1af8fa07,oshb,Ps.38.8,Ps.37.9,locked runtime authority retained; raw secondary textual/segmentation variant recorded
strong_control_sequence_difference,high,resolved_by_locked_runtime_authority_contract,Ps.38.9,uk5-2bffb1986e620cffa234,oshb,Ps.38.9,Ps.37.10,locked runtime authority retained; raw secondary textual/segmentation variant recorded
strong_control_sequence_difference,high,resolved_by_locked_runtime_authority_contract,Ps.39.1,uk5-cc15f27e89d24a27ed89,oshb,Ps.39.1,,locked runtime authority retained; raw secondary textual/segmentation variant recorded
strong_control_sequence_difference,high,resolved_by_locked_runtime_authority_contract,Ps.39.10,uk5-ac87ff8d42e53b8e6530,oshb,Ps.39.10,,locked runtime authority retained; raw secondary textual/segmentation variant recorded
strong_control_sequence_difference,high,resolved_by_locked_runtime_authority_contract,Ps.39.11,uk5-83f38b522ab3a1824cad,oshb,Ps.39.11,,locked runtime authority retained; raw secondary textual/segmentation variant recorded
strong_control_sequence_difference,high,resolved_by_locked_runtime_authority_contract,Ps.39.12,uk5-2f3487652efb69b33235,oshb,Ps.39.12,,locked runtime authority retained; raw secondary textual/segmentation variant recorded
strong_control_sequence_difference,high,resolved_by_locked_runtime_authority_contract,Ps.39.13,uk5-b52fa8c1c8e3b98559b6,oshb,Ps.39.13,,locked runtime authority retained; raw secondary textual/segmentation variant recorded
strong_control_sequence_difference,high,resolved_by_locked_runtime_authority_contract,Ps.39.2,uk5-15bf8f93df6bce3d3d35,oshb,Ps.39.2,,locked runtime authority retained; raw secondary textual/segmentation variant recorded
strong_control_sequence_difference,high,resolved_by_locked_runtime_authority_contract,Ps.39.3,uk5-b653e6cb3b505b68ca5d,oshb,Ps.39.3,,locked runtime authority retained; raw secondary textual/segmentation variant recorded
strong_control_sequence_difference,high,resolved_by_locked_runtime_authority_contract,Ps.39.4,uk5-f9d098a798f4fb9712cb,oshb,Ps.39.4,,locked runtime authority retained; raw secondary textual/segmentation variant recorded
strong_control_sequence_difference,high,resolved_by_locked_runtime_authority_contract,Ps.39.5,uk5-a8b1f48f64d2e8dda2df,oshb,Ps.39.5,,locked runtime authority retained; raw secondary textual/segmentation variant recorded
strong_control_sequence_difference,high,resolved_by_locked_runtime_authority_contract,Ps.39.6,uk5-f2291dc2d58f1a589d02,oshb,Ps.39.6,,locked runtime authority retained; raw secondary textual/segmentation variant recorded
strong_control_sequence_difference,high,resolved_by_locked_runtime_authority_contract,Ps.39.7,uk5-608307709abfd6822250,oshb,Ps.39.7,,locked runtime authority retained; raw secondary textual/segmentation variant recorded
strong_control_sequence_difference,high,resolved_by_locked_runtime_authority_contract,Ps.39.8,uk5-1cea832e229820545ac2,oshb,Ps.39.8,,locked runtime authority retained; raw secondary textual/segmentation variant recorded
strong_control_sequence_difference,high,resolved_by_locked_runtime_authority_contract,Ps.39.9,uk5-e3554cd6e58e8bb3b34d,oshb,Ps.39.9,,locked runtime authority retained; raw secondary textual/segmentation variant recorded
strong_control_sequence_difference,high,resolved_by_locked_runtime_authority_contract,Ps.4.1,uk5-f2953b08cb8cdb236ff0,oshb,Ps.4.1,,locked runtime authority retained; raw secondary textual/segmentation variant recorded
strong_control_sequence_difference,high,resolved_by_locked_runtime_authority_contract,Ps.4.2,uk5-e3618b806344dbe6f69a,oshb,Ps.4.2,,locked runtime authority retained; raw secondary textual/segmentation variant recorded
strong_control_sequence_difference,high,resolved_by_locked_runtime_authority_contract,Ps.4.3,uk5-9d1154bfaafdd25c7794,oshb,Ps.4.3,,locked runtime authority retained; raw secondary textual/segmentation variant recorded
strong_control_sequence_difference,high,resolved_by_locked_runtime_authority_contract,Ps.4.4,uk5-d980a4bfb70d65339bf1,oshb,Ps.4.4,,locked runtime authority retained; raw secondary textual/segmentation variant recorded
strong_control_sequence_difference,high,resolved_by_locked_runtime_authority_contract,Ps.4.5,uk5-79eb19e27c65b92fb230,oshb,Ps.4.5,,locked runtime authority retained; raw secondary textual/segmentation variant recorded
strong_control_sequence_difference,high,resolved_by_locked_runtime_authority_contract,Ps.4.6,uk5-9a6fb4ac7025e92181da,oshb,Ps.4.6,,locked runtime authority retained; raw secondary textual/segmentation variant recorded
strong_control_sequence_difference,high,resolved_by_locked_runtime_authority_contract,Ps.4.7,uk5-bd75728d2c6594732140,oshb,Ps.4.7,,locked runtime authority retained; raw secondary textual/segmentation variant recorded
strong_control_sequence_difference,high,resolved_by_locked_runtime_authority_contract,Ps.4.8,uk5-ac0130b10c98cd07cf9b,oshb,Ps.4.8,,locked runtime authority retained; raw secondary textual/segmentation variant recorded
strong_control_sequence_difference,high,resolved_by_locked_runtime_authority_contract,Ps.40.1,uk5-59b8c1a5b408f4909584,oshb,Ps.40.1,,locked runtime authority retained; raw secondary textual/segmentation variant recorded
strong_control_sequence_difference,high,resolved_by_locked_runtime_authority_contract,Ps.40.10,uk5-3424300cef5780a331fb,oshb,Ps.40.10,,locked runtime authority retained; raw secondary textual/segmentation variant recorded
strong_control_sequence_difference,high,resolved_by_locked_runtime_authority_contract,Ps.40.11,uk5-9ee2d8b08f2c61b82b9d,oshb,Ps.40.11,,locked runtime authority retained; raw secondary textual/segmentation variant recorded
strong_control_sequence_difference,high,resolved_by_locked_runtime_authority_contract,Ps.40.12,uk5-953a94e568f997252894,oshb,Ps.40.12,,locked runtime authority retained; raw secondary textual/segmentation variant recorded
strong_control_sequence_difference,high,resolved_by_locked_runtime_authority_contract,Ps.40.13,uk5-6098499576ce4f249aff,oshb,Ps.40.13,,locked runtime authority retained; raw secondary textual/segmentation variant recorded
strong_control_sequence_difference,high,resolved_by_locked_runtime_authority_contract,Ps.40.14,uk5-c41cd3ed2560afb90279,oshb,Ps.40.14,,locked runtime authority retained; raw secondary textual/segmentation variant recorded
strong_control_sequence_difference,high,resolved_by_locked_runtime_authority_contract,Ps.40.15,uk5-621a2bcdbefeb644e7b1,oshb,Ps.40.15,,locked runtime authority retained; raw secondary textual/segmentation variant recorded
strong_control_sequence_difference,high,resolved_by_locked_runtime_authority_contract,Ps.40.16,uk5-ec4ad9f0bcd620e06232,oshb,Ps.40.16,,locked runtime authority retained; raw secondary textual/segmentation variant recorded
strong_control_sequence_difference,high,resolved_by_locked_runtime_authority_contract,Ps.40.17,uk5-62b01fd8df40a8171e16,oshb,Ps.40.17,,locked runtime authority retained; raw secondary textual/segmentation variant recorded
strong_control_sequence_difference,high,resolved_by_locked_runtime_authority_contract,Ps.40.2,uk5-dcce1118d7270562ca4d,oshb,Ps.40.2,,locked runtime authority retained; raw secondary textual/segmentation variant recorded
strong_control_sequence_difference,high,resolved_by_locked_runtime_authority_contract,Ps.40.3,uk5-4f7d3db8392d51136a50,oshb,Ps.40.3,,locked runtime authority retained; raw secondary textual/segmentation variant recorded
strong_control_sequence_difference,high,resolved_by_locked_runtime_authority_contract,Ps.40.4,uk5-fec5900e5921217e257b,oshb,Ps.40.4,,locked runtime authority retained; raw secondary textual/segmentation variant recorded
strong_control_sequence_difference,high,resolved_by_locked_runtime_authority_contract,Ps.40.5,uk5-2b874c5785e8ce57b415,oshb,Ps.40.5,,locked runtime authority retained; raw secondary textual/segmentation variant recorded
strong_control_sequence_difference,high,resolved_by_locked_runtime_authority_contract,Ps.40.6,uk5-04f54452f551af84fb93,oshb,Ps.40.6,,locked runtime authority retained; raw secondary textual/segmentation variant recorded
strong_control_sequence_difference,high,resolved_by_locked_runtime_authority_contract,Ps.40.7,uk5-9d3e11780b5b3770f98f,oshb,Ps.40.7,,locked runtime authority retained; raw secondary textual/segmentation variant recorded
strong_control_sequence_difference,high,resolved_by_locked_runtime_authority_contract,Ps.40.8,uk5-b33ab429f2270ad16cbb,oshb,Ps.40.8,,locked runtime authority retained; raw secondary textual/segmentation variant recorded
strong_control_sequence_difference,high,resolved_by_locked_runtime_authority_contract,Ps.40.9,uk5-19fef7eba4bb633e3d16,oshb,Ps.40.9,,locked runtime authority retained; raw secondary textual/segmentation variant recorded
strong_control_sequence_difference,high,resolved_by_locked_runtime_authority_contract,Ps.41.1,uk5-603f55921e49fa4f3eea,oshb,Ps.41.1,,locked runtime authority retained; raw secondary textual/segmentation variant recorded
strong_control_sequence_difference,high,resolved_by_locked_runtime_authority_contract,Ps.41.10,uk5-cd31095c06412827fc63,oshb,Ps.41.10,,locked runtime authority retained; raw secondary textual/segmentation variant recorded
strong_control_sequence_difference,high,resolved_by_locked_runtime_authority_contract,Ps.41.11,uk5-73484175f2b62c393e34,oshb,Ps.41.11,,locked runtime authority retained; raw secondary textual/segmentation variant recorded
strong_control_sequence_difference,high,resolved_by_locked_runtime_authority_contract,Ps.41.12,uk5-fbd00c904fb4a9baad86,oshb,Ps.41.12,,locked runtime authority retained; raw secondary textual/segmentation variant recorded
strong_control_sequence_difference,high,resolved_by_locked_runtime_authority_contract,Ps.41.13,uk5-2f5edd5fc33ae059cbe0,oshb,Ps.41.13,,locked runtime authority retained; raw secondary textual/segmentation variant recorded
strong_control_sequence_difference,high,resolved_by_locked_runtime_authority_contract,Ps.41.2,uk5-08ae50141b785c354341,oshb,Ps.41.2,,locked runtime authority retained; raw secondary textual/segmentation variant recorded
strong_control_sequence_difference,high,resolved_by_locked_runtime_authority_contract,Ps.41.3,uk5-d5fe2f55b19a7885e49e,oshb,Ps.41.3,,locked runtime authority retained; raw secondary textual/segmentation variant recorded
strong_control_sequence_difference,high,resolved_by_locked_runtime_authority_contract,Ps.41.4,uk5-bd24318c4cc655cc38ee,oshb,Ps.41.4,,locked runtime authority retained; raw secondary textual/segmentation variant recorded
strong_control_sequence_difference,high,resolved_by_locked_runtime_authority_contract,Ps.41.5,uk5-1b493bab0708931bd8e8,oshb,Ps.41.5,,locked runtime authority retained; raw secondary textual/segmentation variant recorded
strong_control_sequence_difference,high,resolved_by_locked_runtime_authority_contract,Ps.41.6,uk5-71ba628bf0d33c78d9e0,oshb,Ps.41.6,,locked runtime authority retained; raw secondary textual/segmentation variant recorded
strong_control_sequence_difference,high,resolved_by_locked_runtime_authority_contract,Ps.41.7,uk5-1bfaf58a202edb3aa040,oshb,Ps.41.7,,locked runtime authority retained; raw secondary textual/segmentation variant recorded
strong_control_sequence_difference,high,resolved_by_locked_runtime_authority_contract,Ps.41.8,uk5-89da4194ce7cc1b2e885,oshb,Ps.41.8,,locked runtime authority retained; raw secondary textual/segmentation variant recorded
strong_control_sequence_difference,high,resolved_by_locked_runtime_authority_contract,Ps.41.9,uk5-574f439fbb44cc425dce,oshb,Ps.41.9,,locked runtime authority retained; raw secondary textual/segmentation variant recorded
strong_control_sequence_difference,high,resolved_by_locked_runtime_authority_contract,Ps.42.1,uk5-5bc9b29f93501c952392,oshb,Ps.42.1,,locked runtime authority retained; raw secondary textual/segmentation variant recorded
strong_control_sequence_difference,high,resolved_by_locked_runtime_authority_contract,Ps.42.10,uk5-7e95fd616ded8ccc7989,oshb,Ps.42.10,,locked runtime authority retained; raw secondary textual/segmentation variant recorded
strong_control_sequence_difference,high,resolved_by_locked_runtime_authority_contract,Ps.42.11,uk5-da89edacc574878695bc,oshb,Ps.42.11,,locked runtime authority retained; raw secondary textual/segmentation variant recorded
strong_control_sequence_difference,high,resolved_by_locked_runtime_authority_contract,Ps.42.2,uk5-e43d1eda8dd99e37ae08,oshb,Ps.42.2,,locked runtime authority retained; raw secondary textual/segmentation variant recorded
strong_control_sequence_difference,high,resolved_by_locked_runtime_authority_contract,Ps.42.3,uk5-e6ac215e5b1f8ebcf0ac,oshb,Ps.42.3,,locked runtime authority retained; raw secondary textual/segmentation variant recorded
strong_control_sequence_difference,high,resolved_by_locked_runtime_authority_contract,Ps.42.4,uk5-ee71f6fcbbadcb756b12,oshb,Ps.42.4,,locked runtime authority retained; raw secondary textual/segmentation variant recorded
strong_control_sequence_difference,high,resolved_by_locked_runtime_authority_contract,Ps.42.5,uk5-dd53ac72e7bdb8518480,oshb,Ps.42.5,,locked runtime authority retained; raw secondary textual/segmentation variant recorded
strong_control_sequence_difference,high,resolved_by_locked_runtime_authority_contract,Ps.42.6,uk5-cebac58ce012d9959b7f,oshb,Ps.42.6,,locked runtime authority retained; raw secondary textual/segmentation variant recorded
strong_control_sequence_difference,high,resolved_by_locked_runtime_authority_contract,Ps.42.7,uk5-f842dc3b901fb639edad,oshb,Ps.42.7,,locked runtime authority retained; raw secondary textual/segmentation variant recorded
strong_control_sequence_difference,high,resolved_by_locked_runtime_authority_contract,Ps.42.8,uk5-613f80c8b779a42b96c9,oshb,Ps.42.8,,locked runtime authority retained; raw secondary textual/segmentation variant recorded
strong_control_sequence_difference,high,resolved_by_locked_runtime_authority_contract,Ps.42.9,uk5-1d99ff1755ef161d0d7d,oshb,Ps.42.9,,locked runtime authority retained; raw secondary textual/segmentation variant recorded
strong_control_sequence_difference,high,resolved_by_locked_runtime_authority_contract,Ps.44.1,uk5-96b26750e80073b9bbe7,oshb,Ps.44.1,Ps.43.1,locked runtime authority retained; raw secondary textual/segmentation variant recorded
strong_control_sequence_difference,high,resolved_by_locked_runtime_authority_contract,Ps.44.10,uk5-df0318880ee87e05cab4,oshb,Ps.44.10,,locked runtime authority retained; raw secondary textual/segmentation variant recorded
strong_control_sequence_difference,high,resolved_by_locked_runtime_authority_contract,Ps.44.11,uk5-947be48bce90f33ef56e,oshb,Ps.44.11,,locked runtime authority retained; raw secondary textual/segmentation variant recorded
strong_control_sequence_difference,high,resolved_by_locked_runtime_authority_contract,Ps.44.12,uk5-6ab47a1608f106bfde42,oshb,Ps.44.12,,locked runtime authority retained; raw secondary textual/segmentation variant recorded
strong_control_sequence_difference,high,resolved_by_locked_runtime_authority_contract,Ps.44.13,uk5-3ee3631dfcaaeb5be3ec,oshb,Ps.44.13,,locked runtime authority retained; raw secondary textual/segmentation variant recorded
strong_control_sequence_difference,high,resolved_by_locked_runtime_authority_contract,Ps.44.14,uk5-be00bf9d7a7e73691deb,oshb,Ps.44.14,,locked runtime authority retained; raw secondary textual/segmentation variant recorded
strong_control_sequence_difference,high,resolved_by_locked_runtime_authority_contract,Ps.44.15,uk5-264659ba1044fda12e75,oshb,Ps.44.15,,locked runtime authority retained; raw secondary textual/segmentation variant recorded
strong_control_sequence_difference,high,resolved_by_locked_runtime_authority_contract,Ps.44.16,uk5-3dc182f855abb080ece2,oshb,Ps.44.16,,locked runtime authority retained; raw secondary textual/segmentation variant recorded
strong_control_sequence_difference,high,resolved_by_locked_runtime_authority_contract,Ps.44.17,uk5-b942c1b911cad29dcb76,oshb,Ps.44.17,,locked runtime authority retained; raw secondary textual/segmentation variant recorded
strong_control_sequence_difference,high,resolved_by_locked_runtime_authority_contract,Ps.44.18,uk5-1b71b5c6d74736b07dfb,oshb,Ps.44.18,,locked runtime authority retained; raw secondary textual/segmentation variant recorded
strong_control_sequence_difference,high,resolved_by_locked_runtime_authority_contract,Ps.44.19,uk5-d1326afc9b6d782143e2,oshb,Ps.44.19,,locked runtime authority retained; raw secondary textual/segmentation variant recorded
strong_control_sequence_difference,high,resolved_by_locked_runtime_authority_contract,Ps.44.2,uk5-7d3e6267911c295787b2,oshb,Ps.44.2,Ps.43.3,locked runtime authority retained; raw secondary textual/segmentation variant recorded
strong_control_sequence_difference,high,resolved_by_locked_runtime_authority_contract,Ps.44.20,uk5-2eae30a63173502715c4,oshb,Ps.44.20,,locked runtime authority retained; raw secondary textual/segmentation variant recorded
strong_control_sequence_difference,high,resolved_by_locked_runtime_authority_contract,Ps.44.21,uk5-d642479f38aef81507d9,oshb,Ps.44.21,,locked runtime authority retained; raw secondary textual/segmentation variant recorded
strong_control_sequence_difference,high,resolved_by_locked_runtime_authority_contract,Ps.44.22,uk5-d0380050eb1d44e449bf,oshb,Ps.44.22,,locked runtime authority retained; raw secondary textual/segmentation variant recorded
strong_control_sequence_difference,high,resolved_by_locked_runtime_authority_contract,Ps.44.23,uk5-6b5543617ed25619ba6a,oshb,Ps.44.23,,locked runtime authority retained; raw secondary textual/segmentation variant recorded
strong_control_sequence_difference,high,resolved_by_locked_runtime_authority_contract,Ps.44.24,uk5-5334387edd50ef771ab1,oshb,Ps.44.24,,locked runtime authority retained; raw secondary textual/segmentation variant recorded
strong_control_sequence_difference,high,resolved_by_locked_runtime_authority_contract,Ps.44.25,uk5-b6b13fbd54c58a5ae479,oshb,Ps.44.25,,locked runtime authority retained; raw secondary textual/segmentation variant recorded
strong_control_sequence_difference,high,resolved_by_locked_runtime_authority_contract,Ps.44.26,uk5-e90e6ffbbbe05bd35523,oshb,Ps.44.26,,locked runtime authority retained; raw secondary textual/segmentation variant recorded
strong_control_sequence_difference,high,resolved_by_locked_runtime_authority_contract,Ps.44.3,uk5-54324f51e50ea90594f3,oshb,Ps.44.3,Ps.43.4,locked runtime authority retained; raw secondary textual/segmentation variant recorded
strong_control_sequence_difference,high,resolved_by_locked_runtime_authority_contract,Ps.44.4,uk5-674aa72ad91193e34f7f,oshb,Ps.44.4,Ps.43.5,locked runtime authority retained; raw secondary textual/segmentation variant recorded
strong_control_sequence_difference,high,resolved_by_locked_runtime_authority_contract,Ps.44.5,uk5-b644269e4882b386f23d,oshb,Ps.44.5,,locked runtime authority retained; raw secondary textual/segmentation variant recorded
strong_control_sequence_difference,high,resolved_by_locked_runtime_authority_contract,Ps.44.6,uk5-23390e77c883b8afbdef,oshb,Ps.44.6,,locked runtime authority retained; raw secondary textual/segmentation variant recorded
strong_control_sequence_difference,high,resolved_by_locked_runtime_authority_contract,Ps.44.7,uk5-143c783ae3d5e428c0db,oshb,Ps.44.7,,locked runtime authority retained; raw secondary textual/segmentation variant recorded
strong_control_sequence_difference,high,resolved_by_locked_runtime_authority_contract,Ps.44.8,uk5-d2083c9fcff9b5c25d84,oshb,Ps.44.8,,locked runtime authority retained; raw secondary textual/segmentation variant recorded
strong_control_sequence_difference,high,resolved_by_locked_runtime_authority_contract,Ps.44.9,uk5-87ee07ff912a0b910179,oshb,Ps.44.9,,locked runtime authority retained; raw secondary textual/segmentation variant recorded
strong_control_sequence_difference,high,resolved_by_locked_runtime_authority_contract,Ps.45.1,uk5-ba2f74f0e3b0ccc479e9,oshb,Ps.45.1,,locked runtime authority retained; raw secondary textual/segmentation variant recorded
strong_control_sequence_difference,high,resolved_by_locked_runtime_authority_contract,Ps.45.10,uk5-03ed6269e2e30d01e7e4,oshb,Ps.45.10,,locked runtime authority retained; raw secondary textual/segmentation variant recorded
strong_control_sequence_difference,high,resolved_by_locked_runtime_authority_contract,Ps.45.11,uk5-412acc8fc4bb038a20ad,oshb,Ps.45.11,,locked runtime authority retained; raw secondary textual/segmentation variant recorded
strong_control_sequence_difference,high,resolved_by_locked_runtime_authority_contract,Ps.45.12,uk5-9baa3c1f727c4007a1e0,oshb,Ps.45.12,,locked runtime authority retained; raw secondary textual/segmentation variant recorded
strong_control_sequence_difference,high,resolved_by_locked_runtime_authority_contract,Ps.45.13,uk5-34ec85f78ae52f84af3f,oshb,Ps.45.13,,locked runtime authority retained; raw secondary textual/segmentation variant recorded
strong_control_sequence_difference,high,resolved_by_locked_runtime_authority_contract,Ps.45.14,uk5-cf7d9906ccf034cf554e,oshb,Ps.45.14,,locked runtime authority retained; raw secondary textual/segmentation variant recorded
strong_control_sequence_difference,high,resolved_by_locked_runtime_authority_contract,Ps.45.15,uk5-585aeacd8f35f855915e,oshb,Ps.45.15,,locked runtime authority retained; raw secondary textual/segmentation variant recorded
strong_control_sequence_difference,high,resolved_by_locked_runtime_authority_contract,Ps.45.16,uk5-e55208470e268a78d344,oshb,Ps.45.16,,locked runtime authority retained; raw secondary textual/segmentation variant recorded
strong_control_sequence_difference,high,resolved_by_locked_runtime_authority_contract,Ps.45.17,uk5-d70cb4f6ffc227c1caf1,oshb,Ps.45.17,,locked runtime authority retained; raw secondary textual/segmentation variant recorded
strong_control_sequence_difference,high,resolved_by_locked_runtime_authority_contract,Ps.45.2,uk5-365a7fbdc6855e236ade,oshb,Ps.45.2,,locked runtime authority retained; raw secondary textual/segmentation variant recorded
strong_control_sequence_difference,high,resolved_by_locked_runtime_authority_contract,Ps.45.3,uk5-2032d4873696de1daf92,oshb,Ps.45.3,,locked runtime authority retained; raw secondary textual/segmentation variant recorded
strong_control_sequence_difference,high,resolved_by_locked_runtime_authority_contract,Ps.45.4,uk5-dd7dffc9c7a27dc48a17,oshb,Ps.45.4,,locked runtime authority retained; raw secondary textual/segmentation variant recorded
strong_control_sequence_difference,high,resolved_by_locked_runtime_authority_contract,Ps.45.5,uk5-c14921ccbbcd75e50a43,oshb,Ps.45.5,,locked runtime authority retained; raw secondary textual/segmentation variant recorded
strong_control_sequence_difference,high,resolved_by_locked_runtime_authority_contract,Ps.45.6,uk5-895808fbda443d945c70,oshb,Ps.45.6,,locked runtime authority retained; raw secondary textual/segmentation variant recorded
strong_control_sequence_difference,high,resolved_by_locked_runtime_authority_contract,Ps.45.7,uk5-c07fb37a2bdf4d4fc096,oshb,Ps.45.7,,locked runtime authority retained; raw secondary textual/segmentation variant recorded
strong_control_sequence_difference,high,resolved_by_locked_runtime_authority_contract,Ps.45.8,uk5-d0292344fb28429625d0,oshb,Ps.45.8,,locked runtime authority retained; raw secondary textual/segmentation variant recorded
strong_control_sequence_difference,high,resolved_by_locked_runtime_authority_contract,Ps.45.9,uk5-5983ac3e94b57c562fd8,oshb,Ps.45.9,,locked runtime authority retained; raw secondary textual/segmentation variant recorded
strong_control_sequence_difference,high,resolved_by_locked_runtime_authority_contract,Ps.46.1,uk5-0de76f2cfc432cbab4a9,oshb,Ps.46.1,,locked runtime authority retained; raw secondary textual/segmentation variant recorded
strong_control_sequence_difference,high,resolved_by_locked_runtime_authority_contract,Ps.46.10,uk5-2e7abf18597ac65a6c63,oshb,Ps.46.10,,locked runtime authority retained; raw secondary textual/segmentation variant recorded
strong_control_sequence_difference,high,resolved_by_locked_runtime_authority_contract,Ps.46.11,uk5-617181e5369346b7bfcd,oshb,Ps.46.11,,locked runtime authority retained; raw secondary textual/segmentation variant recorded
strong_control_sequence_difference,high,resolved_by_locked_runtime_authority_contract,Ps.46.2,uk5-dc4e2ebee03b7ea4a24a,oshb,Ps.46.2,,locked runtime authority retained; raw secondary textual/segmentation variant recorded
strong_control_sequence_difference,high,resolved_by_locked_runtime_authority_contract,Ps.46.3,uk5-5090edef2d9dfea7d6e9,oshb,Ps.46.3,,locked runtime authority retained; raw secondary textual/segmentation variant recorded
strong_control_sequence_difference,high,resolved_by_locked_runtime_authority_contract,Ps.46.4,uk5-73daa3d6cbf51181e206,oshb,Ps.46.4,,locked runtime authority retained; raw secondary textual/segmentation variant recorded
strong_control_sequence_difference,high,resolved_by_locked_runtime_authority_contract,Ps.46.5,uk5-198ad378751b05b1b9b6,oshb,Ps.46.5,,locked runtime authority retained; raw secondary textual/segmentation variant recorded
strong_control_sequence_difference,high,resolved_by_locked_runtime_authority_contract,Ps.46.6,uk5-6fa0a370aa0d5811d4a6,oshb,Ps.46.6,,locked runtime authority retained; raw secondary textual/segmentation variant recorded
strong_control_sequence_difference,high,resolved_by_locked_runtime_authority_contract,Ps.46.7,uk5-68d0dc35d53dffad8bb6,oshb,Ps.46.7,,locked runtime authority retained; raw secondary textual/segmentation variant recorded
strong_control_sequence_difference,high,resolved_by_locked_runtime_authority_contract,Ps.46.8,uk5-4bc773dba4b8e9fcf9b1,oshb,Ps.46.8,,locked runtime authority retained; raw secondary textual/segmentation variant recorded
strong_control_sequence_difference,high,resolved_by_locked_runtime_authority_contract,Ps.46.9,uk5-56d929a29553c0798041,oshb,Ps.46.9,,locked runtime authority retained; raw secondary textual/segmentation variant recorded
strong_control_sequence_difference,high,resolved_by_locked_runtime_authority_contract,Ps.47.1,uk5-61dcf805c2513530d509,oshb,Ps.47.1,,locked runtime authority retained; raw secondary textual/segmentation variant recorded
strong_control_sequence_difference,high,resolved_by_locked_runtime_authority_contract,Ps.47.2,uk5-a574a67e16e937f86a3d,oshb,Ps.47.2,,locked runtime authority retained; raw secondary textual/segmentation variant recorded
strong_control_sequence_difference,high,resolved_by_locked_runtime_authority_contract,Ps.47.3,uk5-b2ee6c231f0c12bae377,oshb,Ps.47.3,,locked runtime authority retained; raw secondary textual/segmentation variant recorded
strong_control_sequence_difference,high,resolved_by_locked_runtime_authority_contract,Ps.47.4,uk5-05c640954903ee0add68,oshb,Ps.47.4,,locked runtime authority retained; raw secondary textual/segmentation variant recorded
strong_control_sequence_difference,high,resolved_by_locked_runtime_authority_contract,Ps.47.5,uk5-33af2ffe0bd476c31c77,oshb,Ps.47.5,,locked runtime authority retained; raw secondary textual/segmentation variant recorded
strong_control_sequence_difference,high,resolved_by_locked_runtime_authority_contract,Ps.47.6,uk5-2f24c2d26ab2f357c305,oshb,Ps.47.6,,locked runtime authority retained; raw secondary textual/segmentation variant recorded
strong_control_sequence_difference,high,resolved_by_locked_runtime_authority_contract,Ps.47.7,uk5-8e7d4ea9d636471bd9e2,oshb,Ps.47.7,,locked runtime authority retained; raw secondary textual/segmentation variant recorded
strong_control_sequence_difference,high,resolved_by_locked_runtime_authority_contract,Ps.47.8,uk5-90cc0a4e0d1521482fd5,oshb,Ps.47.8,,locked runtime authority retained; raw secondary textual/segmentation variant recorded
strong_control_sequence_difference,high,resolved_by_locked_runtime_authority_contract,Ps.47.9,uk5-cff1a868f2cdfb83208f,oshb,Ps.47.9,,locked runtime authority retained; raw secondary textual/segmentation variant recorded
strong_control_sequence_difference,high,resolved_by_locked_runtime_authority_contract,Ps.48.1,uk5-76bda772c759f84640b5,oshb,Ps.48.1,,locked runtime authority retained; raw secondary textual/segmentation variant recorded
strong_control_sequence_difference,high,resolved_by_locked_runtime_authority_contract,Ps.48.10,uk5-c2d878b8b57e89c433e6,oshb,Ps.48.10,,locked runtime authority retained; raw secondary textual/segmentation variant recorded
strong_control_sequence_difference,high,resolved_by_locked_runtime_authority_contract,Ps.48.11,uk5-d9c98683c36ff03f785f,oshb,Ps.48.11,,locked runtime authority retained; raw secondary textual/segmentation variant recorded
strong_control_sequence_difference,high,resolved_by_locked_runtime_authority_contract,Ps.48.12,uk5-ad7774cca40ff78c05c0,oshb,Ps.48.12,,locked runtime authority retained; raw secondary textual/segmentation variant recorded
strong_control_sequence_difference,high,resolved_by_locked_runtime_authority_contract,Ps.48.13,uk5-609a1c0351087bbce97e,oshb,Ps.48.13,,locked runtime authority retained; raw secondary textual/segmentation variant recorded
strong_control_sequence_difference,high,resolved_by_locked_runtime_authority_contract,Ps.48.14,uk5-382bbf6cbc130dfc0bd3,oshb,Ps.48.14,,locked runtime authority retained; raw secondary textual/segmentation variant recorded
strong_control_sequence_difference,high,resolved_by_locked_runtime_authority_contract,Ps.48.2,uk5-1e676861a76717e6055a,oshb,Ps.48.2,,locked runtime authority retained; raw secondary textual/segmentation variant recorded
strong_control_sequence_difference,high,resolved_by_locked_runtime_authority_contract,Ps.48.3,uk5-25b81b12ed9474b9f8d5,oshb,Ps.48.3,,locked runtime authority retained; raw secondary textual/segmentation variant recorded
strong_control_sequence_difference,high,resolved_by_locked_runtime_authority_contract,Ps.48.4,uk5-17deb1b82c7a5a5843ca,oshb,Ps.48.4,,locked runtime authority retained; raw secondary textual/segmentation variant recorded
strong_control_sequence_difference,high,resolved_by_locked_runtime_authority_contract,Ps.48.5,uk5-a11cceabb1dbfb39d75b,oshb,Ps.48.5,,locked runtime authority retained; raw secondary textual/segmentation variant recorded
strong_control_sequence_difference,high,resolved_by_locked_runtime_authority_contract,Ps.48.6,uk5-a5f54dcfd7257261abad,oshb,Ps.48.6,,locked runtime authority retained; raw secondary textual/segmentation variant recorded
strong_control_sequence_difference,high,resolved_by_locked_runtime_authority_contract,Ps.48.7,uk5-1b227029f42c156633a6,oshb,Ps.48.7,,locked runtime authority retained; raw secondary textual/segmentation variant recorded
strong_control_sequence_difference,high,resolved_by_locked_runtime_authority_contract,Ps.48.8,uk5-3582bdffd0b4dacb0c61,oshb,Ps.48.8,,locked runtime authority retained; raw secondary textual/segmentation variant recorded
strong_control_sequence_difference,high,resolved_by_locked_runtime_authority_contract,Ps.48.9,uk5-7c6f9485a1296a10cd55,oshb,Ps.48.9,,locked runtime authority retained; raw secondary textual/segmentation variant recorded
strong_control_sequence_difference,high,resolved_by_locked_runtime_authority_contract,Ps.49.1,uk5-88f35bd7556053369421,oshb,Ps.49.1,,locked runtime authority retained; raw secondary textual/segmentation variant recorded
strong_control_sequence_difference,high,resolved_by_locked_runtime_authority_contract,Ps.49.10,uk5-87b20448d3e5a031cb15,oshb,Ps.49.10,,locked runtime authority retained; raw secondary textual/segmentation variant recorded
strong_control_sequence_difference,high,resolved_by_locked_runtime_authority_contract,Ps.49.11,uk5-17ec01855d9948ef973b,oshb,Ps.49.11,,locked runtime authority retained; raw secondary textual/segmentation variant recorded
strong_control_sequence_difference,high,resolved_by_locked_runtime_authority_contract,Ps.49.12,uk5-dc3bcdc79d67dd90767a,oshb,Ps.49.12,,locked runtime authority retained; raw secondary textual/segmentation variant recorded
strong_control_sequence_difference,high,resolved_by_locked_runtime_authority_contract,Ps.49.13,uk5-b5b80c8fe8dd60363936,oshb,Ps.49.13,,locked runtime authority retained; raw secondary textual/segmentation variant recorded
strong_control_sequence_difference,high,resolved_by_locked_runtime_authority_contract,Ps.49.14,uk5-1468de57d95e8e6b1b0c,oshb,Ps.49.14,,locked runtime authority retained; raw secondary textual/segmentation variant recorded
strong_control_sequence_difference,high,resolved_by_locked_runtime_authority_contract,Ps.49.15,uk5-8027a945a04bf9ba7ece,oshb,Ps.49.15,,locked runtime authority retained; raw secondary textual/segmentation variant recorded
strong_control_sequence_difference,high,resolved_by_locked_runtime_authority_contract,Ps.49.16,uk5-9ab4c31e597b9e844224,oshb,Ps.49.16,,locked runtime authority retained; raw secondary textual/segmentation variant recorded
strong_control_sequence_difference,high,resolved_by_locked_runtime_authority_contract,Ps.49.17,uk5-6f14035625fc7a481fa0,oshb,Ps.49.17,,locked runtime authority retained; raw secondary textual/segmentation variant recorded
strong_control_sequence_difference,high,resolved_by_locked_runtime_authority_contract,Ps.49.18,uk5-42ac3c98d14e3949d997,oshb,Ps.49.18,,locked runtime authority retained; raw secondary textual/segmentation variant recorded
strong_control_sequence_difference,high,resolved_by_locked_runtime_authority_contract,Ps.49.19,uk5-39942243e177c2a3c228,oshb,Ps.49.19,,locked runtime authority retained; raw secondary textual/segmentation variant recorded
strong_control_sequence_difference,high,resolved_by_locked_runtime_authority_contract,Ps.49.2,uk5-9ce5f12817f16475b1b5,oshb,Ps.49.2,,locked runtime authority retained; raw secondary textual/segmentation variant recorded
strong_control_sequence_difference,high,resolved_by_locked_runtime_authority_contract,Ps.49.20,uk5-e69791fac994b9ead378,oshb,Ps.49.20,,locked runtime authority retained; raw secondary textual/segmentation variant recorded
strong_control_sequence_difference,high,resolved_by_locked_runtime_authority_contract,Ps.49.3,uk5-5eb9dd8e41da945721af,oshb,Ps.49.3,,locked runtime authority retained; raw secondary textual/segmentation variant recorded
strong_control_sequence_difference,high,resolved_by_locked_runtime_authority_contract,Ps.49.4,uk5-685d6a21be87b7d4e1a1,oshb,Ps.49.4,,locked runtime authority retained; raw secondary textual/segmentation variant recorded
strong_control_sequence_difference,high,resolved_by_locked_runtime_authority_contract,Ps.49.5,uk5-d2288d7d17aa47440cd6,oshb,Ps.49.5,,locked runtime authority retained; raw secondary textual/segmentation variant recorded
strong_control_sequence_difference,high,resolved_by_locked_runtime_authority_contract,Ps.49.6,uk5-92e9fbebed6cf24b07a1,oshb,Ps.49.6,,locked runtime authority retained; raw secondary textual/segmentation variant recorded
strong_control_sequence_difference,high,resolved_by_locked_runtime_authority_contract,Ps.49.7,uk5-0624d09f119312d66833,oshb,Ps.49.7,,locked runtime authority retained; raw secondary textual/segmentation variant recorded
strong_control_sequence_difference,high,resolved_by_locked_runtime_authority_contract,Ps.49.8,uk5-db601dae2f3814a5ee14,oshb,Ps.49.8,,locked runtime authority retained; raw secondary textual/segmentation variant recorded
strong_control_sequence_difference,high,resolved_by_locked_runtime_authority_contract,Ps.49.9,uk5-7bcd5af966a57657cf4a,oshb,Ps.49.9,,locked runtime authority retained; raw secondary textual/segmentation variant recorded
strong_control_sequence_difference,high,resolved_by_locked_runtime_authority_contract,Ps.5.1,uk5-36861ca02fbcb4ad8503,oshb,Ps.5.1,,locked runtime authority retained; raw secondary textual/segmentation variant recorded
strong_control_sequence_difference,high,resolved_by_locked_runtime_authority_contract,Ps.5.10,uk5-c32d08e47fc5fa8c6896,oshb,Ps.5.10,,locked runtime authority retained; raw secondary textual/segmentation variant recorded
strong_control_sequence_difference,high,resolved_by_locked_runtime_authority_contract,Ps.5.11,uk5-cbbf673378d0a9b21afa,oshb,Ps.5.11,,locked runtime authority retained; raw secondary textual/segmentation variant recorded
strong_control_sequence_difference,high,resolved_by_locked_runtime_authority_contract,Ps.5.12,uk5-53e883000306f1aa8ef1,oshb,Ps.5.12,,locked runtime authority retained; raw secondary textual/segmentation variant recorded
strong_control_sequence_difference,high,resolved_by_locked_runtime_authority_contract,Ps.5.2,uk5-da4bee438843870ad17a,oshb,Ps.5.2,,locked runtime authority retained; raw secondary textual/segmentation variant recorded
strong_control_sequence_difference,high,resolved_by_locked_runtime_authority_contract,Ps.5.3,uk5-205d7592c133c5bf6bfd,oshb,Ps.5.3,,locked runtime authority retained; raw secondary textual/segmentation variant recorded
strong_control_sequence_difference,high,resolved_by_locked_runtime_authority_contract,Ps.5.4,uk5-04d1618c24bef47518e5,oshb,Ps.5.4,,locked runtime authority retained; raw secondary textual/segmentation variant recorded
strong_control_sequence_difference,high,resolved_by_locked_runtime_authority_contract,Ps.5.5,uk5-f193a6f59725de6f8b77,oshb,Ps.5.5,,locked runtime authority retained; raw secondary textual/segmentation variant recorded
strong_control_sequence_difference,high,resolved_by_locked_runtime_authority_contract,Ps.5.6,uk5-f5b0fa48695817156363,oshb,Ps.5.6,,locked runtime authority retained; raw secondary textual/segmentation variant recorded
strong_control_sequence_difference,high,resolved_by_locked_runtime_authority_contract,Ps.5.7,uk5-34544185c68e7a60df29,oshb,Ps.5.7,,locked runtime authority retained; raw secondary textual/segmentation variant recorded
strong_control_sequence_difference,high,resolved_by_locked_runtime_authority_contract,Ps.5.8,uk5-353c07020e2fd9e14dbd,oshb,Ps.5.8,,locked runtime authority retained; raw secondary textual/segmentation variant recorded
strong_control_sequence_difference,high,resolved_by_locked_runtime_authority_contract,Ps.5.9,uk5-fb68fc3f00e66fa25411,oshb,Ps.5.9,,locked runtime authority retained; raw secondary textual/segmentation variant recorded
strong_control_sequence_difference,low,resolved_by_locked_runtime_authority_contract,Ps.50.10,uk5-d9212fa47c271ac85834,oshb,Ps.50.10,Ps.50.10,locked runtime authority retained; raw secondary textual/segmentation variant recorded
strong_control_sequence_difference,high,resolved_by_locked_runtime_authority_contract,Ps.51.1,uk5-1e4b5996c1f673332082,oshb,Ps.51.1,Ps.50.1,locked runtime authority retained; raw secondary textual/segmentation variant recorded
strong_control_sequence_difference,high,resolved_by_locked_runtime_authority_contract,Ps.51.10,uk5-1885be8b57f3d63bf448,oshb,Ps.51.10,Ps.50.12,locked runtime authority retained; raw secondary textual/segmentation variant recorded
strong_control_sequence_difference,high,resolved_by_locked_runtime_authority_contract,Ps.51.11,uk5-ba696f8191974173f720,oshb,Ps.51.11,Ps.50.13,locked runtime authority retained; raw secondary textual/segmentation variant recorded
strong_control_sequence_difference,high,resolved_by_locked_runtime_authority_contract,Ps.51.12,uk5-e58d9afd7a23891c2590,oshb,Ps.51.12,Ps.50.14,locked runtime authority retained; raw secondary textual/segmentation variant recorded
strong_control_sequence_difference,high,resolved_by_locked_runtime_authority_contract,Ps.51.13,uk5-b9091076b834d247c44e,oshb,Ps.51.13,Ps.50.15,locked runtime authority retained; raw secondary textual/segmentation variant recorded
strong_control_sequence_difference,high,resolved_by_locked_runtime_authority_contract,Ps.51.14,uk5-7f713e46f32d87e430e8,oshb,Ps.51.14,Ps.50.16,locked runtime authority retained; raw secondary textual/segmentation variant recorded
strong_control_sequence_difference,high,resolved_by_locked_runtime_authority_contract,Ps.51.15,uk5-4774126ff4a617ea494d,oshb,Ps.51.15,Ps.50.17,locked runtime authority retained; raw secondary textual/segmentation variant recorded
strong_control_sequence_difference,high,resolved_by_locked_runtime_authority_contract,Ps.51.16,uk5-5b7a56451463f3ec08e3,oshb,Ps.51.16,Ps.50.18,locked runtime authority retained; raw secondary textual/segmentation variant recorded
strong_control_sequence_difference,high,resolved_by_locked_runtime_authority_contract,Ps.51.17,uk5-90c7325e4ec7607f6d02,oshb,Ps.51.17,Ps.50.19,locked runtime authority retained; raw secondary textual/segmentation variant recorded
strong_control_sequence_difference,high,resolved_by_locked_runtime_authority_contract,Ps.51.18,uk5-750e37ea0f51aa272093,oshb,Ps.51.18,Ps.50.20,locked runtime authority retained; raw secondary textual/segmentation variant recorded
strong_control_sequence_difference,high,resolved_by_locked_runtime_authority_contract,Ps.51.19,uk5-525834b9fe1af986d8ad,oshb,Ps.51.19,Ps.50.21,locked runtime authority retained; raw secondary textual/segmentation variant recorded
strong_control_sequence_difference,high,resolved_by_locked_runtime_authority_contract,Ps.51.2,uk5-64676bf49a724b95b23b,oshb,Ps.51.2,Ps.50.4,locked runtime authority retained; raw secondary textual/segmentation variant recorded
strong_control_sequence_difference,high,resolved_by_locked_runtime_authority_contract,Ps.51.3,uk5-6ce399266172d7223a60,oshb,Ps.51.3,Ps.50.5,locked runtime authority retained; raw secondary textual/segmentation variant recorded
strong_control_sequence_difference,high,resolved_by_locked_runtime_authority_contract,Ps.51.4,uk5-c20723d678d84fecd642,oshb,Ps.51.4,Ps.50.6,locked runtime authority retained; raw secondary textual/segmentation variant recorded
strong_control_sequence_difference,high,resolved_by_locked_runtime_authority_contract,Ps.51.5,uk5-549b826ffcb06844e94b,oshb,Ps.51.5,Ps.50.7,locked runtime authority retained; raw secondary textual/segmentation variant recorded
strong_control_sequence_difference,high,resolved_by_locked_runtime_authority_contract,Ps.51.6,uk5-92aa74b063e98f764864,oshb,Ps.51.6,Ps.50.8,locked runtime authority retained; raw secondary textual/segmentation variant recorded
strong_control_sequence_difference,high,resolved_by_locked_runtime_authority_contract,Ps.51.7,uk5-d5f395eab8cdfbd56bec,oshb,Ps.51.7,Ps.50.9,locked runtime authority retained; raw secondary textual/segmentation variant recorded
strong_control_sequence_difference,high,resolved_by_locked_runtime_authority_contract,Ps.51.8,uk5-0844b7cb38d93285f199,oshb,Ps.51.8,Ps.50.10,locked runtime authority retained; raw secondary textual/segmentation variant recorded
strong_control_sequence_difference,high,resolved_by_locked_runtime_authority_contract,Ps.51.9,uk5-9fd746bf9d240bd1563f,oshb,Ps.51.9,Ps.50.11,locked runtime authority retained; raw secondary textual/segmentation variant recorded
strong_control_sequence_difference,high,resolved_by_locked_runtime_authority_contract,Ps.52.1,uk5-f4d71321241b5e966848,oshb,Ps.52.1,,locked runtime authority retained; raw secondary textual/segmentation variant recorded
strong_control_sequence_difference,high,resolved_by_locked_runtime_authority_contract,Ps.52.2,uk5-51f411af475a90b9a554,oshb,Ps.52.2,,locked runtime authority retained; raw secondary textual/segmentation variant recorded
strong_control_sequence_difference,high,resolved_by_locked_runtime_authority_contract,Ps.52.3,uk5-8a88974f8562c17a2735,oshb,Ps.52.3,,locked runtime authority retained; raw secondary textual/segmentation variant recorded
strong_control_sequence_difference,high,resolved_by_locked_runtime_authority_contract,Ps.52.4,uk5-c4244837f27ecf4a9647,oshb,Ps.52.4,,locked runtime authority retained; raw secondary textual/segmentation variant recorded
strong_control_sequence_difference,high,resolved_by_locked_runtime_authority_contract,Ps.52.5,uk5-1b515dee78d13273b561,oshb,Ps.52.5,,locked runtime authority retained; raw secondary textual/segmentation variant recorded
strong_control_sequence_difference,high,resolved_by_locked_runtime_authority_contract,Ps.52.6,uk5-6ae8e3a2c2fc27f01153,oshb,Ps.52.6,,locked runtime authority retained; raw secondary textual/segmentation variant recorded
strong_control_sequence_difference,high,resolved_by_locked_runtime_authority_contract,Ps.52.7,uk5-9e6270b30388cf7fb771,oshb,Ps.52.7,,locked runtime authority retained; raw secondary textual/segmentation variant recorded
strong_control_sequence_difference,high,resolved_by_locked_runtime_authority_contract,Ps.52.8,uk5-5b84884b7341d785f2d4,oshb,Ps.52.8,,locked runtime authority retained; raw secondary textual/segmentation variant recorded
strong_control_sequence_difference,high,resolved_by_locked_runtime_authority_contract,Ps.52.9,uk5-e6b02d579ea1da89d9d1,oshb,Ps.52.9,,locked runtime authority retained; raw secondary textual/segmentation variant recorded
strong_control_sequence_difference,high,resolved_by_locked_runtime_authority_contract,Ps.53.1,uk5-88d5cb4cec3854447a76,oshb,Ps.53.1,,locked runtime authority retained; raw secondary textual/segmentation variant recorded
strong_control_sequence_difference,high,resolved_by_locked_runtime_authority_contract,Ps.53.2,uk5-1e6bf7c8236db38ede73,oshb,Ps.53.2,,locked runtime authority retained; raw secondary textual/segmentation variant recorded
strong_control_sequence_difference,high,resolved_by_locked_runtime_authority_contract,Ps.53.3,uk5-4e4cb56385ba1cf7d8ec,oshb,Ps.53.3,,locked runtime authority retained; raw secondary textual/segmentation variant recorded
strong_control_sequence_difference,high,resolved_by_locked_runtime_authority_contract,Ps.53.4,uk5-e0712a3f77813e1e3293,oshb,Ps.53.4,,locked runtime authority retained; raw secondary textual/segmentation variant recorded
strong_control_sequence_difference,high,resolved_by_locked_runtime_authority_contract,Ps.53.5,uk5-28e98e3b9071a3b01ece,oshb,Ps.53.5,,locked runtime authority retained; raw secondary textual/segmentation variant recorded
strong_control_sequence_difference,high,resolved_by_locked_runtime_authority_contract,Ps.53.6,uk5-715d7e5a0717a600c14f,oshb,Ps.53.6,,locked runtime authority retained; raw secondary textual/segmentation variant recorded
strong_control_sequence_difference,high,resolved_by_locked_runtime_authority_contract,Ps.54.1,uk5-56d515ae58b3cc276915,oshb,Ps.54.1,,locked runtime authority retained; raw secondary textual/segmentation variant recorded
strong_control_sequence_difference,high,resolved_by_locked_runtime_authority_contract,Ps.54.2,uk5-dbd6bd5b49bfa0728217,oshb,Ps.54.2,,locked runtime authority retained; raw secondary textual/segmentation variant recorded
strong_control_sequence_difference,high,resolved_by_locked_runtime_authority_contract,Ps.54.3,uk5-0c22c141445aa8243076,oshb,Ps.54.3,,locked runtime authority retained; raw secondary textual/segmentation variant recorded
strong_control_sequence_difference,high,resolved_by_locked_runtime_authority_contract,Ps.54.4,uk5-f1251df2eecd27ca5e74,oshb,Ps.54.4,,locked runtime authority retained; raw secondary textual/segmentation variant recorded
strong_control_sequence_difference,high,resolved_by_locked_runtime_authority_contract,Ps.54.5,uk5-c3e4606a466024fcb0d2,oshb,Ps.54.5,,locked runtime authority retained; raw secondary textual/segmentation variant recorded
strong_control_sequence_difference,high,resolved_by_locked_runtime_authority_contract,Ps.54.6,uk5-4f35e9942bff95773aab,oshb,Ps.54.6,,locked runtime authority retained; raw secondary textual/segmentation variant recorded
strong_control_sequence_difference,high,resolved_by_locked_runtime_authority_contract,Ps.54.7,uk5-8a06bb7a7d2d27feaa38,oshb,Ps.54.7,,locked runtime authority retained; raw secondary textual/segmentation variant recorded
strong_control_sequence_difference,high,resolved_by_locked_runtime_authority_contract,Ps.55.1,uk5-959f6ed22cfe763a5c46,oshb,Ps.55.1,,locked runtime authority retained; raw secondary textual/segmentation variant recorded
strong_control_sequence_difference,high,resolved_by_locked_runtime_authority_contract,Ps.55.10,uk5-be935892c79b2a2866bc,oshb,Ps.55.10,,locked runtime authority retained; raw secondary textual/segmentation variant recorded
strong_control_sequence_difference,high,resolved_by_locked_runtime_authority_contract,Ps.55.11,uk5-b98fd9158b8e754c5f52,oshb,Ps.55.11,,locked runtime authority retained; raw secondary textual/segmentation variant recorded
strong_control_sequence_difference,high,resolved_by_locked_runtime_authority_contract,Ps.55.12,uk5-813c9c432753f5d95287,oshb,Ps.55.12,,locked runtime authority retained; raw secondary textual/segmentation variant recorded
strong_control_sequence_difference,high,resolved_by_locked_runtime_authority_contract,Ps.55.13,uk5-ac9762e8e56a6c14409a,oshb,Ps.55.13,,locked runtime authority retained; raw secondary textual/segmentation variant recorded
strong_control_sequence_difference,high,resolved_by_locked_runtime_authority_contract,Ps.55.14,uk5-2c93e881c9cf2826e8d7,oshb,Ps.55.14,,locked runtime authority retained; raw secondary textual/segmentation variant recorded
strong_control_sequence_difference,high,resolved_by_locked_runtime_authority_contract,Ps.55.15,uk5-72e997c19d839fbed056,oshb,Ps.55.15,,locked runtime authority retained; raw secondary textual/segmentation variant recorded
strong_control_sequence_difference,high,resolved_by_locked_runtime_authority_contract,Ps.55.16,uk5-1850b33561c795cfd7c8,oshb,Ps.55.16,,locked runtime authority retained; raw secondary textual/segmentation variant recorded
strong_control_sequence_difference,high,resolved_by_locked_runtime_authority_contract,Ps.55.17,uk5-2ede6218d36d3b031b28,oshb,Ps.55.17,,locked runtime authority retained; raw secondary textual/segmentation variant recorded
strong_control_sequence_difference,high,resolved_by_locked_runtime_authority_contract,Ps.55.18,uk5-289ed5a964db0fe2a6dd,oshb,Ps.55.18,,locked runtime authority retained; raw secondary textual/segmentation variant recorded
strong_control_sequence_difference,high,resolved_by_locked_runtime_authority_contract,Ps.55.19,uk5-e9cc531a8c7ef7578b3a,oshb,Ps.55.19,,locked runtime authority retained; raw secondary textual/segmentation variant recorded
strong_control_sequence_difference,high,resolved_by_locked_runtime_authority_contract,Ps.55.2,uk5-d61d31e8ef0c829946b4,oshb,Ps.55.2,,locked runtime authority retained; raw secondary textual/segmentation variant recorded
strong_control_sequence_difference,high,resolved_by_locked_runtime_authority_contract,Ps.55.20,uk5-0836ff9029a975101679,oshb,Ps.55.20,,locked runtime authority retained; raw secondary textual/segmentation variant recorded
strong_control_sequence_difference,high,resolved_by_locked_runtime_authority_contract,Ps.55.21,uk5-1da5e2fbf0f2c12d8e65,oshb,Ps.55.21,,locked runtime authority retained; raw secondary textual/segmentation variant recorded
strong_control_sequence_difference,high,resolved_by_locked_runtime_authority_contract,Ps.55.22,uk5-d63131bf9599924e1ad8,oshb,Ps.55.22,,locked runtime authority retained; raw secondary textual/segmentation variant recorded
strong_control_sequence_difference,high,resolved_by_locked_runtime_authority_contract,Ps.55.23,uk5-58e08f575fd9c2e46cfb,oshb,Ps.55.23,,locked runtime authority retained; raw secondary textual/segmentation variant recorded
strong_control_sequence_difference,high,resolved_by_locked_runtime_authority_contract,Ps.55.3,uk5-f0597211d281e76ba94b,oshb,Ps.55.3,,locked runtime authority retained; raw secondary textual/segmentation variant recorded
strong_control_sequence_difference,high,resolved_by_locked_runtime_authority_contract,Ps.55.4,uk5-e4c29bccefab0f61d30c,oshb,Ps.55.4,,locked runtime authority retained; raw secondary textual/segmentation variant recorded
strong_control_sequence_difference,high,resolved_by_locked_runtime_authority_contract,Ps.55.5,uk5-1fc84c67e7372ddf6cf2,oshb,Ps.55.5,,locked runtime authority retained; raw secondary textual/segmentation variant recorded
strong_control_sequence_difference,high,resolved_by_locked_runtime_authority_contract,Ps.55.6,uk5-01635df110c6f5c2beec,oshb,Ps.55.6,,locked runtime authority retained; raw secondary textual/segmentation variant recorded
strong_control_sequence_difference,high,resolved_by_locked_runtime_authority_contract,Ps.55.7,uk5-204fb3546c6060c62f08,oshb,Ps.55.7,,locked runtime authority retained; raw secondary textual/segmentation variant recorded
strong_control_sequence_difference,high,resolved_by_locked_runtime_authority_contract,Ps.55.8,uk5-1645ae32b1de0a764c41,oshb,Ps.55.8,,locked runtime authority retained; raw secondary textual/segmentation variant recorded
strong_control_sequence_difference,high,resolved_by_locked_runtime_authority_contract,Ps.55.9,uk5-0cecd80f48708e90ce58,oshb,Ps.55.9,,locked runtime authority retained; raw secondary textual/segmentation variant recorded
strong_control_sequence_difference,high,resolved_by_locked_runtime_authority_contract,Ps.56.1,uk5-dece5af8040501309b44,oshb,Ps.56.1,,locked runtime authority retained; raw secondary textual/segmentation variant recorded
strong_control_sequence_difference,high,resolved_by_locked_runtime_authority_contract,Ps.56.10,uk5-e003c8ae663488e21b20,oshb,Ps.56.10,,locked runtime authority retained; raw secondary textual/segmentation variant recorded
strong_control_sequence_difference,high,resolved_by_locked_runtime_authority_contract,Ps.56.11,uk5-3cfc09546a5286e648f1,oshb,Ps.56.11,,locked runtime authority retained; raw secondary textual/segmentation variant recorded
strong_control_sequence_difference,high,resolved_by_locked_runtime_authority_contract,Ps.56.12,uk5-ad485451a374c47603d1,oshb,Ps.56.12,,locked runtime authority retained; raw secondary textual/segmentation variant recorded
strong_control_sequence_difference,high,resolved_by_locked_runtime_authority_contract,Ps.56.13,uk5-238dba11f049c0bf2bd6,oshb,Ps.56.13,,locked runtime authority retained; raw secondary textual/segmentation variant recorded
strong_control_sequence_difference,high,resolved_by_locked_runtime_authority_contract,Ps.56.2,uk5-47b1ec8486781dffc46b,oshb,Ps.56.2,,locked runtime authority retained; raw secondary textual/segmentation variant recorded
strong_control_sequence_difference,high,resolved_by_locked_runtime_authority_contract,Ps.56.3,uk5-20ff9379e5bd4d8e80fd,oshb,Ps.56.3,,locked runtime authority retained; raw secondary textual/segmentation variant recorded
strong_control_sequence_difference,high,resolved_by_locked_runtime_authority_contract,Ps.56.4,uk5-e668f29ae8537464665a,oshb,Ps.56.4,,locked runtime authority retained; raw secondary textual/segmentation variant recorded
strong_control_sequence_difference,high,resolved_by_locked_runtime_authority_contract,Ps.56.5,uk5-b2573056c6c09a4e7445,oshb,Ps.56.5,,locked runtime authority retained; raw secondary textual/segmentation variant recorded
strong_control_sequence_difference,high,resolved_by_locked_runtime_authority_contract,Ps.56.6,uk5-f4a8037844c8e6d82716,oshb,Ps.56.6,,locked runtime authority retained; raw secondary textual/segmentation variant recorded
strong_control_sequence_difference,high,resolved_by_locked_runtime_authority_contract,Ps.56.7,uk5-a2c593493defe6217483,oshb,Ps.56.7,,locked runtime authority retained; raw secondary textual/segmentation variant recorded
strong_control_sequence_difference,high,resolved_by_locked_runtime_authority_contract,Ps.56.8,uk5-2e6f7c6098d0e62def1e,oshb,Ps.56.8,,locked runtime authority retained; raw secondary textual/segmentation variant recorded
strong_control_sequence_difference,high,resolved_by_locked_runtime_authority_contract,Ps.56.9,uk5-9fc656c4625053670297,oshb,Ps.56.9,,locked runtime authority retained; raw secondary textual/segmentation variant recorded
strong_control_sequence_difference,high,resolved_by_locked_runtime_authority_contract,Ps.57.1,uk5-0b7c2322b330d8adf27c,oshb,Ps.57.1,,locked runtime authority retained; raw secondary textual/segmentation variant recorded
strong_control_sequence_difference,high,resolved_by_locked_runtime_authority_contract,Ps.57.10,uk5-5e6191954b96ad484116,oshb,Ps.57.10,,locked runtime authority retained; raw secondary textual/segmentation variant recorded
strong_control_sequence_difference,high,resolved_by_locked_runtime_authority_contract,Ps.57.11,uk5-62323326f1b1724b054b,oshb,Ps.57.11,,locked runtime authority retained; raw secondary textual/segmentation variant recorded
strong_control_sequence_difference,high,resolved_by_locked_runtime_authority_contract,Ps.57.2,uk5-42a4cd41f0742ddbace5,oshb,Ps.57.2,,locked runtime authority retained; raw secondary textual/segmentation variant recorded
strong_control_sequence_difference,high,resolved_by_locked_runtime_authority_contract,Ps.57.3,uk5-692098ff8061a9dbbed2,oshb,Ps.57.3,,locked runtime authority retained; raw secondary textual/segmentation variant recorded
strong_control_sequence_difference,high,resolved_by_locked_runtime_authority_contract,Ps.57.4,uk5-8bfb3eff8c40db3f2286,oshb,Ps.57.4,,locked runtime authority retained; raw secondary textual/segmentation variant recorded
strong_control_sequence_difference,high,resolved_by_locked_runtime_authority_contract,Ps.57.5,uk5-77671ebfe01f2d0dd8b3,oshb,Ps.57.5,,locked runtime authority retained; raw secondary textual/segmentation variant recorded
strong_control_sequence_difference,high,resolved_by_locked_runtime_authority_contract,Ps.57.6,uk5-35e4118f775096479893,oshb,Ps.57.6,,locked runtime authority retained; raw secondary textual/segmentation variant recorded
strong_control_sequence_difference,high,resolved_by_locked_runtime_authority_contract,Ps.57.7,uk5-17d51c1c4876d47b3ab5,oshb,Ps.57.7,,locked runtime authority retained; raw secondary textual/segmentation variant recorded
strong_control_sequence_difference,high,resolved_by_locked_runtime_authority_contract,Ps.57.8,uk5-ee683d4249b82bdfa5ae,oshb,Ps.57.8,,locked runtime authority retained; raw secondary textual/segmentation variant recorded
strong_control_sequence_difference,high,resolved_by_locked_runtime_authority_contract,Ps.57.9,uk5-73473f3ec236591f1bc1,oshb,Ps.57.9,,locked runtime authority retained; raw secondary textual/segmentation variant recorded
strong_control_sequence_difference,high,resolved_by_locked_runtime_authority_contract,Ps.58.1,uk5-8fe503b11ee92cb2526f,oshb,Ps.58.1,,locked runtime authority retained; raw secondary textual/segmentation variant recorded
strong_control_sequence_difference,high,resolved_by_locked_runtime_authority_contract,Ps.58.10,uk5-bddcf5fa40fd0e1ebf18,oshb,Ps.58.10,,locked runtime authority retained; raw secondary textual/segmentation variant recorded
strong_control_sequence_difference,high,resolved_by_locked_runtime_authority_contract,Ps.58.11,uk5-1093779718c37aea9a4e,oshb,Ps.58.11,,locked runtime authority retained; raw secondary textual/segmentation variant recorded
strong_control_sequence_difference,high,resolved_by_locked_runtime_authority_contract,Ps.58.2,uk5-d8375f824aea41da7878,oshb,Ps.58.2,,locked runtime authority retained; raw secondary textual/segmentation variant recorded
strong_control_sequence_difference,high,resolved_by_locked_runtime_authority_contract,Ps.58.3,uk5-3530ace2ae8c31daeb69,oshb,Ps.58.3,,locked runtime authority retained; raw secondary textual/segmentation variant recorded
strong_control_sequence_difference,high,resolved_by_locked_runtime_authority_contract,Ps.58.4,uk5-8556692a114a64cdfaec,oshb,Ps.58.4,,locked runtime authority retained; raw secondary textual/segmentation variant recorded
strong_control_sequence_difference,high,resolved_by_locked_runtime_authority_contract,Ps.58.5,uk5-f59b91f4f21bc1d8393f,oshb,Ps.58.5,,locked runtime authority retained; raw secondary textual/segmentation variant recorded
strong_control_sequence_difference,high,resolved_by_locked_runtime_authority_contract,Ps.58.6,uk5-21807cab7722450dac33,oshb,Ps.58.6,,locked runtime authority retained; raw secondary textual/segmentation variant recorded
strong_control_sequence_difference,high,resolved_by_locked_runtime_authority_contract,Ps.58.7,uk5-5ba5f370604739feb9fe,oshb,Ps.58.7,,locked runtime authority retained; raw secondary textual/segmentation variant recorded
strong_control_sequence_difference,high,resolved_by_locked_runtime_authority_contract,Ps.58.8,uk5-cc2223ae5f103f59795e,oshb,Ps.58.8,,locked runtime authority retained; raw secondary textual/segmentation variant recorded
strong_control_sequence_difference,high,resolved_by_locked_runtime_authority_contract,Ps.58.9,uk5-f0dabb0a056971c3b883,oshb,Ps.58.9,,locked runtime authority retained; raw secondary textual/segmentation variant recorded
strong_control_sequence_difference,high,resolved_by_locked_runtime_authority_contract,Ps.59.1,uk5-ccff227825f754699ff7,oshb,Ps.59.1,,locked runtime authority retained; raw secondary textual/segmentation variant recorded
strong_control_sequence_difference,high,resolved_by_locked_runtime_authority_contract,Ps.59.10,uk5-e546866d2761b78e00c8,oshb,Ps.59.10,,locked runtime authority retained; raw secondary textual/segmentation variant recorded
strong_control_sequence_difference,high,resolved_by_locked_runtime_authority_contract,Ps.59.11,uk5-71d3b90b4344437c3415,oshb,Ps.59.11,,locked runtime authority retained; raw secondary textual/segmentation variant recorded
strong_control_sequence_difference,high,resolved_by_locked_runtime_authority_contract,Ps.59.12,uk5-5e5445959fd31dddf411,oshb,Ps.59.12,,locked runtime authority retained; raw secondary textual/segmentation variant recorded
strong_control_sequence_difference,high,resolved_by_locked_runtime_authority_contract,Ps.59.13,uk5-8c1a7f28ac0a441d7237,oshb,Ps.59.13,,locked runtime authority retained; raw secondary textual/segmentation variant recorded
strong_control_sequence_difference,high,resolved_by_locked_runtime_authority_contract,Ps.59.14,uk5-763e88ad4c7db762fe1e,oshb,Ps.59.14,,locked runtime authority retained; raw secondary textual/segmentation variant recorded
strong_control_sequence_difference,high,resolved_by_locked_runtime_authority_contract,Ps.59.15,uk5-0ef368a6a605d6603409,oshb,Ps.59.15,,locked runtime authority retained; raw secondary textual/segmentation variant recorded
strong_control_sequence_difference,high,resolved_by_locked_runtime_authority_contract,Ps.59.16,uk5-60b4e3dfc202942d2e94,oshb,Ps.59.16,,locked runtime authority retained; raw secondary textual/segmentation variant recorded
strong_control_sequence_difference,high,resolved_by_locked_runtime_authority_contract,Ps.59.17,uk5-38490cca458ed032fc9f,oshb,Ps.59.17,,locked runtime authority retained; raw secondary textual/segmentation variant recorded
strong_control_sequence_difference,high,resolved_by_locked_runtime_authority_contract,Ps.59.2,uk5-c3446d7872af53c861d7,oshb,Ps.59.2,,locked runtime authority retained; raw secondary textual/segmentation variant recorded
strong_control_sequence_difference,high,resolved_by_locked_runtime_authority_contract,Ps.59.3,uk5-71f3b23850a3b1ac5332,oshb,Ps.59.3,,locked runtime authority retained; raw secondary textual/segmentation variant recorded
strong_control_sequence_difference,high,resolved_by_locked_runtime_authority_contract,Ps.59.4,uk5-9123f2a131f72eaa9f90,oshb,Ps.59.4,,locked runtime authority retained; raw secondary textual/segmentation variant recorded
strong_control_sequence_difference,high,resolved_by_locked_runtime_authority_contract,Ps.59.5,uk5-ce3e1dbbc8d235b4dc08,oshb,Ps.59.5,,locked runtime authority retained; raw secondary textual/segmentation variant recorded
strong_control_sequence_difference,high,resolved_by_locked_runtime_authority_contract,Ps.59.6,uk5-01f26fa40ad2a2442193,oshb,Ps.59.6,,locked runtime authority retained; raw secondary textual/segmentation variant recorded
strong_control_sequence_difference,high,resolved_by_locked_runtime_authority_contract,Ps.59.7,uk5-e35c42fb5d99db713d6e,oshb,Ps.59.7,,locked runtime authority retained; raw secondary textual/segmentation variant recorded
strong_control_sequence_difference,high,resolved_by_locked_runtime_authority_contract,Ps.59.8,uk5-35a8fa590de785907ce6,oshb,Ps.59.8,,locked runtime authority retained; raw secondary textual/segmentation variant recorded
strong_control_sequence_difference,high,resolved_by_locked_runtime_authority_contract,Ps.59.9,uk5-25336188b13b19669359,oshb,Ps.59.9,,locked runtime authority retained; raw secondary textual/segmentation variant recorded
strong_control_sequence_difference,high,resolved_by_locked_runtime_authority_contract,Ps.6.1,uk5-d08697987abdec08e6ca,oshb,Ps.6.1,,locked runtime authority retained; raw secondary textual/segmentation variant recorded
strong_control_sequence_difference,high,resolved_by_locked_runtime_authority_contract,Ps.6.10,uk5-af3c86c07f8d0d913ed8,oshb,Ps.6.10,,locked runtime authority retained; raw secondary textual/segmentation variant recorded
strong_control_sequence_difference,high,resolved_by_locked_runtime_authority_contract,Ps.6.2,uk5-928b2943292e8454fc4c,oshb,Ps.6.2,,locked runtime authority retained; raw secondary textual/segmentation variant recorded
strong_control_sequence_difference,high,resolved_by_locked_runtime_authority_contract,Ps.6.3,uk5-dba05d173aa7f5a349de,oshb,Ps.6.3,,locked runtime authority retained; raw secondary textual/segmentation variant recorded
strong_control_sequence_difference,high,resolved_by_locked_runtime_authority_contract,Ps.6.4,uk5-3d5dc85e4d0931197c81,oshb,Ps.6.4,,locked runtime authority retained; raw secondary textual/segmentation variant recorded
strong_control_sequence_difference,high,resolved_by_locked_runtime_authority_contract,Ps.6.5,uk5-a246727f83113289beae,oshb,Ps.6.5,,locked runtime authority retained; raw secondary textual/segmentation variant recorded
strong_control_sequence_difference,high,resolved_by_locked_runtime_authority_contract,Ps.6.6,uk5-b1de67d402c212b6d520,oshb,Ps.6.6,,locked runtime authority retained; raw secondary textual/segmentation variant recorded
strong_control_sequence_difference,high,resolved_by_locked_runtime_authority_contract,Ps.6.7,uk5-f0a43d079eea05808687,oshb,Ps.6.7,,locked runtime authority retained; raw secondary textual/segmentation variant recorded
strong_control_sequence_difference,high,resolved_by_locked_runtime_authority_contract,Ps.6.8,uk5-4050d08f60e248931222,oshb,Ps.6.8,,locked runtime authority retained; raw secondary textual/segmentation variant recorded
strong_control_sequence_difference,high,resolved_by_locked_runtime_authority_contract,Ps.6.9,uk5-ddd4fb01ea1c0e33ce57,oshb,Ps.6.9,,locked runtime authority retained; raw secondary textual/segmentation variant recorded
strong_control_sequence_difference,high,resolved_by_locked_runtime_authority_contract,Ps.60.1,uk5-bf614a58ee3d0dd9ba23,oshb,Ps.60.1,,locked runtime authority retained; raw secondary textual/segmentation variant recorded
strong_control_sequence_difference,high,resolved_by_locked_runtime_authority_contract,Ps.60.10,uk5-255c1ca68840f11f872f,oshb,Ps.60.10,,locked runtime authority retained; raw secondary textual/segmentation variant recorded
strong_control_sequence_difference,high,resolved_by_locked_runtime_authority_contract,Ps.60.11,uk5-dac7b99b61610d10fe7e,oshb,Ps.60.11,,locked runtime authority retained; raw secondary textual/segmentation variant recorded
strong_control_sequence_difference,high,resolved_by_locked_runtime_authority_contract,Ps.60.12,uk5-c53f5b63c98e1b8bd199,oshb,Ps.60.12,,locked runtime authority retained; raw secondary textual/segmentation variant recorded
strong_control_sequence_difference,high,resolved_by_locked_runtime_authority_contract,Ps.60.2,uk5-7a24cf44e2f82d55e26e,oshb,Ps.60.2,,locked runtime authority retained; raw secondary textual/segmentation variant recorded
strong_control_sequence_difference,high,resolved_by_locked_runtime_authority_contract,Ps.60.3,uk5-52fe3a0397c47b3ce868,oshb,Ps.60.3,,locked runtime authority retained; raw secondary textual/segmentation variant recorded
strong_control_sequence_difference,high,resolved_by_locked_runtime_authority_contract,Ps.60.4,uk5-73abf9a119c896641ad9,oshb,Ps.60.4,,locked runtime authority retained; raw secondary textual/segmentation variant recorded
strong_control_sequence_difference,high,resolved_by_locked_runtime_authority_contract,Ps.60.5,uk5-0d2b5f5350ea9a6e143a,oshb,Ps.60.5,,locked runtime authority retained; raw secondary textual/segmentation variant recorded
strong_control_sequence_difference,high,resolved_by_locked_runtime_authority_contract,Ps.60.6,uk5-895bd68ef858907b21d0,oshb,Ps.60.6,,locked runtime authority retained; raw secondary textual/segmentation variant recorded
strong_control_sequence_difference,high,resolved_by_locked_runtime_authority_contract,Ps.60.7,uk5-4577d11a7ddf62979c0e,oshb,Ps.60.7,,locked runtime authority retained; raw secondary textual/segmentation variant recorded
strong_control_sequence_difference,high,resolved_by_locked_runtime_authority_contract,Ps.60.8,uk5-144c4a0e950edc34af8c,oshb,Ps.60.8,,locked runtime authority retained; raw secondary textual/segmentation variant recorded
strong_control_sequence_difference,high,resolved_by_locked_runtime_authority_contract,Ps.60.9,uk5-9fe771262dc231ccb2b6,oshb,Ps.60.9,,locked runtime authority retained; raw secondary textual/segmentation variant recorded
strong_control_sequence_difference,high,resolved_by_locked_runtime_authority_contract,Ps.61.1,uk5-bf2fe4f2728031b67a3c,oshb,Ps.61.1,,locked runtime authority retained; raw secondary textual/segmentation variant recorded
strong_control_sequence_difference,high,resolved_by_locked_runtime_authority_contract,Ps.61.2,uk5-993c5415211867ae0873,oshb,Ps.61.2,,locked runtime authority retained; raw secondary textual/segmentation variant recorded
strong_control_sequence_difference,high,resolved_by_locked_runtime_authority_contract,Ps.61.3,uk5-cd7880b3465dd1a08fd1,oshb,Ps.61.3,,locked runtime authority retained; raw secondary textual/segmentation variant recorded
strong_control_sequence_difference,high,resolved_by_locked_runtime_authority_contract,Ps.61.4,uk5-d6cfdf8e2e59476b74fc,oshb,Ps.61.4,,locked runtime authority retained; raw secondary textual/segmentation variant recorded
strong_control_sequence_difference,high,resolved_by_locked_runtime_authority_contract,Ps.61.5,uk5-2bc33521f72c30608016,oshb,Ps.61.5,,locked runtime authority retained; raw secondary textual/segmentation variant recorded
strong_control_sequence_difference,high,resolved_by_locked_runtime_authority_contract,Ps.61.6,uk5-6f92aeaaf3878d0fc976,oshb,Ps.61.6,,locked runtime authority retained; raw secondary textual/segmentation variant recorded
strong_control_sequence_difference,high,resolved_by_locked_runtime_authority_contract,Ps.61.7,uk5-8d1c974a172b77b68389,oshb,Ps.61.7,,locked runtime authority retained; raw secondary textual/segmentation variant recorded
strong_control_sequence_difference,high,resolved_by_locked_runtime_authority_contract,Ps.61.8,uk5-033a430bad483c0c03ee,oshb,Ps.61.8,,locked runtime authority retained; raw secondary textual/segmentation variant recorded
strong_control_sequence_difference,high,resolved_by_locked_runtime_authority_contract,Ps.62.1,uk5-5eac6da0c5a7ae95fc38,oshb,Ps.62.1,,locked runtime authority retained; raw secondary textual/segmentation variant recorded
strong_control_sequence_difference,high,resolved_by_locked_runtime_authority_contract,Ps.62.10,uk5-28dba165386627f53001,oshb,Ps.62.10,,locked runtime authority retained; raw secondary textual/segmentation variant recorded
strong_control_sequence_difference,high,resolved_by_locked_runtime_authority_contract,Ps.62.11,uk5-9f09be59a87708d220ed,oshb,Ps.62.11,,locked runtime authority retained; raw secondary textual/segmentation variant recorded
strong_control_sequence_difference,high,resolved_by_locked_runtime_authority_contract,Ps.62.12,uk5-40d1a0bce17784f05d83,oshb,Ps.62.12,,locked runtime authority retained; raw secondary textual/segmentation variant recorded
strong_control_sequence_difference,high,resolved_by_locked_runtime_authority_contract,Ps.62.2,uk5-74728b343ba11378ce9c,oshb,Ps.62.2,,locked runtime authority retained; raw secondary textual/segmentation variant recorded
strong_control_sequence_difference,high,resolved_by_locked_runtime_authority_contract,Ps.62.3,uk5-10665647b6888bc6c135,oshb,Ps.62.3,,locked runtime authority retained; raw secondary textual/segmentation variant recorded
strong_control_sequence_difference,high,resolved_by_locked_runtime_authority_contract,Ps.62.4,uk5-64dd31dd8c7573f9cb6c,oshb,Ps.62.4,,locked runtime authority retained; raw secondary textual/segmentation variant recorded
strong_control_sequence_difference,high,resolved_by_locked_runtime_authority_contract,Ps.62.5,uk5-992a4b2f8cbf3afdb019,oshb,Ps.62.5,,locked runtime authority retained; raw secondary textual/segmentation variant recorded
strong_control_sequence_difference,high,resolved_by_locked_runtime_authority_contract,Ps.62.6,uk5-fe507602514d144230cc,oshb,Ps.62.6,,locked runtime authority retained; raw secondary textual/segmentation variant recorded
strong_control_sequence_difference,high,resolved_by_locked_runtime_authority_contract,Ps.62.7,uk5-fb3c79b0b3a674d5c2b9,oshb,Ps.62.7,,locked runtime authority retained; raw secondary textual/segmentation variant recorded
strong_control_sequence_difference,high,resolved_by_locked_runtime_authority_contract,Ps.62.8,uk5-e954c68704c42b0d91e1,oshb,Ps.62.8,,locked runtime authority retained; raw secondary textual/segmentation variant recorded
strong_control_sequence_difference,high,resolved_by_locked_runtime_authority_contract,Ps.62.9,uk5-e975bb77c50d1a92c914,oshb,Ps.62.9,,locked runtime authority retained; raw secondary textual/segmentation variant recorded
strong_control_sequence_difference,high,resolved_by_locked_runtime_authority_contract,Ps.63.1,uk5-cd259cc817a328a0630a,oshb,Ps.63.1,,locked runtime authority retained; raw secondary textual/segmentation variant recorded
strong_control_sequence_difference,high,resolved_by_locked_runtime_authority_contract,Ps.63.10,uk5-c6383a200ad3432aea6e,oshb,Ps.63.10,,locked runtime authority retained; raw secondary textual/segmentation variant recorded
strong_control_sequence_difference,high,resolved_by_locked_runtime_authority_contract,Ps.63.11,uk5-1f6d4fc047873dcc9e14,oshb,Ps.63.11,,locked runtime authority retained; raw secondary textual/segmentation variant recorded
strong_control_sequence_difference,high,resolved_by_locked_runtime_authority_contract,Ps.63.2,uk5-8aa33f8f7248afcef133,oshb,Ps.63.2,,locked runtime authority retained; raw secondary textual/segmentation variant recorded
strong_control_sequence_difference,high,resolved_by_locked_runtime_authority_contract,Ps.63.3,uk5-ef7d4b06c3e7dc800b7e,oshb,Ps.63.3,,locked runtime authority retained; raw secondary textual/segmentation variant recorded
strong_control_sequence_difference,high,resolved_by_locked_runtime_authority_contract,Ps.63.4,uk5-17013af544289727f87f,oshb,Ps.63.4,,locked runtime authority retained; raw secondary textual/segmentation variant recorded
strong_control_sequence_difference,high,resolved_by_locked_runtime_authority_contract,Ps.63.5,uk5-27d7bade3b282d7db0cf,oshb,Ps.63.5,,locked runtime authority retained; raw secondary textual/segmentation variant recorded
strong_control_sequence_difference,high,resolved_by_locked_runtime_authority_contract,Ps.63.6,uk5-aca7863be7df1ae0085f,oshb,Ps.63.6,,locked runtime authority retained; raw secondary textual/segmentation variant recorded
strong_control_sequence_difference,high,resolved_by_locked_runtime_authority_contract,Ps.63.7,uk5-7142c56179ee9030e9e9,oshb,Ps.63.7,,locked runtime authority retained; raw secondary textual/segmentation variant recorded
strong_control_sequence_difference,high,resolved_by_locked_runtime_authority_contract,Ps.63.8,uk5-e1c55c3c707e81f1d66e,oshb,Ps.63.8,,locked runtime authority retained; raw secondary textual/segmentation variant recorded
strong_control_sequence_difference,high,resolved_by_locked_runtime_authority_contract,Ps.63.9,uk5-42f06a0dd23b2504e320,oshb,Ps.63.9,,locked runtime authority retained; raw secondary textual/segmentation variant recorded
strong_control_sequence_difference,high,resolved_by_locked_runtime_authority_contract,Ps.64.1,uk5-741d00cb0c30408c8507,oshb,Ps.64.1,,locked runtime authority retained; raw secondary textual/segmentation variant recorded
strong_control_sequence_difference,high,resolved_by_locked_runtime_authority_contract,Ps.64.10,uk5-20e181b61f8591087bc7,oshb,Ps.64.10,,locked runtime authority retained; raw secondary textual/segmentation variant recorded
strong_control_sequence_difference,high,resolved_by_locked_runtime_authority_contract,Ps.64.2,uk5-fc83277e542e70d1178b,oshb,Ps.64.2,,locked runtime authority retained; raw secondary textual/segmentation variant recorded
strong_control_sequence_difference,high,resolved_by_locked_runtime_authority_contract,Ps.64.3,uk5-dc5e8fe2938695690175,oshb,Ps.64.3,,locked runtime authority retained; raw secondary textual/segmentation variant recorded
strong_control_sequence_difference,high,resolved_by_locked_runtime_authority_contract,Ps.64.4,uk5-db2815b1a6846f2733a3,oshb,Ps.64.4,,locked runtime authority retained; raw secondary textual/segmentation variant recorded
strong_control_sequence_difference,high,resolved_by_locked_runtime_authority_contract,Ps.64.5,uk5-4208e65b4cad86c1e01a,oshb,Ps.64.5,,locked runtime authority retained; raw secondary textual/segmentation variant recorded
strong_control_sequence_difference,high,resolved_by_locked_runtime_authority_contract,Ps.64.6,uk5-8811e393be871f083391,oshb,Ps.64.6,,locked runtime authority retained; raw secondary textual/segmentation variant recorded
strong_control_sequence_difference,high,resolved_by_locked_runtime_authority_contract,Ps.64.7,uk5-d36c5d74fcc0300e9c88,oshb,Ps.64.7,,locked runtime authority retained; raw secondary textual/segmentation variant recorded
strong_control_sequence_difference,high,resolved_by_locked_runtime_authority_contract,Ps.64.8,uk5-d96fc4e25321ca15399e,oshb,Ps.64.8,,locked runtime authority retained; raw secondary textual/segmentation variant recorded
strong_control_sequence_difference,high,resolved_by_locked_runtime_authority_contract,Ps.64.9,uk5-64e0b84f3a186eca643f,oshb,Ps.64.9,,locked runtime authority retained; raw secondary textual/segmentation variant recorded
strong_control_sequence_difference,high,resolved_by_locked_runtime_authority_contract,Ps.65.1,uk5-af9f19256edbaa1d1958,oshb,Ps.65.1,,locked runtime authority retained; raw secondary textual/segmentation variant recorded
strong_control_sequence_difference,high,resolved_by_locked_runtime_authority_contract,Ps.65.10,uk5-6863ac7152ea1b43a59a,oshb,Ps.65.10,,locked runtime authority retained; raw secondary textual/segmentation variant recorded
strong_control_sequence_difference,high,resolved_by_locked_runtime_authority_contract,Ps.65.11,uk5-5e2cbe7db51e92aaf14d,oshb,Ps.65.11,,locked runtime authority retained; raw secondary textual/segmentation variant recorded
strong_control_sequence_difference,high,resolved_by_locked_runtime_authority_contract,Ps.65.12,uk5-7be693db522fad48391a,oshb,Ps.65.12,,locked runtime authority retained; raw secondary textual/segmentation variant recorded
strong_control_sequence_difference,high,resolved_by_locked_runtime_authority_contract,Ps.65.13,uk5-817011c7f8cb3db3618c,oshb,Ps.65.13,,locked runtime authority retained; raw secondary textual/segmentation variant recorded
strong_control_sequence_difference,high,resolved_by_locked_runtime_authority_contract,Ps.65.2,uk5-50a1a463bfb375d34029,oshb,Ps.65.2,,locked runtime authority retained; raw secondary textual/segmentation variant recorded
strong_control_sequence_difference,high,resolved_by_locked_runtime_authority_contract,Ps.65.3,uk5-4c7ec3ac34beb573ca6c,oshb,Ps.65.3,,locked runtime authority retained; raw secondary textual/segmentation variant recorded
strong_control_sequence_difference,high,resolved_by_locked_runtime_authority_contract,Ps.65.4,uk5-59ed64434a191d284398,oshb,Ps.65.4,,locked runtime authority retained; raw secondary textual/segmentation variant recorded
strong_control_sequence_difference,high,resolved_by_locked_runtime_authority_contract,Ps.65.5,uk5-09eb91ff4ce30f4f6137,oshb,Ps.65.5,,locked runtime authority retained; raw secondary textual/segmentation variant recorded
strong_control_sequence_difference,high,resolved_by_locked_runtime_authority_contract,Ps.65.6,uk5-bdefafd49e9e97a6b163,oshb,Ps.65.6,,locked runtime authority retained; raw secondary textual/segmentation variant recorded
strong_control_sequence_difference,high,resolved_by_locked_runtime_authority_contract,Ps.65.7,uk5-722b6efbb93da7704766,oshb,Ps.65.7,,locked runtime authority retained; raw secondary textual/segmentation variant recorded
strong_control_sequence_difference,high,resolved_by_locked_runtime_authority_contract,Ps.65.8,uk5-3305070d4b021ebb0995,oshb,Ps.65.8,,locked runtime authority retained; raw secondary textual/segmentation variant recorded
strong_control_sequence_difference,high,resolved_by_locked_runtime_authority_contract,Ps.65.9,uk5-8e828c3a1d64ae64ca26,oshb,Ps.65.9,,locked runtime authority retained; raw secondary textual/segmentation variant recorded
strong_control_sequence_difference,high,resolved_by_locked_runtime_authority_contract,Ps.66.1,uk5-b3bd1e9b9cb3a809e3c8,oshb,Ps.66.1,Ps.66.1,locked runtime authority retained; raw secondary textual/segmentation variant recorded
strong_control_sequence_difference,low,resolved_by_locked_runtime_authority_contract,Ps.66.5,uk5-c361ae8154ca7d33d27e,oshb,Ps.66.5,Ps.66.5,locked runtime authority retained; raw secondary textual/segmentation variant recorded
strong_control_sequence_difference,high,resolved_by_locked_runtime_authority_contract,Ps.67.1,uk5-091e3b20cd545a272e09,oshb,Ps.67.1,Ps.66.1,locked runtime authority retained; raw secondary textual/segmentation variant recorded
strong_control_sequence_difference,high,resolved_by_locked_runtime_authority_contract,Ps.67.2,uk5-1cc6e7efe0160b097dbb,oshb,Ps.67.2,Ps.66.3,locked runtime authority retained; raw secondary textual/segmentation variant recorded
uxlc_independent_surface_difference,medium,resolved_by_locked_runtime_authority_contract,Ps.67.2,uk5-1cc6e7efe0160b097dbb,oshb,Ps.67.2,Ps.67.2,independent UXLC surface difference recorded; OSHB Strong authority retained
strong_control_sequence_difference,high,resolved_by_locked_runtime_authority_contract,Ps.67.3,uk5-a743ac88a99df05cbbaa,oshb,Ps.67.3,Ps.66.4,locked runtime authority retained; raw secondary textual/segmentation variant recorded
strong_control_sequence_difference,high,resolved_by_locked_runtime_authority_contract,Ps.67.4,uk5-20ca0f5a30e2b88f9cc0,oshb,Ps.67.4,Ps.66.5,locked runtime authority retained; raw secondary textual/segmentation variant recorded
strong_control_sequence_difference,high,resolved_by_locked_runtime_authority_contract,Ps.67.5,uk5-d90b98f2596390bf03a7,oshb,Ps.67.5,Ps.66.6,locked runtime authority retained; raw secondary textual/segmentation variant recorded
strong_control_sequence_difference,high,resolved_by_locked_runtime_authority_contract,Ps.67.6,uk5-ab9aab67107bf24d65bb,oshb,Ps.67.6,Ps.66.7,locked runtime authority retained; raw secondary textual/segmentation variant recorded
strong_control_sequence_difference,high,resolved_by_locked_runtime_authority_contract,Ps.67.7,uk5-7df4428f5e1630bd80ed,oshb,Ps.67.7,Ps.66.8,locked runtime authority retained; raw secondary textual/segmentation variant recorded
strong_control_sequence_difference,high,resolved_by_locked_runtime_authority_contract,Ps.68.1,uk5-2e3ceedadcc7ab089552,oshb,Ps.68.1,,locked runtime authority retained; raw secondary textual/segmentation variant recorded
strong_control_sequence_difference,high,resolved_by_locked_runtime_authority_contract,Ps.68.10,uk5-ba36fc9476d66ab562ac,oshb,Ps.68.10,,locked runtime authority retained; raw secondary textual/segmentation variant recorded
strong_control_sequence_difference,high,resolved_by_locked_runtime_authority_contract,Ps.68.11,uk5-450bcd821ad0aaa41fb2,oshb,Ps.68.11,,locked runtime authority retained; raw secondary textual/segmentation variant recorded
strong_control_sequence_difference,high,resolved_by_locked_runtime_authority_contract,Ps.68.12,uk5-0961f04b1c7d63fb832b,oshb,Ps.68.12,,locked runtime authority retained; raw secondary textual/segmentation variant recorded
strong_control_sequence_difference,high,resolved_by_locked_runtime_authority_contract,Ps.68.13,uk5-e6c5de42da73c3ae2638,oshb,Ps.68.13,,locked runtime authority retained; raw secondary textual/segmentation variant recorded
strong_control_sequence_difference,high,resolved_by_locked_runtime_authority_contract,Ps.68.14,uk5-ff95df1aae6c7667ba7f,oshb,Ps.68.14,,locked runtime authority retained; raw secondary textual/segmentation variant recorded
strong_control_sequence_difference,high,resolved_by_locked_runtime_authority_contract,Ps.68.15,uk5-4d1d31fbc67c4c1a27ff,oshb,Ps.68.15,,locked runtime authority retained; raw secondary textual/segmentation variant recorded
strong_control_sequence_difference,high,resolved_by_locked_runtime_authority_contract,Ps.68.16,uk5-75ba459eba6ec268af9a,oshb,Ps.68.16,,locked runtime authority retained; raw secondary textual/segmentation variant recorded
strong_control_sequence_difference,high,resolved_by_locked_runtime_authority_contract,Ps.68.17,uk5-ad0da996269acba939f4,oshb,Ps.68.17,,locked runtime authority retained; raw secondary textual/segmentation variant recorded
strong_control_sequence_difference,high,resolved_by_locked_runtime_authority_contract,Ps.68.18,uk5-6cc99e8e750ed0d55e6b,oshb,Ps.68.18,,locked runtime authority retained; raw secondary textual/segmentation variant recorded
strong_control_sequence_difference,high,resolved_by_locked_runtime_authority_contract,Ps.68.19,uk5-c389dc59a9229caa0418,oshb,Ps.68.19,,locked runtime authority retained; raw secondary textual/segmentation variant recorded
strong_control_sequence_difference,high,resolved_by_locked_runtime_authority_contract,Ps.68.2,uk5-685c10a87f94db64bc60,oshb,Ps.68.2,,locked runtime authority retained; raw secondary textual/segmentation variant recorded
strong_control_sequence_difference,high,resolved_by_locked_runtime_authority_contract,Ps.68.20,uk5-3cbbc9975cb918921cda,oshb,Ps.68.20,,locked runtime authority retained; raw secondary textual/segmentation variant recorded
strong_control_sequence_difference,high,resolved_by_locked_runtime_authority_contract,Ps.68.21,uk5-e0db5154c51c7152ce6f,oshb,Ps.68.21,,locked runtime authority retained; raw secondary textual/segmentation variant recorded
strong_control_sequence_difference,high,resolved_by_locked_runtime_authority_contract,Ps.68.22,uk5-f9db8e5ad4b8039738ff,oshb,Ps.68.22,,locked runtime authority retained; raw secondary textual/segmentation variant recorded
strong_control_sequence_difference,high,resolved_by_locked_runtime_authority_contract,Ps.68.23,uk5-02bc92ddb2a4b3ab616e,oshb,Ps.68.23,,locked runtime authority retained; raw secondary textual/segmentation variant recorded
strong_control_sequence_difference,high,resolved_by_locked_runtime_authority_contract,Ps.68.24,uk5-dd1de65390d2aac4903d,oshb,Ps.68.24,,locked runtime authority retained; raw secondary textual/segmentation variant recorded
strong_control_sequence_difference,high,resolved_by_locked_runtime_authority_contract,Ps.68.25,uk5-4830721976ca015f55d0,oshb,Ps.68.25,,locked runtime authority retained; raw secondary textual/segmentation variant recorded
strong_control_sequence_difference,high,resolved_by_locked_runtime_authority_contract,Ps.68.26,uk5-440adfb9a3b3b43fdc63,oshb,Ps.68.26,,locked runtime authority retained; raw secondary textual/segmentation variant recorded
strong_control_sequence_difference,high,resolved_by_locked_runtime_authority_contract,Ps.68.27,uk5-808d93caff099e57c07f,oshb,Ps.68.27,,locked runtime authority retained; raw secondary textual/segmentation variant recorded
strong_control_sequence_difference,high,resolved_by_locked_runtime_authority_contract,Ps.68.28,uk5-39970f833299c0c7a623,oshb,Ps.68.28,,locked runtime authority retained; raw secondary textual/segmentation variant recorded
strong_control_sequence_difference,high,resolved_by_locked_runtime_authority_contract,Ps.68.29,uk5-eb79f38ada4b15c4f920,oshb,Ps.68.29,,locked runtime authority retained; raw secondary textual/segmentation variant recorded
strong_control_sequence_difference,high,resolved_by_locked_runtime_authority_contract,Ps.68.3,uk5-c239bd5eece8e0f7bd6c,oshb,Ps.68.3,,locked runtime authority retained; raw secondary textual/segmentation variant recorded
strong_control_sequence_difference,high,resolved_by_locked_runtime_authority_contract,Ps.68.30,uk5-e1b04df2bb836d00ea96,oshb,Ps.68.30,,locked runtime authority retained; raw secondary textual/segmentation variant recorded
strong_control_sequence_difference,high,resolved_by_locked_runtime_authority_contract,Ps.68.31,uk5-9b359a86f6b64fe6f786,oshb,Ps.68.31,,locked runtime authority retained; raw secondary textual/segmentation variant recorded
strong_control_sequence_difference,high,resolved_by_locked_runtime_authority_contract,Ps.68.32,uk5-8bb13bfdc94c7f8849d7,oshb,Ps.68.32,,locked runtime authority retained; raw secondary textual/segmentation variant recorded
strong_control_sequence_difference,high,resolved_by_locked_runtime_authority_contract,Ps.68.33,uk5-f82ed315a3ff6c99b801,oshb,Ps.68.33,,locked runtime authority retained; raw secondary textual/segmentation variant recorded
strong_control_sequence_difference,high,resolved_by_locked_runtime_authority_contract,Ps.68.34,uk5-e4e8063745471bcd8705,oshb,Ps.68.34,,locked runtime authority retained; raw secondary textual/segmentation variant recorded
strong_control_sequence_difference,high,resolved_by_locked_runtime_authority_contract,Ps.68.35,uk5-4a846906f6c3ad9e954b,oshb,Ps.68.35,,locked runtime authority retained; raw secondary textual/segmentation variant recorded
strong_control_sequence_difference,high,resolved_by_locked_runtime_authority_contract,Ps.68.4,uk5-886908ffdfd750d40686,oshb,Ps.68.4,,locked runtime authority retained; raw secondary textual/segmentation variant recorded
strong_control_sequence_difference,high,resolved_by_locked_runtime_authority_contract,Ps.68.5,uk5-6577893d520bd586890d,oshb,Ps.68.5,,locked runtime authority retained; raw secondary textual/segmentation variant recorded
strong_control_sequence_difference,high,resolved_by_locked_runtime_authority_contract,Ps.68.6,uk5-76835132e014e2a1e556,oshb,Ps.68.6,,locked runtime authority retained; raw secondary textual/segmentation variant recorded
strong_control_sequence_difference,high,resolved_by_locked_runtime_authority_contract,Ps.68.7,uk5-c00bfc551b78d58866a6,oshb,Ps.68.7,,locked runtime authority retained; raw secondary textual/segmentation variant recorded
strong_control_sequence_difference,high,resolved_by_locked_runtime_authority_contract,Ps.68.8,uk5-4fff23cfe6c992eb13e4,oshb,Ps.68.8,,locked runtime authority retained; raw secondary textual/segmentation variant recorded
strong_control_sequence_difference,high,resolved_by_locked_runtime_authority_contract,Ps.68.9,uk5-f3c010b44f5c3420f7b8,oshb,Ps.68.9,,locked runtime authority retained; raw secondary textual/segmentation variant recorded
strong_control_sequence_difference,high,resolved_by_locked_runtime_authority_contract,Ps.69.1,uk5-28c78f5c1da866b7e64d,oshb,Ps.69.1,,locked runtime authority retained; raw secondary textual/segmentation variant recorded
strong_control_sequence_difference,high,resolved_by_locked_runtime_authority_contract,Ps.69.10,uk5-eede55c4c8b74fdaf623,oshb,Ps.69.10,,locked runtime authority retained; raw secondary textual/segmentation variant recorded
strong_control_sequence_difference,high,resolved_by_locked_runtime_authority_contract,Ps.69.11,uk5-dc3f9bd78edc9f7e9f5f,oshb,Ps.69.11,,locked runtime authority retained; raw secondary textual/segmentation variant recorded
strong_control_sequence_difference,high,resolved_by_locked_runtime_authority_contract,Ps.69.12,uk5-ad6177f5ff810c27d200,oshb,Ps.69.12,,locked runtime authority retained; raw secondary textual/segmentation variant recorded
strong_control_sequence_difference,high,resolved_by_locked_runtime_authority_contract,Ps.69.13,uk5-439951303eaa4a12406f,oshb,Ps.69.13,,locked runtime authority retained; raw secondary textual/segmentation variant recorded
strong_control_sequence_difference,high,resolved_by_locked_runtime_authority_contract,Ps.69.14,uk5-0228305177023761d697,oshb,Ps.69.14,,locked runtime authority retained; raw secondary textual/segmentation variant recorded
strong_control_sequence_difference,high,resolved_by_locked_runtime_authority_contract,Ps.69.15,uk5-29992515e360e14d76f9,oshb,Ps.69.15,,locked runtime authority retained; raw secondary textual/segmentation variant recorded
strong_control_sequence_difference,high,resolved_by_locked_runtime_authority_contract,Ps.69.16,uk5-ccd218f9a4b8c9de4c7c,oshb,Ps.69.16,,locked runtime authority retained; raw secondary textual/segmentation variant recorded
strong_control_sequence_difference,high,resolved_by_locked_runtime_authority_contract,Ps.69.17,uk5-e134b5398e8355bfc40c,oshb,Ps.69.17,,locked runtime authority retained; raw secondary textual/segmentation variant recorded
strong_control_sequence_difference,high,resolved_by_locked_runtime_authority_contract,Ps.69.18,uk5-7a842ce710d2765e8f08,oshb,Ps.69.18,,locked runtime authority retained; raw secondary textual/segmentation variant recorded
strong_control_sequence_difference,high,resolved_by_locked_runtime_authority_contract,Ps.69.19,uk5-75438de2a14c4e6ce1c4,oshb,Ps.69.19,,locked runtime authority retained; raw secondary textual/segmentation variant recorded
strong_control_sequence_difference,high,resolved_by_locked_runtime_authority_contract,Ps.69.2,uk5-cdc47c4847b3ee1896ea,oshb,Ps.69.2,,locked runtime authority retained; raw secondary textual/segmentation variant recorded
strong_control_sequence_difference,high,resolved_by_locked_runtime_authority_contract,Ps.69.20,uk5-805fa91f012c87569ec2,oshb,Ps.69.20,,locked runtime authority retained; raw secondary textual/segmentation variant recorded
strong_control_sequence_difference,high,resolved_by_locked_runtime_authority_contract,Ps.69.21,uk5-17448661071b26fa475d,oshb,Ps.69.21,,locked runtime authority retained; raw secondary textual/segmentation variant recorded
strong_control_sequence_difference,high,resolved_by_locked_runtime_authority_contract,Ps.69.22,uk5-4a2e94d90453324d9cb5,oshb,Ps.69.22,,locked runtime authority retained; raw secondary textual/segmentation variant recorded
strong_control_sequence_difference,high,resolved_by_locked_runtime_authority_contract,Ps.69.23,uk5-a97d88398b186db0a580,oshb,Ps.69.23,,locked runtime authority retained; raw secondary textual/segmentation variant recorded
strong_control_sequence_difference,high,resolved_by_locked_runtime_authority_contract,Ps.69.24,uk5-8bc76f0eb4ba99198ac4,oshb,Ps.69.24,,locked runtime authority retained; raw secondary textual/segmentation variant recorded
strong_control_sequence_difference,high,resolved_by_locked_runtime_authority_contract,Ps.69.25,uk5-8f012d1a4f4f9ac7f7fb,oshb,Ps.69.25,,locked runtime authority retained; raw secondary textual/segmentation variant recorded
strong_control_sequence_difference,high,resolved_by_locked_runtime_authority_contract,Ps.69.26,uk5-15ed9e1ff373e1e4ecc5,oshb,Ps.69.26,,locked runtime authority retained; raw secondary textual/segmentation variant recorded
strong_control_sequence_difference,high,resolved_by_locked_runtime_authority_contract,Ps.69.27,uk5-21a9219fd2347998766b,oshb,Ps.69.27,,locked runtime authority retained; raw secondary textual/segmentation variant recorded
strong_control_sequence_difference,high,resolved_by_locked_runtime_authority_contract,Ps.69.28,uk5-47a1d3a1e2dbc6be1380,oshb,Ps.69.28,,locked runtime authority retained; raw secondary textual/segmentation variant recorded
strong_control_sequence_difference,high,resolved_by_locked_runtime_authority_contract,Ps.69.29,uk5-f943014eac0cff3aded0,oshb,Ps.69.29,,locked runtime authority retained; raw secondary textual/segmentation variant recorded
strong_control_sequence_difference,high,resolved_by_locked_runtime_authority_contract,Ps.69.3,uk5-e6a02615432e11a1b798,oshb,Ps.69.3,,locked runtime authority retained; raw secondary textual/segmentation variant recorded
strong_control_sequence_difference,high,resolved_by_locked_runtime_authority_contract,Ps.69.30,uk5-bbe9182f76e27698f41e,oshb,Ps.69.30,,locked runtime authority retained; raw secondary textual/segmentation variant recorded
strong_control_sequence_difference,high,resolved_by_locked_runtime_authority_contract,Ps.69.31,uk5-c6018fe62990467d9aed,oshb,Ps.69.31,,locked runtime authority retained; raw secondary textual/segmentation variant recorded
strong_control_sequence_difference,high,resolved_by_locked_runtime_authority_contract,Ps.69.32,uk5-c04b477fff3af3284bc6,oshb,Ps.69.32,,locked runtime authority retained; raw secondary textual/segmentation variant recorded
strong_control_sequence_difference,high,resolved_by_locked_runtime_authority_contract,Ps.69.33,uk5-37d2c0be485436eac2da,oshb,Ps.69.33,,locked runtime authority retained; raw secondary textual/segmentation variant recorded
strong_control_sequence_difference,high,resolved_by_locked_runtime_authority_contract,Ps.69.34,uk5-4eb3a34be9c46d11c42d,oshb,Ps.69.34,,locked runtime authority retained; raw secondary textual/segmentation variant recorded
strong_control_sequence_difference,high,resolved_by_locked_runtime_authority_contract,Ps.69.35,uk5-58f352e776e154e7a3e1,oshb,Ps.69.35,,locked runtime authority retained; raw secondary textual/segmentation variant recorded
strong_control_sequence_difference,high,resolved_by_locked_runtime_authority_contract,Ps.69.36,uk5-1c5e86b6e4e74ac32ef1,oshb,Ps.69.36,,locked runtime authority retained; raw secondary textual/segmentation variant recorded
strong_control_sequence_difference,high,resolved_by_locked_runtime_authority_contract,Ps.69.4,uk5-b86b2e13243ba70d5c07,oshb,Ps.69.4,,locked runtime authority retained; raw secondary textual/segmentation variant recorded
strong_control_sequence_difference,high,resolved_by_locked_runtime_authority_contract,Ps.69.5,uk5-fd33cd3e90bffac8c2ca,oshb,Ps.69.5,,locked runtime authority retained; raw secondary textual/segmentation variant recorded
strong_control_sequence_difference,high,resolved_by_locked_runtime_authority_contract,Ps.69.6,uk5-0e55f1403ff2517361b4,oshb,Ps.69.6,,locked runtime authority retained; raw secondary textual/segmentation variant recorded
strong_control_sequence_difference,high,resolved_by_locked_runtime_authority_contract,Ps.69.7,uk5-07643026a87daa819bb9,oshb,Ps.69.7,,locked runtime authority retained; raw secondary textual/segmentation variant recorded
strong_control_sequence_difference,high,resolved_by_locked_runtime_authority_contract,Ps.69.8,uk5-a1b965ab2b966c7b49e4,oshb,Ps.69.8,,locked runtime authority retained; raw secondary textual/segmentation variant recorded
strong_control_sequence_difference,high,resolved_by_locked_runtime_authority_contract,Ps.69.9,uk5-a087ea4a5240ebbe1050,oshb,Ps.69.9,,locked runtime authority retained; raw secondary textual/segmentation variant recorded
uxlc_independent_surface_difference,medium,resolved_by_locked_runtime_authority_contract,Ps.69.9,uk5-a087ea4a5240ebbe1050,oshb,Ps.69.9,Ps.69.9,independent UXLC surface difference recorded; OSHB Strong authority retained
strong_control_sequence_difference,high,resolved_by_locked_runtime_authority_contract,Ps.7.1,uk5-546a865b67f0e4d6cb2c,oshb,Ps.7.1,,locked runtime authority retained; raw secondary textual/segmentation variant recorded
strong_control_sequence_difference,high,resolved_by_locked_runtime_authority_contract,Ps.7.10,uk5-b00a3be7f46b6c0b0fef,oshb,Ps.7.10,,locked runtime authority retained; raw secondary textual/segmentation variant recorded
strong_control_sequence_difference,high,resolved_by_locked_runtime_authority_contract,Ps.7.11,uk5-bea99a9a3edfdb7349a8,oshb,Ps.7.11,,locked runtime authority retained; raw secondary textual/segmentation variant recorded
strong_control_sequence_difference,high,resolved_by_locked_runtime_authority_contract,Ps.7.12,uk5-86c7ee14f25f97e5b905,oshb,Ps.7.12,,locked runtime authority retained; raw secondary textual/segmentation variant recorded
strong_control_sequence_difference,high,resolved_by_locked_runtime_authority_contract,Ps.7.13,uk5-405be1befe0b181033a0,oshb,Ps.7.13,,locked runtime authority retained; raw secondary textual/segmentation variant recorded
strong_control_sequence_difference,high,resolved_by_locked_runtime_authority_contract,Ps.7.14,uk5-5006f8a0550e996bd2a6,oshb,Ps.7.14,,locked runtime authority retained; raw secondary textual/segmentation variant recorded
strong_control_sequence_difference,high,resolved_by_locked_runtime_authority_contract,Ps.7.15,uk5-b8447d451b1f983deb9f,oshb,Ps.7.15,,locked runtime authority retained; raw secondary textual/segmentation variant recorded
strong_control_sequence_difference,high,resolved_by_locked_runtime_authority_contract,Ps.7.16,uk5-20d71884ba13e8705ea8,oshb,Ps.7.16,,locked runtime authority retained; raw secondary textual/segmentation variant recorded
strong_control_sequence_difference,high,resolved_by_locked_runtime_authority_contract,Ps.7.17,uk5-8ac0dbb77557054e4782,oshb,Ps.7.17,,locked runtime authority retained; raw secondary textual/segmentation variant recorded
strong_control_sequence_difference,high,resolved_by_locked_runtime_authority_contract,Ps.7.2,uk5-0391cf81e1697d0f9419,oshb,Ps.7.2,,locked runtime authority retained; raw secondary textual/segmentation variant recorded
strong_control_sequence_difference,high,resolved_by_locked_runtime_authority_contract,Ps.7.3,uk5-1f7041d67551cc97a9b7,oshb,Ps.7.3,,locked runtime authority retained; raw secondary textual/segmentation variant recorded
strong_control_sequence_difference,high,resolved_by_locked_runtime_authority_contract,Ps.7.4,uk5-f8255b004b993325dce2,oshb,Ps.7.4,,locked runtime authority retained; raw secondary textual/segmentation variant recorded
strong_control_sequence_difference,high,resolved_by_locked_runtime_authority_contract,Ps.7.5,uk5-91f3aa476ac6e77ad6ae,oshb,Ps.7.5,,locked runtime authority retained; raw secondary textual/segmentation variant recorded
strong_control_sequence_difference,high,resolved_by_locked_runtime_authority_contract,Ps.7.6,uk5-62a1be8abd721699c30b,oshb,Ps.7.6,,locked runtime authority retained; raw secondary textual/segmentation variant recorded
strong_control_sequence_difference,high,resolved_by_locked_runtime_authority_contract,Ps.7.7,uk5-3078ab130b5d45d81bb8,oshb,Ps.7.7,,locked runtime authority retained; raw secondary textual/segmentation variant recorded
strong_control_sequence_difference,high,resolved_by_locked_runtime_authority_contract,Ps.7.8,uk5-95d59f9d5f18b7c401fa,oshb,Ps.7.8,,locked runtime authority retained; raw secondary textual/segmentation variant recorded
strong_control_sequence_difference,high,resolved_by_locked_runtime_authority_contract,Ps.7.9,uk5-e6e00c0856e48b68861b,oshb,Ps.7.9,,locked runtime authority retained; raw secondary textual/segmentation variant recorded
strong_control_sequence_difference,high,resolved_by_locked_runtime_authority_contract,Ps.70.1,uk5-4fb8e111d5b51aaf0677,oshb,Ps.70.1,,locked runtime authority retained; raw secondary textual/segmentation variant recorded
strong_control_sequence_difference,high,resolved_by_locked_runtime_authority_contract,Ps.70.2,uk5-3e036b0c8b1f83ef2163,oshb,Ps.70.2,,locked runtime authority retained; raw secondary textual/segmentation variant recorded
strong_control_sequence_difference,high,resolved_by_locked_runtime_authority_contract,Ps.70.3,uk5-fdfd1a2644f7ba73dac7,oshb,Ps.70.3,,locked runtime authority retained; raw secondary textual/segmentation variant recorded
strong_control_sequence_difference,high,resolved_by_locked_runtime_authority_contract,Ps.70.4,uk5-7dd8d1e271ef3b8a86e8,oshb,Ps.70.4,,locked runtime authority retained; raw secondary textual/segmentation variant recorded
strong_control_sequence_difference,high,resolved_by_locked_runtime_authority_contract,Ps.70.5,uk5-d441ac714015a60ca6a1,oshb,Ps.70.5,,locked runtime authority retained; raw secondary textual/segmentation variant recorded
strong_control_sequence_difference,low,resolved_by_locked_runtime_authority_contract,Ps.73.1,uk5-ea24500713fafec9b40f,oshb,Ps.73.1,Ps.73.1,locked runtime authority retained; raw secondary textual/segmentation variant recorded
strong_control_sequence_difference,low,resolved_by_locked_runtime_authority_contract,Ps.73.2,uk5-8acb8b9c97d8fc90c1cc,oshb,Ps.73.2,Ps.73.2,locked runtime authority retained; raw secondary textual/segmentation variant recorded
strong_control_sequence_difference,low,resolved_by_locked_runtime_authority_contract,Ps.74.1,uk5-52f19164ec4d206263f9,oshb,Ps.74.1,Ps.74.1,locked runtime authority retained; raw secondary textual/segmentation variant recorded
strong_control_sequence_difference,high,resolved_by_locked_runtime_authority_contract,Ps.75.1,uk5-795b153acde7b145e514,oshb,Ps.75.1,Ps.74.1,locked runtime authority retained; raw secondary textual/segmentation variant recorded
strong_control_sequence_difference,high,resolved_by_locked_runtime_authority_contract,Ps.75.10,uk5-9d2bf4bf311785dc7d84,oshb,Ps.75.10,Ps.74.11,locked runtime authority retained; raw secondary textual/segmentation variant recorded
strong_control_sequence_difference,high,resolved_by_locked_runtime_authority_contract,Ps.75.2,uk5-e36a444cfd69f6f97b50,oshb,Ps.75.2,Ps.74.3,locked runtime authority retained; raw secondary textual/segmentation variant recorded
strong_control_sequence_difference,high,resolved_by_locked_runtime_authority_contract,Ps.75.3,uk5-a580a1cdf2fbf9ce9e23,oshb,Ps.75.3,Ps.74.4,locked runtime authority retained; raw secondary textual/segmentation variant recorded
strong_control_sequence_difference,high,resolved_by_locked_runtime_authority_contract,Ps.75.4,uk5-71e5ac1e184cf1a4d8e3,oshb,Ps.75.4,Ps.74.5,locked runtime authority retained; raw secondary textual/segmentation variant recorded
strong_control_sequence_difference,high,resolved_by_locked_runtime_authority_contract,Ps.75.5,uk5-c09500d400f9966dc2fb,oshb,Ps.75.5,Ps.74.6,locked runtime authority retained; raw secondary textual/segmentation variant recorded
strong_control_sequence_difference,high,resolved_by_locked_runtime_authority_contract,Ps.75.6,uk5-734c2611865f82cc8681,oshb,Ps.75.6,Ps.74.7,locked runtime authority retained; raw secondary textual/segmentation variant recorded
strong_control_sequence_difference,high,resolved_by_locked_runtime_authority_contract,Ps.75.7,uk5-f164de4f4f9a65c10bcc,oshb,Ps.75.7,Ps.74.8,locked runtime authority retained; raw secondary textual/segmentation variant recorded
strong_control_sequence_difference,high,resolved_by_locked_runtime_authority_contract,Ps.75.8,uk5-5ce942acb5162c9fe1aa,oshb,Ps.75.8,Ps.74.9,locked runtime authority retained; raw secondary textual/segmentation variant recorded
strong_control_sequence_difference,high,resolved_by_locked_runtime_authority_contract,Ps.75.9,uk5-fee45869a47ecc47c4d5,oshb,Ps.75.9,Ps.74.10,locked runtime authority retained; raw secondary textual/segmentation variant recorded
strong_control_sequence_difference,high,resolved_by_locked_runtime_authority_contract,Ps.76.1,uk5-2510f6782c73b939f08a,oshb,Ps.76.1,,locked runtime authority retained; raw secondary textual/segmentation variant recorded
strong_control_sequence_difference,high,resolved_by_locked_runtime_authority_contract,Ps.76.10,uk5-3694ad5ec4ec915187bf,oshb,Ps.76.10,,locked runtime authority retained; raw secondary textual/segmentation variant recorded
strong_control_sequence_difference,high,resolved_by_locked_runtime_authority_contract,Ps.76.11,uk5-639c49943a0d08b99a13,oshb,Ps.76.11,,locked runtime authority retained; raw secondary textual/segmentation variant recorded
strong_control_sequence_difference,high,resolved_by_locked_runtime_authority_contract,Ps.76.12,uk5-94c0156b49bb4aadc51d,oshb,Ps.76.12,,locked runtime authority retained; raw secondary textual/segmentation variant recorded
strong_control_sequence_difference,high,resolved_by_locked_runtime_authority_contract,Ps.76.2,uk5-68eebc96a65b773e94cc,oshb,Ps.76.2,,locked runtime authority retained; raw secondary textual/segmentation variant recorded
strong_control_sequence_difference,high,resolved_by_locked_runtime_authority_contract,Ps.76.3,uk5-d776c4611f5077cad5e0,oshb,Ps.76.3,,locked runtime authority retained; raw secondary textual/segmentation variant recorded
strong_control_sequence_difference,high,resolved_by_locked_runtime_authority_contract,Ps.76.4,uk5-5776f6a82296977171d2,oshb,Ps.76.4,,locked runtime authority retained; raw secondary textual/segmentation variant recorded
strong_control_sequence_difference,high,resolved_by_locked_runtime_authority_contract,Ps.76.5,uk5-b644c1fcd33201c189db,oshb,Ps.76.5,,locked runtime authority retained; raw secondary textual/segmentation variant recorded
strong_control_sequence_difference,high,resolved_by_locked_runtime_authority_contract,Ps.76.6,uk5-0806763450abb7a32704,oshb,Ps.76.6,,locked runtime authority retained; raw secondary textual/segmentation variant recorded
strong_control_sequence_difference,high,resolved_by_locked_runtime_authority_contract,Ps.76.7,uk5-e0e224fdaa76c70ff40c,oshb,Ps.76.7,,locked runtime authority retained; raw secondary textual/segmentation variant recorded
strong_control_sequence_difference,high,resolved_by_locked_runtime_authority_contract,Ps.76.8,uk5-d106914dba6cedfc9c33,oshb,Ps.76.8,,locked runtime authority retained; raw secondary textual/segmentation variant recorded
strong_control_sequence_difference,high,resolved_by_locked_runtime_authority_contract,Ps.76.9,uk5-5598442406ebf2f885f3,oshb,Ps.76.9,,locked runtime authority retained; raw secondary textual/segmentation variant recorded
strong_control_sequence_difference,high,resolved_by_locked_runtime_authority_contract,Ps.77.1,uk5-2f442a5a9a312fa86ae1,oshb,Ps.77.1,,locked runtime authority retained; raw secondary textual/segmentation variant recorded
strong_control_sequence_difference,high,resolved_by_locked_runtime_authority_contract,Ps.77.10,uk5-30ef25964f18d5a27ccc,oshb,Ps.77.10,,locked runtime authority retained; raw secondary textual/segmentation variant recorded
strong_control_sequence_difference,high,resolved_by_locked_runtime_authority_contract,Ps.77.11,uk5-415b4f849714fe7e1bb8,oshb,Ps.77.11,,locked runtime authority retained; raw secondary textual/segmentation variant recorded
strong_control_sequence_difference,high,resolved_by_locked_runtime_authority_contract,Ps.77.12,uk5-fca43b1bd05f7ce16a74,oshb,Ps.77.12,,locked runtime authority retained; raw secondary textual/segmentation variant recorded
strong_control_sequence_difference,high,resolved_by_locked_runtime_authority_contract,Ps.77.13,uk5-f9b0e202a16ba89c85e3,oshb,Ps.77.13,,locked runtime authority retained; raw secondary textual/segmentation variant recorded
strong_control_sequence_difference,high,resolved_by_locked_runtime_authority_contract,Ps.77.14,uk5-068cbbd69d298d6e740f,oshb,Ps.77.14,,locked runtime authority retained; raw secondary textual/segmentation variant recorded
strong_control_sequence_difference,high,resolved_by_locked_runtime_authority_contract,Ps.77.15,uk5-9f9e19dfe6a4b9a4035e,oshb,Ps.77.15,,locked runtime authority retained; raw secondary textual/segmentation variant recorded
strong_control_sequence_difference,high,resolved_by_locked_runtime_authority_contract,Ps.77.16,uk5-a520f33cf3f4bdd66497,oshb,Ps.77.16,,locked runtime authority retained; raw secondary textual/segmentation variant recorded
strong_control_sequence_difference,high,resolved_by_locked_runtime_authority_contract,Ps.77.17,uk5-278b833736164afb0b1d,oshb,Ps.77.17,,locked runtime authority retained; raw secondary textual/segmentation variant recorded
strong_control_sequence_difference,high,resolved_by_locked_runtime_authority_contract,Ps.77.18,uk5-e729f0b64b8794d395d0,oshb,Ps.77.18,,locked runtime authority retained; raw secondary textual/segmentation variant recorded
strong_control_sequence_difference,high,resolved_by_locked_runtime_authority_contract,Ps.77.19,uk5-6c84987df620fe18ff71,oshb,Ps.77.19,,locked runtime authority retained; raw secondary textual/segmentation variant recorded
strong_control_sequence_difference,high,resolved_by_locked_runtime_authority_contract,Ps.77.2,uk5-8b7aa4b665c830133f26,oshb,Ps.77.2,,locked runtime authority retained; raw secondary textual/segmentation variant recorded
strong_control_sequence_difference,high,resolved_by_locked_runtime_authority_contract,Ps.77.20,uk5-c1eea11b8798370a5443,oshb,Ps.77.20,,locked runtime authority retained; raw secondary textual/segmentation variant recorded
strong_control_sequence_difference,high,resolved_by_locked_runtime_authority_contract,Ps.77.3,uk5-8810cffa3e689e33b4fd,oshb,Ps.77.3,,locked runtime authority retained; raw secondary textual/segmentation variant recorded
strong_control_sequence_difference,high,resolved_by_locked_runtime_authority_contract,Ps.77.4,uk5-f438e5535e7cd491994e,oshb,Ps.77.4,,locked runtime authority retained; raw secondary textual/segmentation variant recorded
strong_control_sequence_difference,high,resolved_by_locked_runtime_authority_contract,Ps.77.5,uk5-59cd4fa815ed4367a315,oshb,Ps.77.5,,locked runtime authority retained; raw secondary textual/segmentation variant recorded
strong_control_sequence_difference,high,resolved_by_locked_runtime_authority_contract,Ps.77.6,uk5-00a5f4ee9f4a385a8962,oshb,Ps.77.6,,locked runtime authority retained; raw secondary textual/segmentation variant recorded
strong_control_sequence_difference,high,resolved_by_locked_runtime_authority_contract,Ps.77.7,uk5-754a21ec40eb81130018,oshb,Ps.77.7,,locked runtime authority retained; raw secondary textual/segmentation variant recorded
strong_control_sequence_difference,high,resolved_by_locked_runtime_authority_contract,Ps.77.8,uk5-f94447899d3e527c2731,oshb,Ps.77.8,,locked runtime authority retained; raw secondary textual/segmentation variant recorded
strong_control_sequence_difference,high,resolved_by_locked_runtime_authority_contract,Ps.77.9,uk5-d8fc0755640d0b4d465f,oshb,Ps.77.9,,locked runtime authority retained; raw secondary textual/segmentation variant recorded
strong_control_sequence_difference,low,resolved_by_locked_runtime_authority_contract,Ps.78.1,uk5-f6d0423a564b31cfc47c,oshb,Ps.78.1,Ps.78.1,locked runtime authority retained; raw secondary textual/segmentation variant recorded
strong_control_sequence_difference,high,resolved_by_locked_runtime_authority_contract,Ps.8.1,uk5-4424678d2a33e80ff8e3,oshb,Ps.8.1,,locked runtime authority retained; raw secondary textual/segmentation variant recorded
strong_control_sequence_difference,high,resolved_by_locked_runtime_authority_contract,Ps.8.2,uk5-85c2f61ef32e7d8c52f6,oshb,Ps.8.2,,locked runtime authority retained; raw secondary textual/segmentation variant recorded
strong_control_sequence_difference,high,resolved_by_locked_runtime_authority_contract,Ps.8.3,uk5-d8e64760b8e9ef277825,oshb,Ps.8.3,,locked runtime authority retained; raw secondary textual/segmentation variant recorded
strong_control_sequence_difference,high,resolved_by_locked_runtime_authority_contract,Ps.8.4,uk5-7e6776d357bb2375a064,oshb,Ps.8.4,,locked runtime authority retained; raw secondary textual/segmentation variant recorded
strong_control_sequence_difference,high,resolved_by_locked_runtime_authority_contract,Ps.8.5,uk5-4fa96588da0e8772f8e5,oshb,Ps.8.5,,locked runtime authority retained; raw secondary textual/segmentation variant recorded
strong_control_sequence_difference,high,resolved_by_locked_runtime_authority_contract,Ps.8.6,uk5-feab2fb0420f65a0367c,oshb,Ps.8.6,,locked runtime authority retained; raw secondary textual/segmentation variant recorded
strong_control_sequence_difference,high,resolved_by_locked_runtime_authority_contract,Ps.8.7,uk5-c1e62db91fc220df3c34,oshb,Ps.8.7,,locked runtime authority retained; raw secondary textual/segmentation variant recorded
strong_control_sequence_difference,high,resolved_by_locked_runtime_authority_contract,Ps.8.8,uk5-37b6ee3c5d19dee94336,oshb,Ps.8.8,,locked runtime authority retained; raw secondary textual/segmentation variant recorded
strong_control_sequence_difference,high,resolved_by_locked_runtime_authority_contract,Ps.8.9,uk5-4088e4288e776d7e6a01,oshb,Ps.8.9,,locked runtime authority retained; raw secondary textual/segmentation variant recorded
strong_control_sequence_difference,high,resolved_by_locked_runtime_authority_contract,Ps.80.1,uk5-3b16add783dd9a788798,oshb,Ps.80.1,Ps.79.1,locked runtime authority retained; raw secondary textual/segmentation variant recorded
strong_control_sequence_difference,high,resolved_by_locked_runtime_authority_contract,Ps.80.10,uk5-4453b200559007faafc5,oshb,Ps.80.10,Ps.79.11,locked runtime authority retained; raw secondary textual/segmentation variant recorded
strong_control_sequence_difference,high,resolved_by_locked_runtime_authority_contract,Ps.80.11,uk5-f03d0ce2bc4484e9eccb,oshb,Ps.80.11,Ps.79.12,locked runtime authority retained; raw secondary textual/segmentation variant recorded
strong_control_sequence_difference,high,resolved_by_locked_runtime_authority_contract,Ps.80.12,uk5-4077c6860f0b87dbe325,oshb,Ps.80.12,Ps.79.13,locked runtime authority retained; raw secondary textual/segmentation variant recorded
strong_control_sequence_difference,high,resolved_by_locked_runtime_authority_contract,Ps.80.13,uk5-61791e6a07512b0f0c30,oshb,Ps.80.13,,locked runtime authority retained; raw secondary textual/segmentation variant recorded
strong_control_sequence_difference,high,resolved_by_locked_runtime_authority_contract,Ps.80.14,uk5-e9e428ce9c92ccca8e9a,oshb,Ps.80.14,,locked runtime authority retained; raw secondary textual/segmentation variant recorded
uxlc_independent_surface_difference,medium,resolved_by_locked_runtime_authority_contract,Ps.80.14,uk5-e9e428ce9c92ccca8e9a,oshb,Ps.80.14,Ps.80.14,independent UXLC surface difference recorded; OSHB Strong authority retained
strong_control_sequence_difference,high,resolved_by_locked_runtime_authority_contract,Ps.80.15,uk5-db298956498d94168281,oshb,Ps.80.15,,locked runtime authority retained; raw secondary textual/segmentation variant recorded
strong_control_sequence_difference,high,resolved_by_locked_runtime_authority_contract,Ps.80.16,uk5-628e32d0d219ccb6eecd,oshb,Ps.80.16,,locked runtime authority retained; raw secondary textual/segmentation variant recorded
strong_control_sequence_difference,high,resolved_by_locked_runtime_authority_contract,Ps.80.17,uk5-6c49e6b4aa27f94d899d,oshb,Ps.80.17,,locked runtime authority retained; raw secondary textual/segmentation variant recorded
strong_control_sequence_difference,high,resolved_by_locked_runtime_authority_contract,Ps.80.18,uk5-27a914cb752138dc9184,oshb,Ps.80.18,,locked runtime authority retained; raw secondary textual/segmentation variant recorded
strong_control_sequence_difference,high,resolved_by_locked_runtime_authority_contract,Ps.80.19,uk5-ac4173a44d08de97b434,oshb,Ps.80.19,,locked runtime authority retained; raw secondary textual/segmentation variant recorded
strong_control_sequence_difference,high,resolved_by_locked_runtime_authority_contract,Ps.80.2,uk5-47d274e8d93c8d9fab3b,oshb,Ps.80.2,Ps.79.3,locked runtime authority retained; raw secondary textual/segmentation variant recorded
strong_control_sequence_difference,high,resolved_by_locked_runtime_authority_contract,Ps.80.3,uk5-2fe300e0a54b510476d9,oshb,Ps.80.3,Ps.79.4,locked runtime authority retained; raw secondary textual/segmentation variant recorded
strong_control_sequence_difference,high,resolved_by_locked_runtime_authority_contract,Ps.80.4,uk5-89c7442367f90d5634c2,oshb,Ps.80.4,Ps.79.5,locked runtime authority retained; raw secondary textual/segmentation variant recorded
strong_control_sequence_difference,high,resolved_by_locked_runtime_authority_contract,Ps.80.5,uk5-e4c89d8aa6f083a4a87d,oshb,Ps.80.5,Ps.79.6,locked runtime authority retained; raw secondary textual/segmentation variant recorded
strong_control_sequence_difference,high,resolved_by_locked_runtime_authority_contract,Ps.80.6,uk5-2a0e267e562a80e3250c,oshb,Ps.80.6,Ps.79.7,locked runtime authority retained; raw secondary textual/segmentation variant recorded
strong_control_sequence_difference,high,resolved_by_locked_runtime_authority_contract,Ps.80.7,uk5-0a5ff2b8061af1dc00cb,oshb,Ps.80.7,Ps.79.8,locked runtime authority retained; raw secondary textual/segmentation variant recorded
strong_control_sequence_difference,high,resolved_by_locked_runtime_authority_contract,Ps.80.8,uk5-27afa261171eb98cd897,oshb,Ps.80.8,Ps.79.9,locked runtime authority retained; raw secondary textual/segmentation variant recorded
strong_control_sequence_difference,high,resolved_by_locked_runtime_authority_contract,Ps.80.9,uk5-7a6489d24445c34970d5,oshb,Ps.80.9,Ps.79.10,locked runtime authority retained; raw secondary textual/segmentation variant recorded
strong_control_sequence_difference,high,resolved_by_locked_runtime_authority_contract,Ps.81.1,uk5-948794c7e5a816e15392,oshb,Ps.81.1,,locked runtime authority retained; raw secondary textual/segmentation variant recorded
strong_control_sequence_difference,high,resolved_by_locked_runtime_authority_contract,Ps.81.10,uk5-db69ab408a120aaeb574,oshb,Ps.81.10,,locked runtime authority retained; raw secondary textual/segmentation variant recorded
strong_control_sequence_difference,high,resolved_by_locked_runtime_authority_contract,Ps.81.11,uk5-9121a586563ef1453b93,oshb,Ps.81.11,,locked runtime authority retained; raw secondary textual/segmentation variant recorded
strong_control_sequence_difference,high,resolved_by_locked_runtime_authority_contract,Ps.81.12,uk5-1c41322ebdfdf6bf82bc,oshb,Ps.81.12,,locked runtime authority retained; raw secondary textual/segmentation variant recorded
strong_control_sequence_difference,high,resolved_by_locked_runtime_authority_contract,Ps.81.13,uk5-ea87923af33f940aa162,oshb,Ps.81.13,,locked runtime authority retained; raw secondary textual/segmentation variant recorded
strong_control_sequence_difference,high,resolved_by_locked_runtime_authority_contract,Ps.81.14,uk5-c67bd78a4da4970d3cef,oshb,Ps.81.14,,locked runtime authority retained; raw secondary textual/segmentation variant recorded
strong_control_sequence_difference,high,resolved_by_locked_runtime_authority_contract,Ps.81.15,uk5-d6945a35980593903916,oshb,Ps.81.15,,locked runtime authority retained; raw secondary textual/segmentation variant recorded
strong_control_sequence_difference,high,resolved_by_locked_runtime_authority_contract,Ps.81.16,uk5-249f01a4c65e76a99d21,oshb,Ps.81.16,,locked runtime authority retained; raw secondary textual/segmentation variant recorded
strong_control_sequence_difference,high,resolved_by_locked_runtime_authority_contract,Ps.81.2,uk5-fa9c747ddece16651a22,oshb,Ps.81.2,,locked runtime authority retained; raw secondary textual/segmentation variant recorded
strong_control_sequence_difference,high,resolved_by_locked_runtime_authority_contract,Ps.81.3,uk5-b210c82a09d0820bcd35,oshb,Ps.81.3,,locked runtime authority retained; raw secondary textual/segmentation variant recorded
strong_control_sequence_difference,high,resolved_by_locked_runtime_authority_contract,Ps.81.4,uk5-cccc6abc620a17b391f0,oshb,Ps.81.4,,locked runtime authority retained; raw secondary textual/segmentation variant recorded
strong_control_sequence_difference,high,resolved_by_locked_runtime_authority_contract,Ps.81.5,uk5-a8b8c8d7d44b5d10a745,oshb,Ps.81.5,,locked runtime authority retained; raw secondary textual/segmentation variant recorded
strong_control_sequence_difference,high,resolved_by_locked_runtime_authority_contract,Ps.81.6,uk5-f452cdd3cab70feb9f3d,oshb,Ps.81.6,,locked runtime authority retained; raw secondary textual/segmentation variant recorded
strong_control_sequence_difference,high,resolved_by_locked_runtime_authority_contract,Ps.81.7,uk5-251622c84e3bc8c72e6f,oshb,Ps.81.7,,locked runtime authority retained; raw secondary textual/segmentation variant recorded
strong_control_sequence_difference,high,resolved_by_locked_runtime_authority_contract,Ps.81.8,uk5-8cb33a822f18825bbd3c,oshb,Ps.81.8,,locked runtime authority retained; raw secondary textual/segmentation variant recorded
strong_control_sequence_difference,high,resolved_by_locked_runtime_authority_contract,Ps.81.9,uk5-78eaee6130b4258dc4cf,oshb,Ps.81.9,,locked runtime authority retained; raw secondary textual/segmentation variant recorded
strong_control_sequence_difference,low,resolved_by_locked_runtime_authority_contract,Ps.82.1,uk5-3de95123f9abd9f48bf7,oshb,Ps.82.1,Ps.82.1,locked runtime authority retained; raw secondary textual/segmentation variant recorded
strong_control_sequence_difference,high,resolved_by_locked_runtime_authority_contract,Ps.83.1,uk5-e74746984a51e60b7bdd,oshb,Ps.83.1,Ps.82.1,locked runtime authority retained; raw secondary textual/segmentation variant recorded
strong_control_sequence_difference,high,resolved_by_locked_runtime_authority_contract,Ps.83.10,uk5-8b20eb3487189d9fa92e,oshb,Ps.83.10,,locked runtime authority retained; raw secondary textual/segmentation variant recorded
strong_control_sequence_difference,high,resolved_by_locked_runtime_authority_contract,Ps.83.11,uk5-b3fc4b1074817ca57300,oshb,Ps.83.11,,locked runtime authority retained; raw secondary textual/segmentation variant recorded
strong_control_sequence_difference,high,resolved_by_locked_runtime_authority_contract,Ps.83.12,uk5-de2ca15427c9807d1730,oshb,Ps.83.12,,locked runtime authority retained; raw secondary textual/segmentation variant recorded
strong_control_sequence_difference,high,resolved_by_locked_runtime_authority_contract,Ps.83.13,uk5-ac6351c704f671744207,oshb,Ps.83.13,,locked runtime authority retained; raw secondary textual/segmentation variant recorded
strong_control_sequence_difference,high,resolved_by_locked_runtime_authority_contract,Ps.83.14,uk5-15fe265071958dc8717e,oshb,Ps.83.14,,locked runtime authority retained; raw secondary textual/segmentation variant recorded
strong_control_sequence_difference,high,resolved_by_locked_runtime_authority_contract,Ps.83.15,uk5-0ff0e1fd76b8f9859a71,oshb,Ps.83.15,,locked runtime authority retained; raw secondary textual/segmentation variant recorded
strong_control_sequence_difference,high,resolved_by_locked_runtime_authority_contract,Ps.83.16,uk5-ec016882f7208a7c6544,oshb,Ps.83.16,,locked runtime authority retained; raw secondary textual/segmentation variant recorded
strong_control_sequence_difference,high,resolved_by_locked_runtime_authority_contract,Ps.83.17,uk5-0d9d8edd6d054097b09d,oshb,Ps.83.17,,locked runtime authority retained; raw secondary textual/segmentation variant recorded
strong_control_sequence_difference,high,resolved_by_locked_runtime_authority_contract,Ps.83.18,uk5-7897c667f0e503dd6f46,oshb,Ps.83.18,,locked runtime authority retained; raw secondary textual/segmentation variant recorded
strong_control_sequence_difference,high,resolved_by_locked_runtime_authority_contract,Ps.83.2,uk5-dc92f364abf996be80bf,oshb,Ps.83.2,Ps.82.3,locked runtime authority retained; raw secondary textual/segmentation variant recorded
strong_control_sequence_difference,high,resolved_by_locked_runtime_authority_contract,Ps.83.3,uk5-4fb945160fc3f56ce45c,oshb,Ps.83.3,Ps.82.4,locked runtime authority retained; raw secondary textual/segmentation variant recorded
strong_control_sequence_difference,high,resolved_by_locked_runtime_authority_contract,Ps.83.4,uk5-f35d37e81395f4742633,oshb,Ps.83.4,Ps.82.5,locked runtime authority retained; raw secondary textual/segmentation variant recorded
strong_control_sequence_difference,high,resolved_by_locked_runtime_authority_contract,Ps.83.5,uk5-f0d413e42dfe7f9c7f16,oshb,Ps.83.5,Ps.82.6,locked runtime authority retained; raw secondary textual/segmentation variant recorded
strong_control_sequence_difference,high,resolved_by_locked_runtime_authority_contract,Ps.83.6,uk5-5ffe7a0ffeedb5af0d53,oshb,Ps.83.6,Ps.82.7,locked runtime authority retained; raw secondary textual/segmentation variant recorded
strong_control_sequence_difference,high,resolved_by_locked_runtime_authority_contract,Ps.83.7,uk5-98036d9fe95ec3e334c8,oshb,Ps.83.7,Ps.82.8,locked runtime authority retained; raw secondary textual/segmentation variant recorded
strong_control_sequence_difference,high,resolved_by_locked_runtime_authority_contract,Ps.83.8,uk5-7119df68b8fd634d5dc9,oshb,Ps.83.8,,locked runtime authority retained; raw secondary textual/segmentation variant recorded
strong_control_sequence_difference,high,resolved_by_locked_runtime_authority_contract,Ps.83.9,uk5-4b966a4086037513aa61,oshb,Ps.83.9,,locked runtime authority retained; raw secondary textual/segmentation variant recorded
strong_control_sequence_difference,high,resolved_by_locked_runtime_authority_contract,Ps.84.1,uk5-90144b009e0828ccb8a5,oshb,Ps.84.1,,locked runtime authority retained; raw secondary textual/segmentation variant recorded
strong_control_sequence_difference,high,resolved_by_locked_runtime_authority_contract,Ps.84.10,uk5-0c0288b0bc27196d483c,oshb,Ps.84.10,,locked runtime authority retained; raw secondary textual/segmentation variant recorded
strong_control_sequence_difference,high,resolved_by_locked_runtime_authority_contract,Ps.84.11,uk5-2dd8dc53c34eb2c58431,oshb,Ps.84.11,,locked runtime authority retained; raw secondary textual/segmentation variant recorded
strong_control_sequence_difference,high,resolved_by_locked_runtime_authority_contract,Ps.84.12,uk5-4db23c06cbd462a3f5bc,oshb,Ps.84.12,,locked runtime authority retained; raw secondary textual/segmentation variant recorded
strong_control_sequence_difference,high,resolved_by_locked_runtime_authority_contract,Ps.84.2,uk5-f254b5b619c46da1c5fe,oshb,Ps.84.2,,locked runtime authority retained; raw secondary textual/segmentation variant recorded
strong_control_sequence_difference,high,resolved_by_locked_runtime_authority_contract,Ps.84.3,uk5-25271702499b7e433182,oshb,Ps.84.3,,locked runtime authority retained; raw secondary textual/segmentation variant recorded
strong_control_sequence_difference,high,resolved_by_locked_runtime_authority_contract,Ps.84.4,uk5-f96b4e23493f428fe70f,oshb,Ps.84.4,,locked runtime authority retained; raw secondary textual/segmentation variant recorded
strong_control_sequence_difference,high,resolved_by_locked_runtime_authority_contract,Ps.84.5,uk5-4b7be670e8ce80584068,oshb,Ps.84.5,,locked runtime authority retained; raw secondary textual/segmentation variant recorded
strong_control_sequence_difference,high,resolved_by_locked_runtime_authority_contract,Ps.84.6,uk5-b3d7957f424cea08623b,oshb,Ps.84.6,,locked runtime authority retained; raw secondary textual/segmentation variant recorded
strong_control_sequence_difference,high,resolved_by_locked_runtime_authority_contract,Ps.84.7,uk5-f98fe7cfe96cff29d66f,oshb,Ps.84.7,,locked runtime authority retained; raw secondary textual/segmentation variant recorded
strong_control_sequence_difference,high,resolved_by_locked_runtime_authority_contract,Ps.84.8,uk5-8b1d0240e0d768e1ce7a,oshb,Ps.84.8,,locked runtime authority retained; raw secondary textual/segmentation variant recorded
strong_control_sequence_difference,high,resolved_by_locked_runtime_authority_contract,Ps.84.9,uk5-ef4e8387477de027c813,oshb,Ps.84.9,,locked runtime authority retained; raw secondary textual/segmentation variant recorded
strong_control_sequence_difference,high,resolved_by_locked_runtime_authority_contract,Ps.85.1,uk5-0bdf9a0001a4eddb5c5a,oshb,Ps.85.1,,locked runtime authority retained; raw secondary textual/segmentation variant recorded
strong_control_sequence_difference,high,resolved_by_locked_runtime_authority_contract,Ps.85.10,uk5-3274660c111da0761281,oshb,Ps.85.10,,locked runtime authority retained; raw secondary textual/segmentation variant recorded
strong_control_sequence_difference,high,resolved_by_locked_runtime_authority_contract,Ps.85.11,uk5-719b70519b6179f750ac,oshb,Ps.85.11,,locked runtime authority retained; raw secondary textual/segmentation variant recorded
strong_control_sequence_difference,high,resolved_by_locked_runtime_authority_contract,Ps.85.12,uk5-4f382ff1741514aed090,oshb,Ps.85.12,,locked runtime authority retained; raw secondary textual/segmentation variant recorded
strong_control_sequence_difference,high,resolved_by_locked_runtime_authority_contract,Ps.85.13,uk5-39593701c6e61ed6a793,oshb,Ps.85.13,,locked runtime authority retained; raw secondary textual/segmentation variant recorded
strong_control_sequence_difference,high,resolved_by_locked_runtime_authority_contract,Ps.85.2,uk5-d4e6ce2601aaf41a468c,oshb,Ps.85.2,,locked runtime authority retained; raw secondary textual/segmentation variant recorded
strong_control_sequence_difference,high,resolved_by_locked_runtime_authority_contract,Ps.85.3,uk5-9db89e045740595d6438,oshb,Ps.85.3,,locked runtime authority retained; raw secondary textual/segmentation variant recorded
strong_control_sequence_difference,high,resolved_by_locked_runtime_authority_contract,Ps.85.4,uk5-9aa1876a1f1c96d55d6b,oshb,Ps.85.4,,locked runtime authority retained; raw secondary textual/segmentation variant recorded
strong_control_sequence_difference,high,resolved_by_locked_runtime_authority_contract,Ps.85.5,uk5-72a8e4b055a65a57c13f,oshb,Ps.85.5,,locked runtime authority retained; raw secondary textual/segmentation variant recorded
strong_control_sequence_difference,high,resolved_by_locked_runtime_authority_contract,Ps.85.6,uk5-19f336f4417bdc7af76d,oshb,Ps.85.6,,locked runtime authority retained; raw secondary textual/segmentation variant recorded
strong_control_sequence_difference,high,resolved_by_locked_runtime_authority_contract,Ps.85.7,uk5-672140f8bfc0c21975dd,oshb,Ps.85.7,,locked runtime authority retained; raw secondary textual/segmentation variant recorded
strong_control_sequence_difference,high,resolved_by_locked_runtime_authority_contract,Ps.85.8,uk5-58013f33c4c04315332a,oshb,Ps.85.8,,locked runtime authority retained; raw secondary textual/segmentation variant recorded
strong_control_sequence_difference,high,resolved_by_locked_runtime_authority_contract,Ps.85.9,uk5-92636885a804cb18d535,oshb,Ps.85.9,,locked runtime authority retained; raw secondary textual/segmentation variant recorded
strong_control_sequence_difference,low,resolved_by_locked_runtime_authority_contract,Ps.86.1,uk5-f4455a86f69dc29b47be,oshb,Ps.86.1,Ps.86.1,locked runtime authority retained; raw secondary textual/segmentation variant recorded
strong_control_sequence_difference,medium,resolved_by_locked_runtime_authority_contract,Ps.87.1,uk5-24668cbdfb2a63e99807,oshb,Ps.87.1,Ps.87.1,locked runtime authority retained; raw secondary textual/segmentation variant recorded
strong_control_sequence_difference,low,resolved_by_locked_runtime_authority_contract,Ps.87.7,uk5-a1ff42cd8ce336bf4060,oshb,Ps.87.7,Ps.87.7,locked runtime authority retained; raw secondary textual/segmentation variant recorded
strong_control_sequence_difference,high,resolved_by_locked_runtime_authority_contract,Ps.88.1,uk5-37efbf5a77cb67890f8a,oshb,Ps.88.1,Ps.87.1,locked runtime authority retained; raw secondary textual/segmentation variant recorded
strong_control_sequence_difference,high,resolved_by_locked_runtime_authority_contract,Ps.88.10,uk5-961cfe4bec6b1f3c0954,oshb,Ps.88.10,,locked runtime authority retained; raw secondary textual/segmentation variant recorded
strong_control_sequence_difference,high,resolved_by_locked_runtime_authority_contract,Ps.88.11,uk5-31c74fd32909e3a61a9f,oshb,Ps.88.11,,locked runtime authority retained; raw secondary textual/segmentation variant recorded
strong_control_sequence_difference,high,resolved_by_locked_runtime_authority_contract,Ps.88.12,uk5-58ecc4fdd25bdce38eec,oshb,Ps.88.12,,locked runtime authority retained; raw secondary textual/segmentation variant recorded
strong_control_sequence_difference,high,resolved_by_locked_runtime_authority_contract,Ps.88.13,uk5-18809bb105c2cac31804,oshb,Ps.88.13,,locked runtime authority retained; raw secondary textual/segmentation variant recorded
uxlc_independent_surface_difference,medium,resolved_by_locked_runtime_authority_contract,Ps.88.13,uk5-18809bb105c2cac31804,oshb,Ps.88.13,Ps.88.13,independent UXLC surface difference recorded; OSHB Strong authority retained
strong_control_sequence_difference,high,resolved_by_locked_runtime_authority_contract,Ps.88.14,uk5-840edbed3bef601bc7e1,oshb,Ps.88.14,,locked runtime authority retained; raw secondary textual/segmentation variant recorded
strong_control_sequence_difference,high,resolved_by_locked_runtime_authority_contract,Ps.88.15,uk5-115a41b8bc26df4b4456,oshb,Ps.88.15,,locked runtime authority retained; raw secondary textual/segmentation variant recorded
strong_control_sequence_difference,high,resolved_by_locked_runtime_authority_contract,Ps.88.16,uk5-74db9b419e1e12c9043d,oshb,Ps.88.16,,locked runtime authority retained; raw secondary textual/segmentation variant recorded
strong_control_sequence_difference,high,resolved_by_locked_runtime_authority_contract,Ps.88.17,uk5-c84641637e15269b95ac,oshb,Ps.88.17,,locked runtime authority retained; raw secondary textual/segmentation variant recorded
strong_control_sequence_difference,high,resolved_by_locked_runtime_authority_contract,Ps.88.18,uk5-76ded1c4a0b2c67f21c3,oshb,Ps.88.18,,locked runtime authority retained; raw secondary textual/segmentation variant recorded
strong_control_sequence_difference,high,resolved_by_locked_runtime_authority_contract,Ps.88.2,uk5-d8aef9272309dd40019b,oshb,Ps.88.2,Ps.87.3,locked runtime authority retained; raw secondary textual/segmentation variant recorded
strong_control_sequence_difference,high,resolved_by_locked_runtime_authority_contract,Ps.88.3,uk5-63326009b04eea9fd7e3,oshb,Ps.88.3,Ps.87.4,locked runtime authority retained; raw secondary textual/segmentation variant recorded
strong_control_sequence_difference,high,resolved_by_locked_runtime_authority_contract,Ps.88.4,uk5-a78498ffc57ccbe65a3e,oshb,Ps.88.4,Ps.87.5,locked runtime authority retained; raw secondary textual/segmentation variant recorded
strong_control_sequence_difference,high,resolved_by_locked_runtime_authority_contract,Ps.88.5,uk5-df5a4203d8461b32dc64,oshb,Ps.88.5,Ps.87.6,locked runtime authority retained; raw secondary textual/segmentation variant recorded
strong_control_sequence_difference,high,resolved_by_locked_runtime_authority_contract,Ps.88.6,uk5-4ed459a2fd2727599e92,oshb,Ps.88.6,Ps.87.7,locked runtime authority retained; raw secondary textual/segmentation variant recorded
strong_control_sequence_difference,high,resolved_by_locked_runtime_authority_contract,Ps.88.7,uk5-93518499fe5ff62decc8,oshb,Ps.88.7,,locked runtime authority retained; raw secondary textual/segmentation variant recorded
strong_control_sequence_difference,high,resolved_by_locked_runtime_authority_contract,Ps.88.8,uk5-f0b12397ec7b6ec1ca64,oshb,Ps.88.8,,locked runtime authority retained; raw secondary textual/segmentation variant recorded
strong_control_sequence_difference,high,resolved_by_locked_runtime_authority_contract,Ps.88.9,uk5-dc154af0552be106a19c,oshb,Ps.88.9,,locked runtime authority retained; raw secondary textual/segmentation variant recorded
strong_control_sequence_difference,high,resolved_by_locked_runtime_authority_contract,Ps.89.1,uk5-d33092e3db5efb796436,oshb,Ps.89.1,,locked runtime authority retained; raw secondary textual/segmentation variant recorded
strong_control_sequence_difference,high,resolved_by_locked_runtime_authority_contract,Ps.89.10,uk5-c950adc4dfcc9c3d656b,oshb,Ps.89.10,,locked runtime authority retained; raw secondary textual/segmentation variant recorded
strong_control_sequence_difference,high,resolved_by_locked_runtime_authority_contract,Ps.89.11,uk5-1b7f520a2a8f72db0197,oshb,Ps.89.11,,locked runtime authority retained; raw secondary textual/segmentation variant recorded
strong_control_sequence_difference,high,resolved_by_locked_runtime_authority_contract,Ps.89.12,uk5-e6c3cda0fbce797b9a00,oshb,Ps.89.12,,locked runtime authority retained; raw secondary textual/segmentation variant recorded
strong_control_sequence_difference,high,resolved_by_locked_runtime_authority_contract,Ps.89.13,uk5-ca517194aff859cdb79d,oshb,Ps.89.13,,locked runtime authority retained; raw secondary textual/segmentation variant recorded
strong_control_sequence_difference,high,resolved_by_locked_runtime_authority_contract,Ps.89.14,uk5-8484232d6b6f1e74fdf1,oshb,Ps.89.14,,locked runtime authority retained; raw secondary textual/segmentation variant recorded
strong_control_sequence_difference,high,resolved_by_locked_runtime_authority_contract,Ps.89.15,uk5-56e0c0bc8e4d2fcb4449,oshb,Ps.89.15,,locked runtime authority retained; raw secondary textual/segmentation variant recorded
strong_control_sequence_difference,high,resolved_by_locked_runtime_authority_contract,Ps.89.16,uk5-570a8e1b93ec396e1d2b,oshb,Ps.89.16,,locked runtime authority retained; raw secondary textual/segmentation variant recorded
strong_control_sequence_difference,high,resolved_by_locked_runtime_authority_contract,Ps.89.17,uk5-481d7c29ba5cae4a3150,oshb,Ps.89.17,,locked runtime authority retained; raw secondary textual/segmentation variant recorded
strong_control_sequence_difference,high,resolved_by_locked_runtime_authority_contract,Ps.89.18,uk5-efa29cf79b059c512ad5,oshb,Ps.89.18,,locked runtime authority retained; raw secondary textual/segmentation variant recorded
strong_control_sequence_difference,high,resolved_by_locked_runtime_authority_contract,Ps.89.19,uk5-b0524e652c9f00c8acec,oshb,Ps.89.19,,locked runtime authority retained; raw secondary textual/segmentation variant recorded
strong_control_sequence_difference,high,resolved_by_locked_runtime_authority_contract,Ps.89.2,uk5-8aa875eb7a98a272436b,oshb,Ps.89.2,,locked runtime authority retained; raw secondary textual/segmentation variant recorded
strong_control_sequence_difference,high,resolved_by_locked_runtime_authority_contract,Ps.89.20,uk5-22e6217450e2e367913c,oshb,Ps.89.20,,locked runtime authority retained; raw secondary textual/segmentation variant recorded
strong_control_sequence_difference,high,resolved_by_locked_runtime_authority_contract,Ps.89.21,uk5-a05305bc66c5392cb383,oshb,Ps.89.21,,locked runtime authority retained; raw secondary textual/segmentation variant recorded
strong_control_sequence_difference,high,resolved_by_locked_runtime_authority_contract,Ps.89.22,uk5-7f4d307db9751fdc89b8,oshb,Ps.89.22,,locked runtime authority retained; raw secondary textual/segmentation variant recorded
strong_control_sequence_difference,high,resolved_by_locked_runtime_authority_contract,Ps.89.23,uk5-a5f9f5af1c3819c8518b,oshb,Ps.89.23,,locked runtime authority retained; raw secondary textual/segmentation variant recorded
strong_control_sequence_difference,high,resolved_by_locked_runtime_authority_contract,Ps.89.24,uk5-a377cd32691e56268e13,oshb,Ps.89.24,,locked runtime authority retained; raw secondary textual/segmentation variant recorded
strong_control_sequence_difference,high,resolved_by_locked_runtime_authority_contract,Ps.89.25,uk5-251d4e096726311ef42e,oshb,Ps.89.25,,locked runtime authority retained; raw secondary textual/segmentation variant recorded
strong_control_sequence_difference,high,resolved_by_locked_runtime_authority_contract,Ps.89.26,uk5-c5311f05235a7a85e3fe,oshb,Ps.89.26,,locked runtime authority retained; raw secondary textual/segmentation variant recorded
strong_control_sequence_difference,high,resolved_by_locked_runtime_authority_contract,Ps.89.27,uk5-2635b5d90b1031ebf726,oshb,Ps.89.27,,locked runtime authority retained; raw secondary textual/segmentation variant recorded
strong_control_sequence_difference,high,resolved_by_locked_runtime_authority_contract,Ps.89.28,uk5-9d135aed5ff5e142af1f,oshb,Ps.89.28,,locked runtime authority retained; raw secondary textual/segmentation variant recorded
strong_control_sequence_difference,high,resolved_by_locked_runtime_authority_contract,Ps.89.29,uk5-3c70b6d12b66c0bc1537,oshb,Ps.89.29,,locked runtime authority retained; raw secondary textual/segmentation variant recorded
uxlc_independent_surface_difference,medium,resolved_by_locked_runtime_authority_contract,Ps.89.29,uk5-3c70b6d12b66c0bc1537,oshb,Ps.89.29,Ps.89.29,independent UXLC surface difference recorded; OSHB Strong authority retained
strong_control_sequence_difference,high,resolved_by_locked_runtime_authority_contract,Ps.89.3,uk5-fd3a4bc2cbda126c4b12,oshb,Ps.89.3,,locked runtime authority retained; raw secondary textual/segmentation variant recorded
strong_control_sequence_difference,high,resolved_by_locked_runtime_authority_contract,Ps.89.30,uk5-b5537e199d2515c9b016,oshb,Ps.89.30,,locked runtime authority retained; raw secondary textual/segmentation variant recorded
strong_control_sequence_difference,high,resolved_by_locked_runtime_authority_contract,Ps.89.31,uk5-39b242a804e3720bef96,oshb,Ps.89.31,,locked runtime authority retained; raw secondary textual/segmentation variant recorded
strong_control_sequence_difference,high,resolved_by_locked_runtime_authority_contract,Ps.89.32,uk5-1f14b9d6360ab23fe22c,oshb,Ps.89.32,,locked runtime authority retained; raw secondary textual/segmentation variant recorded
strong_control_sequence_difference,high,resolved_by_locked_runtime_authority_contract,Ps.89.33,uk5-4bf0e424bbfb2c5dd462,oshb,Ps.89.33,,locked runtime authority retained; raw secondary textual/segmentation variant recorded
strong_control_sequence_difference,high,resolved_by_locked_runtime_authority_contract,Ps.89.34,uk5-c402b1189f431f92dbab,oshb,Ps.89.34,,locked runtime authority retained; raw secondary textual/segmentation variant recorded
strong_control_sequence_difference,high,resolved_by_locked_runtime_authority_contract,Ps.89.35,uk5-99b7297ff04b1c58c5e5,oshb,Ps.89.35,,locked runtime authority retained; raw secondary textual/segmentation variant recorded
strong_control_sequence_difference,high,resolved_by_locked_runtime_authority_contract,Ps.89.36,uk5-78d8f5af37c116d5adcf,oshb,Ps.89.36,,locked runtime authority retained; raw secondary textual/segmentation variant recorded
strong_control_sequence_difference,high,resolved_by_locked_runtime_authority_contract,Ps.89.37,uk5-b745311f90e2326dffce,oshb,Ps.89.37,,locked runtime authority retained; raw secondary textual/segmentation variant recorded
strong_control_sequence_difference,high,resolved_by_locked_runtime_authority_contract,Ps.89.38,uk5-499942afe2b8bc9611be,oshb,Ps.89.38,,locked runtime authority retained; raw secondary textual/segmentation variant recorded
strong_control_sequence_difference,high,resolved_by_locked_runtime_authority_contract,Ps.89.39,uk5-1039701838d25d2da518,oshb,Ps.89.39,,locked runtime authority retained; raw secondary textual/segmentation variant recorded
strong_control_sequence_difference,high,resolved_by_locked_runtime_authority_contract,Ps.89.4,uk5-9fa4e252e2b4e6380876,oshb,Ps.89.4,,locked runtime authority retained; raw secondary textual/segmentation variant recorded
strong_control_sequence_difference,high,resolved_by_locked_runtime_authority_contract,Ps.89.40,uk5-840a18e6cf96bd031eda,oshb,Ps.89.40,,locked runtime authority retained; raw secondary textual/segmentation variant recorded
strong_control_sequence_difference,high,resolved_by_locked_runtime_authority_contract,Ps.89.41,uk5-a8cab6c09055f6dd3c22,oshb,Ps.89.41,,locked runtime authority retained; raw secondary textual/segmentation variant recorded
strong_control_sequence_difference,high,resolved_by_locked_runtime_authority_contract,Ps.89.42,uk5-89ccb06a132abe9832a7,oshb,Ps.89.42,,locked runtime authority retained; raw secondary textual/segmentation variant recorded
strong_control_sequence_difference,high,resolved_by_locked_runtime_authority_contract,Ps.89.43,uk5-ad7430f84b0559461430,oshb,Ps.89.43,,locked runtime authority retained; raw secondary textual/segmentation variant recorded
strong_control_sequence_difference,high,resolved_by_locked_runtime_authority_contract,Ps.89.44,uk5-99bd95660930d11050fe,oshb,Ps.89.44,,locked runtime authority retained; raw secondary textual/segmentation variant recorded
strong_control_sequence_difference,high,resolved_by_locked_runtime_authority_contract,Ps.89.45,uk5-4d060c97eb95c9f8b041,oshb,Ps.89.45,,locked runtime authority retained; raw secondary textual/segmentation variant recorded
strong_control_sequence_difference,high,resolved_by_locked_runtime_authority_contract,Ps.89.46,uk5-85b58d42a3487a599ebb,oshb,Ps.89.46,,locked runtime authority retained; raw secondary textual/segmentation variant recorded
strong_control_sequence_difference,high,resolved_by_locked_runtime_authority_contract,Ps.89.47,uk5-9f47bff058cdff7090d9,oshb,Ps.89.47,,locked runtime authority retained; raw secondary textual/segmentation variant recorded
strong_control_sequence_difference,high,resolved_by_locked_runtime_authority_contract,Ps.89.48,uk5-77b09537331b6afd6aae,oshb,Ps.89.48,,locked runtime authority retained; raw secondary textual/segmentation variant recorded
strong_control_sequence_difference,high,resolved_by_locked_runtime_authority_contract,Ps.89.49,uk5-04efba514af6d331505c,oshb,Ps.89.49,,locked runtime authority retained; raw secondary textual/segmentation variant recorded
strong_control_sequence_difference,high,resolved_by_locked_runtime_authority_contract,Ps.89.5,uk5-165685e6637a9fced8a3,oshb,Ps.89.5,,locked runtime authority retained; raw secondary textual/segmentation variant recorded
strong_control_sequence_difference,high,resolved_by_locked_runtime_authority_contract,Ps.89.50,uk5-b37466b18b961cde29eb,oshb,Ps.89.50,,locked runtime authority retained; raw secondary textual/segmentation variant recorded
strong_control_sequence_difference,high,resolved_by_locked_runtime_authority_contract,Ps.89.51,uk5-d013e436753906c25634,oshb,Ps.89.51,,locked runtime authority retained; raw secondary textual/segmentation variant recorded
strong_control_sequence_difference,high,resolved_by_locked_runtime_authority_contract,Ps.89.52,uk5-6e9564255cc5c2be4cf1,oshb,Ps.89.52,,locked runtime authority retained; raw secondary textual/segmentation variant recorded
strong_control_sequence_difference,high,resolved_by_locked_runtime_authority_contract,Ps.89.6,uk5-2557f216c4a434d552ac,oshb,Ps.89.6,,locked runtime authority retained; raw secondary textual/segmentation variant recorded
strong_control_sequence_difference,high,resolved_by_locked_runtime_authority_contract,Ps.89.7,uk5-70fed2ce9f7d9130c345,oshb,Ps.89.7,,locked runtime authority retained; raw secondary textual/segmentation variant recorded
strong_control_sequence_difference,high,resolved_by_locked_runtime_authority_contract,Ps.89.8,uk5-61dfaa1797b830f7866b,oshb,Ps.89.8,,locked runtime authority retained; raw secondary textual/segmentation variant recorded
strong_control_sequence_difference,high,resolved_by_locked_runtime_authority_contract,Ps.89.9,uk5-5a77eceee7d52a6646b5,oshb,Ps.89.9,,locked runtime authority retained; raw secondary textual/segmentation variant recorded
strong_control_sequence_difference,high,resolved_by_locked_runtime_authority_contract,Ps.9.1,uk5-0e9362e7729a9c10b13b,oshb,Ps.9.1,,locked runtime authority retained; raw secondary textual/segmentation variant recorded
strong_control_sequence_difference,high,resolved_by_locked_runtime_authority_contract,Ps.9.10,uk5-7e0836fafb695ce5f195,oshb,Ps.9.10,,locked runtime authority retained; raw secondary textual/segmentation variant recorded
strong_control_sequence_difference,high,resolved_by_locked_runtime_authority_contract,Ps.9.11,uk5-68e6eff2c2fa56d79e7e,oshb,Ps.9.11,,locked runtime authority retained; raw secondary textual/segmentation variant recorded
strong_control_sequence_difference,high,resolved_by_locked_runtime_authority_contract,Ps.9.12,uk5-0018ff4eb27745992af7,oshb,Ps.9.12,,locked runtime authority retained; raw secondary textual/segmentation variant recorded
strong_control_sequence_difference,high,resolved_by_locked_runtime_authority_contract,Ps.9.13,uk5-a176a0ad599190eb9ed4,oshb,Ps.9.13,,locked runtime authority retained; raw secondary textual/segmentation variant recorded
strong_control_sequence_difference,high,resolved_by_locked_runtime_authority_contract,Ps.9.14,uk5-9d36d7cb7105b64d7222,oshb,Ps.9.14,,locked runtime authority retained; raw secondary textual/segmentation variant recorded
strong_control_sequence_difference,high,resolved_by_locked_runtime_authority_contract,Ps.9.15,uk5-e7d5509d0d4ad6fbc977,oshb,Ps.9.15,,locked runtime authority retained; raw secondary textual/segmentation variant recorded
strong_control_sequence_difference,high,resolved_by_locked_runtime_authority_contract,Ps.9.16,uk5-2df76b3c4b4816dbe263,oshb,Ps.9.16,,locked runtime authority retained; raw secondary textual/segmentation variant recorded
strong_control_sequence_difference,high,resolved_by_locked_runtime_authority_contract,Ps.9.17,uk5-2132a84015da77cb7774,oshb,Ps.9.17,,locked runtime authority retained; raw secondary textual/segmentation variant recorded
strong_control_sequence_difference,high,resolved_by_locked_runtime_authority_contract,Ps.9.18,uk5-7300002522402533a663,oshb,Ps.9.18,,locked runtime authority retained; raw secondary textual/segmentation variant recorded
strong_control_sequence_difference,high,resolved_by_locked_runtime_authority_contract,Ps.9.19,uk5-f7d69be18cf8b60c4fbc,oshb,Ps.9.19,,locked runtime authority retained; raw secondary textual/segmentation variant recorded
strong_control_sequence_difference,high,resolved_by_locked_runtime_authority_contract,Ps.9.2,uk5-c81f0f00bf30ec5d71e3,oshb,Ps.9.2,,locked runtime authority retained; raw secondary textual/segmentation variant recorded
strong_control_sequence_difference,high,resolved_by_locked_runtime_authority_contract,Ps.9.20,uk5-408204f2a268af4460d4,oshb,Ps.9.20,,locked runtime authority retained; raw secondary textual/segmentation variant recorded
strong_control_sequence_difference,high,resolved_by_locked_runtime_authority_contract,Ps.9.3,uk5-bb1dff522517026015c3,oshb,Ps.9.3,,locked runtime authority retained; raw secondary textual/segmentation variant recorded
strong_control_sequence_difference,high,resolved_by_locked_runtime_authority_contract,Ps.9.4,uk5-0aa0da7b70c4f64000ea,oshb,Ps.9.4,,locked runtime authority retained; raw secondary textual/segmentation variant recorded
strong_control_sequence_difference,high,resolved_by_locked_runtime_authority_contract,Ps.9.5,uk5-acf5c313b4c1a6d4b835,oshb,Ps.9.5,,locked runtime authority retained; raw secondary textual/segmentation variant recorded
strong_control_sequence_difference,high,resolved_by_locked_runtime_authority_contract,Ps.9.6,uk5-18b8f58d072a6c05bcf8,oshb,Ps.9.6,,locked runtime authority retained; raw secondary textual/segmentation variant recorded
strong_control_sequence_difference,high,resolved_by_locked_runtime_authority_contract,Ps.9.7,uk5-005714e0896ee7ec6a29,oshb,Ps.9.7,,locked runtime authority retained; raw secondary textual/segmentation variant recorded
strong_control_sequence_difference,high,resolved_by_locked_runtime_authority_contract,Ps.9.8,uk5-33f82e49287c01acce4e,oshb,Ps.9.8,,locked runtime authority retained; raw secondary textual/segmentation variant recorded
strong_control_sequence_difference,high,resolved_by_locked_runtime_authority_contract,Ps.9.9,uk5-e8be0a5057e9a8526402,oshb,Ps.9.9,,locked runtime authority retained; raw secondary textual/segmentation variant recorded
strong_control_sequence_difference,low,resolved_by_locked_runtime_authority_contract,Ps.90.1,uk5-f221b3cd9c9bc8d1a1da,oshb,Ps.90.1,Ps.90.1,locked runtime authority retained; raw secondary textual/segmentation variant recorded
strong_control_sequence_difference,low,resolved_by_locked_runtime_authority_contract,Ps.91.6,uk5-580359b8f7d565d4c7ec,oshb,Ps.91.6,Ps.91.6,locked runtime authority retained; raw secondary textual/segmentation variant recorded
strong_control_sequence_difference,high,resolved_by_locked_runtime_authority_contract,Ps.92.1,uk5-444b0d486fd6e0db3abc,oshb,Ps.92.1,Ps.91.1,locked runtime authority retained; raw secondary textual/segmentation variant recorded
strong_control_sequence_difference,high,resolved_by_locked_runtime_authority_contract,Ps.92.10,uk5-e9b6c5db58b12b2cbb42,oshb,Ps.92.10,Ps.91.11,locked runtime authority retained; raw secondary textual/segmentation variant recorded
strong_control_sequence_difference,high,resolved_by_locked_runtime_authority_contract,Ps.92.11,uk5-6a4b5c8faf3fb343b7a4,oshb,Ps.92.11,Ps.91.12,locked runtime authority retained; raw secondary textual/segmentation variant recorded
strong_control_sequence_difference,high,resolved_by_locked_runtime_authority_contract,Ps.92.12,uk5-599c4c9adcb9b3e38a8e,oshb,Ps.92.12,Ps.91.13,locked runtime authority retained; raw secondary textual/segmentation variant recorded
strong_control_sequence_difference,high,resolved_by_locked_runtime_authority_contract,Ps.92.13,uk5-9c77db0276af23edcec6,oshb,Ps.92.13,Ps.91.14,locked runtime authority retained; raw secondary textual/segmentation variant recorded
strong_control_sequence_difference,high,resolved_by_locked_runtime_authority_contract,Ps.92.14,uk5-2998cc01a7a27f13e7f9,oshb,Ps.92.14,Ps.91.15,locked runtime authority retained; raw secondary textual/segmentation variant recorded
strong_control_sequence_difference,high,resolved_by_locked_runtime_authority_contract,Ps.92.15,uk5-2faae9fe5c20e4b5c699,oshb,Ps.92.15,Ps.91.16,locked runtime authority retained; raw secondary textual/segmentation variant recorded
strong_control_sequence_difference,high,resolved_by_locked_runtime_authority_contract,Ps.92.2,uk5-732d97f1b48379b49535,oshb,Ps.92.2,Ps.91.3,locked runtime authority retained; raw secondary textual/segmentation variant recorded
strong_control_sequence_difference,high,resolved_by_locked_runtime_authority_contract,Ps.92.3,uk5-4e4c96ace29fefcee2b7,oshb,Ps.92.3,Ps.91.4,locked runtime authority retained; raw secondary textual/segmentation variant recorded
strong_control_sequence_difference,high,resolved_by_locked_runtime_authority_contract,Ps.92.4,uk5-0262a74641b890816b10,oshb,Ps.92.4,Ps.91.5,locked runtime authority retained; raw secondary textual/segmentation variant recorded
strong_control_sequence_difference,high,resolved_by_locked_runtime_authority_contract,Ps.92.5,uk5-921f15a9fe6b33bb94a8,oshb,Ps.92.5,Ps.91.6,locked runtime authority retained; raw secondary textual/segmentation variant recorded
strong_control_sequence_difference,high,resolved_by_locked_runtime_authority_contract,Ps.92.6,uk5-5996aaa02bb9ab73bfa1,oshb,Ps.92.6,Ps.91.7,locked runtime authority retained; raw secondary textual/segmentation variant recorded
strong_control_sequence_difference,high,resolved_by_locked_runtime_authority_contract,Ps.92.7,uk5-2daea94947e1d4f304da,oshb,Ps.92.7,Ps.91.8,locked runtime authority retained; raw secondary textual/segmentation variant recorded
strong_control_sequence_difference,high,resolved_by_locked_runtime_authority_contract,Ps.92.8,uk5-97632a28117db4944c62,oshb,Ps.92.8,Ps.91.9,locked runtime authority retained; raw secondary textual/segmentation variant recorded
strong_control_sequence_difference,high,resolved_by_locked_runtime_authority_contract,Ps.92.9,uk5-3a49d5f56396c416250c,oshb,Ps.92.9,Ps.91.10,locked runtime authority retained; raw secondary textual/segmentation variant recorded
strong_control_sequence_difference,low,resolved_by_locked_runtime_authority_contract,Ps.94.18,uk5-e6706c68a0993ed6e4e3,oshb,Ps.94.18,Ps.94.18,locked runtime authority retained; raw secondary textual/segmentation variant recorded
strong_control_sequence_difference,low,resolved_by_locked_runtime_authority_contract,Ps.95.3,uk5-587aa35b26e3e89ce0af,oshb,Ps.95.3,Ps.95.3,locked runtime authority retained; raw secondary textual/segmentation variant recorded
strong_control_sequence_difference,low,resolved_by_locked_runtime_authority_contract,Ps.95.8,uk5-220b3ae3b2456f4c7b86,oshb,Ps.95.8,Ps.95.8,locked runtime authority retained; raw secondary textual/segmentation variant recorded
strong_control_sequence_difference,low,resolved_by_locked_runtime_authority_contract,Rev.1.11,uk5-89d672b6bf4c71a5cbcb,tagnt,Rev.1.11,Rev.1.11,locked runtime authority retained; raw secondary textual/segmentation variant recorded
strong_control_sequence_difference,low,resolved_by_locked_runtime_authority_contract,Rev.1.18,uk5-0b83d59f4bd98dd7eb58,tagnt,Rev.1.18,Rev.1.18,locked runtime authority retained; raw secondary textual/segmentation variant recorded
strong_control_sequence_difference,low,resolved_by_locked_runtime_authority_contract,Rev.1.2,uk5-6c10f9ddf3d4239ef02a,tagnt,Rev.1.2,Rev.1.2,locked runtime authority retained; raw secondary textual/segmentation variant recorded
strong_control_sequence_difference,low,resolved_by_locked_runtime_authority_contract,Rev.1.5,uk5-1a7f1fb3ca9c69328b68,tagnt,Rev.1.5,Rev.1.5,locked runtime authority retained; raw secondary textual/segmentation variant recorded
strong_control_sequence_difference,low,resolved_by_locked_runtime_authority_contract,Rev.1.6,uk5-99515bd4a3f99a16a295,tagnt,Rev.1.6,Rev.1.6,locked runtime authority retained; raw secondary textual/segmentation variant recorded
strong_control_sequence_difference,low,resolved_by_locked_runtime_authority_contract,Rev.1.9,uk5-7afa52775f434bc66e5a,tagnt,Rev.1.9,Rev.1.9,locked runtime authority retained; raw secondary textual/segmentation variant recorded
strong_control_sequence_difference,low,resolved_by_locked_runtime_authority_contract,Rev.10.10,uk5-329fcc106cb52494b07a,tagnt,Rev.10.10,Rev.10.10,locked runtime authority retained; raw secondary textual/segmentation variant recorded
strong_control_sequence_difference,low,resolved_by_locked_runtime_authority_contract,Rev.10.11,uk5-30c97fc1b13e5667a0b8,tagnt,Rev.10.11,Rev.10.11,locked runtime authority retained; raw secondary textual/segmentation variant recorded
strong_control_sequence_difference,low,resolved_by_locked_runtime_authority_contract,Rev.12.12,uk5-560a169af4637fd07e8c,tagnt,Rev.12.12,Rev.12.12,locked runtime authority retained; raw secondary textual/segmentation variant recorded
strong_control_sequence_difference,low,resolved_by_locked_runtime_authority_contract,Rev.13.10,uk5-f8700ee76e436a637b67,tagnt,Rev.13.10,Rev.13.10,locked runtime authority retained; raw secondary textual/segmentation variant recorded
strong_control_sequence_difference,low,resolved_by_locked_runtime_authority_contract,Rev.13.14,uk5-1b34b8716e5b8515b1ca,tagnt,Rev.13.14,Rev.13.14,locked runtime authority retained; raw secondary textual/segmentation variant recorded
strong_control_sequence_difference,medium,resolved_by_locked_runtime_authority_contract,Rev.14.5,uk5-063c4c653c2f838e2f68,tagnt,Rev.14.5,Rev.14.5,locked runtime authority retained; raw secondary textual/segmentation variant recorded
strong_control_sequence_difference,low,resolved_by_locked_runtime_authority_contract,Rev.16.6,uk5-4b292d13e01284d3b89a,tagnt,Rev.16.6,Rev.16.6,locked runtime authority retained; raw secondary textual/segmentation variant recorded
strong_control_sequence_difference,low,resolved_by_locked_runtime_authority_contract,Rev.17.10,uk5-dd976133deac1a92f45c,tagnt,Rev.17.10,Rev.17.10,locked runtime authority retained; raw secondary textual/segmentation variant recorded
strong_control_sequence_difference,low,resolved_by_locked_runtime_authority_contract,Rev.17.15,uk5-b1ea606dc71150a07c6d,tagnt,Rev.17.15,Rev.17.15,locked runtime authority retained; raw secondary textual/segmentation variant recorded
strong_control_sequence_difference,low,resolved_by_locked_runtime_authority_contract,Rev.17.16,uk5-299c7594843f363ef410,tagnt,Rev.17.16,Rev.17.16,locked runtime authority retained; raw secondary textual/segmentation variant recorded
strong_control_sequence_difference,low,resolved_by_locked_runtime_authority_contract,Rev.17.2,uk5-01d563f0b10308e9d23e,tagnt,Rev.17.2,Rev.17.2,locked runtime authority retained; raw secondary textual/segmentation variant recorded
strong_control_sequence_difference,low,resolved_by_locked_runtime_authority_contract,Rev.17.3,uk5-6fef1cb6972dbeaaa76c,tagnt,Rev.17.3,Rev.17.3,locked runtime authority retained; raw secondary textual/segmentation variant recorded
strong_control_sequence_difference,low,resolved_by_locked_runtime_authority_contract,Rev.17.6,uk5-58c65332e68c5d1bc907,tagnt,Rev.17.6,Rev.17.6,locked runtime authority retained; raw secondary textual/segmentation variant recorded
strong_control_sequence_difference,low,resolved_by_locked_runtime_authority_contract,Rev.18.2,uk5-c7febf174be23502e9e8,tagnt,Rev.18.2,Rev.18.2,locked runtime authority retained; raw secondary textual/segmentation variant recorded
strong_control_sequence_difference,low,resolved_by_locked_runtime_authority_contract,Rev.18.7,uk5-8e84652bc7a09c989bfc,tagnt,Rev.18.7,Rev.18.7,locked runtime authority retained; raw secondary textual/segmentation variant recorded
strong_control_sequence_difference,low,resolved_by_locked_runtime_authority_contract,Rev.19.1,uk5-39fea5ad803086d9fd67,tagnt,Rev.19.1,Rev.19.1,locked runtime authority retained; raw secondary textual/segmentation variant recorded
strong_control_sequence_difference,low,resolved_by_locked_runtime_authority_contract,Rev.19.12,uk5-cd51be57de6a204cfc4e,tagnt,Rev.19.12,Rev.19.12,locked runtime authority retained; raw secondary textual/segmentation variant recorded
strong_control_sequence_difference,low,resolved_by_locked_runtime_authority_contract,Rev.19.3,uk5-d0046de7f70a7832be1c,tagnt,Rev.19.3,Rev.19.3,locked runtime authority retained; raw secondary textual/segmentation variant recorded
strong_control_sequence_difference,low,resolved_by_locked_runtime_authority_contract,Rev.19.6,uk5-98489e2b15461a07f743,tagnt,Rev.19.6,Rev.19.6,locked runtime authority retained; raw secondary textual/segmentation variant recorded
strong_control_sequence_difference,low,resolved_by_locked_runtime_authority_contract,Rev.19.9,uk5-37abeab349844264ba99,tagnt,Rev.19.9,Rev.19.9,locked runtime authority retained; raw secondary textual/segmentation variant recorded
strong_control_sequence_difference,low,resolved_by_locked_runtime_authority_contract,Rev.2.13,uk5-e1239a6ddcdb04680bba,tagnt,Rev.2.13,Rev.2.13,locked runtime authority retained; raw secondary textual/segmentation variant recorded
strong_control_sequence_difference,low,resolved_by_locked_runtime_authority_contract,Rev.2.20,uk5-070d6b93222b08ceafce,tagnt,Rev.2.20,Rev.2.20,locked runtime authority retained; raw secondary textual/segmentation variant recorded
strong_control_sequence_difference,low,resolved_by_locked_runtime_authority_contract,Rev.2.24,uk5-bd9c4d76bd4079007933,tagnt,Rev.2.24,Rev.2.24,locked runtime authority retained; raw secondary textual/segmentation variant recorded
strong_control_sequence_difference,medium,resolved_by_locked_runtime_authority_contract,Rev.2.28,uk5-837cfb918bd2b4aa934a,tagnt,Rev.2.28,Rev.2.28,locked runtime authority retained; raw secondary textual/segmentation variant recorded
strong_control_sequence_difference,low,resolved_by_locked_runtime_authority_contract,Rev.2.3,uk5-c376f656665c6ef6683b,tagnt,Rev.2.3,Rev.2.3,locked runtime authority retained; raw secondary textual/segmentation variant recorded
strong_control_sequence_difference,low,resolved_by_locked_runtime_authority_contract,Rev.2.6,uk5-427274e90a8189232d6e,tagnt,Rev.2.6,Rev.2.6,locked runtime authority retained; raw secondary textual/segmentation variant recorded
strong_control_sequence_difference,low,resolved_by_locked_runtime_authority_contract,Rev.2.9,uk5-52f961cef56822c92330,tagnt,Rev.2.9,Rev.2.9,locked runtime authority retained; raw secondary textual/segmentation variant recorded
strong_control_sequence_difference,low,resolved_by_locked_runtime_authority_contract,Rev.20.2,uk5-3b7f4c20476cfaf265df,tagnt,Rev.20.2,Rev.20.2,locked runtime authority retained; raw secondary textual/segmentation variant recorded
strong_control_sequence_difference,low,resolved_by_locked_runtime_authority_contract,Rev.21.1,uk5-5e35a69672cf4e50f421,tagnt,Rev.21.1,Rev.21.1,locked runtime authority retained; raw secondary textual/segmentation variant recorded
strong_control_sequence_difference,low,resolved_by_locked_runtime_authority_contract,Rev.21.10,uk5-d5e8d9c9f252324c4d62,tagnt,Rev.21.10,Rev.21.10,locked runtime authority retained; raw secondary textual/segmentation variant recorded
strong_control_sequence_difference,low,resolved_by_locked_runtime_authority_contract,Rev.21.2,uk5-e061494c97fc12635fc5,tagnt,Rev.21.2,Rev.21.2,locked runtime authority retained; raw secondary textual/segmentation variant recorded
strong_control_sequence_difference,low,resolved_by_locked_runtime_authority_contract,Rev.21.24,uk5-8d59a7291d1313b750ed,tagnt,Rev.21.24,Rev.21.24,locked runtime authority retained; raw secondary textual/segmentation variant recorded
strong_control_sequence_difference,low,resolved_by_locked_runtime_authority_contract,Rev.21.5,uk5-abf6a2e2d961e0986b64,tagnt,Rev.21.5,Rev.21.5,locked runtime authority retained; raw secondary textual/segmentation variant recorded
strong_control_sequence_difference,low,resolved_by_locked_runtime_authority_contract,Rev.21.7,uk5-5c512adbcdb3e315ce7a,tagnt,Rev.21.7,Rev.21.7,locked runtime authority retained; raw secondary textual/segmentation variant recorded
strong_control_sequence_difference,low,resolved_by_locked_runtime_authority_contract,Rev.22.12,uk5-2d53afde017c48039740,tagnt,Rev.22.12,Rev.22.12,locked runtime authority retained; raw secondary textual/segmentation variant recorded
strong_control_sequence_difference,low,resolved_by_locked_runtime_authority_contract,Rev.22.21,uk5-47b057eb6e0f44394693,tagnt,Rev.22.21,Rev.22.21,locked runtime authority retained; raw secondary textual/segmentation variant recorded
strong_control_sequence_difference,low,resolved_by_locked_runtime_authority_contract,Rev.22.6,uk5-6337385f5de91c360e1e,tagnt,Rev.22.6,Rev.22.6,locked runtime authority retained; raw secondary textual/segmentation variant recorded
strong_control_sequence_difference,low,resolved_by_locked_runtime_authority_contract,Rev.3.12,uk5-f3f854bd5cfab44b88d6,tagnt,Rev.3.12,Rev.3.12,locked runtime authority retained; raw secondary textual/segmentation variant recorded
strong_control_sequence_difference,low,resolved_by_locked_runtime_authority_contract,Rev.3.21,uk5-17b4f12990edb0e18099,tagnt,Rev.3.21,Rev.3.21,locked runtime authority retained; raw secondary textual/segmentation variant recorded
strong_control_sequence_difference,low,resolved_by_locked_runtime_authority_contract,Rev.3.7,uk5-58e87566529eb7e11380,tagnt,Rev.3.7,Rev.3.7,locked runtime authority retained; raw secondary textual/segmentation variant recorded
strong_control_sequence_difference,low,resolved_by_locked_runtime_authority_contract,Rev.3.8,uk5-0f8166bd8167dce9b05a,tagnt,Rev.3.8,Rev.3.8,locked runtime authority retained; raw secondary textual/segmentation variant recorded
strong_control_sequence_difference,low,resolved_by_locked_runtime_authority_contract,Rev.3.9,uk5-d10628bdfcc1433c830d,tagnt,Rev.3.9,Rev.3.9,locked runtime authority retained; raw secondary textual/segmentation variant recorded
strong_control_sequence_difference,low,resolved_by_locked_runtime_authority_contract,Rev.5.10,uk5-3fea4c47c3cbabda2893,tagnt,Rev.5.10,Rev.5.10,locked runtime authority retained; raw secondary textual/segmentation variant recorded
strong_control_sequence_difference,low,resolved_by_locked_runtime_authority_contract,Rev.5.14,uk5-4f022641f799ff73fb76,tagnt,Rev.5.14,Rev.5.14,locked runtime authority retained; raw secondary textual/segmentation variant recorded
strong_control_sequence_difference,low,resolved_by_locked_runtime_authority_contract,Rev.5.4,uk5-02ed79c66b5de0c184f7,tagnt,Rev.5.4,Rev.5.4,locked runtime authority retained; raw secondary textual/segmentation variant recorded
strong_control_sequence_difference,low,resolved_by_locked_runtime_authority_contract,Rev.5.5,uk5-c173383255ff33c42ac9,tagnt,Rev.5.5,Rev.5.5,locked runtime authority retained; raw secondary textual/segmentation variant recorded
strong_control_sequence_difference,low,resolved_by_locked_runtime_authority_contract,Rev.7.14,uk5-1ad1e8404f4753b02cdd,tagnt,Rev.7.14,Rev.7.14,locked runtime authority retained; raw secondary textual/segmentation variant recorded
strong_control_sequence_difference,low,resolved_by_locked_runtime_authority_contract,Rev.9.16,uk5-7ba15f600692c51a7170,tagnt,Rev.9.16,Rev.9.16,locked runtime authority retained; raw secondary textual/segmentation variant recorded
strong_control_sequence_difference,low,resolved_by_locked_runtime_authority_contract,Rom.1.10,uk5-41daf7bdfdcf2676314d,tagnt,Rom.1.10,Rom.1.10,locked runtime authority retained; raw secondary textual/segmentation variant recorded
strong_control_sequence_difference,low,resolved_by_locked_runtime_authority_contract,Rom.1.22,uk5-eb192e5b50fea193ab79,tagnt,Rom.1.22,Rom.1.22,locked runtime authority retained; raw secondary textual/segmentation variant recorded
strong_control_sequence_difference,low,resolved_by_locked_runtime_authority_contract,Rom.1.31,uk5-24dcd8f6e7cea3d7c973,tagnt,Rom.1.31,Rom.1.31,locked runtime authority retained; raw secondary textual/segmentation variant recorded
strong_control_sequence_difference,low,resolved_by_locked_runtime_authority_contract,Rom.10.1,uk5-8dffe63d37a2e32ce2f6,tagnt,Rom.10.1,Rom.10.1,locked runtime authority retained; raw secondary textual/segmentation variant recorded
strong_control_sequence_difference,low,resolved_by_locked_runtime_authority_contract,Rom.11.16,uk5-ab352233a0b2c524b100,tagnt,Rom.11.16,Rom.11.16,locked runtime authority retained; raw secondary textual/segmentation variant recorded
strong_control_sequence_difference,low,resolved_by_locked_runtime_authority_contract,Rom.11.19,uk5-6219e743cbcfb3f01567,tagnt,Rom.11.19,Rom.11.19,locked runtime authority retained; raw secondary textual/segmentation variant recorded
strong_control_sequence_difference,low,resolved_by_locked_runtime_authority_contract,Rom.11.3,uk5-40b80ae6d7cf64e08b12,tagnt,Rom.11.3,Rom.11.3,locked runtime authority retained; raw secondary textual/segmentation variant recorded
strong_control_sequence_difference,high,resolved_by_locked_runtime_authority_contract,Rom.11.6,uk5-1b602917e0ee686034ec,tagnt,Rom.11.6,Rom.11.6,locked runtime authority retained; raw secondary textual/segmentation variant recorded
strong_control_sequence_difference,low,resolved_by_locked_runtime_authority_contract,Rom.12.17,uk5-a809822ba7d7881408b9,tagnt,Rom.12.17,Rom.12.17,locked runtime authority retained; raw secondary textual/segmentation variant recorded
strong_control_sequence_difference,low,resolved_by_locked_runtime_authority_contract,Rom.12.3,uk5-53566db1f536bff85b50,tagnt,Rom.12.3,Rom.12.3,locked runtime authority retained; raw secondary textual/segmentation variant recorded
strong_control_sequence_difference,medium,resolved_by_locked_runtime_authority_contract,Rom.13.1,uk5-159f5344069f6ba5ba0e,tagnt,Rom.13.1,Rom.13.1,locked runtime authority retained; raw secondary textual/segmentation variant recorded
strong_control_sequence_difference,low,resolved_by_locked_runtime_authority_contract,Rom.13.9,uk5-cf736d07da423a40d314,tagnt,Rom.13.9,Rom.13.9,locked runtime authority retained; raw secondary textual/segmentation variant recorded
strong_control_sequence_difference,low,resolved_by_locked_runtime_authority_contract,Rom.14.12,uk5-a8975c46c1305cc9be43,tagnt,Rom.14.12,Rom.14.12,locked runtime authority retained; raw secondary textual/segmentation variant recorded
strong_control_sequence_difference,low,resolved_by_locked_runtime_authority_contract,Rom.14.14,uk5-6c9a4467cbd920b0feda,tagnt,Rom.14.14,Rom.14.14,locked runtime authority retained; raw secondary textual/segmentation variant recorded
strong_control_sequence_difference,low,resolved_by_locked_runtime_authority_contract,Rom.14.23,uk5-280f9946771e0bf72970,tagnt,Rom.14.23,Rom.14.23,locked runtime authority retained; raw secondary textual/segmentation variant recorded
strong_control_sequence_difference,low,resolved_by_locked_runtime_authority_contract,Rom.14.6,uk5-bc4d703b434bbfc99a4a,tagnt,Rom.14.6,Rom.14.6,locked runtime authority retained; raw secondary textual/segmentation variant recorded
strong_control_sequence_difference,low,resolved_by_locked_runtime_authority_contract,Rom.14.7,uk5-7866ab641356ea7fa070,tagnt,Rom.14.7,Rom.14.7,locked runtime authority retained; raw secondary textual/segmentation variant recorded
strong_control_sequence_difference,low,resolved_by_locked_runtime_authority_contract,Rom.14.9,uk5-eeb636eda906d9f3aff2,tagnt,Rom.14.9,Rom.14.9,locked runtime authority retained; raw secondary textual/segmentation variant recorded
strong_control_sequence_difference,low,resolved_by_locked_runtime_authority_contract,Rom.15.15,uk5-87e4a9607f1f05008ae5,tagnt,Rom.15.15,Rom.15.15,locked runtime authority retained; raw secondary textual/segmentation variant recorded
strong_control_sequence_difference,low,resolved_by_locked_runtime_authority_contract,Rom.15.19,uk5-470c313948221a097dfc,tagnt,Rom.15.19,Rom.15.19,locked runtime authority retained; raw secondary textual/segmentation variant recorded
strong_control_sequence_difference,low,resolved_by_locked_runtime_authority_contract,Rom.15.2,uk5-d0121041c7eeb6aa1214,tagnt,Rom.15.2,Rom.15.2,locked runtime authority retained; raw secondary textual/segmentation variant recorded
strong_control_sequence_difference,low,resolved_by_locked_runtime_authority_contract,Rom.15.23,uk5-7276fd3d5ecca7ecb2dd,tagnt,Rom.15.23,Rom.15.23,locked runtime authority retained; raw secondary textual/segmentation variant recorded
strong_control_sequence_difference,low,resolved_by_locked_runtime_authority_contract,Rom.15.24,uk5-6a97b317fa48277cc8c7,tagnt,Rom.15.24,Rom.15.24,locked runtime authority retained; raw secondary textual/segmentation variant recorded
strong_control_sequence_difference,medium,resolved_by_locked_runtime_authority_contract,Rom.15.25,uk5-5fea8973e2a41378f540,tagnt,Rom.15.25,Rom.15.25,locked runtime authority retained; raw secondary textual/segmentation variant recorded
strong_control_sequence_difference,low,resolved_by_locked_runtime_authority_contract,Rom.15.29,uk5-1992281e10ab723956fd,tagnt,Rom.15.29,Rom.15.29,locked runtime authority retained; raw secondary textual/segmentation variant recorded
strong_control_sequence_difference,low,resolved_by_locked_runtime_authority_contract,Rom.15.31,uk5-1393b396fe36a4a92ed3,tagnt,Rom.15.31,Rom.15.31,locked runtime authority retained; raw secondary textual/segmentation variant recorded
strong_control_sequence_difference,low,resolved_by_locked_runtime_authority_contract,Rom.16.21,uk5-c78be96177a127a88590,tagnt,Rom.16.21,Rom.16.21,locked runtime authority retained; raw secondary textual/segmentation variant recorded
strong_control_sequence_difference,low,resolved_by_locked_runtime_authority_contract,Rom.16.8,uk5-060b057fe8621c37dbca,tagnt,Rom.16.8,Rom.16.8,locked runtime authority retained; raw secondary textual/segmentation variant recorded
strong_control_sequence_difference,low,resolved_by_locked_runtime_authority_contract,Rom.16.9,uk5-753c1c73f4429337c052,tagnt,Rom.16.9,Rom.16.9,locked runtime authority retained; raw secondary textual/segmentation variant recorded
strong_control_sequence_difference,low,resolved_by_locked_runtime_authority_contract,Rom.2.19,uk5-31bc65dccc9aa07ce955,tagnt,Rom.2.19,Rom.2.19,locked runtime authority retained; raw secondary textual/segmentation variant recorded
strong_control_sequence_difference,low,resolved_by_locked_runtime_authority_contract,Rom.3.14,uk5-5426d4045f5371c56614,tagnt,Rom.3.14,Rom.3.14,locked runtime authority retained; raw secondary textual/segmentation variant recorded
strong_control_sequence_difference,low,resolved_by_locked_runtime_authority_contract,Rom.3.26,uk5-76f0c769b847a1008b29,tagnt,Rom.3.26,Rom.3.26,locked runtime authority retained; raw secondary textual/segmentation variant recorded
strong_control_sequence_difference,low,resolved_by_locked_runtime_authority_contract,Rom.3.29,uk5-285b1b3b6bc964f2d2e9,tagnt,Rom.3.29,Rom.3.29,locked runtime authority retained; raw secondary textual/segmentation variant recorded
strong_control_sequence_difference,low,resolved_by_locked_runtime_authority_contract,Rom.3.30,uk5-51a98904f69e9a06475b,tagnt,Rom.3.30,Rom.3.30,locked runtime authority retained; raw secondary textual/segmentation variant recorded
strong_control_sequence_difference,low,resolved_by_locked_runtime_authority_contract,Rom.3.7,uk5-b4f046fb41afa94d4a98,tagnt,Rom.3.7,Rom.3.7,locked runtime authority retained; raw secondary textual/segmentation variant recorded
strong_control_sequence_difference,low,resolved_by_locked_runtime_authority_contract,Rom.4.1,uk5-ddd181ca351c23ff6b82,tagnt,Rom.4.1,Rom.4.1,locked runtime authority retained; raw secondary textual/segmentation variant recorded
strong_control_sequence_difference,low,resolved_by_locked_runtime_authority_contract,Rom.4.12,uk5-bf924b8cec03541da2a0,tagnt,Rom.4.12,Rom.4.12,locked runtime authority retained; raw secondary textual/segmentation variant recorded
strong_control_sequence_difference,low,resolved_by_locked_runtime_authority_contract,Rom.4.16,uk5-ec73ff74f4b00a982cde,tagnt,Rom.4.16,Rom.4.16,locked runtime authority retained; raw secondary textual/segmentation variant recorded
strong_control_sequence_difference,low,resolved_by_locked_runtime_authority_contract,Rom.4.23,uk5-431510977cef953cac65,tagnt,Rom.4.23,Rom.4.23,locked runtime authority retained; raw secondary textual/segmentation variant recorded
strong_control_sequence_difference,low,resolved_by_locked_runtime_authority_contract,Rom.4.24,uk5-57205636fbf2fafc4a3e,tagnt,Rom.4.24,Rom.4.24,locked runtime authority retained; raw secondary textual/segmentation variant recorded
strong_control_sequence_difference,low,resolved_by_locked_runtime_authority_contract,Rom.4.25,uk5-c5b10b011526d1d46bd2,tagnt,Rom.4.25,Rom.4.25,locked runtime authority retained; raw secondary textual/segmentation variant recorded
strong_control_sequence_difference,low,resolved_by_locked_runtime_authority_contract,Rom.5.3,uk5-f0dbf417c058166c315a,tagnt,Rom.5.3,Rom.5.3,locked runtime authority retained; raw secondary textual/segmentation variant recorded
strong_control_sequence_difference,low,resolved_by_locked_runtime_authority_contract,Rom.5.5,uk5-96215c3aaefbfe0467bc,tagnt,Rom.5.5,Rom.5.5,locked runtime authority retained; raw secondary textual/segmentation variant recorded
strong_control_sequence_difference,medium,resolved_by_locked_runtime_authority_contract,Rom.5.8,uk5-45b5094683cbd5ff1012,tagnt,Rom.5.8,Rom.5.8,locked runtime authority retained; raw secondary textual/segmentation variant recorded
strong_control_sequence_difference,low,resolved_by_locked_runtime_authority_contract,Rom.6.11,uk5-edafbe46e1b39eac9701,tagnt,Rom.6.11,Rom.6.11,locked runtime authority retained; raw secondary textual/segmentation variant recorded
strong_control_sequence_difference,medium,resolved_by_locked_runtime_authority_contract,Rom.6.9,uk5-ba7f51f563587e67943c,tagnt,Rom.6.9,Rom.6.9,locked runtime authority retained; raw secondary textual/segmentation variant recorded
strong_control_sequence_difference,low,resolved_by_locked_runtime_authority_contract,Rom.7.10,uk5-2c417a96a9f6a1da811c,tagnt,Rom.7.10,Rom.7.10,locked runtime authority retained; raw secondary textual/segmentation variant recorded
strong_control_sequence_difference,low,resolved_by_locked_runtime_authority_contract,Rom.7.12,uk5-d2f657f049918b94434e,tagnt,Rom.7.12,Rom.7.12,locked runtime authority retained; raw secondary textual/segmentation variant recorded
strong_control_sequence_difference,medium,resolved_by_locked_runtime_authority_contract,Rom.7.17,uk5-b7f1e18ef7594777e689,tagnt,Rom.7.17,Rom.7.17,locked runtime authority retained; raw secondary textual/segmentation variant recorded
strong_control_sequence_difference,low,resolved_by_locked_runtime_authority_contract,Rom.7.18,uk5-ad47df8b09682c679f59,tagnt,Rom.7.18,Rom.7.18,locked runtime authority retained; raw secondary textual/segmentation variant recorded
strong_control_sequence_difference,low,resolved_by_locked_runtime_authority_contract,Rom.7.20,uk5-41b87be875a33d07decf,tagnt,Rom.7.20,Rom.7.20,locked runtime authority retained; raw secondary textual/segmentation variant recorded
strong_control_sequence_difference,low,resolved_by_locked_runtime_authority_contract,Rom.7.23,uk5-3570d44c0c3974e67688,tagnt,Rom.7.23,Rom.7.23,locked runtime authority retained; raw secondary textual/segmentation variant recorded
strong_control_sequence_difference,low,resolved_by_locked_runtime_authority_contract,Rom.7.3,uk5-73fa38e02b8e37880557,tagnt,Rom.7.3,Rom.7.3,locked runtime authority retained; raw secondary textual/segmentation variant recorded
strong_control_sequence_difference,medium,resolved_by_locked_runtime_authority_contract,Rom.8.1,uk5-24a924932c436ec9ca4e,tagnt,Rom.8.1,Rom.8.1,locked runtime authority retained; raw secondary textual/segmentation variant recorded
strong_control_sequence_difference,low,resolved_by_locked_runtime_authority_contract,Rom.8.16,uk5-0986cda5d2ad6c322d27,tagnt,Rom.8.16,Rom.8.16,locked runtime authority retained; raw secondary textual/segmentation variant recorded
strong_control_sequence_difference,low,resolved_by_locked_runtime_authority_contract,Rom.8.23,uk5-0feff30bc7ed8c9724da,tagnt,Rom.8.23,Rom.8.23,locked runtime authority retained; raw secondary textual/segmentation variant recorded
strong_control_sequence_difference,low,resolved_by_locked_runtime_authority_contract,Rom.8.24,uk5-4c1effeb3bbb37d84186,tagnt,Rom.8.24,Rom.8.24,locked runtime authority retained; raw secondary textual/segmentation variant recorded
strong_control_sequence_difference,low,resolved_by_locked_runtime_authority_contract,Rom.8.26,uk5-bcfcd6f69bb5e753591c,tagnt,Rom.8.26,Rom.8.26,locked runtime authority retained; raw secondary textual/segmentation variant recorded
strong_control_sequence_difference,low,resolved_by_locked_runtime_authority_contract,Rom.8.31,uk5-387d8b89b58c8a958fb7,tagnt,Rom.8.31,Rom.8.31,locked runtime authority retained; raw secondary textual/segmentation variant recorded
strong_control_sequence_difference,low,resolved_by_locked_runtime_authority_contract,Rom.8.34,uk5-73b7d03022b472452a70,tagnt,Rom.8.34,Rom.8.34,locked runtime authority retained; raw secondary textual/segmentation variant recorded
strong_control_sequence_difference,low,resolved_by_locked_runtime_authority_contract,Rom.8.37,uk5-84fecb6dc0b033ec6f37,tagnt,Rom.8.37,Rom.8.37,locked runtime authority retained; raw secondary textual/segmentation variant recorded
strong_control_sequence_difference,low,resolved_by_locked_runtime_authority_contract,Rom.8.9,uk5-f6fe87a82f2cfcb671c6,tagnt,Rom.8.9,Rom.8.9,locked runtime authority retained; raw secondary textual/segmentation variant recorded
strong_control_sequence_difference,low,resolved_by_locked_runtime_authority_contract,Rom.9.1,uk5-25a4e725a6fb5c0dd3aa,tagnt,Rom.9.1,Rom.9.1,locked runtime authority retained; raw secondary textual/segmentation variant recorded
strong_control_sequence_difference,low,resolved_by_locked_runtime_authority_contract,Rom.9.10,uk5-90fdd80d40582571e769,tagnt,Rom.9.10,Rom.9.10,locked runtime authority retained; raw secondary textual/segmentation variant recorded
strong_control_sequence_difference,high,resolved_by_locked_runtime_authority_contract,Rom.9.12,uk5-ff899be5de7f919bb4a5,tagnt,Rom.9.12,Rom.9.12,locked runtime authority retained; raw secondary textual/segmentation variant recorded
strong_control_sequence_difference,low,resolved_by_locked_runtime_authority_contract,Rom.9.19,uk5-5bb8016522faa87d7cc7,tagnt,Rom.9.19,Rom.9.19,locked runtime authority retained; raw secondary textual/segmentation variant recorded
strong_control_sequence_difference,low,resolved_by_locked_runtime_authority_contract,Rom.9.2,uk5-41b3378b420ce5101228,tagnt,Rom.9.2,Rom.9.2,locked runtime authority retained; raw secondary textual/segmentation variant recorded
strong_control_sequence_difference,low,resolved_by_locked_runtime_authority_contract,Rom.9.24,uk5-4d036c5e11333b52c10b,tagnt,Rom.9.24,Rom.9.24,locked runtime authority retained; raw secondary textual/segmentation variant recorded
strong_control_sequence_difference,low,resolved_by_locked_runtime_authority_contract,Rom.9.25,uk5-16b5425f9bd688d72ec8,tagnt,Rom.9.25,Rom.9.25,locked runtime authority retained; raw secondary textual/segmentation variant recorded
strong_control_sequence_difference,low,resolved_by_locked_runtime_authority_contract,Rom.9.26,uk5-a502af99d35a5b33f0b5,tagnt,Rom.9.26,Rom.9.26,locked runtime authority retained; raw secondary textual/segmentation variant recorded
strong_control_sequence_difference,low,resolved_by_locked_runtime_authority_contract,Rom.9.28,uk5-86cc1c391ab10d7ca4b5,tagnt,Rom.9.28,Rom.9.28,locked runtime authority retained; raw secondary textual/segmentation variant recorded
strong_control_sequence_difference,low,resolved_by_locked_runtime_authority_contract,Rom.9.3,uk5-7daf2f656a83cf6c6d70,tagnt,Rom.9.3,Rom.9.3,locked runtime authority retained; raw secondary textual/segmentation variant recorded
strong_control_sequence_difference,low,resolved_by_locked_runtime_authority_contract,Ruth.1.16,uk5-af7fc308989b90c24fc8,oshb,Ruth.1.16,Ruth.1.16,locked runtime authority retained; raw secondary textual/segmentation variant recorded
strong_control_sequence_difference,low,resolved_by_locked_runtime_authority_contract,Ruth.2.2,uk5-76199b39b9b83c12b96f,oshb,Ruth.2.2,Ruth.2.2,locked runtime authority retained; raw secondary textual/segmentation variant recorded
strong_control_sequence_difference,low,resolved_by_locked_runtime_authority_contract,Song.2.11,uk5-37104ce5e09d2f926d80,oshb,Song.2.11,Song.2.11,locked runtime authority retained; raw secondary textual/segmentation variant recorded
strong_control_sequence_difference,low,resolved_by_locked_runtime_authority_contract,Song.2.13,uk5-568f63249874dc806838,oshb,Song.2.13,Song.2.13,locked runtime authority retained; raw secondary textual/segmentation variant recorded
uxlc_independent_surface_difference,medium,resolved_by_locked_runtime_authority_contract,Song.5.16,uk5-39bfe547d9d1826631eb,oshb,Song.5.16,Song.5.16,independent UXLC surface difference recorded; OSHB Strong authority retained
strong_control_sequence_difference,high,resolved_by_locked_runtime_authority_contract,Song.6.13,uk5-bdfb9ff39794c4268392,oshb,Song.7.1,,locked runtime authority retained; raw secondary textual/segmentation variant recorded
strong_control_sequence_difference,high,resolved_by_locked_runtime_authority_contract,Song.7.1,uk5-630b1fe76c70319f9961,oshb,Song.7.1,,locked runtime authority retained; raw secondary textual/segmentation variant recorded
strong_control_sequence_difference,high,resolved_by_locked_runtime_authority_contract,Song.7.10,uk5-596367630d0a467be8b1,oshb,Song.7.10,,locked runtime authority retained; raw secondary textual/segmentation variant recorded
strong_control_sequence_difference,high,resolved_by_locked_runtime_authority_contract,Song.7.11,uk5-0ecf6703bb20236a4d57,oshb,Song.7.11,,locked runtime authority retained; raw secondary textual/segmentation variant recorded
strong_control_sequence_difference,high,resolved_by_locked_runtime_authority_contract,Song.7.12,uk5-f9a774e9c86dca1b1aa8,oshb,Song.7.12,,locked runtime authority retained; raw secondary textual/segmentation variant recorded
strong_control_sequence_difference,high,resolved_by_locked_runtime_authority_contract,Song.7.13,uk5-561064c762bdce33b350,oshb,Song.7.13,,locked runtime authority retained; raw secondary textual/segmentation variant recorded
strong_control_sequence_difference,high,resolved_by_locked_runtime_authority_contract,Song.7.2,uk5-30f1da137ec9809582da,oshb,Song.7.2,,locked runtime authority retained; raw secondary textual/segmentation variant recorded
strong_control_sequence_difference,high,resolved_by_locked_runtime_authority_contract,Song.7.3,uk5-62197f2cf67c49033e04,oshb,Song.7.3,,locked runtime authority retained; raw secondary textual/segmentation variant recorded
strong_control_sequence_difference,high,resolved_by_locked_runtime_authority_contract,Song.7.4,uk5-a5b9dee7ebfcaa7afcb4,oshb,Song.7.4,,locked runtime authority retained; raw secondary textual/segmentation variant recorded
strong_control_sequence_difference,high,resolved_by_locked_runtime_authority_contract,Song.7.5,uk5-c26f6d0e07070b83d067,oshb,Song.7.5,,locked runtime authority retained; raw secondary textual/segmentation variant recorded
strong_control_sequence_difference,high,resolved_by_locked_runtime_authority_contract,Song.7.6,uk5-7571e22fce9ed90d194e,oshb,Song.7.6,,locked runtime authority retained; raw secondary textual/segmentation variant recorded
strong_control_sequence_difference,high,resolved_by_locked_runtime_authority_contract,Song.7.7,uk5-e83b7f364fec4a2e4b00,oshb,Song.7.7,,locked runtime authority retained; raw secondary textual/segmentation variant recorded
strong_control_sequence_difference,high,resolved_by_locked_runtime_authority_contract,Song.7.8,uk5-480be406e4e58c115e3c,oshb,Song.7.8,,locked runtime authority retained; raw secondary textual/segmentation variant recorded
strong_control_sequence_difference,high,resolved_by_locked_runtime_authority_contract,Song.7.9,uk5-308c0db9c1273a11b97e,oshb,Song.7.9,,locked runtime authority retained; raw secondary textual/segmentation variant recorded
uxlc_independent_surface_difference,medium,resolved_by_locked_runtime_authority_contract,Song.8.12,uk5-9c437a77bfbb5fe37b2b,oshb,Song.8.12,Song.8.12,independent UXLC surface difference recorded; OSHB Strong authority retained
strong_control_sequence_difference,low,resolved_by_locked_runtime_authority_contract,Titus.1.11,uk5-816c3678e5a00d92ab1f,tagnt,Titus.1.11,Titus.1.11,locked runtime authority retained; raw secondary textual/segmentation variant recorded
strong_control_sequence_difference,low,resolved_by_locked_runtime_authority_contract,Titus.1.7,uk5-d9a05b7b8f8615f8a1a5,tagnt,Titus.1.7,Titus.1.7,locked runtime authority retained; raw secondary textual/segmentation variant recorded
strong_control_sequence_difference,low,resolved_by_locked_runtime_authority_contract,Titus.2.11,uk5-c85f0c9c7115d6ce37c6,tagnt,Titus.2.11,Titus.2.11,locked runtime authority retained; raw secondary textual/segmentation variant recorded
strong_control_sequence_difference,low,resolved_by_locked_runtime_authority_contract,Titus.2.14,uk5-517c73e39d21eb700166,tagnt,Titus.2.14,Titus.2.14,locked runtime authority retained; raw secondary textual/segmentation variant recorded
strong_control_sequence_difference,low,resolved_by_locked_runtime_authority_contract,Titus.2.4,uk5-01fc2acdc00c2c2a9825,tagnt,Titus.2.4,Titus.2.4,locked runtime authority retained; raw secondary textual/segmentation variant recorded
strong_control_sequence_difference,low,resolved_by_locked_runtime_authority_contract,Titus.2.6,uk5-546273f6140a15a208c6,tagnt,Titus.2.6,Titus.2.6,locked runtime authority retained; raw secondary textual/segmentation variant recorded
strong_control_sequence_difference,low,resolved_by_locked_runtime_authority_contract,Titus.2.7,uk5-44945d096cd7852d71bd,tagnt,Titus.2.7,Titus.2.7,locked runtime authority retained; raw secondary textual/segmentation variant recorded
strong_control_sequence_difference,low,resolved_by_locked_runtime_authority_contract,Titus.3.1,uk5-d33e9fcc9956f02fbef8,tagnt,Titus.3.1,Titus.3.1,locked runtime authority retained; raw secondary textual/segmentation variant recorded
strong_control_sequence_difference,medium,resolved_by_locked_runtime_authority_contract,Titus.3.15,uk5-fe69d328137e6f0110c1,tagnt,Titus.3.15,Titus.3.15,locked runtime authority retained; raw secondary textual/segmentation variant recorded
strong_control_sequence_difference,low,resolved_by_locked_runtime_authority_contract,Titus.3.2,uk5-f8d5cf1c02614f6a5ddd,tagnt,Titus.3.2,Titus.3.2,locked runtime authority retained; raw secondary textual/segmentation variant recorded
strong_control_sequence_difference,low,resolved_by_locked_runtime_authority_contract,Titus.3.5,uk5-315bfd5af5e9193884bc,tagnt,Titus.3.5,Titus.3.5,locked runtime authority retained; raw secondary textual/segmentation variant recorded
strong_control_sequence_difference,low,resolved_by_locked_runtime_authority_contract,Titus.3.6,uk5-bab481c6e4ddd0efec0a,tagnt,Titus.3.6,Titus.3.6,locked runtime authority retained; raw secondary textual/segmentation variant recorded
strong_control_sequence_difference,high,resolved_by_locked_runtime_authority_contract,Zech.1.18,uk5-6f7776b0eeda9c99a773,oshb,Zech.2.1,,locked runtime authority retained; raw secondary textual/segmentation variant recorded
strong_control_sequence_difference,high,resolved_by_locked_runtime_authority_contract,Zech.1.19,uk5-db20aec2e40bdd292b08,oshb,Zech.2.2,,locked runtime authority retained; raw secondary textual/segmentation variant recorded
strong_control_sequence_difference,high,resolved_by_locked_runtime_authority_contract,Zech.1.20,uk5-8ab48711ae5d0adf4b4f,oshb,Zech.2.3,,locked runtime authority retained; raw secondary textual/segmentation variant recorded
strong_control_sequence_difference,high,resolved_by_locked_runtime_authority_contract,Zech.1.21,uk5-740c882d5a571afcea7a,oshb,Zech.2.4,,locked runtime authority retained; raw secondary textual/segmentation variant recorded
strong_control_sequence_difference,high,resolved_by_locked_runtime_authority_contract,Zech.2.1,uk5-eb1cf3df82ca279c2ea2,oshb,Zech.2.1,,locked runtime authority retained; raw secondary textual/segmentation variant recorded
strong_control_sequence_difference,high,resolved_by_locked_runtime_authority_contract,Zech.2.10,uk5-7a346e2aad591593ea3b,oshb,Zech.2.10,,locked runtime authority retained; raw secondary textual/segmentation variant recorded
strong_control_sequence_difference,high,resolved_by_locked_runtime_authority_contract,Zech.2.11,uk5-ff0414f97e17b200b10f,oshb,Zech.2.11,,locked runtime authority retained; raw secondary textual/segmentation variant recorded
strong_control_sequence_difference,high,resolved_by_locked_runtime_authority_contract,Zech.2.12,uk5-17143b2c113674d7dec6,oshb,Zech.2.12,,locked runtime authority retained; raw secondary textual/segmentation variant recorded
strong_control_sequence_difference,high,resolved_by_locked_runtime_authority_contract,Zech.2.13,uk5-2ad79de7faff684d95fa,oshb,Zech.2.13,,locked runtime authority retained; raw secondary textual/segmentation variant recorded
strong_control_sequence_difference,high,resolved_by_locked_runtime_authority_contract,Zech.2.2,uk5-d442b7de254573cdf780,oshb,Zech.2.2,,locked runtime authority retained; raw secondary textual/segmentation variant recorded
strong_control_sequence_difference,high,resolved_by_locked_runtime_authority_contract,Zech.2.3,uk5-e3555ad85bd1a44ad94b,oshb,Zech.2.3,,locked runtime authority retained; raw secondary textual/segmentation variant recorded
strong_control_sequence_difference,high,resolved_by_locked_runtime_authority_contract,Zech.2.4,uk5-efcee110102ea6c22e7b,oshb,Zech.2.4,,locked runtime authority retained; raw secondary textual/segmentation variant recorded
strong_control_sequence_difference,high,resolved_by_locked_runtime_authority_contract,Zech.2.5,uk5-806b5264e7fe72c48895,oshb,Zech.2.5,,locked runtime authority retained; raw secondary textual/segmentation variant recorded
strong_control_sequence_difference,high,resolved_by_locked_runtime_authority_contract,Zech.2.6,uk5-a4633ea18373e39b12cf,oshb,Zech.2.6,,locked runtime authority retained; raw secondary textual/segmentation variant recorded
strong_control_sequence_difference,high,resolved_by_locked_runtime_authority_contract,Zech.2.7,uk5-1e2ee41bbaeac3e8064e,oshb,Zech.2.7,,locked runtime authority retained; raw secondary textual/segmentation variant recorded
strong_control_sequence_difference,high,resolved_by_locked_runtime_authority_contract,Zech.2.8,uk5-a4d71fafeecc3457cd78,oshb,Zech.2.8,,locked runtime authority retained; raw secondary textual/segmentation variant recorded
strong_control_sequence_difference,high,resolved_by_locked_runtime_authority_contract,Zech.2.9,uk5-649e6e1622bb3fb89279,oshb,Zech.2.9,,locked runtime authority retained; raw secondary textual/segmentation variant recorded
strong_control_sequence_difference,low,resolved_by_locked_runtime_authority_contract,Zech.6.7,uk5-619a46f7584dd0a85b8c,oshb,Zech.6.7,Zech.6.7,locked runtime authority retained; raw secondary textual/segmentation variant recorded
strong_control_sequence_difference,medium,resolved_by_locked_runtime_authority_contract,Zech.7.2,uk5-1606c5e4f967a710871a,oshb,Zech.7.2,Zech.7.2,locked runtime authority retained; raw secondary textual/segmentation variant recorded
strong_control_sequence_difference,low,resolved_by_locked_runtime_authority_contract,Zech.8.21,uk5-80038bdac02b8d2c17ac,oshb,Zech.8.21,Zech.8.21,locked runtime authority retained; raw secondary textual/segmentation variant recorded
