rule_id,type,operation,source_refs,target_refs,decision_status,confidence
uk5-1037cbc5098f0fff2abc,chapter_boundary_or_shift,1:1,Gen.32.1,Gen.31.55,accepted,high
uk5-a9a229c57c8241b40bbd,verse_shift;neighbor_better_manual_review,1:1,Gen.32.2,Gen.32.1,accepted,high
uk5-04a26adc97df99a46278,verse_shift;neighbor_better_manual_review,1:1,Gen.32.3,Gen.32.2,accepted,high
uk5-c16915ead27a6c93e486,verse_shift;neighbor_better_manual_review,1:1,Gen.32.4,Gen.32.3,accepted,high
uk5-6b29ba5510ecc06fcaef,verse_shift;neighbor_better_manual_review,1:1,Gen.32.5,Gen.32.4,accepted,high
uk5-0656431e704151e016b9,verse_shift;neighbor_better_manual_review,1:1,Gen.32.6,Gen.32.5,accepted,high
uk5-0fbfca7b6c76b511c12f,verse_shift;neighbor_better_manual_review,1:1,Gen.32.7,Gen.32.6,accepted,high
uk5-772bdc4df9382bb9fd85,verse_shift;neighbor_better_manual_review,1:1,Gen.32.8,Gen.32.7,accepted,high
uk5-88be264821d5ca69a012,verse_shift;neighbor_better_manual_review,1:1,Gen.32.9,Gen.32.8,accepted,high
uk5-c90cdcf542ca2b80bc1e,verse_shift;neighbor_better_manual_review,1:1,Gen.32.10,Gen.32.9,accepted,high
uk5-13fc35fb37b90ab62704,verse_shift;neighbor_better_manual_review,1:1,Gen.32.11,Gen.32.10,accepted,high
uk5-98c49682fe9fe115184e,verse_shift;neighbor_better_manual_review,1:1,Gen.32.12,Gen.32.11,accepted,high
uk5-9a898e49818928883029,verse_shift;neighbor_better_manual_review,1:1,Gen.32.13,Gen.32.12,accepted,high
uk5-8d2dc8dd0e22a6f167fb,verse_shift;neighbor_better_manual_review,1:1,Gen.32.14,Gen.32.13,accepted,high
uk5-57e4dcd6646e67373a85,verse_shift;neighbor_better_manual_review,1:1,Gen.32.15,Gen.32.14,accepted,high
uk5-9c9ddc81cf7a20c17b80,verse_shift;neighbor_better_manual_review,1:1,Gen.32.16,Gen.32.15,accepted,high
uk5-8bace59d2a4c31506eb8,verse_shift;neighbor_better_manual_review,1:1,Gen.32.17,Gen.32.16,accepted,high
uk5-f214891844290f87e0ac,verse_shift;neighbor_better_manual_review,1:1,Gen.32.18,Gen.32.17,accepted,high
uk5-46d7641bf94960a7aac7,verse_shift;neighbor_better_manual_review,1:1,Gen.32.19,Gen.32.18,accepted,high
uk5-c75e4c61442d9cf99377,verse_shift;neighbor_better_manual_review,1:1,Gen.32.20,Gen.32.19,accepted,high
uk5-13b1ea8b7629ea5d04cb,verse_shift;neighbor_better_manual_review,1:1,Gen.32.21,Gen.32.20,accepted,high
uk5-e6e98bb2c23aa13f68f2,verse_shift;neighbor_better_manual_review,1:1,Gen.32.22,Gen.32.21,accepted,high
uk5-3bfe46247263450dede2,verse_shift;neighbor_better_manual_review,1:1,Gen.32.23,Gen.32.22,accepted,high
uk5-fb672bbc03752634637e,verse_shift;neighbor_better_manual_review,1:1,Gen.32.24,Gen.32.23,accepted,high
uk5-62fd0021342797c3a767,verse_shift;neighbor_better_manual_review,1:1,Gen.32.25,Gen.32.24,accepted,high
uk5-ae3d29e5c19274a2561a,verse_shift;neighbor_better_manual_review,1:1,Gen.32.26,Gen.32.25,accepted,high
uk5-eeef68b3f5ea89a5d83c,verse_shift;neighbor_better_manual_review,1:1,Gen.32.27,Gen.32.26,accepted,high
uk5-b25d44c9eeac1039f080,verse_shift;neighbor_better_manual_review,1:1,Gen.32.28,Gen.32.27,accepted,high
uk5-424040ead1967aa64432,verse_shift;neighbor_better_manual_review,1:1,Gen.32.29,Gen.32.28,accepted,high
uk5-bc32fa5c157f9d5d6c6a,verse_shift;neighbor_better_manual_review,1:1,Gen.32.30,Gen.32.29,accepted,high
uk5-db5af2856c39ab8b0298,verse_shift;neighbor_better_manual_review,1:1,Gen.32.31,Gen.32.30,accepted,high
uk5-78e3d4bf2afeb41ec3bf,verse_shift;neighbor_better_manual_review,1:1,Gen.32.32,Gen.32.31,accepted,high
uk5-36433223157f65b5cdb6,verse_shift;neighbor_better_manual_review,1:1,Gen.32.33,Gen.32.32,accepted,high
uk5-771d8b90998b9783d92a,chapter_boundary_or_shift,1:1,Exod.7.26,Exod.8.1,accepted,high
uk5-d4c81680d033fbce8357,chapter_boundary_or_shift,1:1,Exod.7.27,Exod.8.2,accepted,high
uk5-9b5f8e334b02457f4724,chapter_boundary_or_shift,1:1,Exod.7.28,Exod.8.3,accepted,high
uk5-691d395d6c49a09ca99a,chapter_boundary_or_shift,1:1,Exod.7.29,Exod.8.4,accepted,high
uk5-c319cbd6845e1effd819,verse_shift,1:1,Exod.8.1,Exod.8.5,accepted,high
uk5-c1ce7d3b9d77e0b3c6e6,verse_shift,1:1,Exod.8.2,Exod.8.6,accepted,high
uk5-44d951524cf6cd98de27,verse_shift,1:1,Exod.8.3,Exod.8.7,accepted,high
uk5-75a342ad7aca78628023,verse_shift,1:1,Exod.8.4,Exod.8.8,accepted,high
uk5-c3dcff893c085a909bc6,verse_shift,1:1,Exod.8.5,Exod.8.9,accepted,high
uk5-d088675bcc347213ad11,verse_shift,1:1,Exod.8.6,Exod.8.10,accepted,high
uk5-c9c1b62d73d8c9d75634,verse_shift,1:1,Exod.8.7,Exod.8.11,accepted,high
uk5-4f9edad9819a8167e143,verse_shift,1:1,Exod.8.8,Exod.8.12,accepted,high
uk5-f3d7537c64efff602fdb,verse_shift,1:1,Exod.8.9,Exod.8.13,accepted,high
uk5-7a223a02ca0b83735965,verse_shift,1:1,Exod.8.10,Exod.8.14,accepted,high
uk5-343c83dd706fa266c42a,verse_shift,1:1,Exod.8.11,Exod.8.15,accepted,high
uk5-1cc24a894a35330ef977,verse_shift,1:1,Exod.8.12,Exod.8.16,accepted,high
uk5-69c1d135bd12f8ed6da5,verse_shift,1:1,Exod.8.13,Exod.8.17,accepted,high
uk5-5a932088eb78510a25ee,verse_shift,1:1,Exod.8.14,Exod.8.18,accepted,high
uk5-76778a46bdbb9aa24987,verse_shift,1:1,Exod.8.15,Exod.8.19,accepted,high
uk5-3317953f3a063fd08ab0,verse_shift,1:1,Exod.8.16,Exod.8.20,accepted,high
uk5-602011d9980b472ad370,verse_shift,1:1,Exod.8.17,Exod.8.21,accepted,high
uk5-e470e7bab9f251ce1292,verse_shift,1:1,Exod.8.18,Exod.8.22,accepted,high
uk5-655874ac11cf2dfd3edc,verse_shift,1:1,Exod.8.19,Exod.8.23,accepted,high
uk5-ba956120626bb79120db,verse_shift,1:1,Exod.8.20,Exod.8.24,accepted,high
uk5-e830328809fbb3decb32,verse_shift,1:1,Exod.8.21,Exod.8.25,accepted,high
uk5-39ced8c1bf081162af54,verse_shift,1:1,Exod.8.22,Exod.8.26,accepted,high
uk5-8d3adcf14e1f1dc7355c,verse_shift,1:1,Exod.8.23,Exod.8.27,accepted,high
uk5-128007cf9a196489118e,verse_shift,1:1,Exod.8.24,Exod.8.28,accepted,high
uk5-7d10e73bf9ca9cb12232,verse_shift,1:1,Exod.8.25,Exod.8.29,accepted,high
uk5-39472e6e783fee8b5c89,verse_shift,1:1,Exod.8.26,Exod.8.30,accepted,high
uk5-32bba79e13ac42205b3d,verse_shift,1:1,Exod.8.27,Exod.8.31,accepted,high
uk5-807721ab3710f52552c5,verse_shift,1:1,Exod.8.28,Exod.8.32,accepted,high
uk5-acb471e2e58df54ea7ed,chapter_boundary_or_shift;neighbor_better_manual_review,1:1,Exod.21.37,Exod.22.1,accepted,high
uk5-762d42e2f75936a7a574,verse_shift;neighbor_better_manual_review,1:1,Exod.22.1,Exod.22.2,accepted,high
uk5-b8860e0836a0ff277963,verse_shift;neighbor_better_manual_review,1:1,Exod.22.2,Exod.22.3,accepted,high
uk5-8404ca3c7792a0328825,verse_shift;neighbor_better_manual_review,1:1,Exod.22.3,Exod.22.4,accepted,high
uk5-b8624634813f895615f1,verse_shift;neighbor_better_manual_review,1:1,Exod.22.4,Exod.22.5,accepted,high
uk5-7299d29d83145ce3c50e,verse_shift;neighbor_better_manual_review,1:1,Exod.22.5,Exod.22.6,accepted,high
uk5-c663265bce1e64fc59c3,verse_shift;neighbor_better_manual_review,1:1,Exod.22.6,Exod.22.7,accepted,high
uk5-6dd8ce51cfb3dc39842d,verse_shift;neighbor_better_manual_review,1:1,Exod.22.7,Exod.22.8,accepted,high
uk5-3cd9e114e2a0100c19f8,verse_shift;neighbor_better_manual_review,1:1,Exod.22.8,Exod.22.9,accepted,high
uk5-d65c3d7cbeb0ec7441ad,verse_shift;neighbor_better_manual_review,1:1,Exod.22.9,Exod.22.10,accepted,high
uk5-d7c5395f71f087c3730d,verse_shift;neighbor_better_manual_review,1:1,Exod.22.10,Exod.22.11,accepted,high
uk5-312330925366f120ef7f,verse_shift;neighbor_better_manual_review,1:1,Exod.22.11,Exod.22.12,accepted,high
uk5-27f3d5e688b41ef7ba88,verse_shift;neighbor_better_manual_review,1:1,Exod.22.12,Exod.22.13,accepted,high
uk5-2854d2b9ea6c0f998c7b,verse_shift;neighbor_better_manual_review,1:1,Exod.22.13,Exod.22.14,accepted,high
uk5-b7cabb66062f21af09f7,verse_shift;neighbor_better_manual_review,1:1,Exod.22.14,Exod.22.15,accepted,high
uk5-135cd42959ef387fd2be,verse_shift;neighbor_better_manual_review,1:1,Exod.22.15,Exod.22.16,accepted,high
uk5-a6064ea0c9fa044227d7,verse_shift;neighbor_better_manual_review,1:1,Exod.22.16,Exod.22.17,accepted,high
uk5-7a90ab3bf18b83243556,verse_shift;neighbor_better_manual_review,1:1,Exod.22.17,Exod.22.18,accepted,high
uk5-e4450a10ca332a099bab,verse_shift;neighbor_better_manual_review,1:1,Exod.22.18,Exod.22.19,accepted,high
uk5-f708c9a3dc22fa07f41d,verse_shift;neighbor_better_manual_review,1:1,Exod.22.19,Exod.22.20,accepted,high
uk5-3c18e0ab621976cbbfe1,verse_shift;neighbor_better_manual_review,1:1,Exod.22.20,Exod.22.21,accepted,high
uk5-35c5113b9355b89ba2db,verse_shift;neighbor_better_manual_review,1:1,Exod.22.21,Exod.22.22,accepted,high
uk5-490543e26e8147de397e,verse_shift;neighbor_better_manual_review,1:1,Exod.22.22,Exod.22.23,accepted,high
uk5-d914c514416c2d5db9db,verse_shift;neighbor_better_manual_review,1:1,Exod.22.23,Exod.22.24,accepted,high
uk5-2b530bf10baae573b520,verse_shift;neighbor_better_manual_review,1:1,Exod.22.24,Exod.22.25,accepted,high
uk5-b0dffee80e0f877c4354,verse_shift;neighbor_better_manual_review,1:1,Exod.22.25,Exod.22.26,accepted,high
uk5-db74747c0026449edf83,verse_shift;neighbor_better_manual_review,1:1,Exod.22.26,Exod.22.27,accepted,high
uk5-e208db09c23a0e63c12a,verse_shift;neighbor_better_manual_review,1:1,Exod.22.27,Exod.22.28,accepted,high
uk5-02a2d5afe0eea242118f,verse_shift;neighbor_better_manual_review,1:1,Exod.22.28,Exod.22.29,accepted,high
uk5-401df75b6ee24ddfad80,verse_shift;neighbor_better_manual_review,1:1,Exod.22.29,Exod.22.30,accepted,high
uk5-0c8297aa09fffd7c3b78,verse_shift,1:1,Exod.22.30,Exod.22.31,accepted,high
uk5-fd5152bd4b5aadd40f6e,chapter_boundary_or_shift,1:1,Lev.5.20,Lev.6.1,accepted,high
uk5-efec2c3ee96b75938c5a,chapter_boundary_or_shift,1:1,Lev.5.21,Lev.6.2,accepted,high
uk5-567c5a4d2e7d6cafe6e7,chapter_boundary_or_shift,1:1,Lev.5.22,Lev.6.3,accepted,high
uk5-563e770d67159f2b9e75,chapter_boundary_or_shift,1:1,Lev.5.23,Lev.6.4,accepted,high
uk5-37901222b03e0fe154fb,chapter_boundary_or_shift,1:1,Lev.5.24,Lev.6.5,accepted,high
uk5-28a2932ed0a015394a69,chapter_boundary_or_shift,1:1,Lev.5.25,Lev.6.6,accepted,high
uk5-c110512a003ef12fa3a5,chapter_boundary_or_shift,1:1,Lev.5.26,Lev.6.7,accepted,high
uk5-0e9063fe4fc1cfd3f499,verse_shift,1:1,Lev.6.1,Lev.6.8,accepted,high
uk5-e0fc5c787b2f1b90f776,verse_shift,1:1,Lev.6.2,Lev.6.9,accepted,high
uk5-065df71d5923d92e48cc,verse_shift,1:1,Lev.6.3,Lev.6.10,accepted,high
uk5-6f4ddca99fe600438ef7,verse_shift,1:1,Lev.6.4,Lev.6.11,accepted,high
uk5-b9e6ffd701aa9c55dea1,verse_shift,1:1,Lev.6.5,Lev.6.12,accepted,high
uk5-901dc200fa31355fb10a,verse_shift,1:1,Lev.6.6,Lev.6.13,accepted,high
uk5-8f44ef7ae70c33999665,verse_shift,1:1,Lev.6.7,Lev.6.14,accepted,high
uk5-ecd8e2a895d031c0a4af,verse_shift,1:1,Lev.6.8,Lev.6.15,accepted,high
uk5-4360d83a96fbf68bee7f,verse_shift,1:1,Lev.6.9,Lev.6.16,accepted,high
uk5-638640a89b03ab8b497c,verse_shift,1:1,Lev.6.10,Lev.6.17,accepted,high
uk5-4be43c55b7ec955522a2,verse_shift,1:1,Lev.6.11,Lev.6.18,accepted,high
uk5-180d5911ed30d10936f4,verse_shift,1:1,Lev.6.12,Lev.6.19,accepted,high
uk5-0ac1a3a228a397f294fe,verse_shift,1:1,Lev.6.13,Lev.6.20,accepted,high
uk5-4edd731da3b6c302b01e,verse_shift,1:1,Lev.6.14,Lev.6.21,accepted,high
uk5-10ec13edc101714554d4,verse_shift,1:1,Lev.6.15,Lev.6.22,accepted,high
uk5-066d6a3d087cf0b809a4,verse_shift,1:1,Lev.6.16,Lev.6.23,accepted,high
uk5-e63719a52de79cecf8bd,verse_shift,1:1,Lev.6.17,Lev.6.24,accepted,high
uk5-902285bead06caa8aabf,verse_shift,1:1,Lev.6.18,Lev.6.25,accepted,high
uk5-a9d8eb16f420f4114188,verse_shift,1:1,Lev.6.19,Lev.6.26,accepted,high
uk5-c367ff31fbd49725ab94,verse_shift,1:1,Lev.6.20,Lev.6.27,accepted,high
uk5-856ff5a264ead793ac1b,verse_shift,1:1,Lev.6.21,Lev.6.28,accepted,high
uk5-2b948910f413307e9c8a,verse_shift,1:1,Lev.6.22,Lev.6.29,accepted,high
uk5-31202335dc76bad292b9,verse_shift,1:1,Lev.6.23,Lev.6.30,accepted,high
uk5-020789a643805a4d3913,chapter_boundary_or_shift,1:1,Num.17.1,Num.16.36,accepted,high
uk5-aeae5c26d9e818ab8f2d,chapter_boundary_or_shift,1:1,Num.17.2,Num.16.37,accepted,high
uk5-8d56d1b09e84475ec0a1,chapter_boundary_or_shift,1:1,Num.17.3,Num.16.38,accepted,high
uk5-8ccb95e1b3af60a7bb0f,chapter_boundary_or_shift,1:1,Num.17.4,Num.16.39,accepted,high
uk5-0154586beea710b33fda,chapter_boundary_or_shift,1:1,Num.17.5,Num.16.40,accepted,high
uk5-9e5a6dc317f61df96bcc,chapter_boundary_or_shift,1:1,Num.17.6,Num.16.41,accepted,high
uk5-62a17b1e7b377fc11fd3,chapter_boundary_or_shift,1:1,Num.17.7,Num.16.42,accepted,high
uk5-dd44e4f1fd2d4a7f0ed5,chapter_boundary_or_shift,1:1,Num.17.8,Num.16.43,accepted,high
uk5-b88c055b69fa9e75ff68,chapter_boundary_or_shift,1:1,Num.17.9,Num.16.44,accepted,high
uk5-f1148f1bb99879bcc022,chapter_boundary_or_shift,1:1,Num.17.10,Num.16.45,accepted,high
uk5-d8715f8b4a46eb878c4b,chapter_boundary_or_shift,1:1,Num.17.11,Num.16.46,accepted,high
uk5-df94009681e48c0485b4,chapter_boundary_or_shift,1:1,Num.17.12,Num.16.47,accepted,high
uk5-c68e360c67f1ba17d759,chapter_boundary_or_shift,1:1,Num.17.13,Num.16.48,accepted,high
uk5-530c551615a8c70f4939,chapter_boundary_or_shift,1:1,Num.17.14,Num.16.49,accepted,high
uk5-263507a391e8f201101b,chapter_boundary_or_shift,1:1,Num.17.15,Num.16.50,accepted,high
uk5-f87fe19b1130d94a7c54,verse_shift,1:1,Num.17.16,Num.17.1,accepted,high
uk5-6f33254742927964d6f1,verse_shift,1:1,Num.17.17,Num.17.2,accepted,high
uk5-cfb71065a758aa7e1422,verse_shift,1:1,Num.17.18,Num.17.3,accepted,high
uk5-a85ca449b09cb223b9cf,verse_shift,1:1,Num.17.19,Num.17.4,accepted,high
uk5-c6b2552fa8acd549aa1d,verse_shift,1:1,Num.17.20,Num.17.5,accepted,high
uk5-0ced413a1ce7731ae562,verse_shift,1:1,Num.17.21,Num.17.6,accepted,high
uk5-4be02de94bc1168d65f5,verse_shift,1:1,Num.17.22,Num.17.7,accepted,high
uk5-b256caaa5bb36ef8831d,verse_shift,1:1,Num.17.23,Num.17.8,accepted,high
uk5-4b59986a715473c17ae2,verse_shift,1:1,Num.17.24,Num.17.9,accepted,high
uk5-ac21b093c842123cc566,verse_shift,1:1,Num.17.25,Num.17.10,accepted,high
uk5-414d7bc9abe5316bf284,verse_shift,1:1,Num.17.26,Num.17.11,accepted,high
uk5-4778395c1703f3e2fc4b,verse_shift,1:1,Num.17.27,Num.17.12,accepted,high
uk5-4e3c00af89d34fd1ac42,verse_shift,1:1,Num.17.28,Num.17.13,accepted,high
uk5-d5a81ed1064ef40638df,merge;chapter_boundary_or_shift,merge,Num.25.19;Num.26.1,Num.26.1,accepted,high
uk5-11f4be1494aaae450c99,chapter_boundary_or_shift,1:1,Num.30.1,Num.29.40,accepted,high
uk5-a07d47e4e69ba0797690,verse_shift;neighbor_better_manual_review,1:1,Num.30.2,Num.30.1,accepted,high
uk5-42bca05c201513e122a5,verse_shift;neighbor_better_manual_review,1:1,Num.30.3,Num.30.2,accepted,high
uk5-4c04c1c342bd5e7a1d6c,verse_shift;neighbor_better_manual_review,1:1,Num.30.4,Num.30.3,accepted,high
uk5-51be4f839d8e9325828d,verse_shift;neighbor_better_manual_review,1:1,Num.30.5,Num.30.4,accepted,high
uk5-2a6bdc671f1c1cc6228d,verse_shift;neighbor_better_manual_review,1:1,Num.30.6,Num.30.5,accepted,high
uk5-f86bf18b66c0d2a0ab57,verse_shift;neighbor_better_manual_review,1:1,Num.30.7,Num.30.6,accepted,high
uk5-8e69664d94bf5374ddcd,verse_shift;neighbor_better_manual_review,1:1,Num.30.8,Num.30.7,accepted,high
uk5-d1ce8b5c2b179fee642f,verse_shift;neighbor_better_manual_review,1:1,Num.30.9,Num.30.8,accepted,high
uk5-1fb2558c32b88a794a81,verse_shift;neighbor_better_manual_review,1:1,Num.30.10,Num.30.9,accepted,high
uk5-7c6c9e3d5763066ce342,verse_shift;neighbor_better_manual_review,1:1,Num.30.11,Num.30.10,accepted,high
uk5-6fed2e60ad4cdacfb0d4,verse_shift;neighbor_better_manual_review,1:1,Num.30.12,Num.30.11,accepted,high
uk5-0e4a65810b14035ae74f,verse_shift;neighbor_better_manual_review,1:1,Num.30.13,Num.30.12,accepted,high
uk5-bf1876239608a7316e4d,verse_shift;neighbor_better_manual_review,1:1,Num.30.14,Num.30.13,accepted,high
uk5-b22189e69a0d69c2e2e3,verse_shift;neighbor_better_manual_review,1:1,Num.30.15,Num.30.14,accepted,high
uk5-0af68aca0b999494c6ad,verse_shift;neighbor_better_manual_review,1:1,Num.30.16,Num.30.15,accepted,high
uk5-2efae5e99eecb718f838,verse_shift;neighbor_better_manual_review,1:1,Num.30.17,Num.30.16,accepted,high
uk5-2813d040190dd15ea600,source_context_correction,1:1,Deut.1.1,Deut.1.1,accepted,high
uk5-2848bd75cc609ceee9df,source_context_correction,1:1,Deut.1.2,Deut.1.2,accepted,high
uk5-526a10cfb6b9b2cc48b7,source_context_correction,1:1,Deut.1.3,Deut.1.3,accepted,high
uk5-8b32f4f6ad328ddd3135,source_context_correction,1:1,Deut.1.4,Deut.1.4,accepted,high
uk5-3046ccb565ce9c1997d8,source_context_correction,1:1,Deut.1.5,Deut.1.5,accepted,high
uk5-b2e65574128b524690c2,source_context_correction,1:1,Deut.1.6,Deut.1.6,accepted,high
uk5-b05946fbf2643d4c068c,chapter_boundary_or_shift,1:1,Deut.13.1,Deut.12.32,accepted,high
uk5-733831ceea8bc0e81856,verse_shift;neighbor_better_manual_review,1:1,Deut.13.2,Deut.13.1,accepted,high
uk5-da55a1ce8b9db69ed07b,verse_shift;neighbor_better_manual_review,1:1,Deut.13.3,Deut.13.2,accepted,high
uk5-2190c9d54a5977911499,verse_shift;neighbor_better_manual_review,1:1,Deut.13.4,Deut.13.3,accepted,high
uk5-5c5d8a1ab2540c5d38e3,verse_shift;neighbor_better_manual_review,1:1,Deut.13.5,Deut.13.4,accepted,high
uk5-4a1df910524d3f8d75f2,verse_shift;neighbor_better_manual_review,1:1,Deut.13.6,Deut.13.5,accepted,high
uk5-4a0cf5d2efc075ccab50,verse_shift;neighbor_better_manual_review,1:1,Deut.13.7,Deut.13.6,accepted,high
uk5-be0cc28b007e0da6b9e5,verse_shift;neighbor_better_manual_review,1:1,Deut.13.8,Deut.13.7,accepted,high
uk5-dfeba721b4d8d3e5ceaf,verse_shift;neighbor_better_manual_review,1:1,Deut.13.9,Deut.13.8,accepted,high
uk5-8c945fbeeacaa96a27b4,verse_shift;neighbor_better_manual_review,1:1,Deut.13.10,Deut.13.9,accepted,high
uk5-118ffc07072305d9656a,verse_shift;neighbor_better_manual_review,1:1,Deut.13.11,Deut.13.10,accepted,high
uk5-ca494d9ca64d0bd1ecda,verse_shift;neighbor_better_manual_review,1:1,Deut.13.12,Deut.13.11,accepted,high
uk5-c8c85e261fc0667adee2,verse_shift;neighbor_better_manual_review,1:1,Deut.13.13,Deut.13.12,accepted,high
uk5-4480b41e8330940a9a3d,verse_shift;neighbor_better_manual_review,1:1,Deut.13.14,Deut.13.13,accepted,high
uk5-0348c6157ea7fdfd1a85,verse_shift;neighbor_better_manual_review,1:1,Deut.13.15,Deut.13.14,accepted,high
uk5-04ac63729d588493b585,verse_shift;neighbor_better_manual_review,1:1,Deut.13.16,Deut.13.15,accepted,high
uk5-7690a61512811112e4c6,verse_shift;neighbor_better_manual_review,1:1,Deut.13.17,Deut.13.16,accepted,high
uk5-5723f2e4769cd641684a,verse_shift;neighbor_better_manual_review,1:1,Deut.13.18,Deut.13.17,accepted,high
uk5-dc73f6bb42bc54d398b3,verse_shift;neighbor_better_manual_review,1:1,Deut.13.19,Deut.13.18,accepted,high
uk5-c09929022e01e42e1c97,chapter_boundary_or_shift,1:1,Deut.23.1,Deut.22.30,accepted,high
uk5-fc8381142d3eb08fb7bf,verse_shift;neighbor_better_manual_review,1:1,Deut.23.2,Deut.23.1,accepted,high
uk5-2aa2c88dcdb47d55ef97,verse_shift;neighbor_better_manual_review,1:1,Deut.23.3,Deut.23.2,accepted,high
uk5-84cc2d1ac1aeba529c89,verse_shift;neighbor_better_manual_review,1:1,Deut.23.4,Deut.23.3,accepted,high
uk5-a0ff1b4f1814b114eb4a,verse_shift;neighbor_better_manual_review,1:1,Deut.23.5,Deut.23.4,accepted,high
uk5-86aaf7bbe9c6b14f90db,verse_shift;neighbor_better_manual_review,1:1,Deut.23.6,Deut.23.5,accepted,high
uk5-2db77a84954ac28d0970,verse_shift;neighbor_better_manual_review,1:1,Deut.23.7,Deut.23.6,accepted,high
uk5-a94515cb581dd7673e1b,verse_shift;neighbor_better_manual_review,1:1,Deut.23.8,Deut.23.7,accepted,high
uk5-dbe1892e2e809acb3576,verse_shift;neighbor_better_manual_review,1:1,Deut.23.9,Deut.23.8,accepted,high
uk5-185ecc006aa5e626d775,verse_shift;neighbor_better_manual_review,1:1,Deut.23.10,Deut.23.9,accepted,high
uk5-0450473251ad98ee7a8b,verse_shift;neighbor_better_manual_review,1:1,Deut.23.11,Deut.23.10,accepted,high
uk5-175c8ecf3bc125831413,verse_shift;neighbor_better_manual_review,1:1,Deut.23.12,Deut.23.11,accepted,high
uk5-7782c5bc7ed96b20c423,verse_shift;neighbor_better_manual_review,1:1,Deut.23.13,Deut.23.12,accepted,high
uk5-9464d5ffd33396fb4965,verse_shift;neighbor_better_manual_review,1:1,Deut.23.14,Deut.23.13,accepted,high
uk5-af5cb6d1be21a4af5d31,verse_shift;neighbor_better_manual_review,1:1,Deut.23.15,Deut.23.14,accepted,high
uk5-d7aae36f0043e7fffdd9,verse_shift;neighbor_better_manual_review,1:1,Deut.23.16,Deut.23.15,accepted,high
uk5-0f15b1b41d6e89a0960f,verse_shift;neighbor_better_manual_review,1:1,Deut.23.17,Deut.23.16,accepted,high
uk5-00cd7f66ee7a94a4800c,verse_shift;neighbor_better_manual_review,1:1,Deut.23.18,Deut.23.17,accepted,high
uk5-278693060a7a3efbd193,verse_shift;neighbor_better_manual_review,1:1,Deut.23.19,Deut.23.18,accepted,high
uk5-3a22ed9a966aae9599d7,verse_shift;neighbor_better_manual_review,1:1,Deut.23.20,Deut.23.19,accepted,high
uk5-7bf20008f2a1ed01c54e,verse_shift;neighbor_better_manual_review,1:1,Deut.23.21,Deut.23.20,accepted,high
uk5-132890879c0776047609,verse_shift;neighbor_better_manual_review,1:1,Deut.23.22,Deut.23.21,accepted,high
uk5-4b4ff596a7da2c7c3b72,verse_shift;neighbor_better_manual_review,1:1,Deut.23.23,Deut.23.22,accepted,high
uk5-cdb1ec886c2f0cbeab62,verse_shift;neighbor_better_manual_review,1:1,Deut.23.24,Deut.23.23,accepted,high
uk5-d8cb95cb9c8106431699,verse_shift;neighbor_better_manual_review,1:1,Deut.23.25,Deut.23.24,accepted,high
uk5-ed31b28c58bfd159f8e1,verse_shift;neighbor_better_manual_review,1:1,Deut.23.26,Deut.23.25,accepted,high
uk5-0cd726555f3ed5abf895,chapter_boundary_or_shift;neighbor_better_manual_review,1:1,Deut.28.69,Deut.29.1,accepted,high
uk5-c1ed67aea0582cfdab02,verse_shift;neighbor_better_manual_review,1:1,Deut.29.1,Deut.29.2,accepted,high
uk5-77cb141691995288886e,verse_shift;neighbor_better_manual_review,1:1,Deut.29.2,Deut.29.3,accepted,high
uk5-1e8a7b958c0c687737e4,verse_shift;neighbor_better_manual_review,1:1,Deut.29.3,Deut.29.4,accepted,high
uk5-33438c007f621813a2c7,verse_shift;neighbor_better_manual_review,1:1,Deut.29.4,Deut.29.5,accepted,high
uk5-80239d015533fc7a6541,verse_shift;neighbor_better_manual_review,1:1,Deut.29.5,Deut.29.6,accepted,high
uk5-561c88b1aa693c826c57,verse_shift;neighbor_better_manual_review,1:1,Deut.29.6,Deut.29.7,accepted,high
uk5-6e1a885aace00193771d,verse_shift;neighbor_better_manual_review,1:1,Deut.29.7,Deut.29.8,accepted,high
uk5-25fd937cd57b6be9c13e,verse_shift;neighbor_better_manual_review,1:1,Deut.29.8,Deut.29.9,accepted,high
uk5-8efa9ce8bf066a4c709e,verse_shift;neighbor_better_manual_review,1:1,Deut.29.9,Deut.29.10,accepted,high
uk5-846f10d7ca64b019ea98,verse_shift;neighbor_better_manual_review,1:1,Deut.29.10,Deut.29.11,accepted,high
uk5-5b07882d905745a09518,verse_shift;neighbor_better_manual_review,1:1,Deut.29.11,Deut.29.12,accepted,high
uk5-2b18939d2ec3cdcb5c26,verse_shift;neighbor_better_manual_review,1:1,Deut.29.12,Deut.29.13,accepted,high
uk5-569f2d2c4cbdcc5188bd,verse_shift;neighbor_better_manual_review,1:1,Deut.29.13,Deut.29.14,accepted,high
uk5-20a91dffabfb4d9008b0,verse_shift;neighbor_better_manual_review,1:1,Deut.29.14,Deut.29.15,accepted,high
uk5-7de461cbbfc76ad039bc,verse_shift;neighbor_better_manual_review,1:1,Deut.29.15,Deut.29.16,accepted,high
uk5-04733df1ff9c8b7c072e,verse_shift;neighbor_better_manual_review,1:1,Deut.29.16,Deut.29.17,accepted,high
uk5-27e6a0f0aa9e09a48a4e,verse_shift;neighbor_better_manual_review,1:1,Deut.29.17,Deut.29.18,accepted,high
uk5-3ed5f80f168d87459cba,verse_shift;neighbor_better_manual_review,1:1,Deut.29.18,Deut.29.19,accepted,high
uk5-44f8198f1c47330fedf8,verse_shift;neighbor_better_manual_review,1:1,Deut.29.19,Deut.29.20,accepted,high
uk5-858d36cfbad13c7be34d,verse_shift;neighbor_better_manual_review,1:1,Deut.29.20,Deut.29.21,accepted,high
uk5-8136e5e30a8de2033dbd,verse_shift;neighbor_better_manual_review,1:1,Deut.29.21,Deut.29.22,accepted,high
uk5-643d85f9707378a21d33,verse_shift;neighbor_better_manual_review,1:1,Deut.29.22,Deut.29.23,accepted,high
uk5-9aa0180f70bea887e599,verse_shift;neighbor_better_manual_review,1:1,Deut.29.23,Deut.29.24,accepted,high
uk5-e6f96d60a63fc9016b95,verse_shift;neighbor_better_manual_review,1:1,Deut.29.24,Deut.29.25,accepted,high
uk5-a2103d5362d3e9f006a5,verse_shift;neighbor_better_manual_review,1:1,Deut.29.25,Deut.29.26,accepted,high
uk5-787e1d80dc0b0bce1d2d,verse_shift;neighbor_better_manual_review,1:1,Deut.29.26,Deut.29.27,accepted,high
uk5-b73561547aad6b289d3a,verse_shift;neighbor_better_manual_review,1:1,Deut.29.27,Deut.29.28,accepted,high
uk5-5f64faeec1b82681e147,verse_shift,1:1,Deut.29.28,Deut.29.29,accepted,high
uk5-72ae160a0b07f3f676d7,source_context_correction,1:1,Deut.34.9,Deut.34.9,accepted,high
uk5-a5ced231d89a10e665b2,source_context_correction,1:1,Deut.34.10,Deut.34.10,accepted,high
uk5-d109f9172cdfa803ad1b,source_context_correction,1:1,Deut.34.11,Deut.34.11,accepted,high
uk5-34da5c6427ad85ce61b7,source_context_correction,1:1,Deut.34.12,Deut.34.12,accepted,high
uk5-89c5c7bc97a4fa579dc8,merge;chapter_boundary_or_shift,merge,1Sam.20.42;1Sam.21.1,1Sam.20.42,accepted,high
uk5-dc991ff4dd0f79172d4c,verse_shift;neighbor_better_manual_review,1:1,1Sam.21.2,1Sam.21.1,accepted,high
uk5-7f90b6765d8cd0e24ddb,verse_shift;neighbor_better_manual_review,1:1,1Sam.21.3,1Sam.21.2,accepted,high
uk5-43c2f91c88c7fb48a23c,verse_shift;neighbor_better_manual_review,1:1,1Sam.21.4,1Sam.21.3,accepted,high
uk5-587e27e3508bab5c82dc,verse_shift;neighbor_better_manual_review,1:1,1Sam.21.5,1Sam.21.4,accepted,high
uk5-423523ba5f2252e3c390,verse_shift;neighbor_better_manual_review,1:1,1Sam.21.6,1Sam.21.5,accepted,high
uk5-03df5bc6308a9c9ab66b,verse_shift;neighbor_better_manual_review,1:1,1Sam.21.7,1Sam.21.6,accepted,high
uk5-0f971ce57c4f911faaa6,verse_shift;neighbor_better_manual_review,1:1,1Sam.21.8,1Sam.21.7,accepted,high
uk5-24e2227e74fc6d629ba1,verse_shift;neighbor_better_manual_review,1:1,1Sam.21.9,1Sam.21.8,accepted,high
uk5-dcbe8d19568fa10bd067,verse_shift;neighbor_better_manual_review,1:1,1Sam.21.10,1Sam.21.9,accepted,high
uk5-db198a2253a7642f6c3f,verse_shift;neighbor_better_manual_review,1:1,1Sam.21.11,1Sam.21.10,accepted,high
uk5-e9db5a661f88ea7d78db,verse_shift;neighbor_better_manual_review,1:1,1Sam.21.12,1Sam.21.11,accepted,high
uk5-f17ac0d796d1c7520b7d,verse_shift;neighbor_better_manual_review,1:1,1Sam.21.13,1Sam.21.12,accepted,high
uk5-7f93782a8b877be7ccf3,verse_shift;neighbor_better_manual_review,1:1,1Sam.21.14,1Sam.21.13,accepted,high
uk5-96fab2db453246398588,verse_shift;neighbor_better_manual_review,1:1,1Sam.21.15,1Sam.21.14,accepted,high
uk5-25d252128b9971ca38eb,verse_shift;neighbor_better_manual_review,1:1,1Sam.21.16,1Sam.21.15,accepted,high
uk5-667741701e0bce2e0472,chapter_boundary_or_shift,1:1,1Sam.24.1,1Sam.23.29,accepted,high
uk5-1665308b2ee8665cdcd0,verse_shift;neighbor_better_manual_review,1:1,1Sam.24.2,1Sam.24.1,accepted,high
uk5-d95c2d1a1d2452b32081,verse_shift;neighbor_better_manual_review,1:1,1Sam.24.3,1Sam.24.2,accepted,high
uk5-50dfbd35f032290cae12,verse_shift;neighbor_better_manual_review,1:1,1Sam.24.4,1Sam.24.3,accepted,high
uk5-48f441ac6de7c367c4ae,verse_shift;neighbor_better_manual_review,1:1,1Sam.24.5,1Sam.24.4,accepted,high
uk5-8e5b87625a37d0f8b8cc,verse_shift;neighbor_better_manual_review,1:1,1Sam.24.6,1Sam.24.5,accepted,high
uk5-3acd5ab74b115e7e2fe5,verse_shift;neighbor_better_manual_review,1:1,1Sam.24.7,1Sam.24.6,accepted,high
uk5-0a7544afb2c3641c50bf,verse_shift;neighbor_better_manual_review,1:1,1Sam.24.8,1Sam.24.7,accepted,high
uk5-d55b8aa629f10263d4e6,verse_shift;neighbor_better_manual_review,1:1,1Sam.24.9,1Sam.24.8,accepted,high
uk5-056991a117c0487a5a9b,verse_shift;neighbor_better_manual_review,1:1,1Sam.24.10,1Sam.24.9,accepted,high
uk5-1588a536e1cae0647872,verse_shift;neighbor_better_manual_review,1:1,1Sam.24.11,1Sam.24.10,accepted,high
uk5-a85cf862e9ddd1b3ab99,verse_shift;neighbor_better_manual_review,1:1,1Sam.24.12,1Sam.24.11,accepted,high
uk5-fd663c8c5b93cd6da776,verse_shift;neighbor_better_manual_review,1:1,1Sam.24.13,1Sam.24.12,accepted,high
uk5-164c60c12b5dcc695bc7,verse_shift;neighbor_better_manual_review,1:1,1Sam.24.14,1Sam.24.13,accepted,high
uk5-984c391a9ea69f52d53c,verse_shift;neighbor_better_manual_review,1:1,1Sam.24.15,1Sam.24.14,accepted,high
uk5-8e3e53a853ed5367168f,verse_shift;neighbor_better_manual_review,1:1,1Sam.24.16,1Sam.24.15,accepted,high
uk5-8b2125295c05fd364a53,verse_shift;neighbor_better_manual_review,1:1,1Sam.24.17,1Sam.24.16,accepted,high
uk5-1cca431e094298ca40d4,verse_shift;neighbor_better_manual_review,1:1,1Sam.24.18,1Sam.24.17,accepted,high
uk5-4d18026275e02b30892f,verse_shift;neighbor_better_manual_review,1:1,1Sam.24.19,1Sam.24.18,accepted,high
uk5-f292d581035c66cd64c0,verse_shift;neighbor_better_manual_review,1:1,1Sam.24.20,1Sam.24.19,accepted,high
uk5-0e3aefe38fd471d4634f,verse_shift;neighbor_better_manual_review,1:1,1Sam.24.21,1Sam.24.20,accepted,high
uk5-7b0abfe5a3b0352cfb2f,verse_shift;neighbor_better_manual_review,1:1,1Sam.24.22,1Sam.24.21,accepted,high
uk5-24d9fdc1d275612c4175,verse_shift;neighbor_better_manual_review,1:1,1Sam.24.23,1Sam.24.22,accepted,high
uk5-7597f49b2e909128aa27,chapter_boundary_or_shift,1:1,2Sam.19.1,2Sam.18.33,accepted,high
uk5-d2ccc36810472c3bf3cb,verse_shift;neighbor_better_manual_review,1:1,2Sam.19.2,2Sam.19.1,accepted,high
uk5-cda1567b0c93140d46da,verse_shift;neighbor_better_manual_review,1:1,2Sam.19.3,2Sam.19.2,accepted,high
uk5-7ada14900ea0967d3aa8,verse_shift;neighbor_better_manual_review,1:1,2Sam.19.4,2Sam.19.3,accepted,high
uk5-546705ed14e963a03ab1,verse_shift;neighbor_better_manual_review,1:1,2Sam.19.5,2Sam.19.4,accepted,high
uk5-52322a22acb661457f44,verse_shift;neighbor_better_manual_review,1:1,2Sam.19.6,2Sam.19.5,accepted,high
uk5-b1e9b236c4deea058bca,verse_shift;neighbor_better_manual_review,1:1,2Sam.19.7,2Sam.19.6,accepted,high
uk5-20d848a1c72bdb43e00c,verse_shift;neighbor_better_manual_review,1:1,2Sam.19.8,2Sam.19.7,accepted,high
uk5-bddf880ec4fd631dfddd,verse_shift;neighbor_better_manual_review,1:1,2Sam.19.9,2Sam.19.8,accepted,high
uk5-0df5f63cdf6ea196ebf4,verse_shift;neighbor_better_manual_review,1:1,2Sam.19.10,2Sam.19.9,accepted,high
uk5-d2cef2877fda7ca034b1,verse_shift;neighbor_better_manual_review,1:1,2Sam.19.11,2Sam.19.10,accepted,high
uk5-5a457c1224a697218ce3,verse_shift;neighbor_better_manual_review,1:1,2Sam.19.12,2Sam.19.11,accepted,high
uk5-ae5b20ce8b18853d6bd7,verse_shift;neighbor_better_manual_review,1:1,2Sam.19.13,2Sam.19.12,accepted,high
uk5-f15cabe5ada6173460f4,verse_shift;neighbor_better_manual_review,1:1,2Sam.19.14,2Sam.19.13,accepted,high
uk5-12bf999e80b11d9089af,verse_shift;neighbor_better_manual_review,1:1,2Sam.19.15,2Sam.19.14,accepted,high
uk5-4bd0fcdb22b9a4df1c85,verse_shift;neighbor_better_manual_review,1:1,2Sam.19.16,2Sam.19.15,accepted,high
uk5-a2a04cd29166df832604,verse_shift;neighbor_better_manual_review,1:1,2Sam.19.17,2Sam.19.16,accepted,high
uk5-73d6263c7a110714339b,verse_shift;neighbor_better_manual_review,1:1,2Sam.19.18,2Sam.19.17,accepted,high
uk5-141852962ce1d2f2e0e6,verse_shift;neighbor_better_manual_review,1:1,2Sam.19.19,2Sam.19.18,accepted,high
uk5-d81957e9d42dfafc04ff,verse_shift;neighbor_better_manual_review,1:1,2Sam.19.20,2Sam.19.19,accepted,high
uk5-e51860e55349c43512f2,verse_shift;neighbor_better_manual_review,1:1,2Sam.19.21,2Sam.19.20,accepted,high
uk5-442586b0f0e299e2f92e,verse_shift;neighbor_better_manual_review,1:1,2Sam.19.22,2Sam.19.21,accepted,high
uk5-3bb4db1c2292f2fe24b3,verse_shift;neighbor_better_manual_review,1:1,2Sam.19.23,2Sam.19.22,accepted,high
uk5-6c1cb0554e81862f504c,verse_shift;neighbor_better_manual_review,1:1,2Sam.19.24,2Sam.19.23,accepted,high
uk5-faae610334ad7fbb3951,verse_shift;neighbor_better_manual_review,1:1,2Sam.19.25,2Sam.19.24,accepted,high
uk5-f7386284ae56f558d790,verse_shift;neighbor_better_manual_review,1:1,2Sam.19.26,2Sam.19.25,accepted,high
uk5-69e52c266f70ce0790c9,verse_shift;neighbor_better_manual_review,1:1,2Sam.19.27,2Sam.19.26,accepted,high
uk5-88fcafbd062fa3612921,verse_shift;neighbor_better_manual_review,1:1,2Sam.19.28,2Sam.19.27,accepted,high
uk5-d4dffd107e33b108b5ec,verse_shift;neighbor_better_manual_review,1:1,2Sam.19.29,2Sam.19.28,accepted,high
uk5-254355e77d243adc0213,verse_shift;neighbor_better_manual_review,1:1,2Sam.19.30,2Sam.19.29,accepted,high
uk5-bc849eff911798ec52ca,verse_shift;neighbor_better_manual_review,1:1,2Sam.19.31,2Sam.19.30,accepted,high
uk5-cd2f00b7cabd7cd9765f,verse_shift;neighbor_better_manual_review,1:1,2Sam.19.32,2Sam.19.31,accepted,high
uk5-2b59d8926cae7de4cf4a,verse_shift;neighbor_better_manual_review,1:1,2Sam.19.33,2Sam.19.32,accepted,high
uk5-980ca636ed2a5049ac5d,verse_shift;neighbor_better_manual_review,1:1,2Sam.19.34,2Sam.19.33,accepted,high
uk5-f0f4c6e8a8db7aed6488,verse_shift;neighbor_better_manual_review,1:1,2Sam.19.35,2Sam.19.34,accepted,high
uk5-1e47dea419ad27efe61a,verse_shift;neighbor_better_manual_review,1:1,2Sam.19.36,2Sam.19.35,accepted,high
uk5-2cf5b21ef3f3bd78414b,verse_shift;neighbor_better_manual_review,1:1,2Sam.19.37,2Sam.19.36,accepted,high
uk5-315f938804c2793f532f,verse_shift;neighbor_better_manual_review,1:1,2Sam.19.38,2Sam.19.37,accepted,high
uk5-df7984b5cc19e847bb98,verse_shift;neighbor_better_manual_review,1:1,2Sam.19.39,2Sam.19.38,accepted,high
uk5-ad28a1e5f3635b7dcc36,verse_shift;neighbor_better_manual_review,1:1,2Sam.19.40,2Sam.19.39,accepted,high
uk5-66033f36bdf04dce997d,verse_shift;neighbor_better_manual_review,1:1,2Sam.19.41,2Sam.19.40,accepted,high
uk5-24a58d4cb9c33aafec2a,verse_shift;neighbor_better_manual_review,1:1,2Sam.19.42,2Sam.19.41,accepted,high
uk5-799177f8a759d40f9789,verse_shift;neighbor_better_manual_review,1:1,2Sam.19.43,2Sam.19.42,accepted,high
uk5-49edfca562748f360bea,verse_shift;neighbor_better_manual_review,1:1,2Sam.19.44,2Sam.19.43,accepted,high
uk5-5e8d476866875215ada2,chapter_boundary_or_shift,1:1,1Kgs.5.1,1Kgs.4.21,accepted,high
uk5-7e25c1d4fe9eae6660bc,chapter_boundary_or_shift,1:1,1Kgs.5.2,1Kgs.4.22,accepted,high
uk5-49524bc6a07336eba0f3,chapter_boundary_or_shift,1:1,1Kgs.5.3,1Kgs.4.23,accepted,high
uk5-797b8fe832e6aa3a09fc,chapter_boundary_or_shift,1:1,1Kgs.5.4,1Kgs.4.24,accepted,high
uk5-426e18aee6c0f6f8f03e,chapter_boundary_or_shift,1:1,1Kgs.5.5,1Kgs.4.25,accepted,high
uk5-dedda5cb9849f7d8a9a6,chapter_boundary_or_shift,1:1,1Kgs.5.6,1Kgs.4.26,accepted,high
uk5-731f501c7fb4ce9a2d9c,chapter_boundary_or_shift,1:1,1Kgs.5.7,1Kgs.4.27,accepted,high
uk5-d31faf56ddf2039a4d26,chapter_boundary_or_shift,1:1,1Kgs.5.8,1Kgs.4.28,accepted,high
uk5-365c791fbf5b9d463ce0,chapter_boundary_or_shift,1:1,1Kgs.5.9,1Kgs.4.29,accepted,high
uk5-1643364c3b0dba9d52dc,chapter_boundary_or_shift,1:1,1Kgs.5.10,1Kgs.4.30,accepted,high
uk5-f23489a80222ad45c01b,chapter_boundary_or_shift,1:1,1Kgs.5.11,1Kgs.4.31,accepted,high
uk5-4a81285d85d071a4363a,chapter_boundary_or_shift,1:1,1Kgs.5.12,1Kgs.4.32,accepted,high
uk5-49d68935cc47910429f1,chapter_boundary_or_shift,1:1,1Kgs.5.13,1Kgs.4.33,accepted,high
uk5-2dd644c2356ade4c4ac9,chapter_boundary_or_shift,1:1,1Kgs.5.14,1Kgs.4.34,accepted,high
uk5-f971502a1b2ef926f6b2,verse_shift,1:1,1Kgs.5.15,1Kgs.5.1,accepted,high
uk5-e6e4835640980cd8754d,verse_shift,1:1,1Kgs.5.16,1Kgs.5.2,accepted,high
uk5-fd8c536f703eb605b7a9,verse_shift,1:1,1Kgs.5.17,1Kgs.5.3,accepted,high
uk5-4426cc70b39ea9822bf6,verse_shift,1:1,1Kgs.5.18,1Kgs.5.4,accepted,high
uk5-f931b8a66f46af1f3f7f,verse_shift,1:1,1Kgs.5.19,1Kgs.5.5,accepted,high
uk5-91dcc8923de460627346,verse_shift,1:1,1Kgs.5.20,1Kgs.5.6,accepted,high
uk5-71f9dcb2c18b8ae3fc65,verse_shift,1:1,1Kgs.5.21,1Kgs.5.7,accepted,high
uk5-a8fe864536503bfc91a5,verse_shift,1:1,1Kgs.5.22,1Kgs.5.8,accepted,high
uk5-3982f3a350f5fcf640c7,verse_shift,1:1,1Kgs.5.23,1Kgs.5.9,accepted,high
uk5-5dabeaf9a88872702067,verse_shift,1:1,1Kgs.5.24,1Kgs.5.10,accepted,high
uk5-9ac1d0b34ab6b3724c91,verse_shift,1:1,1Kgs.5.25,1Kgs.5.11,accepted,high
uk5-2b039dfeb4f0981a9ef6,verse_shift,1:1,1Kgs.5.26,1Kgs.5.12,accepted,high
uk5-28b18d52453e9ff9815a,verse_shift,1:1,1Kgs.5.27,1Kgs.5.13,accepted,high
uk5-220f34fb2edc344c0254,verse_shift,1:1,1Kgs.5.28,1Kgs.5.14,accepted,high
uk5-3be004d1479f43ad963a,verse_shift,1:1,1Kgs.5.29,1Kgs.5.15,accepted,high
uk5-eb9a912984c1fd13ff5b,verse_shift,1:1,1Kgs.5.30,1Kgs.5.16,accepted,high
uk5-006646d0594258da7bfc,verse_shift,1:1,1Kgs.5.31,1Kgs.5.17,accepted,high
uk5-2a5ff2f8a1b2cfd22192,verse_shift,1:1,1Kgs.5.32,1Kgs.5.18,accepted,high
uk5-c8bf69422fcf4923b8e2,merge;verse_shift,merge,1Kgs.22.43;1Kgs.22.44,1Kgs.22.43,accepted,high
uk5-58cc2ca5bdf11ff7c8de,verse_shift;neighbor_better_manual_review,1:1,1Kgs.22.45,1Kgs.22.44,accepted,high
uk5-3ba65b889cdde1b07faa,verse_shift;neighbor_better_manual_review,1:1,1Kgs.22.46,1Kgs.22.45,accepted,high
uk5-920fd6555b0d8c641114,verse_shift;neighbor_better_manual_review,1:1,1Kgs.22.47,1Kgs.22.46,accepted,high
uk5-f054ccb8cb16b279b3a2,verse_shift;neighbor_better_manual_review,1:1,1Kgs.22.48,1Kgs.22.47,accepted,high
uk5-8e5e6252a646ea8f8221,verse_shift;neighbor_better_manual_review,1:1,1Kgs.22.49,1Kgs.22.48,accepted,high
uk5-9c437c8642fa71ab285c,verse_shift;neighbor_better_manual_review,1:1,1Kgs.22.50,1Kgs.22.49,accepted,high
uk5-2645e08fa1f1bf91e854,verse_shift;neighbor_better_manual_review,1:1,1Kgs.22.51,1Kgs.22.50,accepted,high
uk5-d48fb701a4f5712e810d,verse_shift;neighbor_better_manual_review,1:1,1Kgs.22.52,1Kgs.22.51,accepted,high
uk5-35b2285e9d3790025499,verse_shift;neighbor_better_manual_review,1:1,1Kgs.22.53,1Kgs.22.52,accepted,high
uk5-dc1be4b09c1784442c94,verse_shift;neighbor_better_manual_review,1:1,1Kgs.22.54,1Kgs.22.53,accepted,high
uk5-4bfb9826f3e05b54eb83,chapter_boundary_or_shift,1:1,2Kgs.12.1,2Kgs.11.21,accepted,high
uk5-f0badd9920205ee38d85,verse_shift;neighbor_better_manual_review,1:1,2Kgs.12.2,2Kgs.12.1,accepted,high
uk5-5a2a4f873203ee8e1277,verse_shift;neighbor_better_manual_review,1:1,2Kgs.12.3,2Kgs.12.2,accepted,high
uk5-30eeefeefd425598dc5c,verse_shift;neighbor_better_manual_review,1:1,2Kgs.12.4,2Kgs.12.3,accepted,high
uk5-c6f25d5d362e1cbfdf1f,verse_shift;neighbor_better_manual_review,1:1,2Kgs.12.5,2Kgs.12.4,accepted,high
uk5-c1c10f3d33efafed7c02,verse_shift;neighbor_better_manual_review,1:1,2Kgs.12.6,2Kgs.12.5,accepted,high
uk5-0066b7ef5bfe24301bc3,verse_shift;neighbor_better_manual_review,1:1,2Kgs.12.7,2Kgs.12.6,accepted,high
uk5-b6b1ff654d1d2bbeaf1a,verse_shift;neighbor_better_manual_review,1:1,2Kgs.12.8,2Kgs.12.7,accepted,high
uk5-d548c9fcd6b4bb1bac48,verse_shift;neighbor_better_manual_review,1:1,2Kgs.12.9,2Kgs.12.8,accepted,high
uk5-a5981d7c5e617be02cc5,verse_shift;neighbor_better_manual_review,1:1,2Kgs.12.10,2Kgs.12.9,accepted,high
uk5-e0ad512ecf78e8d12242,verse_shift;neighbor_better_manual_review,1:1,2Kgs.12.11,2Kgs.12.10,accepted,high
uk5-9de85b2784d3fe78b34c,verse_shift;neighbor_better_manual_review,1:1,2Kgs.12.12,2Kgs.12.11,accepted,high
uk5-c7873f2acce3082c6bed,verse_shift;neighbor_better_manual_review,1:1,2Kgs.12.13,2Kgs.12.12,accepted,high
uk5-a0868a54bad9b2ea73a8,verse_shift;neighbor_better_manual_review,1:1,2Kgs.12.14,2Kgs.12.13,accepted,high
uk5-38ef5a643008aadfd734,verse_shift;neighbor_better_manual_review,1:1,2Kgs.12.15,2Kgs.12.14,accepted,high
uk5-d54da5d0a0a1d5076948,verse_shift;neighbor_better_manual_review,1:1,2Kgs.12.16,2Kgs.12.15,accepted,high
uk5-7574f2b071da85445f70,verse_shift;neighbor_better_manual_review,1:1,2Kgs.12.17,2Kgs.12.16,accepted,high
uk5-0ea35cdd6db0287bfb2b,verse_shift;neighbor_better_manual_review,1:1,2Kgs.12.18,2Kgs.12.17,accepted,high
uk5-e501f25742aafd171a7b,verse_shift;neighbor_better_manual_review,1:1,2Kgs.12.19,2Kgs.12.18,accepted,high
uk5-a69e85b72ebf67e89c52,verse_shift;neighbor_better_manual_review,1:1,2Kgs.12.20,2Kgs.12.19,accepted,high
uk5-995c7d94913eef0b151f,verse_shift;neighbor_better_manual_review,1:1,2Kgs.12.21,2Kgs.12.20,accepted,high
uk5-dc160e0685dc1791ffc0,verse_shift;neighbor_better_manual_review,1:1,2Kgs.12.22,2Kgs.12.21,accepted,high
uk5-22f1d766245c2a832d42,chapter_boundary_or_shift,1:1,1Chr.5.27,1Chr.6.1,accepted,high
uk5-83faa099175b5cd873e2,chapter_boundary_or_shift,1:1,1Chr.5.28,1Chr.6.2,accepted,high
uk5-d7174772fd6ee16a8baf,chapter_boundary_or_shift,1:1,1Chr.5.29,1Chr.6.3,accepted,high
uk5-17c901b78d8405bb9be5,chapter_boundary_or_shift,1:1,1Chr.5.30,1Chr.6.4,accepted,high
uk5-5dc9dab2cbdc7a1abee5,chapter_boundary_or_shift,1:1,1Chr.5.31,1Chr.6.5,accepted,high
uk5-82cae22eef561bed042a,chapter_boundary_or_shift,1:1,1Chr.5.32,1Chr.6.6,accepted,high
uk5-278321013bbf2417855f,chapter_boundary_or_shift,1:1,1Chr.5.33,1Chr.6.7,accepted,high
uk5-c6c29373221a0772d117,chapter_boundary_or_shift,1:1,1Chr.5.34,1Chr.6.8,accepted,high
uk5-baf868dbbda964301e0b,chapter_boundary_or_shift,1:1,1Chr.5.35,1Chr.6.9,accepted,high
uk5-2418b66cca8024ef9d7b,chapter_boundary_or_shift,1:1,1Chr.5.36,1Chr.6.10,accepted,high
uk5-66f44ff2637cd1075b4b,chapter_boundary_or_shift,1:1,1Chr.5.37,1Chr.6.11,accepted,high
uk5-48526416c92f0940bbe7,chapter_boundary_or_shift,1:1,1Chr.5.38,1Chr.6.12,accepted,high
uk5-9845a2378ddfcc790568,chapter_boundary_or_shift,1:1,1Chr.5.39,1Chr.6.13,accepted,high
uk5-d20178de25c8d765f305,chapter_boundary_or_shift,1:1,1Chr.5.40,1Chr.6.14,accepted,high
uk5-4a5c7b85e2a6be06ccf7,chapter_boundary_or_shift,1:1,1Chr.5.41,1Chr.6.15,accepted,high
uk5-5d10380c30eb423fa0d6,verse_shift,1:1,1Chr.6.1,1Chr.6.16,accepted,high
uk5-9fd1d998411808faa018,verse_shift,1:1,1Chr.6.2,1Chr.6.17,accepted,high
uk5-109eeb7c1a3356074523,verse_shift,1:1,1Chr.6.3,1Chr.6.18,accepted,high
uk5-add840995d7f0dc259c3,verse_shift,1:1,1Chr.6.4,1Chr.6.19,accepted,high
uk5-53e37a84a85a082c828a,verse_shift,1:1,1Chr.6.5,1Chr.6.20,accepted,high
uk5-de71d880dc2075e91fec,verse_shift,1:1,1Chr.6.6,1Chr.6.21,accepted,high
uk5-a148564f1b7f91e52581,verse_shift,1:1,1Chr.6.7,1Chr.6.22,accepted,high
uk5-3f0a6af115e8e15012c5,verse_shift,1:1,1Chr.6.8,1Chr.6.23,accepted,high
uk5-ee45f3d58a37a3ed39d0,verse_shift,1:1,1Chr.6.9,1Chr.6.24,accepted,high
uk5-1a67546e96365cdee0f8,verse_shift,1:1,1Chr.6.10,1Chr.6.25,accepted,high
uk5-a82f89f3f63d99a6ef99,verse_shift,1:1,1Chr.6.11,1Chr.6.26,accepted,high
uk5-1efd73a7187df1470b4b,verse_shift,1:1,1Chr.6.12,1Chr.6.27,accepted,high
uk5-0d45d2b9d1cec5715ad2,verse_shift,1:1,1Chr.6.13,1Chr.6.28,accepted,high
uk5-f28a6f566e6bb1a28e04,verse_shift,1:1,1Chr.6.14,1Chr.6.29,accepted,high
uk5-3ab74461d48e12baf177,verse_shift,1:1,1Chr.6.15,1Chr.6.30,accepted,high
uk5-7c99096fc9db9de37326,verse_shift,1:1,1Chr.6.16,1Chr.6.31,accepted,high
uk5-7b82b64bb76a2f658bfc,verse_shift,1:1,1Chr.6.17,1Chr.6.32,accepted,high
uk5-54d2db7f22d3e9b07e87,verse_shift,1:1,1Chr.6.18,1Chr.6.33,accepted,high
uk5-f0b2416410e36cea5c5d,verse_shift,1:1,1Chr.6.19,1Chr.6.34,accepted,high
uk5-7dd7e1a7205b0974aa74,verse_shift,1:1,1Chr.6.20,1Chr.6.35,accepted,high
uk5-c919791ef8e9dec5a014,verse_shift,1:1,1Chr.6.21,1Chr.6.36,accepted,high
uk5-603cdb8854b08cdf954f,verse_shift,1:1,1Chr.6.22,1Chr.6.37,accepted,high
uk5-b17b0ca6c2f0dee14cbd,verse_shift,1:1,1Chr.6.23,1Chr.6.38,accepted,high
uk5-bad3051eb52fe460f954,verse_shift,1:1,1Chr.6.24,1Chr.6.39,accepted,high
uk5-8b725537765dad980962,verse_shift,1:1,1Chr.6.25,1Chr.6.40,accepted,high
uk5-9eb41dfa93d7355b1045,verse_shift,1:1,1Chr.6.26,1Chr.6.41,accepted,high
uk5-e0a8b8c9f930071346db,verse_shift,1:1,1Chr.6.27,1Chr.6.42,accepted,high
uk5-419778cbfb130b5c01a7,verse_shift,1:1,1Chr.6.28,1Chr.6.43,accepted,high
uk5-8c6a308e9f1a6c7e80d9,verse_shift,1:1,1Chr.6.29,1Chr.6.44,accepted,high
uk5-6b3e40bf7a6c34217b01,verse_shift,1:1,1Chr.6.30,1Chr.6.45,accepted,high
uk5-4e60fc39b7489f85b541,verse_shift,1:1,1Chr.6.31,1Chr.6.46,accepted,high
uk5-4c398a94e0118ecbc38a,verse_shift,1:1,1Chr.6.32,1Chr.6.47,accepted,high
uk5-aee446d31ad3e4714236,verse_shift,1:1,1Chr.6.33,1Chr.6.48,accepted,high
uk5-d45419f730897725d7b8,verse_shift,1:1,1Chr.6.34,1Chr.6.49,accepted,high
uk5-23cd0817a12cbe401820,verse_shift,1:1,1Chr.6.35,1Chr.6.50,accepted,high
uk5-ee9c8c414df7608bbdcb,verse_shift,1:1,1Chr.6.36,1Chr.6.51,accepted,high
uk5-41fecd2edbe00012fba7,verse_shift,1:1,1Chr.6.37,1Chr.6.52,accepted,high
uk5-b842fe5ca9e8382c2b85,verse_shift,1:1,1Chr.6.38,1Chr.6.53,accepted,high
uk5-a7e595881ded84fef88a,verse_shift,1:1,1Chr.6.39,1Chr.6.54,accepted,high
uk5-a0572b7b8f1f4eab44e4,verse_shift,1:1,1Chr.6.40,1Chr.6.55,accepted,high
uk5-cf45eadc72b531a53446,verse_shift,1:1,1Chr.6.41,1Chr.6.56,accepted,high
uk5-bdcc9e8172f1808b2f7d,verse_shift,1:1,1Chr.6.42,1Chr.6.57,accepted,high
uk5-a55547a7006b9c1d2855,verse_shift,1:1,1Chr.6.43,1Chr.6.58,accepted,high
uk5-367eb13edbb8a1a29114,verse_shift,1:1,1Chr.6.44,1Chr.6.59,accepted,high
uk5-44056d5eb3c4239fe390,verse_shift,1:1,1Chr.6.45,1Chr.6.60,accepted,high
uk5-4a4aa63503c18b1e9360,verse_shift,1:1,1Chr.6.46,1Chr.6.61,accepted,high
uk5-f35a8bfba625ed34fa7e,verse_shift,1:1,1Chr.6.47,1Chr.6.62,accepted,high
uk5-d8644fdcdf70c347bc03,verse_shift,1:1,1Chr.6.48,1Chr.6.63,accepted,high
uk5-7e6b6026461b2b3e21e5,verse_shift,1:1,1Chr.6.49,1Chr.6.64,accepted,high
uk5-a46d918e4c3ce6a3c105,verse_shift,1:1,1Chr.6.50,1Chr.6.65,accepted,high
uk5-75d066ad8b1929cd85e0,verse_shift,1:1,1Chr.6.51,1Chr.6.66,accepted,high
uk5-3a5b8defab7ee446426a,verse_shift,1:1,1Chr.6.52,1Chr.6.67,accepted,high
uk5-f3a3d9704269f4f14dc0,verse_shift,1:1,1Chr.6.53,1Chr.6.68,accepted,high
uk5-115ddc2543cec8360dd3,verse_shift,1:1,1Chr.6.54,1Chr.6.69,accepted,high
uk5-6cdaeb8054814f63d1a7,verse_shift,1:1,1Chr.6.55,1Chr.6.70,accepted,high
uk5-bf052186764c83575b52,verse_shift,1:1,1Chr.6.56,1Chr.6.71,accepted,high
uk5-766342efab460f257fbf,verse_shift,1:1,1Chr.6.57,1Chr.6.72,accepted,high
uk5-42f9087faa64685a185e,verse_shift,1:1,1Chr.6.58,1Chr.6.73,accepted,high
uk5-2629849ec1490714f76a,verse_shift,1:1,1Chr.6.59,1Chr.6.74,accepted,high
uk5-62f7b9d047fa24689809,verse_shift,1:1,1Chr.6.60,1Chr.6.75,accepted,high
uk5-dc08613371cc5a6ce5eb,verse_shift,1:1,1Chr.6.61,1Chr.6.76,accepted,high
uk5-1a944489dd1cb33657fa,verse_shift,1:1,1Chr.6.62,1Chr.6.77,accepted,high
uk5-3c5fa98b70d88b0d0b61,verse_shift,1:1,1Chr.6.63,1Chr.6.78,accepted,high
uk5-1a7d9e0cc8c21e90a768,verse_shift,1:1,1Chr.6.64,1Chr.6.79,accepted,high
uk5-746ce93f7a8d501b924a,verse_shift,1:1,1Chr.6.65,1Chr.6.80,accepted,high
uk5-a29bc6d3fe566e3fb524,verse_shift,1:1,1Chr.6.66,1Chr.6.81,accepted,high
uk5-f79390538a97e2a6e9f1,chapter_boundary_or_shift;neighbor_better_manual_review,1:1,2Chr.1.18,2Chr.2.1,accepted,high
uk5-ed512aa1a26e8dc7e004,verse_shift;neighbor_better_manual_review,1:1,2Chr.2.1,2Chr.2.2,accepted,high
uk5-9c7fb8c1af9aa7a5514d,verse_shift;neighbor_better_manual_review,1:1,2Chr.2.2,2Chr.2.3,accepted,high
uk5-2ef7ede100c280fdec0a,verse_shift;neighbor_better_manual_review,1:1,2Chr.2.3,2Chr.2.4,accepted,high
uk5-91a28da61270a4ff5f1d,verse_shift;neighbor_better_manual_review,1:1,2Chr.2.4,2Chr.2.5,accepted,high
uk5-f3fde646cd71dd6d31d5,verse_shift;neighbor_better_manual_review,1:1,2Chr.2.5,2Chr.2.6,accepted,high
uk5-81c6a34958e96d4bd342,verse_shift;neighbor_better_manual_review,1:1,2Chr.2.6,2Chr.2.7,accepted,high
uk5-cc02640be360158389b4,verse_shift;neighbor_better_manual_review,1:1,2Chr.2.7,2Chr.2.8,accepted,high
uk5-6a2fd26027e1784f05e0,verse_shift;neighbor_better_manual_review,1:1,2Chr.2.8,2Chr.2.9,accepted,high
uk5-60c5d39e10852a12bed1,verse_shift;neighbor_better_manual_review,1:1,2Chr.2.9,2Chr.2.10,accepted,high
uk5-5223f67c1c3fd3dd52fc,verse_shift;neighbor_better_manual_review,1:1,2Chr.2.10,2Chr.2.11,accepted,high
uk5-554c120ae37d989c01e6,verse_shift;neighbor_better_manual_review,1:1,2Chr.2.11,2Chr.2.12,accepted,high
uk5-c4c274c07466a5a2d10e,verse_shift;neighbor_better_manual_review,1:1,2Chr.2.12,2Chr.2.13,accepted,high
uk5-70b0449782d3e51a7a7c,verse_shift;neighbor_better_manual_review,1:1,2Chr.2.13,2Chr.2.14,accepted,high
uk5-f46e6525523a3cdd36d1,verse_shift;neighbor_better_manual_review,1:1,2Chr.2.14,2Chr.2.15,accepted,high
uk5-9dea2c67671672c33813,verse_shift;neighbor_better_manual_review,1:1,2Chr.2.15,2Chr.2.16,accepted,high
uk5-a9fba45eaa1dd58c7493,verse_shift;neighbor_better_manual_review,1:1,2Chr.2.16,2Chr.2.17,accepted,high
uk5-6bd16fd36db1b25f8c67,verse_shift,1:1,2Chr.2.17,2Chr.2.18,accepted,high
uk5-0610ce90421d68ba131f,split;chapter_boundary_or_shift;neighbor_better_manual_review,split,2Chr.13.23,2Chr.13.23;2Chr.14.1,accepted,high
uk5-031fb2bec9b27ff0abd9,verse_shift;neighbor_better_manual_review,1:1,2Chr.14.1,2Chr.14.2,accepted,high
uk5-e800a0c315dc6b335a4d,verse_shift;neighbor_better_manual_review,1:1,2Chr.14.2,2Chr.14.3,accepted,high
uk5-de976b33b6cadf708eef,verse_shift;neighbor_better_manual_review,1:1,2Chr.14.3,2Chr.14.4,accepted,high
uk5-c435605bf8949c7e861e,verse_shift;neighbor_better_manual_review,1:1,2Chr.14.4,2Chr.14.5,accepted,high
uk5-a5934aec0427fe829ca9,verse_shift;neighbor_better_manual_review,1:1,2Chr.14.5,2Chr.14.6,accepted,high
uk5-de61775f1742fa405095,verse_shift;neighbor_better_manual_review,1:1,2Chr.14.6,2Chr.14.7,accepted,high
uk5-dcbc89e6999687cf1aa8,verse_shift;neighbor_better_manual_review,1:1,2Chr.14.7,2Chr.14.8,accepted,high
uk5-5edeec5c6d8506a3d783,verse_shift;neighbor_better_manual_review,1:1,2Chr.14.8,2Chr.14.9,accepted,high
uk5-dac6618527200ec01194,verse_shift;neighbor_better_manual_review,1:1,2Chr.14.9,2Chr.14.10,accepted,high
uk5-00ec0f4cd2ca2a04a53b,verse_shift;neighbor_better_manual_review,1:1,2Chr.14.10,2Chr.14.11,accepted,high
uk5-ebec3932cd4fa82bd2fc,verse_shift;neighbor_better_manual_review,1:1,2Chr.14.11,2Chr.14.12,accepted,high
uk5-52e68ef61176eff1146a,verse_shift;neighbor_better_manual_review,1:1,2Chr.14.12,2Chr.14.13,accepted,high
uk5-48e36ce86d94722c3e3b,verse_shift;neighbor_better_manual_review,1:1,2Chr.14.13,2Chr.14.14,accepted,high
uk5-78aaa3cd4989f5d83a6b,chapter_boundary_or_shift,1:1,Neh.3.33,Neh.4.1,accepted,high
uk5-a9e2267d22fc6bae5789,chapter_boundary_or_shift,1:1,Neh.3.34,Neh.4.2,accepted,high
uk5-ef55c5e5c98ead28db2b,chapter_boundary_or_shift,1:1,Neh.3.35,Neh.4.3,accepted,high
uk5-7f667d8415c14263e57a,chapter_boundary_or_shift,1:1,Neh.3.36,Neh.4.4,accepted,high
uk5-4dac2c3e1dfba92586db,chapter_boundary_or_shift,1:1,Neh.3.37,Neh.4.5,accepted,high
uk5-2f19c444fd3c66ce3d81,chapter_boundary_or_shift,1:1,Neh.3.38,Neh.4.6,accepted,high
uk5-52e1d5cfcf2ceb6b1279,verse_shift,1:1,Neh.4.1,Neh.4.7,accepted,high
uk5-ca6e100fec8161c2709d,verse_shift,1:1,Neh.4.2,Neh.4.8,accepted,high
uk5-8c45990b28f0281860aa,verse_shift,1:1,Neh.4.3,Neh.4.9,accepted,high
uk5-18943334d55528d8f6a1,verse_shift,1:1,Neh.4.4,Neh.4.10,accepted,high
uk5-abf012f2138d462abf44,verse_shift,1:1,Neh.4.5,Neh.4.11,accepted,high
uk5-acf79f1379bc0cb9d729,verse_shift,1:1,Neh.4.6,Neh.4.12,accepted,high
uk5-d4636a15b7d16dadfc25,verse_shift,1:1,Neh.4.7,Neh.4.13,accepted,high
uk5-b639a5ed316b9b59119e,verse_shift,1:1,Neh.4.8,Neh.4.14,accepted,high
uk5-c28f9daef354000b63a3,verse_shift,1:1,Neh.4.9,Neh.4.15,accepted,high
uk5-07e5ccbe1cb7d25e2638,verse_shift,1:1,Neh.4.10,Neh.4.16,accepted,high
uk5-b60b27264f9494acf4b3,verse_shift,1:1,Neh.4.11,Neh.4.17,accepted,high
uk5-72516cd0affccc036732,verse_shift,1:1,Neh.4.12,Neh.4.18,accepted,high
uk5-7723af50c14c64a2014c,verse_shift,1:1,Neh.4.13,Neh.4.19,accepted,high
uk5-f6a2ac5b756796649fef,verse_shift,1:1,Neh.4.14,Neh.4.20,accepted,high
uk5-27e299eeda2db27dd764,verse_shift,1:1,Neh.4.15,Neh.4.21,accepted,high
uk5-d20a350898efbf27da27,verse_shift,1:1,Neh.4.16,Neh.4.22,accepted,high
uk5-fab9efcbf6f95f0043e1,verse_shift,1:1,Neh.4.17,Neh.4.23,accepted,high
uk5-10d6747f4cc1ff998802,chapter_boundary_or_shift,1:1,Neh.10.1,Neh.9.38,accepted,high
uk5-f9880c6c890eed0fefdc,verse_shift;neighbor_better_manual_review,1:1,Neh.10.2,Neh.10.1,accepted,high
uk5-ccee82f480c2e8b0c319,verse_shift;neighbor_better_manual_review,1:1,Neh.10.3,Neh.10.2,accepted,high
uk5-39a705f0d169af6f5b45,verse_shift;neighbor_better_manual_review,1:1,Neh.10.4,Neh.10.3,accepted,high
uk5-4ea7b0a55479798e9ff5,verse_shift;neighbor_better_manual_review,1:1,Neh.10.5,Neh.10.4,accepted,high
uk5-b7a158d8d4fecdbd9fdd,verse_shift;neighbor_better_manual_review,1:1,Neh.10.6,Neh.10.5,accepted,high
uk5-c7ab0fa5be69bfbf8d30,verse_shift;neighbor_better_manual_review,1:1,Neh.10.7,Neh.10.6,accepted,high
uk5-cf5cc739d70f0084a198,verse_shift;neighbor_better_manual_review,1:1,Neh.10.8,Neh.10.7,accepted,high
uk5-018833394789e098c930,verse_shift;neighbor_better_manual_review,1:1,Neh.10.9,Neh.10.8,accepted,high
uk5-9bfaea14f8b114376e13,verse_shift;neighbor_better_manual_review,1:1,Neh.10.10,Neh.10.9,accepted,high
uk5-3f6ec831eb8a3e39a982,verse_shift;neighbor_better_manual_review,1:1,Neh.10.11,Neh.10.10,accepted,high
uk5-d4b0af4f55ccb010b367,verse_shift;neighbor_better_manual_review,1:1,Neh.10.12,Neh.10.11,accepted,high
uk5-c9a961b1341130cadc3b,verse_shift;neighbor_better_manual_review,1:1,Neh.10.13,Neh.10.12,accepted,high
uk5-5e7cce98314cafd57873,verse_shift;neighbor_better_manual_review,1:1,Neh.10.14,Neh.10.13,accepted,high
uk5-8a12f6a2545602e059b8,verse_shift;neighbor_better_manual_review,1:1,Neh.10.15,Neh.10.14,accepted,high
uk5-f91aa1b6202b2c580038,verse_shift;neighbor_better_manual_review,1:1,Neh.10.16,Neh.10.15,accepted,high
uk5-8ae8e334b28fbca9e47e,verse_shift;neighbor_better_manual_review,1:1,Neh.10.17,Neh.10.16,accepted,high
uk5-c6a3ad2ce2134f28db22,verse_shift;neighbor_better_manual_review,1:1,Neh.10.18,Neh.10.17,accepted,high
uk5-0b07e87063dc0a5b27f7,verse_shift;neighbor_better_manual_review,1:1,Neh.10.19,Neh.10.18,accepted,high
uk5-1fb2d0ff125ece5227cc,verse_shift;neighbor_better_manual_review,1:1,Neh.10.20,Neh.10.19,accepted,high
uk5-0a393cfc9be46f83a1cd,verse_shift;neighbor_better_manual_review,1:1,Neh.10.21,Neh.10.20,accepted,high
uk5-a1ea8da9cf4d9c6ef95e,verse_shift;neighbor_better_manual_review,1:1,Neh.10.22,Neh.10.21,accepted,high
uk5-23f5074dee4ca70cacb7,verse_shift;neighbor_better_manual_review,1:1,Neh.10.23,Neh.10.22,accepted,high
uk5-3fcbddfe07404beed221,verse_shift;neighbor_better_manual_review,1:1,Neh.10.24,Neh.10.23,accepted,high
uk5-b7b7bb944e3d959c509d,verse_shift;neighbor_better_manual_review,1:1,Neh.10.25,Neh.10.24,accepted,high
uk5-1f0ac2c0f523682057aa,verse_shift;neighbor_better_manual_review,1:1,Neh.10.26,Neh.10.25,accepted,high
uk5-005f92ae14492f9cc1ce,verse_shift;neighbor_better_manual_review,1:1,Neh.10.27,Neh.10.26,accepted,high
uk5-c1557ac205422febe1a4,verse_shift;neighbor_better_manual_review,1:1,Neh.10.28,Neh.10.27,accepted,high
uk5-60d276e07fd552fa2e95,verse_shift;neighbor_better_manual_review,1:1,Neh.10.29,Neh.10.28,accepted,high
uk5-1831cf02f17dc52dc8ca,verse_shift;neighbor_better_manual_review,1:1,Neh.10.30,Neh.10.29,accepted,high
uk5-a7bc6f7968fee528f7b6,verse_shift;neighbor_better_manual_review,1:1,Neh.10.31,Neh.10.30,accepted,high
uk5-618c7a04faf4c95630d1,verse_shift;neighbor_better_manual_review,1:1,Neh.10.32,Neh.10.31,accepted,high
uk5-03e7e938683bd8e98087,verse_shift;neighbor_better_manual_review,1:1,Neh.10.33,Neh.10.32,accepted,high
uk5-b3fc9d8a7973cc4d1795,verse_shift;neighbor_better_manual_review,1:1,Neh.10.34,Neh.10.33,accepted,high
uk5-c603d19b54db25fd9df3,verse_shift;neighbor_better_manual_review,1:1,Neh.10.35,Neh.10.34,accepted,high
uk5-117c56472c2c584e7f0a,verse_shift;neighbor_better_manual_review,1:1,Neh.10.36,Neh.10.35,accepted,high
uk5-8fb68e53cac3c8472b50,verse_shift;neighbor_better_manual_review,1:1,Neh.10.37,Neh.10.36,accepted,high
uk5-19b686caaf26f75865e8,verse_shift;neighbor_better_manual_review,1:1,Neh.10.38,Neh.10.37,accepted,high
uk5-be5e057729223635fde5,verse_shift;neighbor_better_manual_review,1:1,Neh.10.39,Neh.10.38,accepted,high
uk5-c046e0909c307fa798e3,verse_shift;neighbor_better_manual_review,1:1,Neh.10.40,Neh.10.39,accepted,high
uk5-ad334bbf4aec61b87fca,source_context_correction,1:1,Job.34.2,Job.34.2,accepted,high
uk5-cac1ddf29d9cda7799c0,chapter_boundary_or_shift,1:1,Job.40.25,Job.41.1,accepted,high
uk5-69b0a5bb9af7d111c86b,chapter_boundary_or_shift,1:1,Job.40.26,Job.41.2,accepted,high
uk5-798c1ff4c83fcca3cfc1,chapter_boundary_or_shift,1:1,Job.40.27,Job.41.3,accepted,high
uk5-dafa44b6a488219271a0,chapter_boundary_or_shift,1:1,Job.40.28,Job.41.4,accepted,high
uk5-1740690a6fb6e6da89d8,chapter_boundary_or_shift,1:1,Job.40.29,Job.41.5,accepted,high
uk5-3f534496d01ce688dcf7,chapter_boundary_or_shift,1:1,Job.40.30,Job.41.6,accepted,high
uk5-9f8ac8d1770640beead6,chapter_boundary_or_shift,1:1,Job.40.31,Job.41.7,accepted,high
uk5-b0ff305dd9826662048c,chapter_boundary_or_shift,1:1,Job.40.32,Job.41.8,accepted,high
uk5-b53c4dd0634c0348b5a8,verse_shift,1:1,Job.41.1,Job.41.9,accepted,high
uk5-dbf7678740c25ebf1978,verse_shift,1:1,Job.41.2,Job.41.10,accepted,high
uk5-31f34e37bd6e871c3a0c,verse_shift,1:1,Job.41.3,Job.41.11,accepted,high
uk5-a4e71b098f18b5d1b154,verse_shift,1:1,Job.41.4,Job.41.12,accepted,high
uk5-c468853e9b048a2a30a2,verse_shift,1:1,Job.41.5,Job.41.13,accepted,high
uk5-4dc18bba370da8d4c08d,verse_shift,1:1,Job.41.6,Job.41.14,accepted,high
uk5-ba4c63cb5d65a7643ee1,verse_shift,1:1,Job.41.7,Job.41.15,accepted,high
uk5-c26b33e7a50fea71d379,verse_shift,1:1,Job.41.8,Job.41.16,accepted,high
uk5-1678f1a7b3e0ca2250bd,verse_shift,1:1,Job.41.9,Job.41.17,accepted,high
uk5-618542b7a0e732313ca5,verse_shift,1:1,Job.41.10,Job.41.18,accepted,high
uk5-02d92a8e69affffc2684,verse_shift,1:1,Job.41.11,Job.41.19,accepted,high
uk5-5121cbc84a27eabe1847,verse_shift,1:1,Job.41.12,Job.41.20,accepted,high
uk5-f4534ae59b4be8293967,verse_shift,1:1,Job.41.13,Job.41.21,accepted,high
uk5-c6f044a56a9624fdc23d,verse_shift,1:1,Job.41.14,Job.41.22,accepted,high
uk5-c4a5b632d59ab76616b9,verse_shift,1:1,Job.41.15,Job.41.23,accepted,high
uk5-afd597b9e2295e713a56,verse_shift,1:1,Job.41.16,Job.41.24,accepted,high
uk5-5e60ad21bf6c95d182f2,verse_shift,1:1,Job.41.17,Job.41.25,accepted,high
uk5-81c62fc6d240026765df,verse_shift,1:1,Job.41.18,Job.41.26,accepted,high
uk5-bca7f800c74f214c07b1,verse_shift,1:1,Job.41.19,Job.41.27,accepted,high
uk5-ae4426eec218164be49f,verse_shift,1:1,Job.41.20,Job.41.28,accepted,high
uk5-882a7aed4ee0ba21d7e6,verse_shift,1:1,Job.41.21,Job.41.29,accepted,high
uk5-778be26cd629cb9fc313,verse_shift,1:1,Job.41.22,Job.41.30,accepted,high
uk5-0b79b1255489ad0223d4,verse_shift,1:1,Job.41.23,Job.41.31,accepted,high
uk5-212640bae314d85eafdb,verse_shift,1:1,Job.41.24,Job.41.32,accepted,high
uk5-327462e9480f723a526d,verse_shift,1:1,Job.41.25,Job.41.33,accepted,high
uk5-989b39f2399594466ef8,verse_shift,1:1,Job.41.26,Job.41.34,accepted,high
uk5-ffa16f2340c8ed90aef7,merge;verse_shift;superscription,merge,Ps.3.1;Ps.3.2,Ps.3.1,accepted,high
uk5-3498eb3458065212cc97,verse_shift;neighbor_better_manual_review,1:1,Ps.3.3,Ps.3.2,accepted,high
uk5-55b03c10fe33bbcbebb9,verse_shift;neighbor_better_manual_review,1:1,Ps.3.4,Ps.3.3,accepted,high
uk5-ddeca370688c17c2509e,verse_shift;neighbor_better_manual_review,1:1,Ps.3.5,Ps.3.4,accepted,high
uk5-45f285dc61f47c3c4e75,verse_shift;neighbor_better_manual_review,1:1,Ps.3.6,Ps.3.5,accepted,high
uk5-d6e8504bc3080ff9d090,verse_shift;neighbor_better_manual_review,1:1,Ps.3.7,Ps.3.6,accepted,high
uk5-dd348e99c13a0c5f93bb,verse_shift;neighbor_better_manual_review,1:1,Ps.3.8,Ps.3.7,accepted,high
uk5-64c0283b8b6978d01d47,verse_shift;neighbor_better_manual_review,1:1,Ps.3.9,Ps.3.8,accepted,high
uk5-f2953b08cb8cdb236ff0,merge;verse_shift;superscription,merge,Ps.4.1;Ps.4.2,Ps.4.1,accepted,high
uk5-e3618b806344dbe6f69a,verse_shift;neighbor_better_manual_review,1:1,Ps.4.3,Ps.4.2,accepted,high
uk5-9d1154bfaafdd25c7794,verse_shift;neighbor_better_manual_review,1:1,Ps.4.4,Ps.4.3,accepted,high
uk5-d980a4bfb70d65339bf1,verse_shift;neighbor_better_manual_review,1:1,Ps.4.5,Ps.4.4,accepted,high
uk5-79eb19e27c65b92fb230,verse_shift;neighbor_better_manual_review,1:1,Ps.4.6,Ps.4.5,accepted,high
uk5-9a6fb4ac7025e92181da,verse_shift;neighbor_better_manual_review,1:1,Ps.4.7,Ps.4.6,accepted,high
uk5-bd75728d2c6594732140,verse_shift;neighbor_better_manual_review,1:1,Ps.4.8,Ps.4.7,accepted,high
uk5-ac0130b10c98cd07cf9b,verse_shift;neighbor_better_manual_review,1:1,Ps.4.9,Ps.4.8,accepted,high
uk5-36861ca02fbcb4ad8503,merge;verse_shift;superscription,merge,Ps.5.1;Ps.5.2,Ps.5.1,accepted,high
uk5-da4bee438843870ad17a,verse_shift;neighbor_better_manual_review,1:1,Ps.5.3,Ps.5.2,accepted,high
uk5-205d7592c133c5bf6bfd,verse_shift;neighbor_better_manual_review,1:1,Ps.5.4,Ps.5.3,accepted,high
uk5-04d1618c24bef47518e5,verse_shift;neighbor_better_manual_review,1:1,Ps.5.5,Ps.5.4,accepted,high
uk5-f193a6f59725de6f8b77,verse_shift;neighbor_better_manual_review,1:1,Ps.5.6,Ps.5.5,accepted,high
uk5-f5b0fa48695817156363,verse_shift;neighbor_better_manual_review,1:1,Ps.5.7,Ps.5.6,accepted,high
uk5-34544185c68e7a60df29,verse_shift;neighbor_better_manual_review,1:1,Ps.5.8,Ps.5.7,accepted,high
uk5-353c07020e2fd9e14dbd,verse_shift;neighbor_better_manual_review,1:1,Ps.5.9,Ps.5.8,accepted,high
uk5-fb68fc3f00e66fa25411,verse_shift;neighbor_better_manual_review,1:1,Ps.5.10,Ps.5.9,accepted,high
uk5-c32d08e47fc5fa8c6896,verse_shift;neighbor_better_manual_review,1:1,Ps.5.11,Ps.5.10,accepted,high
uk5-cbbf673378d0a9b21afa,verse_shift;neighbor_better_manual_review,1:1,Ps.5.12,Ps.5.11,accepted,high
uk5-53e883000306f1aa8ef1,verse_shift;neighbor_better_manual_review,1:1,Ps.5.13,Ps.5.12,accepted,high
uk5-d08697987abdec08e6ca,merge;verse_shift;superscription,merge,Ps.6.1;Ps.6.2,Ps.6.1,accepted,high
uk5-928b2943292e8454fc4c,verse_shift;neighbor_better_manual_review,1:1,Ps.6.3,Ps.6.2,accepted,high
uk5-dba05d173aa7f5a349de,verse_shift;neighbor_better_manual_review,1:1,Ps.6.4,Ps.6.3,accepted,high
uk5-3d5dc85e4d0931197c81,verse_shift;neighbor_better_manual_review,1:1,Ps.6.5,Ps.6.4,accepted,high
uk5-a246727f83113289beae,verse_shift;neighbor_better_manual_review,1:1,Ps.6.6,Ps.6.5,accepted,high
uk5-b1de67d402c212b6d520,verse_shift;neighbor_better_manual_review,1:1,Ps.6.7,Ps.6.6,accepted,high
uk5-f0a43d079eea05808687,verse_shift;neighbor_better_manual_review,1:1,Ps.6.8,Ps.6.7,accepted,high
uk5-4050d08f60e248931222,verse_shift;neighbor_better_manual_review,1:1,Ps.6.9,Ps.6.8,accepted,high
uk5-ddd4fb01ea1c0e33ce57,verse_shift;neighbor_better_manual_review,1:1,Ps.6.10,Ps.6.9,accepted,high
uk5-af3c86c07f8d0d913ed8,verse_shift;neighbor_better_manual_review,1:1,Ps.6.11,Ps.6.10,accepted,high
uk5-546a865b67f0e4d6cb2c,merge;verse_shift;superscription,merge,Ps.7.1;Ps.7.2,Ps.7.1,accepted,high
uk5-0391cf81e1697d0f9419,verse_shift;neighbor_better_manual_review,1:1,Ps.7.3,Ps.7.2,accepted,high
uk5-1f7041d67551cc97a9b7,verse_shift;neighbor_better_manual_review,1:1,Ps.7.4,Ps.7.3,accepted,high
uk5-f8255b004b993325dce2,verse_shift;neighbor_better_manual_review,1:1,Ps.7.5,Ps.7.4,accepted,high
uk5-91f3aa476ac6e77ad6ae,verse_shift;neighbor_better_manual_review,1:1,Ps.7.6,Ps.7.5,accepted,high
uk5-62a1be8abd721699c30b,verse_shift;neighbor_better_manual_review,1:1,Ps.7.7,Ps.7.6,accepted,high
uk5-3078ab130b5d45d81bb8,verse_shift;neighbor_better_manual_review,1:1,Ps.7.8,Ps.7.7,accepted,high
uk5-95d59f9d5f18b7c401fa,verse_shift;neighbor_better_manual_review,1:1,Ps.7.9,Ps.7.8,accepted,high
uk5-e6e00c0856e48b68861b,verse_shift;neighbor_better_manual_review,1:1,Ps.7.10,Ps.7.9,accepted,high
uk5-b00a3be7f46b6c0b0fef,verse_shift;neighbor_better_manual_review,1:1,Ps.7.11,Ps.7.10,accepted,high
uk5-bea99a9a3edfdb7349a8,verse_shift;neighbor_better_manual_review,1:1,Ps.7.12,Ps.7.11,accepted,high
uk5-86c7ee14f25f97e5b905,verse_shift;neighbor_better_manual_review,1:1,Ps.7.13,Ps.7.12,accepted,high
uk5-405be1befe0b181033a0,verse_shift;neighbor_better_manual_review,1:1,Ps.7.14,Ps.7.13,accepted,high
uk5-5006f8a0550e996bd2a6,verse_shift;neighbor_better_manual_review,1:1,Ps.7.15,Ps.7.14,accepted,high
uk5-b8447d451b1f983deb9f,verse_shift;neighbor_better_manual_review,1:1,Ps.7.16,Ps.7.15,accepted,high
uk5-20d71884ba13e8705ea8,verse_shift;neighbor_better_manual_review,1:1,Ps.7.17,Ps.7.16,accepted,high
uk5-8ac0dbb77557054e4782,verse_shift;neighbor_better_manual_review,1:1,Ps.7.18,Ps.7.17,accepted,high
uk5-4424678d2a33e80ff8e3,merge;verse_shift;superscription,merge,Ps.8.1;Ps.8.2,Ps.8.1,accepted,high
uk5-85c2f61ef32e7d8c52f6,verse_shift;neighbor_better_manual_review,1:1,Ps.8.3,Ps.8.2,accepted,high
uk5-d8e64760b8e9ef277825,verse_shift;neighbor_better_manual_review,1:1,Ps.8.4,Ps.8.3,accepted,high
uk5-7e6776d357bb2375a064,verse_shift;neighbor_better_manual_review,1:1,Ps.8.5,Ps.8.4,accepted,high
uk5-4fa96588da0e8772f8e5,verse_shift;neighbor_better_manual_review,1:1,Ps.8.6,Ps.8.5,accepted,high
uk5-feab2fb0420f65a0367c,verse_shift;neighbor_better_manual_review,1:1,Ps.8.7,Ps.8.6,accepted,high
uk5-c1e62db91fc220df3c34,verse_shift;neighbor_better_manual_review,1:1,Ps.8.8,Ps.8.7,accepted,high
uk5-37b6ee3c5d19dee94336,verse_shift;neighbor_better_manual_review,1:1,Ps.8.9,Ps.8.8,accepted,high
uk5-4088e4288e776d7e6a01,verse_shift;neighbor_better_manual_review,1:1,Ps.8.10,Ps.8.9,accepted,high
uk5-0e9362e7729a9c10b13b,merge;verse_shift;superscription,merge,Ps.9.1;Ps.9.2,Ps.9.1,accepted,high
uk5-c81f0f00bf30ec5d71e3,verse_shift;neighbor_better_manual_review,1:1,Ps.9.3,Ps.9.2,accepted,high
uk5-bb1dff522517026015c3,verse_shift;neighbor_better_manual_review,1:1,Ps.9.4,Ps.9.3,accepted,high
uk5-0aa0da7b70c4f64000ea,verse_shift;neighbor_better_manual_review,1:1,Ps.9.5,Ps.9.4,accepted,high
uk5-acf5c313b4c1a6d4b835,verse_shift;neighbor_better_manual_review,1:1,Ps.9.6,Ps.9.5,accepted,high
uk5-18b8f58d072a6c05bcf8,verse_shift;neighbor_better_manual_review,1:1,Ps.9.7,Ps.9.6,accepted,high
uk5-005714e0896ee7ec6a29,verse_shift;neighbor_better_manual_review,1:1,Ps.9.8,Ps.9.7,accepted,high
uk5-33f82e49287c01acce4e,verse_shift;neighbor_better_manual_review,1:1,Ps.9.9,Ps.9.8,accepted,high
uk5-e8be0a5057e9a8526402,verse_shift;neighbor_better_manual_review,1:1,Ps.9.10,Ps.9.9,accepted,high
uk5-7e0836fafb695ce5f195,verse_shift;neighbor_better_manual_review,1:1,Ps.9.11,Ps.9.10,accepted,high
uk5-68e6eff2c2fa56d79e7e,verse_shift;neighbor_better_manual_review,1:1,Ps.9.12,Ps.9.11,accepted,high
uk5-0018ff4eb27745992af7,verse_shift;neighbor_better_manual_review,1:1,Ps.9.13,Ps.9.12,accepted,high
uk5-a176a0ad599190eb9ed4,verse_shift;neighbor_better_manual_review,1:1,Ps.9.14,Ps.9.13,accepted,high
uk5-9d36d7cb7105b64d7222,verse_shift;neighbor_better_manual_review,1:1,Ps.9.15,Ps.9.14,accepted,high
uk5-e7d5509d0d4ad6fbc977,verse_shift;neighbor_better_manual_review,1:1,Ps.9.16,Ps.9.15,accepted,high
uk5-2df76b3c4b4816dbe263,verse_shift;neighbor_better_manual_review,1:1,Ps.9.17,Ps.9.16,accepted,high
uk5-2132a84015da77cb7774,verse_shift;neighbor_better_manual_review,1:1,Ps.9.18,Ps.9.17,accepted,high
uk5-7300002522402533a663,verse_shift;neighbor_better_manual_review,1:1,Ps.9.19,Ps.9.18,accepted,high
uk5-f7d69be18cf8b60c4fbc,verse_shift;neighbor_better_manual_review,1:1,Ps.9.20,Ps.9.19,accepted,high
uk5-408204f2a268af4460d4,verse_shift;neighbor_better_manual_review,1:1,Ps.9.21,Ps.9.20,accepted,high
uk5-ee0121a17fdd19cb3dcc,chapter_boundary_or_shift,1:1,Ps.9.22,Ps.10.1,accepted,high
uk5-6edf0dd35293fd3ebbfd,chapter_boundary_or_shift,1:1,Ps.9.23,Ps.10.2,accepted,high
uk5-6f328cdc665f20e4b2a5,chapter_boundary_or_shift,1:1,Ps.9.24,Ps.10.3,accepted,high
uk5-aeef578a8b627d0fdc59,chapter_boundary_or_shift,1:1,Ps.9.25,Ps.10.4,accepted,high
uk5-b1a8d4cc41db88d55ff1,chapter_boundary_or_shift,1:1,Ps.9.26,Ps.10.5,accepted,high
uk5-e9990aa81794cb077fb7,chapter_boundary_or_shift,1:1,Ps.9.27,Ps.10.6,accepted,high
uk5-fcf130775acec8c07cd2,chapter_boundary_or_shift,1:1,Ps.9.28,Ps.10.7,accepted,high
uk5-c5a2fd8f5a04569b3e3e,chapter_boundary_or_shift,1:1,Ps.9.29,Ps.10.8,accepted,high
uk5-0001a823a63646c71be2,chapter_boundary_or_shift,1:1,Ps.9.30,Ps.10.9,accepted,high
uk5-3d41864918fc42930720,chapter_boundary_or_shift,1:1,Ps.9.31,Ps.10.10,accepted,high
uk5-7b725925467fc1b45b03,chapter_boundary_or_shift,1:1,Ps.9.32,Ps.10.11,accepted,high
uk5-70a0844f147d854f939c,chapter_boundary_or_shift,1:1,Ps.9.33,Ps.10.12,accepted,high
uk5-512ae3c6d0ae9cb3a934,chapter_boundary_or_shift,1:1,Ps.9.34,Ps.10.13,accepted,high
uk5-bab58b55db563666c087,chapter_boundary_or_shift,1:1,Ps.9.35,Ps.10.14,accepted,high
uk5-6d22487730d4a3ae097b,chapter_boundary_or_shift,1:1,Ps.9.36,Ps.10.15,accepted,high
uk5-812b898352ecb72470a6,chapter_boundary_or_shift,1:1,Ps.9.37,Ps.10.16,accepted,high
uk5-2186b95c4142c16ee011,chapter_boundary_or_shift,1:1,Ps.9.38,Ps.10.17,accepted,high
uk5-3b42ca1b1153d805ebc8,chapter_boundary_or_shift,1:1,Ps.9.39,Ps.10.18,accepted,high
uk5-6239731f76f42e0a0d98,chapter_boundary_or_shift,1:1,Ps.10.1,Ps.11.1,accepted,high
uk5-0c7422aee0b42ab700e4,chapter_boundary_or_shift,1:1,Ps.10.2,Ps.11.2,accepted,high
uk5-359d6e69ab46a27141f5,chapter_boundary_or_shift,1:1,Ps.10.3,Ps.11.3,accepted,high
uk5-317c352b7f0f4987e99f,chapter_boundary_or_shift,1:1,Ps.10.4,Ps.11.4,accepted,high
uk5-93bf9285b9f080ac156e,chapter_boundary_or_shift,1:1,Ps.10.5,Ps.11.5,accepted,high
uk5-aa52c3087d214b0c8a8c,chapter_boundary_or_shift,1:1,Ps.10.6,Ps.11.6,accepted,high
uk5-5df3016577e320f3a6ef,chapter_boundary_or_shift,1:1,Ps.10.7,Ps.11.7,accepted,high
uk5-53d76e91e4c2dbba2347,merge;chapter_boundary_or_shift;superscription,merge,Ps.11.1;Ps.11.2,Ps.12.1,accepted,high
uk5-48b27a98d051e3832518,chapter_boundary_or_shift,1:1,Ps.11.3,Ps.12.2,accepted,high
uk5-a2339be8724b426ebd49,chapter_boundary_or_shift,1:1,Ps.11.4,Ps.12.3,accepted,high
uk5-b05019b654d44dd57e0e,chapter_boundary_or_shift,1:1,Ps.11.5,Ps.12.4,accepted,high
uk5-66cc4c824fca67a7ea82,chapter_boundary_or_shift,1:1,Ps.11.6,Ps.12.5,accepted,high
uk5-fd8ad7efbf85a18ed674,chapter_boundary_or_shift,1:1,Ps.11.7,Ps.12.6,accepted,high
uk5-3abcd29fccf84f81bea2,chapter_boundary_or_shift,1:1,Ps.11.8,Ps.12.7,accepted,high
uk5-6b2607c4a95928949eaf,chapter_boundary_or_shift,1:1,Ps.11.9,Ps.12.8,accepted,high
uk5-ac3515afaadddbb69d01,merge;chapter_boundary_or_shift;superscription,merge,Ps.12.1;Ps.12.2,Ps.13.1,accepted,high
uk5-5f7a522ab7cd7dfc89d5,chapter_boundary_or_shift,1:1,Ps.12.3,Ps.13.2,accepted,high
uk5-967f204794535570a13f,chapter_boundary_or_shift,1:1,Ps.12.4,Ps.13.3,accepted,high
uk5-bf52bb86c905a3646cd6,chapter_boundary_or_shift,1:1,Ps.12.5,Ps.13.4,accepted,high
uk5-88df09394a8445f2a2cf,split;chapter_boundary_or_shift,split,Ps.12.6,Ps.13.5;Ps.13.6,accepted,high
uk5-1b20130aaae2b214a9fb,chapter_boundary_or_shift,1:1,Ps.13.1,Ps.14.1,accepted,high
uk5-207512549f7c727b56dd,chapter_boundary_or_shift,1:1,Ps.13.2,Ps.14.2,accepted,high
uk5-bdd1594423251fc4a1fd,chapter_boundary_or_shift,1:1,Ps.13.3,Ps.14.3,accepted,high
uk5-30450d70f338e57221f1,chapter_boundary_or_shift,1:1,Ps.13.4,Ps.14.4,accepted,high
uk5-859c9add3640923792e0,chapter_boundary_or_shift,1:1,Ps.13.5,Ps.14.5,accepted,high
uk5-9f85695ae90c5ddc25cd,chapter_boundary_or_shift,1:1,Ps.13.6,Ps.14.6,accepted,high
uk5-bce2a89ca363ddf86575,chapter_boundary_or_shift,1:1,Ps.13.7,Ps.14.7,accepted,high
uk5-40935b706b9a3c5b79df,chapter_boundary_or_shift,1:1,Ps.14.1,Ps.15.1,accepted,high
uk5-582aa5c8972d3d1e1502,chapter_boundary_or_shift,1:1,Ps.14.2,Ps.15.2,accepted,high
uk5-d45c5335c3018cf43d53,chapter_boundary_or_shift,1:1,Ps.14.3,Ps.15.3,accepted,high
uk5-23070fb7a85dd537a6d7,chapter_boundary_or_shift,1:1,Ps.14.4,Ps.15.4,accepted,high
uk5-a8d83d33cc4679264e67,chapter_boundary_or_shift,1:1,Ps.14.5,Ps.15.5,accepted,high
uk5-2b00136e3e04123f7792,chapter_boundary_or_shift,1:1,Ps.15.1,Ps.16.1,accepted,high
uk5-151b07c36f45a872fb1f,chapter_boundary_or_shift,1:1,Ps.15.2,Ps.16.2,accepted,high
uk5-067d37690705e6041a44,chapter_boundary_or_shift,1:1,Ps.15.3,Ps.16.3,accepted,high
uk5-09211b2307d0c306aed1,chapter_boundary_or_shift,1:1,Ps.15.4,Ps.16.4,accepted,high
uk5-8f0756ea0e1a1ba5385e,chapter_boundary_or_shift,1:1,Ps.15.5,Ps.16.5,accepted,high
uk5-8071f0f77f8abaef332f,chapter_boundary_or_shift,1:1,Ps.15.6,Ps.16.6,accepted,high
uk5-8e004a037a10b7ff5f7b,chapter_boundary_or_shift,1:1,Ps.15.7,Ps.16.7,accepted,high
uk5-670e6492f45cd5f1c5ef,chapter_boundary_or_shift,1:1,Ps.15.8,Ps.16.8,accepted,high
uk5-490933ef0d36b90d3379,chapter_boundary_or_shift,1:1,Ps.15.9,Ps.16.9,accepted,high
uk5-e11ba212f9a91b1720e3,chapter_boundary_or_shift,1:1,Ps.15.10,Ps.16.10,accepted,high
uk5-f2752d8ae082594507d1,chapter_boundary_or_shift,1:1,Ps.15.11,Ps.16.11,accepted,high
uk5-a97ca9318eda7f6e92c6,chapter_boundary_or_shift,1:1,Ps.16.1,Ps.17.1,accepted,high
uk5-ef385267aa487de3f470,chapter_boundary_or_shift,1:1,Ps.16.2,Ps.17.2,accepted,high
uk5-79d91bdeb47a3e4051ad,chapter_boundary_or_shift,1:1,Ps.16.3,Ps.17.3,accepted,high
uk5-5e74cafb1c8690a48237,chapter_boundary_or_shift,1:1,Ps.16.4,Ps.17.4,accepted,high
uk5-5c31f79552ea0d791649,chapter_boundary_or_shift,1:1,Ps.16.5,Ps.17.5,accepted,high
uk5-a2b4fac1e78ddc82d092,chapter_boundary_or_shift,1:1,Ps.16.6,Ps.17.6,accepted,high
uk5-59f8850d98b479bbbf7b,chapter_boundary_or_shift,1:1,Ps.16.7,Ps.17.7,accepted,high
uk5-cf28e8ef2186e5d17693,chapter_boundary_or_shift,1:1,Ps.16.8,Ps.17.8,accepted,high
uk5-232cbdc8939dbf1d26b6,chapter_boundary_or_shift,1:1,Ps.16.9,Ps.17.9,accepted,high
uk5-b04fc488f77725b15a17,chapter_boundary_or_shift,1:1,Ps.16.10,Ps.17.10,accepted,high
uk5-408fd50c42dfa0ba1264,chapter_boundary_or_shift,1:1,Ps.16.11,Ps.17.11,accepted,high
uk5-dcc391dd8acbd667376e,chapter_boundary_or_shift,1:1,Ps.16.12,Ps.17.12,accepted,high
uk5-50598329e068a568d953,chapter_boundary_or_shift,1:1,Ps.16.13,Ps.17.13,accepted,high
uk5-18ddd7e22c40d235b0a5,chapter_boundary_or_shift,1:1,Ps.16.14,Ps.17.14,accepted,high
uk5-c803196c6765d525aa1a,chapter_boundary_or_shift,1:1,Ps.16.15,Ps.17.15,accepted,high
uk5-87998cec0485e7597d5e,merge;chapter_boundary_or_shift;superscription,merge,Ps.17.1;Ps.17.2,Ps.18.1,accepted,high
uk5-e134b43a8908ecbc4892,chapter_boundary_or_shift,1:1,Ps.17.3,Ps.18.2,accepted,high
uk5-ccc4c25f652d9ab99399,chapter_boundary_or_shift,1:1,Ps.17.4,Ps.18.3,accepted,high
uk5-809f908c345b8e97eb09,chapter_boundary_or_shift,1:1,Ps.17.5,Ps.18.4,accepted,high
uk5-698a64f612b61472da6d,chapter_boundary_or_shift,1:1,Ps.17.6,Ps.18.5,accepted,high
uk5-d8a2939bce685d4a3825,chapter_boundary_or_shift,1:1,Ps.17.7,Ps.18.6,accepted,high
uk5-5029f51fb1e7bddff04f,chapter_boundary_or_shift,1:1,Ps.17.8,Ps.18.7,accepted,high
uk5-51f0b145ec61f217f6ab,chapter_boundary_or_shift,1:1,Ps.17.9,Ps.18.8,accepted,high
uk5-4fb7c45a29ce7745b2cb,chapter_boundary_or_shift,1:1,Ps.17.10,Ps.18.9,accepted,high
uk5-ebb4a58a9a961c2b9383,chapter_boundary_or_shift,1:1,Ps.17.11,Ps.18.10,accepted,high
uk5-848c91137e3cbd96717d,chapter_boundary_or_shift,1:1,Ps.17.12,Ps.18.11,accepted,high
uk5-b86f412c62ddb4e75df2,chapter_boundary_or_shift,1:1,Ps.17.13,Ps.18.12,accepted,high
uk5-5b62e10ab4c983db9dc0,chapter_boundary_or_shift,1:1,Ps.17.14,Ps.18.13,accepted,high
uk5-6973762352bdb5ab78b7,chapter_boundary_or_shift,1:1,Ps.17.15,Ps.18.14,accepted,high
uk5-4d14d3c9759380dbfdec,chapter_boundary_or_shift,1:1,Ps.17.16,Ps.18.15,accepted,high
uk5-7b7feb9b5b4afae9cb4d,chapter_boundary_or_shift,1:1,Ps.17.17,Ps.18.16,accepted,high
uk5-e22825dc912b52687149,chapter_boundary_or_shift,1:1,Ps.17.18,Ps.18.17,accepted,high
uk5-3e815c5ce4c871fb2275,chapter_boundary_or_shift,1:1,Ps.17.19,Ps.18.18,accepted,high
uk5-a842dd38946fee3c2b62,chapter_boundary_or_shift,1:1,Ps.17.20,Ps.18.19,accepted,high
uk5-f846e5477ccacd0fa26f,chapter_boundary_or_shift,1:1,Ps.17.21,Ps.18.20,accepted,high
uk5-ee215e9ee7764901ac8b,chapter_boundary_or_shift,1:1,Ps.17.22,Ps.18.21,accepted,high
uk5-745c87fb7faab71f694c,chapter_boundary_or_shift,1:1,Ps.17.23,Ps.18.22,accepted,high
uk5-b38981426a40908449a3,chapter_boundary_or_shift,1:1,Ps.17.24,Ps.18.23,accepted,high
uk5-0ff3d49dedafbf8aa715,chapter_boundary_or_shift,1:1,Ps.17.25,Ps.18.24,accepted,high
uk5-69868769a054100739f8,chapter_boundary_or_shift,1:1,Ps.17.26,Ps.18.25,accepted,high
uk5-97c84d2da8b46897acfd,chapter_boundary_or_shift,1:1,Ps.17.27,Ps.18.26,accepted,high
uk5-3a49d45aff9eaab9a4e5,chapter_boundary_or_shift,1:1,Ps.17.28,Ps.18.27,accepted,high
uk5-84f48e4b221cdb9b92ba,chapter_boundary_or_shift,1:1,Ps.17.29,Ps.18.28,accepted,high
uk5-5e44f4a175371dae7461,chapter_boundary_or_shift,1:1,Ps.17.30,Ps.18.29,accepted,high
uk5-d85cbcc13dacb8297f1d,chapter_boundary_or_shift,1:1,Ps.17.31,Ps.18.30,accepted,high
uk5-a14e913e0181150dc81a,chapter_boundary_or_shift,1:1,Ps.17.32,Ps.18.31,accepted,high
uk5-35ef6e883e1a2ee9eca3,chapter_boundary_or_shift,1:1,Ps.17.33,Ps.18.32,accepted,high
uk5-bb5271d0c4d2436576a2,chapter_boundary_or_shift,1:1,Ps.17.34,Ps.18.33,accepted,high
uk5-5d20ecd7c5596232cb38,chapter_boundary_or_shift,1:1,Ps.17.35,Ps.18.34,accepted,high
uk5-69ea43a3aeda773b0024,chapter_boundary_or_shift,1:1,Ps.17.36,Ps.18.35,accepted,high
uk5-3057f7d9833c7d41e3f8,chapter_boundary_or_shift,1:1,Ps.17.37,Ps.18.36,accepted,high
uk5-a57fce8d0456eac70c04,chapter_boundary_or_shift,1:1,Ps.17.38,Ps.18.37,accepted,high
uk5-695189907a901016be6d,chapter_boundary_or_shift,1:1,Ps.17.39,Ps.18.38,accepted,high
uk5-20f91406588393a4bb38,chapter_boundary_or_shift,1:1,Ps.17.40,Ps.18.39,accepted,high
uk5-c3fbb4b07560d518ac24,chapter_boundary_or_shift,1:1,Ps.17.41,Ps.18.40,accepted,high
uk5-0f0248d79a3f3ac1be0b,chapter_boundary_or_shift,1:1,Ps.17.42,Ps.18.41,accepted,high
uk5-529c3a0e1395256187b5,chapter_boundary_or_shift,1:1,Ps.17.43,Ps.18.42,accepted,high
uk5-58f6623a5b76e872e3d9,chapter_boundary_or_shift,1:1,Ps.17.44,Ps.18.43,accepted,high
uk5-0a167eb058d768588dcd,chapter_boundary_or_shift,1:1,Ps.17.45,Ps.18.44,accepted,high
uk5-b486977104478afc64cc,chapter_boundary_or_shift,1:1,Ps.17.46,Ps.18.45,accepted,high
uk5-bb87f47b69eddde18fc9,chapter_boundary_or_shift,1:1,Ps.17.47,Ps.18.46,accepted,high
uk5-07fdc1c1d6751992261a,chapter_boundary_or_shift,1:1,Ps.17.48,Ps.18.47,accepted,high
uk5-61c97c0a5f9236c43427,chapter_boundary_or_shift,1:1,Ps.17.49,Ps.18.48,accepted,high
uk5-d8bf25a0fae36c3995df,chapter_boundary_or_shift,1:1,Ps.17.50,Ps.18.49,accepted,high
uk5-2ceb18fd8cfea499919c,chapter_boundary_or_shift,1:1,Ps.17.51,Ps.18.50,accepted,high
uk5-4cc4643ff87e6e1ca501,merge;chapter_boundary_or_shift;superscription,merge,Ps.18.1;Ps.18.2,Ps.19.1,accepted,high
uk5-a0db728171e988a5fba9,chapter_boundary_or_shift,1:1,Ps.18.3,Ps.19.2,accepted,high
uk5-09a23dbf47246042174e,chapter_boundary_or_shift,1:1,Ps.18.4,Ps.19.3,accepted,high
uk5-194603568a0d703e721e,chapter_boundary_or_shift,1:1,Ps.18.5,Ps.19.4,accepted,high
uk5-0813ecf6b59a1926e217,chapter_boundary_or_shift,1:1,Ps.18.6,Ps.19.5,accepted,high
uk5-6523b4ef295287746877,chapter_boundary_or_shift,1:1,Ps.18.7,Ps.19.6,accepted,high
uk5-8f55ac9a4cbdedb61fe6,chapter_boundary_or_shift,1:1,Ps.18.8,Ps.19.7,accepted,high
uk5-6594d26e5b21fc7c69fc,chapter_boundary_or_shift,1:1,Ps.18.9,Ps.19.8,accepted,high
uk5-f63e16bfced9061a420f,chapter_boundary_or_shift,1:1,Ps.18.10,Ps.19.9,accepted,high
uk5-20439e22ca97522041b2,chapter_boundary_or_shift,1:1,Ps.18.11,Ps.19.10,accepted,high
uk5-d7386981b93a6ffa47f9,chapter_boundary_or_shift,1:1,Ps.18.12,Ps.19.11,accepted,high
uk5-1022559f5b60ce3b243c,chapter_boundary_or_shift,1:1,Ps.18.13,Ps.19.12,accepted,high
uk5-e419053e8cdeb7ae237f,chapter_boundary_or_shift,1:1,Ps.18.14,Ps.19.13,accepted,high
uk5-fb00e5275036b147be0f,chapter_boundary_or_shift,1:1,Ps.18.15,Ps.19.14,accepted,high
uk5-817842299927f8c96ef6,merge;chapter_boundary_or_shift;superscription,merge,Ps.19.1;Ps.19.2,Ps.20.1,accepted,high
uk5-361d96021ac0891c2f88,chapter_boundary_or_shift,1:1,Ps.19.3,Ps.20.2,accepted,high
uk5-2de69aea6213fe3aa7d9,chapter_boundary_or_shift,1:1,Ps.19.4,Ps.20.3,accepted,high
uk5-e92e19db2453c6fe9452,chapter_boundary_or_shift,1:1,Ps.19.5,Ps.20.4,accepted,high
uk5-4e80f5ff6fde2200c508,chapter_boundary_or_shift,1:1,Ps.19.6,Ps.20.5,accepted,high
uk5-f4a2e97ec6043b38ec79,chapter_boundary_or_shift,1:1,Ps.19.7,Ps.20.6,accepted,high
uk5-dce5f81ca77d402adb19,chapter_boundary_or_shift,1:1,Ps.19.8,Ps.20.7,accepted,high
uk5-6d848fd610b74cc80c8c,chapter_boundary_or_shift,1:1,Ps.19.9,Ps.20.8,accepted,high
uk5-d506280d1f976ce08d49,chapter_boundary_or_shift,1:1,Ps.19.10,Ps.20.9,accepted,high
uk5-b1d33b3ee8e1bd42e180,merge;chapter_boundary_or_shift;superscription,merge,Ps.20.1;Ps.20.2,Ps.21.1,accepted,high
uk5-776e2af46dd08660984a,chapter_boundary_or_shift,1:1,Ps.20.3,Ps.21.2,accepted,high
uk5-cefea0e77af03bd9e7ec,chapter_boundary_or_shift,1:1,Ps.20.4,Ps.21.3,accepted,high
uk5-bd2bf5ca04ff851b4806,chapter_boundary_or_shift,1:1,Ps.20.5,Ps.21.4,accepted,high
uk5-868601e3619706dcc7c6,chapter_boundary_or_shift,1:1,Ps.20.6,Ps.21.5,accepted,high
uk5-f9bb5ede94994ade4a02,chapter_boundary_or_shift,1:1,Ps.20.7,Ps.21.6,accepted,high
uk5-8e063b471b985de413fa,chapter_boundary_or_shift,1:1,Ps.20.8,Ps.21.7,accepted,high
uk5-332668e0d26fdd42a508,chapter_boundary_or_shift,1:1,Ps.20.9,Ps.21.8,accepted,high
uk5-22d8e92a26ab8dee26cc,chapter_boundary_or_shift,1:1,Ps.20.10,Ps.21.9,accepted,high
uk5-6c72f2da5cc9fc0f10bf,chapter_boundary_or_shift,1:1,Ps.20.11,Ps.21.10,accepted,high
uk5-15aec2954ab2f736bfc7,chapter_boundary_or_shift,1:1,Ps.20.12,Ps.21.11,accepted,high
uk5-694a4f098e040e36664e,chapter_boundary_or_shift,1:1,Ps.20.13,Ps.21.12,accepted,high
uk5-fdaea41be04dcaa2c83c,chapter_boundary_or_shift,1:1,Ps.20.14,Ps.21.13,accepted,high
uk5-d5142e94f89835fb63a0,merge;chapter_boundary_or_shift;superscription,merge,Ps.21.1;Ps.21.2,Ps.22.1,accepted,high
uk5-d2b7d48f8fad04392db8,chapter_boundary_or_shift,1:1,Ps.21.3,Ps.22.2,accepted,high
uk5-74e5e7a3ac3d927fe96b,chapter_boundary_or_shift,1:1,Ps.21.4,Ps.22.3,accepted,high
uk5-a51249da3680c2952f0a,chapter_boundary_or_shift,1:1,Ps.21.5,Ps.22.4,accepted,high
uk5-c81ce5d4bac4a17bde7d,chapter_boundary_or_shift,1:1,Ps.21.6,Ps.22.5,accepted,high
uk5-430ae51e11971caaae64,chapter_boundary_or_shift,1:1,Ps.21.7,Ps.22.6,accepted,high
uk5-1a8b6d496477608be220,chapter_boundary_or_shift,1:1,Ps.21.8,Ps.22.7,accepted,high
uk5-c97515c4d5b4bdb2903b,chapter_boundary_or_shift,1:1,Ps.21.9,Ps.22.8,accepted,high
uk5-25f5677d901aaf020c34,chapter_boundary_or_shift,1:1,Ps.21.10,Ps.22.9,accepted,high
uk5-4b4380efd413db501270,chapter_boundary_or_shift,1:1,Ps.21.11,Ps.22.10,accepted,high
uk5-b7c073fce38bbfe9e44c,chapter_boundary_or_shift,1:1,Ps.21.12,Ps.22.11,accepted,high
uk5-05f74cb8f1ca2ed858b8,chapter_boundary_or_shift,1:1,Ps.21.13,Ps.22.12,accepted,high
uk5-6f5602c3e752d9bd7db3,chapter_boundary_or_shift,1:1,Ps.21.14,Ps.22.13,accepted,high
uk5-4736ec8abead119e87a9,chapter_boundary_or_shift,1:1,Ps.21.15,Ps.22.14,accepted,high
uk5-2f770da971c0123612da,chapter_boundary_or_shift,1:1,Ps.21.16,Ps.22.15,accepted,high
uk5-ef5a8906446e0f96d744,chapter_boundary_or_shift,1:1,Ps.21.17,Ps.22.16,accepted,high
uk5-c288783d8135c3471b73,chapter_boundary_or_shift,1:1,Ps.21.18,Ps.22.17,accepted,high
uk5-be1392f9b8ef7915f317,chapter_boundary_or_shift,1:1,Ps.21.19,Ps.22.18,accepted,high
uk5-a198d35ec4ad6df5bf26,chapter_boundary_or_shift,1:1,Ps.21.20,Ps.22.19,accepted,high
uk5-f4f1065a35f8ddc4026c,chapter_boundary_or_shift,1:1,Ps.21.21,Ps.22.20,accepted,high
uk5-c90c77cb5c04bb867243,chapter_boundary_or_shift,1:1,Ps.21.22,Ps.22.21,accepted,high
uk5-54af7ad0c6392cac2ea1,chapter_boundary_or_shift,1:1,Ps.21.23,Ps.22.22,accepted,high
uk5-3bee3209cd8165d26309,chapter_boundary_or_shift,1:1,Ps.21.24,Ps.22.23,accepted,high
uk5-ef8659266295265ffc26,chapter_boundary_or_shift,1:1,Ps.21.25,Ps.22.24,accepted,high
uk5-1031e14d9643f36a8444,chapter_boundary_or_shift,1:1,Ps.21.26,Ps.22.25,accepted,high
uk5-61270d030cf48f6b230e,chapter_boundary_or_shift,1:1,Ps.21.27,Ps.22.26,accepted,high
uk5-81ec1d43e316f8891f2b,chapter_boundary_or_shift,1:1,Ps.21.28,Ps.22.27,accepted,high
uk5-74b905a1b024ae6a1d55,chapter_boundary_or_shift,1:1,Ps.21.29,Ps.22.28,accepted,high
uk5-13422238f66d6e8fc12c,chapter_boundary_or_shift,1:1,Ps.21.30,Ps.22.29,accepted,high
uk5-145bd50ccb02e2a2c4c5,chapter_boundary_or_shift,1:1,Ps.21.31,Ps.22.30,accepted,high
uk5-505200dadfe6310be3d9,chapter_boundary_or_shift,1:1,Ps.21.32,Ps.22.31,accepted,high
uk5-f68934a43459bbca5827,chapter_boundary_or_shift,1:1,Ps.22.1,Ps.23.1,accepted,high
uk5-228af800b6fe2d6305e3,chapter_boundary_or_shift,1:1,Ps.22.2,Ps.23.2,accepted,high
uk5-b26f7601711dec58e1a2,chapter_boundary_or_shift,1:1,Ps.22.3,Ps.23.3,accepted,high
uk5-885afc14e1aec5557e43,chapter_boundary_or_shift,1:1,Ps.22.4,Ps.23.4,accepted,high
uk5-f198cc659c865f90a53d,chapter_boundary_or_shift,1:1,Ps.22.5,Ps.23.5,accepted,high
uk5-99de52cbb183b1712ba3,chapter_boundary_or_shift,1:1,Ps.22.6,Ps.23.6,accepted,high
uk5-d45e660f5a483d5ef179,chapter_boundary_or_shift,1:1,Ps.23.1,Ps.24.1,accepted,high
uk5-cf6fdb36bd83eacc438e,chapter_boundary_or_shift,1:1,Ps.23.2,Ps.24.2,accepted,high
uk5-7ec53667e15e763cd9cd,chapter_boundary_or_shift,1:1,Ps.23.3,Ps.24.3,accepted,high
uk5-bea4e16b715ebfe0f94a,chapter_boundary_or_shift,1:1,Ps.23.4,Ps.24.4,accepted,high
uk5-b4754ef202b3a94a97a5,chapter_boundary_or_shift,1:1,Ps.23.5,Ps.24.5,accepted,high
uk5-88a46851423c82a7d454,chapter_boundary_or_shift,1:1,Ps.23.6,Ps.24.6,accepted,high
uk5-97472a58b33762469224,chapter_boundary_or_shift,1:1,Ps.23.7,Ps.24.7,accepted,high
uk5-83d96c5e0ea2fa1c0dd9,chapter_boundary_or_shift,1:1,Ps.23.8,Ps.24.8,accepted,high
uk5-ecd479cde29e44de2149,chapter_boundary_or_shift,1:1,Ps.23.9,Ps.24.9,accepted,high
uk5-06d51aa359b96d93a4db,chapter_boundary_or_shift,1:1,Ps.23.10,Ps.24.10,accepted,high
uk5-a05872695f38f48de57c,chapter_boundary_or_shift,1:1,Ps.24.1,Ps.25.1,accepted,high
uk5-d54e7920099dcbbdc193,chapter_boundary_or_shift,1:1,Ps.24.2,Ps.25.2,accepted,high
uk5-8591663a40927736837c,chapter_boundary_or_shift,1:1,Ps.24.3,Ps.25.3,accepted,high
uk5-b997b588f1eee65df068,chapter_boundary_or_shift,1:1,Ps.24.4,Ps.25.4,accepted,high
uk5-1dee653e10fdd28e18d8,chapter_boundary_or_shift,1:1,Ps.24.5,Ps.25.5,accepted,high
uk5-5b2e1baa0570a8082959,chapter_boundary_or_shift,1:1,Ps.24.6,Ps.25.6,accepted,high
uk5-a4d93a9fb383b2f5209e,chapter_boundary_or_shift,1:1,Ps.24.7,Ps.25.7,accepted,high
uk5-95ee4ab8c6cee04b6720,chapter_boundary_or_shift,1:1,Ps.24.8,Ps.25.8,accepted,high
uk5-7dda967d3789378ca85a,chapter_boundary_or_shift,1:1,Ps.24.9,Ps.25.9,accepted,high
uk5-902d525e0574536402f0,chapter_boundary_or_shift,1:1,Ps.24.10,Ps.25.10,accepted,high
uk5-544c9cd584a1f34edb0f,chapter_boundary_or_shift,1:1,Ps.24.11,Ps.25.11,accepted,high
uk5-44e5884992c19a55d140,chapter_boundary_or_shift,1:1,Ps.24.12,Ps.25.12,accepted,high
uk5-68ae298ac39339028404,chapter_boundary_or_shift,1:1,Ps.24.13,Ps.25.13,accepted,high
uk5-8b4a672a493d1375f392,chapter_boundary_or_shift,1:1,Ps.24.14,Ps.25.14,accepted,high
uk5-20f8df3645221ecd18f2,chapter_boundary_or_shift,1:1,Ps.24.15,Ps.25.15,accepted,high
uk5-0c15ee0c7510d922eecb,chapter_boundary_or_shift,1:1,Ps.24.16,Ps.25.16,accepted,high
uk5-93fbc56be1f8952fb8b9,chapter_boundary_or_shift,1:1,Ps.24.17,Ps.25.17,accepted,high
uk5-ece8dc36bd7afd409153,chapter_boundary_or_shift,1:1,Ps.24.18,Ps.25.18,accepted,high
uk5-a363b749918141fa94e6,chapter_boundary_or_shift,1:1,Ps.24.19,Ps.25.19,accepted,high
uk5-313b7d3e5448e2004a25,chapter_boundary_or_shift,1:1,Ps.24.20,Ps.25.20,accepted,high
uk5-5a4f0b15416a2b99011c,chapter_boundary_or_shift,1:1,Ps.24.21,Ps.25.21,accepted,high
uk5-ddb8df5739e4626da18a,chapter_boundary_or_shift,1:1,Ps.24.22,Ps.25.22,accepted,high
uk5-22ca35af1beb208158c6,chapter_boundary_or_shift,1:1,Ps.25.1,Ps.26.1,accepted,high
uk5-8ec6883ee3d143fc4cd9,chapter_boundary_or_shift,1:1,Ps.25.2,Ps.26.2,accepted,high
uk5-5267e07ee5fe2fd9ffd6,chapter_boundary_or_shift,1:1,Ps.25.3,Ps.26.3,accepted,high
uk5-770ef5bc23cff558869d,chapter_boundary_or_shift,1:1,Ps.25.4,Ps.26.4,accepted,high
uk5-95ad82c2a10cea8ca412,chapter_boundary_or_shift,1:1,Ps.25.5,Ps.26.5,accepted,high
uk5-492d0311c355c1411939,chapter_boundary_or_shift,1:1,Ps.25.6,Ps.26.6,accepted,high
uk5-a88f1f88b37dc1edf480,chapter_boundary_or_shift,1:1,Ps.25.7,Ps.26.7,accepted,high
uk5-054e185d2dfad94a28c0,chapter_boundary_or_shift,1:1,Ps.25.8,Ps.26.8,accepted,high
uk5-0ebbc5abe9bcd0619711,chapter_boundary_or_shift,1:1,Ps.25.9,Ps.26.9,accepted,high
uk5-e7f1f011b2a2be6f6b0a,chapter_boundary_or_shift,1:1,Ps.25.10,Ps.26.10,accepted,high
uk5-9cbd8c8079ccc7f17cca,chapter_boundary_or_shift,1:1,Ps.25.11,Ps.26.11,accepted,high
uk5-df67e4990932e36b876f,chapter_boundary_or_shift,1:1,Ps.25.12,Ps.26.12,accepted,high
uk5-64a4ce3488799046bc94,chapter_boundary_or_shift,1:1,Ps.26.1,Ps.27.1,accepted,high
uk5-78808491d95f63f83e9f,chapter_boundary_or_shift,1:1,Ps.26.2,Ps.27.2,accepted,high
uk5-e213e8146a180d17a69c,chapter_boundary_or_shift,1:1,Ps.26.3,Ps.27.3,accepted,high
uk5-cff14b379fcdcdfc00f6,chapter_boundary_or_shift,1:1,Ps.26.4,Ps.27.4,accepted,high
uk5-b196b8dced422b78720e,chapter_boundary_or_shift,1:1,Ps.26.5,Ps.27.5,accepted,high
uk5-588bbaf9d39fda3797b1,chapter_boundary_or_shift,1:1,Ps.26.6,Ps.27.6,accepted,high
uk5-c496d6734a480a422276,chapter_boundary_or_shift,1:1,Ps.26.7,Ps.27.7,accepted,high
uk5-a8d599a5f35a85163ced,chapter_boundary_or_shift,1:1,Ps.26.8,Ps.27.8,accepted,high
uk5-d16c97dd1a21f522104b,chapter_boundary_or_shift,1:1,Ps.26.9,Ps.27.9,accepted,high
uk5-658fa756619fe1feda99,chapter_boundary_or_shift,1:1,Ps.26.10,Ps.27.10,accepted,high
uk5-7f7291312f7532b088e9,chapter_boundary_or_shift,1:1,Ps.26.11,Ps.27.11,accepted,high
uk5-6f69f6221261e1848fc6,chapter_boundary_or_shift,1:1,Ps.26.12,Ps.27.12,accepted,high
uk5-3a803cbac78ef230bcff,chapter_boundary_or_shift,1:1,Ps.26.13,Ps.27.13,accepted,high
uk5-4bf301e81828909d40d3,chapter_boundary_or_shift,1:1,Ps.26.14,Ps.27.14,accepted,high
uk5-c9a7b489e7c61fd2d027,chapter_boundary_or_shift,1:1,Ps.27.1,Ps.28.1,accepted,high
uk5-8e404d82d5b6fdaf98cf,chapter_boundary_or_shift,1:1,Ps.27.2,Ps.28.2,accepted,high
uk5-5b44b787565c745f6323,chapter_boundary_or_shift,1:1,Ps.27.3,Ps.28.3,accepted,high
uk5-8972acf719154ef6fae7,chapter_boundary_or_shift,1:1,Ps.27.4,Ps.28.4,accepted,high
uk5-642e0d4a24523c4c078b,chapter_boundary_or_shift,1:1,Ps.27.5,Ps.28.5,accepted,high
uk5-6767264459097adf74bc,chapter_boundary_or_shift,1:1,Ps.27.6,Ps.28.6,accepted,high
uk5-646a3908fa9abe2faf2d,chapter_boundary_or_shift,1:1,Ps.27.7,Ps.28.7,accepted,high
uk5-a56a9e952c1d06d70478,chapter_boundary_or_shift,1:1,Ps.27.8,Ps.28.8,accepted,high
uk5-81a4d950eae4a316fd40,chapter_boundary_or_shift,1:1,Ps.27.9,Ps.28.9,accepted,high
uk5-d6954645d8e2e6dbc783,chapter_boundary_or_shift,1:1,Ps.28.1,Ps.29.1,accepted,high
uk5-e97a11c1428d1f43c5fa,chapter_boundary_or_shift,1:1,Ps.28.2,Ps.29.2,accepted,high
uk5-1e9b8d2a6e957e8cfae3,chapter_boundary_or_shift,1:1,Ps.28.3,Ps.29.3,accepted,high
uk5-f898c46c12fd18953edb,chapter_boundary_or_shift,1:1,Ps.28.4,Ps.29.4,accepted,high
uk5-7a2b8d8babd0b6c964a2,chapter_boundary_or_shift,1:1,Ps.28.5,Ps.29.5,accepted,high
uk5-47e591ff2f57682de54c,chapter_boundary_or_shift,1:1,Ps.28.6,Ps.29.6,accepted,high
uk5-6a6b5686c36be6543686,chapter_boundary_or_shift,1:1,Ps.28.7,Ps.29.7,accepted,high
uk5-15ce0ba2b3c065bbf958,chapter_boundary_or_shift,1:1,Ps.28.8,Ps.29.8,accepted,high
uk5-e7d2484e1606a1312a8d,chapter_boundary_or_shift,1:1,Ps.28.9,Ps.29.9,accepted,high
uk5-598547991c250a700972,chapter_boundary_or_shift,1:1,Ps.28.10,Ps.29.10,accepted,high
uk5-5576bfb6987a9ad2503f,chapter_boundary_or_shift,1:1,Ps.28.11,Ps.29.11,accepted,high
uk5-8a80f7352d672c027f63,merge;chapter_boundary_or_shift;superscription,merge,Ps.29.1;Ps.29.2,Ps.30.1,accepted,high
uk5-9278c07b9099c691232b,chapter_boundary_or_shift,1:1,Ps.29.3,Ps.30.2,accepted,high
uk5-7870d8195c4276efa752,chapter_boundary_or_shift,1:1,Ps.29.4,Ps.30.3,accepted,high
uk5-eafd1387a83b339d4d25,chapter_boundary_or_shift,1:1,Ps.29.5,Ps.30.4,accepted,high
uk5-348416c8662ce4ed0c41,chapter_boundary_or_shift,1:1,Ps.29.6,Ps.30.5,accepted,high
uk5-6213b1ee3dac6773c5bb,chapter_boundary_or_shift,1:1,Ps.29.7,Ps.30.6,accepted,high
uk5-6e0f7a427b5713d6f2cf,chapter_boundary_or_shift,1:1,Ps.29.8,Ps.30.7,accepted,high
uk5-397230ba804861bc6455,chapter_boundary_or_shift,1:1,Ps.29.9,Ps.30.8,accepted,high
uk5-feef7a36263e2ade9c9f,chapter_boundary_or_shift,1:1,Ps.29.10,Ps.30.9,accepted,high
uk5-4f63b52776155b6257f7,chapter_boundary_or_shift,1:1,Ps.29.11,Ps.30.10,accepted,high
uk5-be5be9d105e398238a92,chapter_boundary_or_shift,1:1,Ps.29.12,Ps.30.11,accepted,high
uk5-cabb67cdb6d8af2b07e7,chapter_boundary_or_shift,1:1,Ps.29.13,Ps.30.12,accepted,high
uk5-49aac9a3f7baffc7dc4a,merge;chapter_boundary_or_shift;superscription,merge,Ps.30.1;Ps.30.2,Ps.31.1,accepted,high
uk5-eb6740f9511b93e8d797,chapter_boundary_or_shift,1:1,Ps.30.3,Ps.31.2,accepted,high
uk5-ca8736bfbde90fcf73ef,chapter_boundary_or_shift,1:1,Ps.30.4,Ps.31.3,accepted,high
uk5-70b1262d17a183eeeb0e,chapter_boundary_or_shift,1:1,Ps.30.5,Ps.31.4,accepted,high
uk5-3acc12baa47e20ad7987,chapter_boundary_or_shift,1:1,Ps.30.6,Ps.31.5,accepted,high
uk5-cc2bc87da90710ec892b,chapter_boundary_or_shift,1:1,Ps.30.7,Ps.31.6,accepted,high
uk5-17acc10ec0740af13a9e,chapter_boundary_or_shift,1:1,Ps.30.8,Ps.31.7,accepted,high
uk5-e1c89845518cd05429c2,chapter_boundary_or_shift,1:1,Ps.30.9,Ps.31.8,accepted,high
uk5-84810d950c8057103b70,chapter_boundary_or_shift,1:1,Ps.30.10,Ps.31.9,accepted,high
uk5-b9c9660f7054e3fd569f,chapter_boundary_or_shift,1:1,Ps.30.11,Ps.31.10,accepted,high
uk5-6bbe08e7717ee54ec936,chapter_boundary_or_shift,1:1,Ps.30.12,Ps.31.11,accepted,high
uk5-2cf879ed63a10d8dbbca,chapter_boundary_or_shift,1:1,Ps.30.13,Ps.31.12,accepted,high
uk5-87d84e30265c13b91971,chapter_boundary_or_shift,1:1,Ps.30.14,Ps.31.13,accepted,high
uk5-6f0bf9501c45c575baa0,chapter_boundary_or_shift,1:1,Ps.30.15,Ps.31.14,accepted,high
uk5-cbab8f7a2947da211ade,chapter_boundary_or_shift,1:1,Ps.30.16,Ps.31.15,accepted,high
uk5-81a750188474ef811f14,chapter_boundary_or_shift,1:1,Ps.30.17,Ps.31.16,accepted,high
uk5-17b2e498e600d3b62649,chapter_boundary_or_shift,1:1,Ps.30.18,Ps.31.17,accepted,high
uk5-fc5fed0fd12952f21cde,chapter_boundary_or_shift,1:1,Ps.30.19,Ps.31.18,accepted,high
uk5-1aa5c2c7a202b17aa226,chapter_boundary_or_shift,1:1,Ps.30.20,Ps.31.19,accepted,high
uk5-7c0bc5e42ce6911fa178,chapter_boundary_or_shift,1:1,Ps.30.21,Ps.31.20,accepted,high
uk5-d9342cf693fce1e050b2,chapter_boundary_or_shift,1:1,Ps.30.22,Ps.31.21,accepted,high
uk5-da4bd03b4f59de57d109,chapter_boundary_or_shift,1:1,Ps.30.23,Ps.31.22,accepted,high
uk5-fae8046ab988564447af,chapter_boundary_or_shift,1:1,Ps.30.24,Ps.31.23,accepted,high
uk5-4abc3cb5544dad41d448,chapter_boundary_or_shift,1:1,Ps.30.25,Ps.31.24,accepted,high
uk5-51a267b835dfb8ddcf8a,chapter_boundary_or_shift,1:1,Ps.31.1,Ps.32.1,accepted,high
uk5-68b065eaf36355ff115f,chapter_boundary_or_shift,1:1,Ps.31.2,Ps.32.2,accepted,high
uk5-0ffae323d07161cd62bd,chapter_boundary_or_shift,1:1,Ps.31.3,Ps.32.3,accepted,high
uk5-84f165bd6c1b42c9e154,chapter_boundary_or_shift,1:1,Ps.31.4,Ps.32.4,accepted,high
uk5-9178c6369f08fa4b4507,chapter_boundary_or_shift,1:1,Ps.31.5,Ps.32.5,accepted,high
uk5-13895ea73619fe4bfbeb,chapter_boundary_or_shift,1:1,Ps.31.6,Ps.32.6,accepted,high
uk5-88bdea2f4da7c8a5f74b,chapter_boundary_or_shift,1:1,Ps.31.7,Ps.32.7,accepted,high
uk5-957fa41e6093f7d78c2c,chapter_boundary_or_shift,1:1,Ps.31.8,Ps.32.8,accepted,high
uk5-c1c9e07dc977bc92cd10,chapter_boundary_or_shift,1:1,Ps.31.9,Ps.32.9,accepted,high
uk5-a1ebee80d1c24e4e1515,chapter_boundary_or_shift,1:1,Ps.31.10,Ps.32.10,accepted,high
uk5-b4d7f53d2138eff138d2,chapter_boundary_or_shift,1:1,Ps.31.11,Ps.32.11,accepted,high
uk5-1195c0e53f06d5b158bb,chapter_boundary_or_shift,1:1,Ps.32.1,Ps.33.1,accepted,high
uk5-20b20993fb4cb3b05ca7,chapter_boundary_or_shift,1:1,Ps.32.2,Ps.33.2,accepted,high
uk5-7d9fae2039ff92bc9239,chapter_boundary_or_shift,1:1,Ps.32.3,Ps.33.3,accepted,high
uk5-e5c600f788e53aa9ccf8,chapter_boundary_or_shift,1:1,Ps.32.4,Ps.33.4,accepted,high
uk5-84c24b67cbfb988ab045,chapter_boundary_or_shift,1:1,Ps.32.5,Ps.33.5,accepted,high
uk5-8c16af6968c613ebba9a,chapter_boundary_or_shift,1:1,Ps.32.6,Ps.33.6,accepted,high
uk5-08a1eb4ef7b055a48b5e,chapter_boundary_or_shift,1:1,Ps.32.7,Ps.33.7,accepted,high
uk5-975ebae0911801076242,chapter_boundary_or_shift,1:1,Ps.32.8,Ps.33.8,accepted,high
uk5-2123ae8af2dd5dbbc6f7,chapter_boundary_or_shift,1:1,Ps.32.9,Ps.33.9,accepted,high
uk5-e5f5d44b6d27414a51cf,chapter_boundary_or_shift,1:1,Ps.32.10,Ps.33.10,accepted,high
uk5-4aa14b7bd05090164953,chapter_boundary_or_shift,1:1,Ps.32.11,Ps.33.11,accepted,high
uk5-93f9138f46e03022b3cd,chapter_boundary_or_shift,1:1,Ps.32.12,Ps.33.12,accepted,high
uk5-2a8cbf43c5cbcf28a9aa,chapter_boundary_or_shift,1:1,Ps.32.13,Ps.33.13,accepted,high
uk5-4fd0bc5617edbaba3b8c,chapter_boundary_or_shift,1:1,Ps.32.14,Ps.33.14,accepted,high
uk5-9f6f423d37bbc38d43a9,chapter_boundary_or_shift,1:1,Ps.32.15,Ps.33.15,accepted,high
uk5-b7c9b363b1adf4ee3a24,chapter_boundary_or_shift,1:1,Ps.32.16,Ps.33.16,accepted,high
uk5-cc98a48d0e40cc4062f0,chapter_boundary_or_shift,1:1,Ps.32.17,Ps.33.17,accepted,high
uk5-dbcaed7e71eb79d1b252,chapter_boundary_or_shift,1:1,Ps.32.18,Ps.33.18,accepted,high
uk5-2da8e762be45d899b71d,chapter_boundary_or_shift,1:1,Ps.32.19,Ps.33.19,accepted,high
uk5-ab58a9f37c15899d6d07,chapter_boundary_or_shift,1:1,Ps.32.20,Ps.33.20,accepted,high
uk5-4672c13f219287746094,chapter_boundary_or_shift,1:1,Ps.32.21,Ps.33.21,accepted,high
uk5-83f34346695f5342562a,chapter_boundary_or_shift,1:1,Ps.32.22,Ps.33.22,accepted,high
uk5-78661572a2baeabd77ac,merge;chapter_boundary_or_shift;superscription,merge,Ps.33.1;Ps.33.2,Ps.34.1,accepted,high
uk5-a373bc87b548ddc70b9c,chapter_boundary_or_shift,1:1,Ps.33.3,Ps.34.2,accepted,high
uk5-acb1ac3d2769a7abd5c4,chapter_boundary_or_shift,1:1,Ps.33.4,Ps.34.3,accepted,high
uk5-b328c963e97a2b3901e5,chapter_boundary_or_shift,1:1,Ps.33.5,Ps.34.4,accepted,high
uk5-b570d770edefb7265120,chapter_boundary_or_shift,1:1,Ps.33.6,Ps.34.5,accepted,high
uk5-e68adc95761644fbf67a,chapter_boundary_or_shift,1:1,Ps.33.7,Ps.34.6,accepted,high
uk5-1aaf8d05b139e1919206,chapter_boundary_or_shift,1:1,Ps.33.8,Ps.34.7,accepted,high
uk5-d683b84e2a2d0108d8e2,chapter_boundary_or_shift,1:1,Ps.33.9,Ps.34.8,accepted,high
uk5-5cf3dcddabb12bf9848a,chapter_boundary_or_shift,1:1,Ps.33.10,Ps.34.9,accepted,high
uk5-082459e21e4307126625,chapter_boundary_or_shift,1:1,Ps.33.11,Ps.34.10,accepted,high
uk5-d1970d646c1548b917c6,chapter_boundary_or_shift,1:1,Ps.33.12,Ps.34.11,accepted,high
uk5-b8a0b4f6840671b1a4f6,chapter_boundary_or_shift,1:1,Ps.33.13,Ps.34.12,accepted,high
uk5-286fa0b1c75d74d53c62,chapter_boundary_or_shift,1:1,Ps.33.14,Ps.34.13,accepted,high
uk5-cb4834dc97cd1989f609,chapter_boundary_or_shift,1:1,Ps.33.15,Ps.34.14,accepted,high
uk5-dfb1d54d4e90bc956ba8,chapter_boundary_or_shift,1:1,Ps.33.16,Ps.34.15,accepted,high
uk5-44ff1b6890fb2497ab93,chapter_boundary_or_shift,1:1,Ps.33.17,Ps.34.16,accepted,high
uk5-64493e48590e66447bb4,chapter_boundary_or_shift,1:1,Ps.33.18,Ps.34.17,accepted,high
uk5-8c9b8a1db7fc7118835e,chapter_boundary_or_shift,1:1,Ps.33.19,Ps.34.18,accepted,high
uk5-fc3b83f1683d125c1de0,chapter_boundary_or_shift,1:1,Ps.33.20,Ps.34.19,accepted,high
uk5-382240a3e4fbc2e4ef3a,chapter_boundary_or_shift,1:1,Ps.33.21,Ps.34.20,accepted,high
uk5-ad6695ec36bd8f78c21b,chapter_boundary_or_shift,1:1,Ps.33.22,Ps.34.21,accepted,high
uk5-e08c694206a2d4d15643,chapter_boundary_or_shift,1:1,Ps.33.23,Ps.34.22,accepted,high
uk5-e00e66eb0693e744d28d,chapter_boundary_or_shift,1:1,Ps.34.1,Ps.35.1,accepted,high
uk5-6087e13591b1d76721b8,chapter_boundary_or_shift,1:1,Ps.34.2,Ps.35.2,accepted,high
uk5-3822467b87cbf9249691,chapter_boundary_or_shift,1:1,Ps.34.3,Ps.35.3,accepted,high
uk5-ec6f5014d8100af4bf0e,chapter_boundary_or_shift,1:1,Ps.34.4,Ps.35.4,accepted,high
uk5-f91f34ac63a3ed5151b1,chapter_boundary_or_shift,1:1,Ps.34.5,Ps.35.5,accepted,high
uk5-920c94fc49ef30ba567d,chapter_boundary_or_shift,1:1,Ps.34.6,Ps.35.6,accepted,high
uk5-6f070022225c4c318cc7,chapter_boundary_or_shift,1:1,Ps.34.7,Ps.35.7,accepted,high
uk5-60933e88181335bfb6f5,chapter_boundary_or_shift,1:1,Ps.34.8,Ps.35.8,accepted,high
uk5-51a92f62648ecacb23aa,chapter_boundary_or_shift,1:1,Ps.34.9,Ps.35.9,accepted,high
uk5-5e82c9ce0ba0e155285a,chapter_boundary_or_shift,1:1,Ps.34.10,Ps.35.10,accepted,high
uk5-56f0bbf3a88b715ae0e3,chapter_boundary_or_shift,1:1,Ps.34.11,Ps.35.11,accepted,high
uk5-0d023a2b7ce6e3895fe3,chapter_boundary_or_shift,1:1,Ps.34.12,Ps.35.12,accepted,high
uk5-f159c1416093214f6a93,chapter_boundary_or_shift,1:1,Ps.34.13,Ps.35.13,accepted,high
uk5-b652a15f2cc377d3fb60,chapter_boundary_or_shift,1:1,Ps.34.14,Ps.35.14,accepted,high
uk5-d57154a5858cf3f3307a,chapter_boundary_or_shift,1:1,Ps.34.15,Ps.35.15,accepted,high
uk5-d352162166d47ae14f30,chapter_boundary_or_shift,1:1,Ps.34.16,Ps.35.16,accepted,high
uk5-e77264c4d649519688bc,chapter_boundary_or_shift,1:1,Ps.34.17,Ps.35.17,accepted,high
uk5-e38c70ddc4edcef74673,chapter_boundary_or_shift,1:1,Ps.34.18,Ps.35.18,accepted,high
uk5-73c24a91db667527143e,chapter_boundary_or_shift,1:1,Ps.34.19,Ps.35.19,accepted,high
uk5-03fe90980d3dfcc11162,chapter_boundary_or_shift,1:1,Ps.34.20,Ps.35.20,accepted,high
uk5-c05863c38ac29836f8bb,chapter_boundary_or_shift,1:1,Ps.34.21,Ps.35.21,accepted,high
uk5-6e2212679100c8eeeef9,chapter_boundary_or_shift,1:1,Ps.34.22,Ps.35.22,accepted,high
uk5-c87ee59b8b29dbe7c386,chapter_boundary_or_shift,1:1,Ps.34.23,Ps.35.23,accepted,high
uk5-9e9260110ebf1fd86b01,chapter_boundary_or_shift,1:1,Ps.34.24,Ps.35.24,accepted,high
uk5-adc5b92f09da7137d51d,chapter_boundary_or_shift,1:1,Ps.34.25,Ps.35.25,accepted,high
uk5-81419e7c462464219834,chapter_boundary_or_shift,1:1,Ps.34.26,Ps.35.26,accepted,high
uk5-ed84e752f565dba09c8b,chapter_boundary_or_shift,1:1,Ps.34.27,Ps.35.27,accepted,high
uk5-de8f53e169467cb34756,chapter_boundary_or_shift,1:1,Ps.34.28,Ps.35.28,accepted,high
uk5-4a73fbd98db1c3af7a6a,merge;chapter_boundary_or_shift;superscription,merge,Ps.35.1;Ps.35.2,Ps.36.1,accepted,high
uk5-b2bd0158d4db99fcafc2,chapter_boundary_or_shift,1:1,Ps.35.3,Ps.36.2,accepted,high
uk5-397db1137d24aaae5666,chapter_boundary_or_shift,1:1,Ps.35.4,Ps.36.3,accepted,high
uk5-d8a909615acfa6c63233,chapter_boundary_or_shift,1:1,Ps.35.5,Ps.36.4,accepted,high
uk5-3db11913c46cd102e9c7,chapter_boundary_or_shift,1:1,Ps.35.6,Ps.36.5,accepted,high
uk5-bab49724895fcdff8559,chapter_boundary_or_shift,1:1,Ps.35.7,Ps.36.6,accepted,high
uk5-fd8d409a11caae9d9ad8,chapter_boundary_or_shift,1:1,Ps.35.8,Ps.36.7,accepted,high
uk5-906598c46bcfc1d63a13,chapter_boundary_or_shift,1:1,Ps.35.9,Ps.36.8,accepted,high
uk5-f953a6b8a496398a9f18,chapter_boundary_or_shift,1:1,Ps.35.10,Ps.36.9,accepted,high
uk5-bed62ac1ad51ac823e2d,chapter_boundary_or_shift,1:1,Ps.35.11,Ps.36.10,accepted,high
uk5-71017dac3ef3492ed24a,chapter_boundary_or_shift,1:1,Ps.35.12,Ps.36.11,accepted,high
uk5-85586e76917b65f84cab,chapter_boundary_or_shift,1:1,Ps.35.13,Ps.36.12,accepted,high
uk5-4198406c5a18ccd05b33,chapter_boundary_or_shift,1:1,Ps.36.1,Ps.37.1,accepted,high
uk5-33c07bf939400d5b82f6,chapter_boundary_or_shift,1:1,Ps.36.2,Ps.37.2,accepted,high
uk5-633626d1ac74e29f74ab,chapter_boundary_or_shift,1:1,Ps.36.3,Ps.37.3,accepted,high
uk5-aa1aebda198a0927b8f3,chapter_boundary_or_shift,1:1,Ps.36.4,Ps.37.4,accepted,high
uk5-56a860a38cf2bac51e6b,chapter_boundary_or_shift,1:1,Ps.36.5,Ps.37.5,accepted,high
uk5-5ab1c718c54a6406f480,chapter_boundary_or_shift,1:1,Ps.36.6,Ps.37.6,accepted,high
uk5-a57e88e655b8605c0957,chapter_boundary_or_shift,1:1,Ps.36.7,Ps.37.7,accepted,high
uk5-85f719b31005a1735f51,chapter_boundary_or_shift,1:1,Ps.36.8,Ps.37.8,accepted,high
uk5-d36743485895c5f1168d,chapter_boundary_or_shift,1:1,Ps.36.9,Ps.37.9,accepted,high
uk5-621a469d4f4cf875f737,chapter_boundary_or_shift,1:1,Ps.36.10,Ps.37.10,accepted,high
uk5-df318972bb86b1f8d581,chapter_boundary_or_shift,1:1,Ps.36.11,Ps.37.11,accepted,high
uk5-08b4843abc6e0786638e,chapter_boundary_or_shift,1:1,Ps.36.12,Ps.37.12,accepted,high
uk5-5ee3429627ec8e8ae0a6,chapter_boundary_or_shift,1:1,Ps.36.13,Ps.37.13,accepted,high
uk5-d9f207a4d3ad04710d23,chapter_boundary_or_shift,1:1,Ps.36.14,Ps.37.14,accepted,high
uk5-735a482ba56febeadac0,chapter_boundary_or_shift,1:1,Ps.36.15,Ps.37.15,accepted,high
uk5-1b885f076e8c655d162c,chapter_boundary_or_shift,1:1,Ps.36.16,Ps.37.16,accepted,high
uk5-375eb03998b26eb6065e,chapter_boundary_or_shift,1:1,Ps.36.17,Ps.37.17,accepted,high
uk5-a7e793a2d4c30a0f4330,chapter_boundary_or_shift,1:1,Ps.36.18,Ps.37.18,accepted,high
uk5-0728ace418d5ac92c307,chapter_boundary_or_shift,1:1,Ps.36.19,Ps.37.19,accepted,high
uk5-bdc55c3fc82a517e5a2d,chapter_boundary_or_shift,1:1,Ps.36.20,Ps.37.20,accepted,high
uk5-c88b18496b09916d93e6,chapter_boundary_or_shift,1:1,Ps.36.21,Ps.37.21,accepted,high
uk5-3b636332866cb433cdb4,chapter_boundary_or_shift,1:1,Ps.36.22,Ps.37.22,accepted,high
uk5-9b438071245f419091c9,chapter_boundary_or_shift,1:1,Ps.36.23,Ps.37.23,accepted,high
uk5-0599067c354905c3a9bf,chapter_boundary_or_shift,1:1,Ps.36.24,Ps.37.24,accepted,high
uk5-31377aa6a2ab312bb88f,chapter_boundary_or_shift,1:1,Ps.36.25,Ps.37.25,accepted,high
uk5-2561d843d26e4634dfa8,chapter_boundary_or_shift,1:1,Ps.36.26,Ps.37.26,accepted,high
uk5-6472473410edb837e470,chapter_boundary_or_shift,1:1,Ps.36.27,Ps.37.27,accepted,high
uk5-8d24b7ab7fc36237acea,chapter_boundary_or_shift,1:1,Ps.36.28,Ps.37.28,accepted,high
uk5-01bfc2be60f30737f0e1,chapter_boundary_or_shift,1:1,Ps.36.29,Ps.37.29,accepted,high
uk5-434e48690a524cd38d7d,chapter_boundary_or_shift,1:1,Ps.36.30,Ps.37.30,accepted,high
uk5-43ba3e0c09b33d844d95,chapter_boundary_or_shift,1:1,Ps.36.31,Ps.37.31,accepted,high
uk5-e776ee7e27012345573a,chapter_boundary_or_shift,1:1,Ps.36.32,Ps.37.32,accepted,high
uk5-6ad931854f42389691ff,chapter_boundary_or_shift,1:1,Ps.36.33,Ps.37.33,accepted,high
uk5-d3c8c433a7ee846f6190,chapter_boundary_or_shift,1:1,Ps.36.34,Ps.37.34,accepted,high
uk5-d7d9e9a1739b2c8a83d1,chapter_boundary_or_shift,1:1,Ps.36.35,Ps.37.35,accepted,high
uk5-277d837ba6ca81f413f8,chapter_boundary_or_shift,1:1,Ps.36.36,Ps.37.36,accepted,high
uk5-2f39dca7ea4736b65e80,chapter_boundary_or_shift,1:1,Ps.36.37,Ps.37.37,accepted,high
uk5-adc56528bc0fb7cc4b78,chapter_boundary_or_shift,1:1,Ps.36.38,Ps.37.38,accepted,high
uk5-db56f47293e4bdcbe361,chapter_boundary_or_shift,1:1,Ps.36.39,Ps.37.39,accepted,high
uk5-bfe6d211dec7ec0ca0f0,chapter_boundary_or_shift,1:1,Ps.36.40,Ps.37.40,accepted,high
uk5-da8e6b74d23222d78e67,merge;chapter_boundary_or_shift;superscription,merge,Ps.37.1;Ps.37.2,Ps.38.1,accepted,high
uk5-c7e3c27f48a57225ed32,chapter_boundary_or_shift,1:1,Ps.37.3,Ps.38.2,accepted,high
uk5-0313f5935df7834809f9,chapter_boundary_or_shift,1:1,Ps.37.4,Ps.38.3,accepted,high
uk5-64bb15e68fc2b74401d2,chapter_boundary_or_shift,1:1,Ps.37.5,Ps.38.4,accepted,high
uk5-8bea97c79d4e5bd69ec0,chapter_boundary_or_shift,1:1,Ps.37.6,Ps.38.5,accepted,high
uk5-b1809492d9cd8cf0f65b,chapter_boundary_or_shift,1:1,Ps.37.7,Ps.38.6,accepted,high
uk5-ad80a4482b96c0938420,chapter_boundary_or_shift,1:1,Ps.37.8,Ps.38.7,accepted,high
uk5-3007312d826a1af8fa07,chapter_boundary_or_shift,1:1,Ps.37.9,Ps.38.8,accepted,high
uk5-2bffb1986e620cffa234,chapter_boundary_or_shift,1:1,Ps.37.10,Ps.38.9,accepted,high
uk5-503bb248fd920018beef,chapter_boundary_or_shift,1:1,Ps.37.11,Ps.38.10,accepted,high
uk5-df0daa31b2bfd17dec48,chapter_boundary_or_shift,1:1,Ps.37.12,Ps.38.11,accepted,high
uk5-d2b1dbed4bc247265f07,chapter_boundary_or_shift,1:1,Ps.37.13,Ps.38.12,accepted,high
uk5-28e0b671872fa46d7567,chapter_boundary_or_shift,1:1,Ps.37.14,Ps.38.13,accepted,high
uk5-b3644a1b76b3db4aa7b6,chapter_boundary_or_shift,1:1,Ps.37.15,Ps.38.14,accepted,high
uk5-519b717ff83f32133ec5,chapter_boundary_or_shift,1:1,Ps.37.16,Ps.38.15,accepted,high
uk5-fc5a0c2c17fa3649035e,chapter_boundary_or_shift,1:1,Ps.37.17,Ps.38.16,accepted,high
uk5-fc3c277bd3a58bc929c0,chapter_boundary_or_shift,1:1,Ps.37.18,Ps.38.17,accepted,high
uk5-49af72dec99e11bb8373,chapter_boundary_or_shift,1:1,Ps.37.19,Ps.38.18,accepted,high
uk5-efc06e4d4c519e13391f,chapter_boundary_or_shift,1:1,Ps.37.20,Ps.38.19,accepted,high
uk5-99c0e2cc98671299caa3,chapter_boundary_or_shift,1:1,Ps.37.21,Ps.38.20,accepted,high
uk5-61fa8b87d8aae6637001,chapter_boundary_or_shift,1:1,Ps.37.22,Ps.38.21,accepted,high
uk5-e6fe09a0b2d84bb488a3,chapter_boundary_or_shift,1:1,Ps.37.23,Ps.38.22,accepted,high
uk5-cc15f27e89d24a27ed89,merge;chapter_boundary_or_shift;superscription,merge,Ps.38.1;Ps.38.2,Ps.39.1,accepted,high
uk5-15bf8f93df6bce3d3d35,chapter_boundary_or_shift,1:1,Ps.38.3,Ps.39.2,accepted,high
uk5-b653e6cb3b505b68ca5d,chapter_boundary_or_shift,1:1,Ps.38.4,Ps.39.3,accepted,high
uk5-f9d098a798f4fb9712cb,chapter_boundary_or_shift,1:1,Ps.38.5,Ps.39.4,accepted,high
uk5-a8b1f48f64d2e8dda2df,chapter_boundary_or_shift,1:1,Ps.38.6,Ps.39.5,accepted,high
uk5-f2291dc2d58f1a589d02,chapter_boundary_or_shift,1:1,Ps.38.7,Ps.39.6,accepted,high
uk5-608307709abfd6822250,chapter_boundary_or_shift,1:1,Ps.38.8,Ps.39.7,accepted,high
uk5-1cea832e229820545ac2,chapter_boundary_or_shift,1:1,Ps.38.9,Ps.39.8,accepted,high
uk5-e3554cd6e58e8bb3b34d,chapter_boundary_or_shift,1:1,Ps.38.10,Ps.39.9,accepted,high
uk5-ac87ff8d42e53b8e6530,chapter_boundary_or_shift,1:1,Ps.38.11,Ps.39.10,accepted,high
uk5-83f38b522ab3a1824cad,chapter_boundary_or_shift,1:1,Ps.38.12,Ps.39.11,accepted,high
uk5-2f3487652efb69b33235,chapter_boundary_or_shift,1:1,Ps.38.13,Ps.39.12,accepted,high
uk5-b52fa8c1c8e3b98559b6,chapter_boundary_or_shift,1:1,Ps.38.14,Ps.39.13,accepted,high
uk5-59b8c1a5b408f4909584,merge;chapter_boundary_or_shift;superscription,merge,Ps.39.1;Ps.39.2,Ps.40.1,accepted,high
uk5-dcce1118d7270562ca4d,chapter_boundary_or_shift,1:1,Ps.39.3,Ps.40.2,accepted,high
uk5-4f7d3db8392d51136a50,chapter_boundary_or_shift,1:1,Ps.39.4,Ps.40.3,accepted,high
uk5-fec5900e5921217e257b,chapter_boundary_or_shift,1:1,Ps.39.5,Ps.40.4,accepted,high
uk5-2b874c5785e8ce57b415,chapter_boundary_or_shift,1:1,Ps.39.6,Ps.40.5,accepted,high
uk5-04f54452f551af84fb93,chapter_boundary_or_shift,1:1,Ps.39.7,Ps.40.6,accepted,high
uk5-9d3e11780b5b3770f98f,chapter_boundary_or_shift,1:1,Ps.39.8,Ps.40.7,accepted,high
uk5-b33ab429f2270ad16cbb,chapter_boundary_or_shift,1:1,Ps.39.9,Ps.40.8,accepted,high
uk5-19fef7eba4bb633e3d16,chapter_boundary_or_shift,1:1,Ps.39.10,Ps.40.9,accepted,high
uk5-3424300cef5780a331fb,chapter_boundary_or_shift,1:1,Ps.39.11,Ps.40.10,accepted,high
uk5-9ee2d8b08f2c61b82b9d,chapter_boundary_or_shift,1:1,Ps.39.12,Ps.40.11,accepted,high
uk5-953a94e568f997252894,chapter_boundary_or_shift,1:1,Ps.39.13,Ps.40.12,accepted,high
uk5-6098499576ce4f249aff,chapter_boundary_or_shift,1:1,Ps.39.14,Ps.40.13,accepted,high
uk5-c41cd3ed2560afb90279,chapter_boundary_or_shift,1:1,Ps.39.15,Ps.40.14,accepted,high
uk5-621a2bcdbefeb644e7b1,chapter_boundary_or_shift,1:1,Ps.39.16,Ps.40.15,accepted,high
uk5-ec4ad9f0bcd620e06232,chapter_boundary_or_shift,1:1,Ps.39.17,Ps.40.16,accepted,high
uk5-62b01fd8df40a8171e16,chapter_boundary_or_shift,1:1,Ps.39.18,Ps.40.17,accepted,high
uk5-603f55921e49fa4f3eea,merge;chapter_boundary_or_shift;superscription,merge,Ps.40.1;Ps.40.2,Ps.41.1,accepted,high
uk5-08ae50141b785c354341,chapter_boundary_or_shift,1:1,Ps.40.3,Ps.41.2,accepted,high
uk5-d5fe2f55b19a7885e49e,chapter_boundary_or_shift,1:1,Ps.40.4,Ps.41.3,accepted,high
uk5-bd24318c4cc655cc38ee,chapter_boundary_or_shift,1:1,Ps.40.5,Ps.41.4,accepted,high
uk5-1b493bab0708931bd8e8,chapter_boundary_or_shift,1:1,Ps.40.6,Ps.41.5,accepted,high
uk5-71ba628bf0d33c78d9e0,chapter_boundary_or_shift,1:1,Ps.40.7,Ps.41.6,accepted,high
uk5-1bfaf58a202edb3aa040,chapter_boundary_or_shift,1:1,Ps.40.8,Ps.41.7,accepted,high
uk5-89da4194ce7cc1b2e885,chapter_boundary_or_shift,1:1,Ps.40.9,Ps.41.8,accepted,high
uk5-574f439fbb44cc425dce,chapter_boundary_or_shift,1:1,Ps.40.10,Ps.41.9,accepted,high
uk5-cd31095c06412827fc63,chapter_boundary_or_shift,1:1,Ps.40.11,Ps.41.10,accepted,high
uk5-73484175f2b62c393e34,chapter_boundary_or_shift,1:1,Ps.40.12,Ps.41.11,accepted,high
uk5-fbd00c904fb4a9baad86,chapter_boundary_or_shift,1:1,Ps.40.13,Ps.41.12,accepted,high
uk5-2f5edd5fc33ae059cbe0,chapter_boundary_or_shift,1:1,Ps.40.14,Ps.41.13,accepted,high
uk5-5bc9b29f93501c952392,merge;chapter_boundary_or_shift;superscription,merge,Ps.41.1;Ps.41.2,Ps.42.1,accepted,high
uk5-e43d1eda8dd99e37ae08,chapter_boundary_or_shift,1:1,Ps.41.3,Ps.42.2,accepted,high
uk5-e6ac215e5b1f8ebcf0ac,chapter_boundary_or_shift,1:1,Ps.41.4,Ps.42.3,accepted,high
uk5-ee71f6fcbbadcb756b12,chapter_boundary_or_shift,1:1,Ps.41.5,Ps.42.4,accepted,high
uk5-dd53ac72e7bdb8518480,chapter_boundary_or_shift,1:1,Ps.41.6,Ps.42.5,accepted,high
uk5-cebac58ce012d9959b7f,chapter_boundary_or_shift,1:1,Ps.41.7,Ps.42.6,accepted,high
uk5-f842dc3b901fb639edad,chapter_boundary_or_shift,1:1,Ps.41.8,Ps.42.7,accepted,high
uk5-613f80c8b779a42b96c9,chapter_boundary_or_shift,1:1,Ps.41.9,Ps.42.8,accepted,high
uk5-1d99ff1755ef161d0d7d,chapter_boundary_or_shift,1:1,Ps.41.10,Ps.42.9,accepted,high
uk5-7e95fd616ded8ccc7989,chapter_boundary_or_shift,1:1,Ps.41.11,Ps.42.10,accepted,high
uk5-da89edacc574878695bc,chapter_boundary_or_shift,1:1,Ps.41.12,Ps.42.11,accepted,high
uk5-af482ad0641be847e31f,chapter_boundary_or_shift,1:1,Ps.42.1,Ps.43.1,accepted,high
uk5-8f4d72002ecd87eeccf4,chapter_boundary_or_shift,1:1,Ps.42.2,Ps.43.2,accepted,high
uk5-871c9fcc160d295b517a,chapter_boundary_or_shift,1:1,Ps.42.3,Ps.43.3,accepted,high
uk5-4751dd081b62d38c1754,chapter_boundary_or_shift,1:1,Ps.42.4,Ps.43.4,accepted,high
uk5-14b139f8ee98800a556d,chapter_boundary_or_shift,1:1,Ps.42.5,Ps.43.5,accepted,high
uk5-96b26750e80073b9bbe7,merge;chapter_boundary_or_shift;superscription,merge,Ps.43.1;Ps.43.2,Ps.44.1,accepted,high
uk5-7d3e6267911c295787b2,chapter_boundary_or_shift,1:1,Ps.43.3,Ps.44.2,accepted,high
uk5-54324f51e50ea90594f3,chapter_boundary_or_shift,1:1,Ps.43.4,Ps.44.3,accepted,high
uk5-674aa72ad91193e34f7f,chapter_boundary_or_shift,1:1,Ps.43.5,Ps.44.4,accepted,high
uk5-b644269e4882b386f23d,chapter_boundary_or_shift,1:1,Ps.43.6,Ps.44.5,accepted,high
uk5-23390e77c883b8afbdef,chapter_boundary_or_shift,1:1,Ps.43.7,Ps.44.6,accepted,high
uk5-143c783ae3d5e428c0db,chapter_boundary_or_shift,1:1,Ps.43.8,Ps.44.7,accepted,high
uk5-d2083c9fcff9b5c25d84,chapter_boundary_or_shift,1:1,Ps.43.9,Ps.44.8,accepted,high
uk5-87ee07ff912a0b910179,chapter_boundary_or_shift,1:1,Ps.43.10,Ps.44.9,accepted,high
uk5-df0318880ee87e05cab4,chapter_boundary_or_shift,1:1,Ps.43.11,Ps.44.10,accepted,high
uk5-947be48bce90f33ef56e,chapter_boundary_or_shift,1:1,Ps.43.12,Ps.44.11,accepted,high
uk5-6ab47a1608f106bfde42,chapter_boundary_or_shift,1:1,Ps.43.13,Ps.44.12,accepted,high
uk5-3ee3631dfcaaeb5be3ec,chapter_boundary_or_shift,1:1,Ps.43.14,Ps.44.13,accepted,high
uk5-be00bf9d7a7e73691deb,chapter_boundary_or_shift,1:1,Ps.43.15,Ps.44.14,accepted,high
uk5-264659ba1044fda12e75,chapter_boundary_or_shift,1:1,Ps.43.16,Ps.44.15,accepted,high
uk5-3dc182f855abb080ece2,chapter_boundary_or_shift,1:1,Ps.43.17,Ps.44.16,accepted,high
uk5-b942c1b911cad29dcb76,chapter_boundary_or_shift,1:1,Ps.43.18,Ps.44.17,accepted,high
uk5-1b71b5c6d74736b07dfb,chapter_boundary_or_shift,1:1,Ps.43.19,Ps.44.18,accepted,high
uk5-d1326afc9b6d782143e2,chapter_boundary_or_shift,1:1,Ps.43.20,Ps.44.19,accepted,high
uk5-2eae30a63173502715c4,chapter_boundary_or_shift,1:1,Ps.43.21,Ps.44.20,accepted,high
uk5-d642479f38aef81507d9,chapter_boundary_or_shift,1:1,Ps.43.22,Ps.44.21,accepted,high
uk5-d0380050eb1d44e449bf,chapter_boundary_or_shift,1:1,Ps.43.23,Ps.44.22,accepted,high
uk5-6b5543617ed25619ba6a,chapter_boundary_or_shift,1:1,Ps.43.24,Ps.44.23,accepted,high
uk5-5334387edd50ef771ab1,chapter_boundary_or_shift,1:1,Ps.43.25,Ps.44.24,accepted,high
uk5-b6b13fbd54c58a5ae479,chapter_boundary_or_shift,1:1,Ps.43.26,Ps.44.25,accepted,high
uk5-e90e6ffbbbe05bd35523,chapter_boundary_or_shift,1:1,Ps.43.27,Ps.44.26,accepted,high
uk5-ba2f74f0e3b0ccc479e9,merge;chapter_boundary_or_shift;superscription,merge,Ps.44.1;Ps.44.2,Ps.45.1,accepted,high
uk5-365a7fbdc6855e236ade,chapter_boundary_or_shift,1:1,Ps.44.3,Ps.45.2,accepted,high
uk5-2032d4873696de1daf92,chapter_boundary_or_shift,1:1,Ps.44.4,Ps.45.3,accepted,high
uk5-dd7dffc9c7a27dc48a17,chapter_boundary_or_shift,1:1,Ps.44.5,Ps.45.4,accepted,high
uk5-c14921ccbbcd75e50a43,chapter_boundary_or_shift,1:1,Ps.44.6,Ps.45.5,accepted,high
uk5-895808fbda443d945c70,chapter_boundary_or_shift,1:1,Ps.44.7,Ps.45.6,accepted,high
uk5-c07fb37a2bdf4d4fc096,chapter_boundary_or_shift,1:1,Ps.44.8,Ps.45.7,accepted,high
uk5-d0292344fb28429625d0,chapter_boundary_or_shift,1:1,Ps.44.9,Ps.45.8,accepted,high
uk5-5983ac3e94b57c562fd8,chapter_boundary_or_shift,1:1,Ps.44.10,Ps.45.9,accepted,high
uk5-03ed6269e2e30d01e7e4,chapter_boundary_or_shift,1:1,Ps.44.11,Ps.45.10,accepted,high
uk5-412acc8fc4bb038a20ad,chapter_boundary_or_shift,1:1,Ps.44.12,Ps.45.11,accepted,high
uk5-9baa3c1f727c4007a1e0,chapter_boundary_or_shift,1:1,Ps.44.13,Ps.45.12,accepted,high
uk5-34ec85f78ae52f84af3f,chapter_boundary_or_shift,1:1,Ps.44.14,Ps.45.13,accepted,high
uk5-cf7d9906ccf034cf554e,chapter_boundary_or_shift,1:1,Ps.44.15,Ps.45.14,accepted,high
uk5-585aeacd8f35f855915e,chapter_boundary_or_shift,1:1,Ps.44.16,Ps.45.15,accepted,high
uk5-e55208470e268a78d344,chapter_boundary_or_shift,1:1,Ps.44.17,Ps.45.16,accepted,high
uk5-d70cb4f6ffc227c1caf1,chapter_boundary_or_shift,1:1,Ps.44.18,Ps.45.17,accepted,high
uk5-0de76f2cfc432cbab4a9,merge;chapter_boundary_or_shift;superscription,merge,Ps.45.1;Ps.45.2,Ps.46.1,accepted,high
uk5-dc4e2ebee03b7ea4a24a,chapter_boundary_or_shift,1:1,Ps.45.3,Ps.46.2,accepted,high
uk5-5090edef2d9dfea7d6e9,chapter_boundary_or_shift,1:1,Ps.45.4,Ps.46.3,accepted,high
uk5-73daa3d6cbf51181e206,chapter_boundary_or_shift,1:1,Ps.45.5,Ps.46.4,accepted,high
uk5-198ad378751b05b1b9b6,chapter_boundary_or_shift,1:1,Ps.45.6,Ps.46.5,accepted,high
uk5-6fa0a370aa0d5811d4a6,chapter_boundary_or_shift,1:1,Ps.45.7,Ps.46.6,accepted,high
uk5-68d0dc35d53dffad8bb6,chapter_boundary_or_shift,1:1,Ps.45.8,Ps.46.7,accepted,high
uk5-4bc773dba4b8e9fcf9b1,chapter_boundary_or_shift,1:1,Ps.45.9,Ps.46.8,accepted,high
uk5-56d929a29553c0798041,chapter_boundary_or_shift,1:1,Ps.45.10,Ps.46.9,accepted,high
uk5-2e7abf18597ac65a6c63,chapter_boundary_or_shift,1:1,Ps.45.11,Ps.46.10,accepted,high
uk5-617181e5369346b7bfcd,chapter_boundary_or_shift,1:1,Ps.45.12,Ps.46.11,accepted,high
uk5-61dcf805c2513530d509,merge;chapter_boundary_or_shift;superscription,merge,Ps.46.1;Ps.46.2,Ps.47.1,accepted,high
uk5-a574a67e16e937f86a3d,chapter_boundary_or_shift,1:1,Ps.46.3,Ps.47.2,accepted,high
uk5-b2ee6c231f0c12bae377,chapter_boundary_or_shift,1:1,Ps.46.4,Ps.47.3,accepted,high
uk5-05c640954903ee0add68,chapter_boundary_or_shift,1:1,Ps.46.5,Ps.47.4,accepted,high
uk5-33af2ffe0bd476c31c77,chapter_boundary_or_shift,1:1,Ps.46.6,Ps.47.5,accepted,high
uk5-2f24c2d26ab2f357c305,chapter_boundary_or_shift,1:1,Ps.46.7,Ps.47.6,accepted,high
uk5-8e7d4ea9d636471bd9e2,chapter_boundary_or_shift,1:1,Ps.46.8,Ps.47.7,accepted,high
uk5-90cc0a4e0d1521482fd5,chapter_boundary_or_shift,1:1,Ps.46.9,Ps.47.8,accepted,high
uk5-cff1a868f2cdfb83208f,chapter_boundary_or_shift,1:1,Ps.46.10,Ps.47.9,accepted,high
uk5-76bda772c759f84640b5,merge;chapter_boundary_or_shift;superscription,merge,Ps.47.1;Ps.47.2,Ps.48.1,accepted,high
uk5-1e676861a76717e6055a,chapter_boundary_or_shift,1:1,Ps.47.3,Ps.48.2,accepted,high
uk5-25b81b12ed9474b9f8d5,chapter_boundary_or_shift,1:1,Ps.47.4,Ps.48.3,accepted,high
uk5-17deb1b82c7a5a5843ca,chapter_boundary_or_shift,1:1,Ps.47.5,Ps.48.4,accepted,high
uk5-a11cceabb1dbfb39d75b,chapter_boundary_or_shift,1:1,Ps.47.6,Ps.48.5,accepted,high
uk5-a5f54dcfd7257261abad,chapter_boundary_or_shift,1:1,Ps.47.7,Ps.48.6,accepted,high
uk5-1b227029f42c156633a6,chapter_boundary_or_shift,1:1,Ps.47.8,Ps.48.7,accepted,high
uk5-3582bdffd0b4dacb0c61,chapter_boundary_or_shift,1:1,Ps.47.9,Ps.48.8,accepted,high
uk5-7c6f9485a1296a10cd55,chapter_boundary_or_shift,1:1,Ps.47.10,Ps.48.9,accepted,high
uk5-c2d878b8b57e89c433e6,chapter_boundary_or_shift,1:1,Ps.47.11,Ps.48.10,accepted,high
uk5-d9c98683c36ff03f785f,chapter_boundary_or_shift,1:1,Ps.47.12,Ps.48.11,accepted,high
uk5-ad7774cca40ff78c05c0,chapter_boundary_or_shift,1:1,Ps.47.13,Ps.48.12,accepted,high
uk5-609a1c0351087bbce97e,chapter_boundary_or_shift,1:1,Ps.47.14,Ps.48.13,accepted,high
uk5-382bbf6cbc130dfc0bd3,chapter_boundary_or_shift,1:1,Ps.47.15,Ps.48.14,accepted,high
uk5-88f35bd7556053369421,merge;chapter_boundary_or_shift;superscription,merge,Ps.48.1;Ps.48.2,Ps.49.1,accepted,high
uk5-9ce5f12817f16475b1b5,chapter_boundary_or_shift,1:1,Ps.48.3,Ps.49.2,accepted,high
uk5-5eb9dd8e41da945721af,chapter_boundary_or_shift,1:1,Ps.48.4,Ps.49.3,accepted,high
uk5-685d6a21be87b7d4e1a1,chapter_boundary_or_shift,1:1,Ps.48.5,Ps.49.4,accepted,high
uk5-d2288d7d17aa47440cd6,chapter_boundary_or_shift,1:1,Ps.48.6,Ps.49.5,accepted,high
uk5-92e9fbebed6cf24b07a1,chapter_boundary_or_shift,1:1,Ps.48.7,Ps.49.6,accepted,high
uk5-0624d09f119312d66833,chapter_boundary_or_shift,1:1,Ps.48.8,Ps.49.7,accepted,high
uk5-db601dae2f3814a5ee14,chapter_boundary_or_shift,1:1,Ps.48.9,Ps.49.8,accepted,high
uk5-7bcd5af966a57657cf4a,chapter_boundary_or_shift,1:1,Ps.48.10,Ps.49.9,accepted,high
uk5-87b20448d3e5a031cb15,chapter_boundary_or_shift,1:1,Ps.48.11,Ps.49.10,accepted,high
uk5-17ec01855d9948ef973b,chapter_boundary_or_shift,1:1,Ps.48.12,Ps.49.11,accepted,high
uk5-dc3bcdc79d67dd90767a,chapter_boundary_or_shift,1:1,Ps.48.13,Ps.49.12,accepted,high
uk5-b5b80c8fe8dd60363936,chapter_boundary_or_shift,1:1,Ps.48.14,Ps.49.13,accepted,high
uk5-1468de57d95e8e6b1b0c,chapter_boundary_or_shift,1:1,Ps.48.15,Ps.49.14,accepted,high
uk5-8027a945a04bf9ba7ece,chapter_boundary_or_shift,1:1,Ps.48.16,Ps.49.15,accepted,high
uk5-9ab4c31e597b9e844224,chapter_boundary_or_shift,1:1,Ps.48.17,Ps.49.16,accepted,high
uk5-6f14035625fc7a481fa0,chapter_boundary_or_shift,1:1,Ps.48.18,Ps.49.17,accepted,high
uk5-42ac3c98d14e3949d997,chapter_boundary_or_shift,1:1,Ps.48.19,Ps.49.18,accepted,high
uk5-39942243e177c2a3c228,chapter_boundary_or_shift,1:1,Ps.48.20,Ps.49.19,accepted,high
uk5-e69791fac994b9ead378,chapter_boundary_or_shift,1:1,Ps.48.21,Ps.49.20,accepted,high
uk5-84a5ee62cc18382d359c,chapter_boundary_or_shift,1:1,Ps.49.1,Ps.50.1,accepted,high
uk5-e5c54d0cbc1574b62768,chapter_boundary_or_shift,1:1,Ps.49.2,Ps.50.2,accepted,high
uk5-50a209455c059c3bd986,chapter_boundary_or_shift,1:1,Ps.49.3,Ps.50.3,accepted,high
uk5-fed277da5cd020cea4da,chapter_boundary_or_shift,1:1,Ps.49.4,Ps.50.4,accepted,high
uk5-0923aab01c2cc53e6c3e,chapter_boundary_or_shift,1:1,Ps.49.5,Ps.50.5,accepted,high
uk5-a306a663c52a88544bd3,chapter_boundary_or_shift,1:1,Ps.49.6,Ps.50.6,accepted,high
uk5-1e990cf467639e1c430a,chapter_boundary_or_shift,1:1,Ps.49.7,Ps.50.7,accepted,high
uk5-e9167786bb80b17988b9,chapter_boundary_or_shift,1:1,Ps.49.8,Ps.50.8,accepted,high
uk5-9af7d44acb37ff565aa1,chapter_boundary_or_shift,1:1,Ps.49.9,Ps.50.9,accepted,high
uk5-d9212fa47c271ac85834,chapter_boundary_or_shift,1:1,Ps.49.10,Ps.50.10,accepted,high
uk5-ace69f34120b65dd8f04,chapter_boundary_or_shift,1:1,Ps.49.11,Ps.50.11,accepted,high
uk5-b7e9475f67647faceaa1,chapter_boundary_or_shift,1:1,Ps.49.12,Ps.50.12,accepted,high
uk5-538c524965e79b189611,chapter_boundary_or_shift,1:1,Ps.49.13,Ps.50.13,accepted,high
uk5-344f613136a8f0f8ee60,chapter_boundary_or_shift,1:1,Ps.49.14,Ps.50.14,accepted,high
uk5-705553bc68d042acbda7,chapter_boundary_or_shift,1:1,Ps.49.15,Ps.50.15,accepted,high
uk5-fc2079de15a798909ca8,chapter_boundary_or_shift,1:1,Ps.49.16,Ps.50.16,accepted,high
uk5-aad6295356c301d789c5,chapter_boundary_or_shift,1:1,Ps.49.17,Ps.50.17,accepted,high
uk5-bbf20684527e7a16fb98,chapter_boundary_or_shift,1:1,Ps.49.18,Ps.50.18,accepted,high
uk5-f6a5d2c8e3f385f4e662,chapter_boundary_or_shift,1:1,Ps.49.19,Ps.50.19,accepted,high
uk5-55375cb9e198e1c69a81,chapter_boundary_or_shift,1:1,Ps.49.20,Ps.50.20,accepted,high
uk5-75214c254f5c6815e309,chapter_boundary_or_shift,1:1,Ps.49.21,Ps.50.21,accepted,high
uk5-febd68c1328d4103cea1,chapter_boundary_or_shift,1:1,Ps.49.22,Ps.50.22,accepted,high
uk5-2521404e20b0e30964b8,chapter_boundary_or_shift,1:1,Ps.49.23,Ps.50.23,accepted,high
uk5-1e4b5996c1f673332082,merge;chapter_boundary_or_shift;superscription,merge,Ps.50.1;Ps.50.2;Ps.50.3,Ps.51.1,accepted,high
uk5-64676bf49a724b95b23b,chapter_boundary_or_shift,1:1,Ps.50.4,Ps.51.2,accepted,high
uk5-6ce399266172d7223a60,chapter_boundary_or_shift,1:1,Ps.50.5,Ps.51.3,accepted,high
uk5-c20723d678d84fecd642,chapter_boundary_or_shift,1:1,Ps.50.6,Ps.51.4,accepted,high
uk5-549b826ffcb06844e94b,chapter_boundary_or_shift,1:1,Ps.50.7,Ps.51.5,accepted,high
uk5-92aa74b063e98f764864,chapter_boundary_or_shift,1:1,Ps.50.8,Ps.51.6,accepted,high
uk5-d5f395eab8cdfbd56bec,chapter_boundary_or_shift,1:1,Ps.50.9,Ps.51.7,accepted,high
uk5-0844b7cb38d93285f199,chapter_boundary_or_shift,1:1,Ps.50.10,Ps.51.8,accepted,high
uk5-9fd746bf9d240bd1563f,chapter_boundary_or_shift,1:1,Ps.50.11,Ps.51.9,accepted,high
uk5-1885be8b57f3d63bf448,chapter_boundary_or_shift,1:1,Ps.50.12,Ps.51.10,accepted,high
uk5-ba696f8191974173f720,chapter_boundary_or_shift,1:1,Ps.50.13,Ps.51.11,accepted,high
uk5-e58d9afd7a23891c2590,chapter_boundary_or_shift,1:1,Ps.50.14,Ps.51.12,accepted,high
uk5-b9091076b834d247c44e,chapter_boundary_or_shift,1:1,Ps.50.15,Ps.51.13,accepted,high
uk5-7f713e46f32d87e430e8,chapter_boundary_or_shift,1:1,Ps.50.16,Ps.51.14,accepted,high
uk5-4774126ff4a617ea494d,chapter_boundary_or_shift,1:1,Ps.50.17,Ps.51.15,accepted,high
uk5-5b7a56451463f3ec08e3,chapter_boundary_or_shift,1:1,Ps.50.18,Ps.51.16,accepted,high
uk5-90c7325e4ec7607f6d02,chapter_boundary_or_shift,1:1,Ps.50.19,Ps.51.17,accepted,high
uk5-750e37ea0f51aa272093,chapter_boundary_or_shift,1:1,Ps.50.20,Ps.51.18,accepted,high
uk5-525834b9fe1af986d8ad,chapter_boundary_or_shift,1:1,Ps.50.21,Ps.51.19,accepted,high
uk5-f4d71321241b5e966848,merge;chapter_boundary_or_shift;superscription,merge,Ps.51.1;Ps.51.2;Ps.51.3,Ps.52.1,accepted,high
uk5-51f411af475a90b9a554,chapter_boundary_or_shift,1:1,Ps.51.4,Ps.52.2,accepted,high
uk5-8a88974f8562c17a2735,chapter_boundary_or_shift,1:1,Ps.51.5,Ps.52.3,accepted,high
uk5-c4244837f27ecf4a9647,chapter_boundary_or_shift,1:1,Ps.51.6,Ps.52.4,accepted,high
uk5-1b515dee78d13273b561,chapter_boundary_or_shift,1:1,Ps.51.7,Ps.52.5,accepted,high
uk5-6ae8e3a2c2fc27f01153,chapter_boundary_or_shift,1:1,Ps.51.8,Ps.52.6,accepted,high
uk5-9e6270b30388cf7fb771,chapter_boundary_or_shift,1:1,Ps.51.9,Ps.52.7,accepted,high
uk5-5b84884b7341d785f2d4,chapter_boundary_or_shift,1:1,Ps.51.10,Ps.52.8,accepted,high
uk5-e6b02d579ea1da89d9d1,chapter_boundary_or_shift,1:1,Ps.51.11,Ps.52.9,accepted,high
uk5-88d5cb4cec3854447a76,merge;chapter_boundary_or_shift;superscription,merge,Ps.52.1;Ps.52.2,Ps.53.1,accepted,high
uk5-1e6bf7c8236db38ede73,chapter_boundary_or_shift,1:1,Ps.52.3,Ps.53.2,accepted,high
uk5-4e4cb56385ba1cf7d8ec,chapter_boundary_or_shift,1:1,Ps.52.4,Ps.53.3,accepted,high
uk5-e0712a3f77813e1e3293,chapter_boundary_or_shift,1:1,Ps.52.5,Ps.53.4,accepted,high
uk5-28e98e3b9071a3b01ece,chapter_boundary_or_shift,1:1,Ps.52.6,Ps.53.5,accepted,high
uk5-715d7e5a0717a600c14f,chapter_boundary_or_shift,1:1,Ps.52.7,Ps.53.6,accepted,high
uk5-56d515ae58b3cc276915,merge;chapter_boundary_or_shift;superscription,merge,Ps.53.1;Ps.53.2;Ps.53.3,Ps.54.1,accepted,high
uk5-dbd6bd5b49bfa0728217,chapter_boundary_or_shift,1:1,Ps.53.4,Ps.54.2,accepted,high
uk5-0c22c141445aa8243076,chapter_boundary_or_shift,1:1,Ps.53.5,Ps.54.3,accepted,high
uk5-f1251df2eecd27ca5e74,chapter_boundary_or_shift,1:1,Ps.53.6,Ps.54.4,accepted,high
uk5-c3e4606a466024fcb0d2,chapter_boundary_or_shift,1:1,Ps.53.7,Ps.54.5,accepted,high
uk5-4f35e9942bff95773aab,chapter_boundary_or_shift,1:1,Ps.53.8,Ps.54.6,accepted,high
uk5-8a06bb7a7d2d27feaa38,chapter_boundary_or_shift,1:1,Ps.53.9,Ps.54.7,accepted,high
uk5-959f6ed22cfe763a5c46,merge;chapter_boundary_or_shift;superscription,merge,Ps.54.1;Ps.54.2,Ps.55.1,accepted,high
uk5-d61d31e8ef0c829946b4,chapter_boundary_or_shift,1:1,Ps.54.3,Ps.55.2,accepted,high
uk5-f0597211d281e76ba94b,chapter_boundary_or_shift,1:1,Ps.54.4,Ps.55.3,accepted,high
uk5-e4c29bccefab0f61d30c,chapter_boundary_or_shift,1:1,Ps.54.5,Ps.55.4,accepted,high
uk5-1fc84c67e7372ddf6cf2,chapter_boundary_or_shift,1:1,Ps.54.6,Ps.55.5,accepted,high
uk5-01635df110c6f5c2beec,chapter_boundary_or_shift,1:1,Ps.54.7,Ps.55.6,accepted,high
uk5-204fb3546c6060c62f08,chapter_boundary_or_shift,1:1,Ps.54.8,Ps.55.7,accepted,high
uk5-1645ae32b1de0a764c41,chapter_boundary_or_shift,1:1,Ps.54.9,Ps.55.8,accepted,high
uk5-0cecd80f48708e90ce58,chapter_boundary_or_shift,1:1,Ps.54.10,Ps.55.9,accepted,high
uk5-be935892c79b2a2866bc,chapter_boundary_or_shift,1:1,Ps.54.11,Ps.55.10,accepted,high
uk5-b98fd9158b8e754c5f52,chapter_boundary_or_shift,1:1,Ps.54.12,Ps.55.11,accepted,high
uk5-813c9c432753f5d95287,chapter_boundary_or_shift,1:1,Ps.54.13,Ps.55.12,accepted,high
uk5-ac9762e8e56a6c14409a,chapter_boundary_or_shift,1:1,Ps.54.14,Ps.55.13,accepted,high
uk5-2c93e881c9cf2826e8d7,chapter_boundary_or_shift,1:1,Ps.54.15,Ps.55.14,accepted,high
uk5-72e997c19d839fbed056,chapter_boundary_or_shift,1:1,Ps.54.16,Ps.55.15,accepted,high
uk5-1850b33561c795cfd7c8,chapter_boundary_or_shift,1:1,Ps.54.17,Ps.55.16,accepted,high
uk5-2ede6218d36d3b031b28,chapter_boundary_or_shift,1:1,Ps.54.18,Ps.55.17,accepted,high
uk5-289ed5a964db0fe2a6dd,chapter_boundary_or_shift,1:1,Ps.54.19,Ps.55.18,accepted,high
uk5-e9cc531a8c7ef7578b3a,chapter_boundary_or_shift,1:1,Ps.54.20,Ps.55.19,accepted,high
uk5-0836ff9029a975101679,chapter_boundary_or_shift,1:1,Ps.54.21,Ps.55.20,accepted,high
uk5-1da5e2fbf0f2c12d8e65,chapter_boundary_or_shift,1:1,Ps.54.22,Ps.55.21,accepted,high
uk5-d63131bf9599924e1ad8,chapter_boundary_or_shift,1:1,Ps.54.23,Ps.55.22,accepted,high
uk5-58e08f575fd9c2e46cfb,chapter_boundary_or_shift,1:1,Ps.54.24,Ps.55.23,accepted,high
uk5-dece5af8040501309b44,merge;chapter_boundary_or_shift;superscription,merge,Ps.55.1;Ps.55.2,Ps.56.1,accepted,high
uk5-47b1ec8486781dffc46b,chapter_boundary_or_shift,1:1,Ps.55.3,Ps.56.2,accepted,high
uk5-20ff9379e5bd4d8e80fd,chapter_boundary_or_shift,1:1,Ps.55.4,Ps.56.3,accepted,high
uk5-e668f29ae8537464665a,chapter_boundary_or_shift,1:1,Ps.55.5,Ps.56.4,accepted,high
uk5-b2573056c6c09a4e7445,chapter_boundary_or_shift,1:1,Ps.55.6,Ps.56.5,accepted,high
uk5-f4a8037844c8e6d82716,chapter_boundary_or_shift,1:1,Ps.55.7,Ps.56.6,accepted,high
uk5-a2c593493defe6217483,chapter_boundary_or_shift,1:1,Ps.55.8,Ps.56.7,accepted,high
uk5-2e6f7c6098d0e62def1e,chapter_boundary_or_shift,1:1,Ps.55.9,Ps.56.8,accepted,high
uk5-9fc656c4625053670297,chapter_boundary_or_shift,1:1,Ps.55.10,Ps.56.9,accepted,high
uk5-e003c8ae663488e21b20,chapter_boundary_or_shift,1:1,Ps.55.11,Ps.56.10,accepted,high
uk5-3cfc09546a5286e648f1,chapter_boundary_or_shift,1:1,Ps.55.12,Ps.56.11,accepted,high
uk5-ad485451a374c47603d1,chapter_boundary_or_shift,1:1,Ps.55.13,Ps.56.12,accepted,high
uk5-238dba11f049c0bf2bd6,chapter_boundary_or_shift,1:1,Ps.55.14,Ps.56.13,accepted,high
uk5-0b7c2322b330d8adf27c,merge;chapter_boundary_or_shift;superscription,merge,Ps.56.1;Ps.56.2,Ps.57.1,accepted,high
uk5-42a4cd41f0742ddbace5,chapter_boundary_or_shift,1:1,Ps.56.3,Ps.57.2,accepted,high
uk5-692098ff8061a9dbbed2,chapter_boundary_or_shift,1:1,Ps.56.4,Ps.57.3,accepted,high
uk5-8bfb3eff8c40db3f2286,chapter_boundary_or_shift,1:1,Ps.56.5,Ps.57.4,accepted,high
uk5-77671ebfe01f2d0dd8b3,chapter_boundary_or_shift,1:1,Ps.56.6,Ps.57.5,accepted,high
uk5-35e4118f775096479893,chapter_boundary_or_shift,1:1,Ps.56.7,Ps.57.6,accepted,high
uk5-17d51c1c4876d47b3ab5,chapter_boundary_or_shift,1:1,Ps.56.8,Ps.57.7,accepted,high
uk5-ee683d4249b82bdfa5ae,chapter_boundary_or_shift,1:1,Ps.56.9,Ps.57.8,accepted,high
uk5-73473f3ec236591f1bc1,chapter_boundary_or_shift,1:1,Ps.56.10,Ps.57.9,accepted,high
uk5-5e6191954b96ad484116,chapter_boundary_or_shift,1:1,Ps.56.11,Ps.57.10,accepted,high
uk5-62323326f1b1724b054b,chapter_boundary_or_shift,1:1,Ps.56.12,Ps.57.11,accepted,high
uk5-8fe503b11ee92cb2526f,merge;chapter_boundary_or_shift;superscription,merge,Ps.57.1;Ps.57.2,Ps.58.1,accepted,high
uk5-d8375f824aea41da7878,chapter_boundary_or_shift,1:1,Ps.57.3,Ps.58.2,accepted,high
uk5-3530ace2ae8c31daeb69,chapter_boundary_or_shift,1:1,Ps.57.4,Ps.58.3,accepted,high
uk5-8556692a114a64cdfaec,chapter_boundary_or_shift,1:1,Ps.57.5,Ps.58.4,accepted,high
uk5-f59b91f4f21bc1d8393f,chapter_boundary_or_shift,1:1,Ps.57.6,Ps.58.5,accepted,high
uk5-21807cab7722450dac33,chapter_boundary_or_shift,1:1,Ps.57.7,Ps.58.6,accepted,high
uk5-5ba5f370604739feb9fe,chapter_boundary_or_shift,1:1,Ps.57.8,Ps.58.7,accepted,high
uk5-cc2223ae5f103f59795e,chapter_boundary_or_shift,1:1,Ps.57.9,Ps.58.8,accepted,high
uk5-f0dabb0a056971c3b883,chapter_boundary_or_shift,1:1,Ps.57.10,Ps.58.9,accepted,high
uk5-bddcf5fa40fd0e1ebf18,chapter_boundary_or_shift,1:1,Ps.57.11,Ps.58.10,accepted,high
uk5-1093779718c37aea9a4e,chapter_boundary_or_shift,1:1,Ps.57.12,Ps.58.11,accepted,high
uk5-ccff227825f754699ff7,merge;chapter_boundary_or_shift;superscription,merge,Ps.58.1;Ps.58.2,Ps.59.1,accepted,high
uk5-c3446d7872af53c861d7,chapter_boundary_or_shift,1:1,Ps.58.3,Ps.59.2,accepted,high
uk5-71f3b23850a3b1ac5332,chapter_boundary_or_shift,1:1,Ps.58.4,Ps.59.3,accepted,high
uk5-9123f2a131f72eaa9f90,chapter_boundary_or_shift,1:1,Ps.58.5,Ps.59.4,accepted,high
uk5-ce3e1dbbc8d235b4dc08,chapter_boundary_or_shift,1:1,Ps.58.6,Ps.59.5,accepted,high
uk5-01f26fa40ad2a2442193,chapter_boundary_or_shift,1:1,Ps.58.7,Ps.59.6,accepted,high
uk5-e35c42fb5d99db713d6e,chapter_boundary_or_shift,1:1,Ps.58.8,Ps.59.7,accepted,high
uk5-35a8fa590de785907ce6,chapter_boundary_or_shift,1:1,Ps.58.9,Ps.59.8,accepted,high
uk5-25336188b13b19669359,chapter_boundary_or_shift,1:1,Ps.58.10,Ps.59.9,accepted,high
uk5-e546866d2761b78e00c8,chapter_boundary_or_shift,1:1,Ps.58.11,Ps.59.10,accepted,high
uk5-71d3b90b4344437c3415,chapter_boundary_or_shift,1:1,Ps.58.12,Ps.59.11,accepted,high
uk5-5e5445959fd31dddf411,chapter_boundary_or_shift,1:1,Ps.58.13,Ps.59.12,accepted,high
uk5-8c1a7f28ac0a441d7237,chapter_boundary_or_shift,1:1,Ps.58.14,Ps.59.13,accepted,high
uk5-763e88ad4c7db762fe1e,chapter_boundary_or_shift,1:1,Ps.58.15,Ps.59.14,accepted,high
uk5-0ef368a6a605d6603409,chapter_boundary_or_shift,1:1,Ps.58.16,Ps.59.15,accepted,high
uk5-60b4e3dfc202942d2e94,chapter_boundary_or_shift,1:1,Ps.58.17,Ps.59.16,accepted,high
uk5-38490cca458ed032fc9f,chapter_boundary_or_shift,1:1,Ps.58.18,Ps.59.17,accepted,high
uk5-bf614a58ee3d0dd9ba23,merge;chapter_boundary_or_shift;superscription,merge,Ps.59.1;Ps.59.2;Ps.59.3,Ps.60.1,accepted,high
uk5-7a24cf44e2f82d55e26e,chapter_boundary_or_shift,1:1,Ps.59.4,Ps.60.2,accepted,high
uk5-52fe3a0397c47b3ce868,chapter_boundary_or_shift,1:1,Ps.59.5,Ps.60.3,accepted,high
uk5-73abf9a119c896641ad9,chapter_boundary_or_shift,1:1,Ps.59.6,Ps.60.4,accepted,high
uk5-0d2b5f5350ea9a6e143a,chapter_boundary_or_shift,1:1,Ps.59.7,Ps.60.5,accepted,high
uk5-895bd68ef858907b21d0,chapter_boundary_or_shift,1:1,Ps.59.8,Ps.60.6,accepted,high
uk5-4577d11a7ddf62979c0e,chapter_boundary_or_shift,1:1,Ps.59.9,Ps.60.7,accepted,high
uk5-144c4a0e950edc34af8c,chapter_boundary_or_shift,1:1,Ps.59.10,Ps.60.8,accepted,high
uk5-9fe771262dc231ccb2b6,chapter_boundary_or_shift,1:1,Ps.59.11,Ps.60.9,accepted,high
uk5-255c1ca68840f11f872f,chapter_boundary_or_shift,1:1,Ps.59.12,Ps.60.10,accepted,high
uk5-dac7b99b61610d10fe7e,chapter_boundary_or_shift,1:1,Ps.59.13,Ps.60.11,accepted,high
uk5-c53f5b63c98e1b8bd199,chapter_boundary_or_shift,1:1,Ps.59.14,Ps.60.12,accepted,high
uk5-bf2fe4f2728031b67a3c,merge;chapter_boundary_or_shift;superscription,merge,Ps.60.1;Ps.60.2,Ps.61.1,accepted,high
uk5-993c5415211867ae0873,chapter_boundary_or_shift,1:1,Ps.60.3,Ps.61.2,accepted,high
uk5-cd7880b3465dd1a08fd1,chapter_boundary_or_shift,1:1,Ps.60.4,Ps.61.3,accepted,high
uk5-d6cfdf8e2e59476b74fc,chapter_boundary_or_shift,1:1,Ps.60.5,Ps.61.4,accepted,high
uk5-2bc33521f72c30608016,chapter_boundary_or_shift,1:1,Ps.60.6,Ps.61.5,accepted,high
uk5-6f92aeaaf3878d0fc976,chapter_boundary_or_shift,1:1,Ps.60.7,Ps.61.6,accepted,high
uk5-8d1c974a172b77b68389,chapter_boundary_or_shift,1:1,Ps.60.8,Ps.61.7,accepted,high
uk5-033a430bad483c0c03ee,chapter_boundary_or_shift,1:1,Ps.60.9,Ps.61.8,accepted,high
uk5-5eac6da0c5a7ae95fc38,merge;chapter_boundary_or_shift;superscription,merge,Ps.61.1;Ps.61.2,Ps.62.1,accepted,high
uk5-74728b343ba11378ce9c,chapter_boundary_or_shift,1:1,Ps.61.3,Ps.62.2,accepted,high
uk5-10665647b6888bc6c135,chapter_boundary_or_shift,1:1,Ps.61.4,Ps.62.3,accepted,high
uk5-64dd31dd8c7573f9cb6c,chapter_boundary_or_shift,1:1,Ps.61.5,Ps.62.4,accepted,high
uk5-992a4b2f8cbf3afdb019,chapter_boundary_or_shift,1:1,Ps.61.6,Ps.62.5,accepted,high
uk5-fe507602514d144230cc,chapter_boundary_or_shift,1:1,Ps.61.7,Ps.62.6,accepted,high
uk5-fb3c79b0b3a674d5c2b9,chapter_boundary_or_shift,1:1,Ps.61.8,Ps.62.7,accepted,high
uk5-e954c68704c42b0d91e1,chapter_boundary_or_shift,1:1,Ps.61.9,Ps.62.8,accepted,high
uk5-e975bb77c50d1a92c914,chapter_boundary_or_shift,1:1,Ps.61.10,Ps.62.9,accepted,high
uk5-28dba165386627f53001,chapter_boundary_or_shift,1:1,Ps.61.11,Ps.62.10,accepted,high
uk5-9f09be59a87708d220ed,chapter_boundary_or_shift,1:1,Ps.61.12,Ps.62.11,accepted,high
uk5-40d1a0bce17784f05d83,chapter_boundary_or_shift,1:1,Ps.61.13,Ps.62.12,accepted,high
uk5-cd259cc817a328a0630a,merge;chapter_boundary_or_shift;superscription,merge,Ps.62.1;Ps.62.2,Ps.63.1,accepted,high
uk5-8aa33f8f7248afcef133,chapter_boundary_or_shift,1:1,Ps.62.3,Ps.63.2,accepted,high
uk5-ef7d4b06c3e7dc800b7e,chapter_boundary_or_shift,1:1,Ps.62.4,Ps.63.3,accepted,high
uk5-17013af544289727f87f,chapter_boundary_or_shift,1:1,Ps.62.5,Ps.63.4,accepted,high
uk5-27d7bade3b282d7db0cf,chapter_boundary_or_shift,1:1,Ps.62.6,Ps.63.5,accepted,high
uk5-aca7863be7df1ae0085f,chapter_boundary_or_shift,1:1,Ps.62.7,Ps.63.6,accepted,high
uk5-7142c56179ee9030e9e9,chapter_boundary_or_shift,1:1,Ps.62.8,Ps.63.7,accepted,high
uk5-e1c55c3c707e81f1d66e,chapter_boundary_or_shift,1:1,Ps.62.9,Ps.63.8,accepted,high
uk5-42f06a0dd23b2504e320,chapter_boundary_or_shift,1:1,Ps.62.10,Ps.63.9,accepted,high
uk5-c6383a200ad3432aea6e,chapter_boundary_or_shift,1:1,Ps.62.11,Ps.63.10,accepted,high
uk5-1f6d4fc047873dcc9e14,chapter_boundary_or_shift,1:1,Ps.62.12,Ps.63.11,accepted,high
uk5-741d00cb0c30408c8507,merge;chapter_boundary_or_shift;superscription,merge,Ps.63.1;Ps.63.2,Ps.64.1,accepted,high
uk5-fc83277e542e70d1178b,chapter_boundary_or_shift,1:1,Ps.63.3,Ps.64.2,accepted,high
uk5-dc5e8fe2938695690175,chapter_boundary_or_shift,1:1,Ps.63.4,Ps.64.3,accepted,high
uk5-db2815b1a6846f2733a3,chapter_boundary_or_shift,1:1,Ps.63.5,Ps.64.4,accepted,high
uk5-4208e65b4cad86c1e01a,chapter_boundary_or_shift,1:1,Ps.63.6,Ps.64.5,accepted,high
uk5-8811e393be871f083391,chapter_boundary_or_shift,1:1,Ps.63.7,Ps.64.6,accepted,high
uk5-d36c5d74fcc0300e9c88,chapter_boundary_or_shift,1:1,Ps.63.8,Ps.64.7,accepted,high
uk5-d96fc4e25321ca15399e,chapter_boundary_or_shift,1:1,Ps.63.9,Ps.64.8,accepted,high
uk5-64e0b84f3a186eca643f,chapter_boundary_or_shift,1:1,Ps.63.10,Ps.64.9,accepted,high
uk5-20e181b61f8591087bc7,chapter_boundary_or_shift,1:1,Ps.63.11,Ps.64.10,accepted,high
uk5-af9f19256edbaa1d1958,merge;chapter_boundary_or_shift;superscription,merge,Ps.64.1;Ps.64.2,Ps.65.1,accepted,high
uk5-50a1a463bfb375d34029,chapter_boundary_or_shift,1:1,Ps.64.3,Ps.65.2,accepted,high
uk5-4c7ec3ac34beb573ca6c,chapter_boundary_or_shift,1:1,Ps.64.4,Ps.65.3,accepted,high
uk5-59ed64434a191d284398,chapter_boundary_or_shift,1:1,Ps.64.5,Ps.65.4,accepted,high
uk5-09eb91ff4ce30f4f6137,chapter_boundary_or_shift,1:1,Ps.64.6,Ps.65.5,accepted,high
uk5-bdefafd49e9e97a6b163,chapter_boundary_or_shift,1:1,Ps.64.7,Ps.65.6,accepted,high
uk5-722b6efbb93da7704766,chapter_boundary_or_shift,1:1,Ps.64.8,Ps.65.7,accepted,high
uk5-3305070d4b021ebb0995,chapter_boundary_or_shift,1:1,Ps.64.9,Ps.65.8,accepted,high
uk5-8e828c3a1d64ae64ca26,chapter_boundary_or_shift,1:1,Ps.64.10,Ps.65.9,accepted,high
uk5-6863ac7152ea1b43a59a,chapter_boundary_or_shift,1:1,Ps.64.11,Ps.65.10,accepted,high
uk5-5e2cbe7db51e92aaf14d,chapter_boundary_or_shift,1:1,Ps.64.12,Ps.65.11,accepted,high
uk5-7be693db522fad48391a,chapter_boundary_or_shift,1:1,Ps.64.13,Ps.65.12,accepted,high
uk5-817011c7f8cb3db3618c,chapter_boundary_or_shift,1:1,Ps.64.14,Ps.65.13,accepted,high
uk5-b3bd1e9b9cb3a809e3c8,chapter_boundary_or_shift,1:1,Ps.65.1,Ps.66.1,accepted,high
uk5-474d0c031aa6cacdd127,chapter_boundary_or_shift,1:1,Ps.65.2,Ps.66.2,accepted,high
uk5-91bbd491be8bad808093,chapter_boundary_or_shift,1:1,Ps.65.3,Ps.66.3,accepted,high
uk5-27f7768b75af48679688,chapter_boundary_or_shift,1:1,Ps.65.4,Ps.66.4,accepted,high
uk5-c361ae8154ca7d33d27e,chapter_boundary_or_shift,1:1,Ps.65.5,Ps.66.5,accepted,high
uk5-172e6f883fb210aa5b08,chapter_boundary_or_shift,1:1,Ps.65.6,Ps.66.6,accepted,high
uk5-272d90df528ed44ac1cc,chapter_boundary_or_shift,1:1,Ps.65.7,Ps.66.7,accepted,high
uk5-ab19c1b9c9574e6b07c8,chapter_boundary_or_shift,1:1,Ps.65.8,Ps.66.8,accepted,high
uk5-405d3f2baec823cc50fc,chapter_boundary_or_shift,1:1,Ps.65.9,Ps.66.9,accepted,high
uk5-04e7023988776aa136eb,chapter_boundary_or_shift,1:1,Ps.65.10,Ps.66.10,accepted,high
uk5-f9af4407343268319cee,chapter_boundary_or_shift,1:1,Ps.65.11,Ps.66.11,accepted,high
uk5-6c519fb6f86f96b0cf8f,chapter_boundary_or_shift,1:1,Ps.65.12,Ps.66.12,accepted,high
uk5-de20691b0452face6fad,chapter_boundary_or_shift,1:1,Ps.65.13,Ps.66.13,accepted,high
uk5-1891a00c26f1817047f1,chapter_boundary_or_shift,1:1,Ps.65.14,Ps.66.14,accepted,high
uk5-126db3f365b29371c95f,chapter_boundary_or_shift,1:1,Ps.65.15,Ps.66.15,accepted,high
uk5-7fc14eee5ec704174987,chapter_boundary_or_shift,1:1,Ps.65.16,Ps.66.16,accepted,high
uk5-f810b136941b8be10a21,chapter_boundary_or_shift,1:1,Ps.65.17,Ps.66.17,accepted,high
uk5-56a684f5343c3807c10e,chapter_boundary_or_shift,1:1,Ps.65.18,Ps.66.18,accepted,high
uk5-c12fa737bf3889936637,chapter_boundary_or_shift,1:1,Ps.65.19,Ps.66.19,accepted,high
uk5-7bd7cafd714783baf954,chapter_boundary_or_shift,1:1,Ps.65.20,Ps.66.20,accepted,high
uk5-091e3b20cd545a272e09,merge;chapter_boundary_or_shift;superscription,merge,Ps.66.1;Ps.66.2,Ps.67.1,accepted,high
uk5-1cc6e7efe0160b097dbb,chapter_boundary_or_shift,1:1,Ps.66.3,Ps.67.2,accepted,high
uk5-a743ac88a99df05cbbaa,chapter_boundary_or_shift,1:1,Ps.66.4,Ps.67.3,accepted,high
uk5-20ca0f5a30e2b88f9cc0,chapter_boundary_or_shift,1:1,Ps.66.5,Ps.67.4,accepted,high
uk5-d90b98f2596390bf03a7,chapter_boundary_or_shift,1:1,Ps.66.6,Ps.67.5,accepted,high
uk5-ab9aab67107bf24d65bb,chapter_boundary_or_shift,1:1,Ps.66.7,Ps.67.6,accepted,high
uk5-7df4428f5e1630bd80ed,chapter_boundary_or_shift,1:1,Ps.66.8,Ps.67.7,accepted,high
uk5-2e3ceedadcc7ab089552,merge;chapter_boundary_or_shift;superscription,merge,Ps.67.1;Ps.67.2,Ps.68.1,accepted,high
uk5-685c10a87f94db64bc60,chapter_boundary_or_shift,1:1,Ps.67.3,Ps.68.2,accepted,high
uk5-c239bd5eece8e0f7bd6c,chapter_boundary_or_shift,1:1,Ps.67.4,Ps.68.3,accepted,high
uk5-886908ffdfd750d40686,chapter_boundary_or_shift,1:1,Ps.67.5,Ps.68.4,accepted,high
uk5-6577893d520bd586890d,chapter_boundary_or_shift,1:1,Ps.67.6,Ps.68.5,accepted,high
uk5-76835132e014e2a1e556,chapter_boundary_or_shift,1:1,Ps.67.7,Ps.68.6,accepted,high
uk5-c00bfc551b78d58866a6,chapter_boundary_or_shift,1:1,Ps.67.8,Ps.68.7,accepted,high
uk5-4fff23cfe6c992eb13e4,chapter_boundary_or_shift,1:1,Ps.67.9,Ps.68.8,accepted,high
uk5-f3c010b44f5c3420f7b8,chapter_boundary_or_shift,1:1,Ps.67.10,Ps.68.9,accepted,high
uk5-ba36fc9476d66ab562ac,chapter_boundary_or_shift,1:1,Ps.67.11,Ps.68.10,accepted,high
uk5-450bcd821ad0aaa41fb2,chapter_boundary_or_shift,1:1,Ps.67.12,Ps.68.11,accepted,high
uk5-0961f04b1c7d63fb832b,chapter_boundary_or_shift,1:1,Ps.67.13,Ps.68.12,accepted,high
uk5-e6c5de42da73c3ae2638,chapter_boundary_or_shift,1:1,Ps.67.14,Ps.68.13,accepted,high
uk5-ff95df1aae6c7667ba7f,chapter_boundary_or_shift,1:1,Ps.67.15,Ps.68.14,accepted,high
uk5-4d1d31fbc67c4c1a27ff,chapter_boundary_or_shift,1:1,Ps.67.16,Ps.68.15,accepted,high
uk5-75ba459eba6ec268af9a,chapter_boundary_or_shift,1:1,Ps.67.17,Ps.68.16,accepted,high
uk5-ad0da996269acba939f4,chapter_boundary_or_shift,1:1,Ps.67.18,Ps.68.17,accepted,high
uk5-6cc99e8e750ed0d55e6b,chapter_boundary_or_shift,1:1,Ps.67.19,Ps.68.18,accepted,high
uk5-c389dc59a9229caa0418,chapter_boundary_or_shift,1:1,Ps.67.20,Ps.68.19,accepted,high
uk5-3cbbc9975cb918921cda,chapter_boundary_or_shift,1:1,Ps.67.21,Ps.68.20,accepted,high
uk5-e0db5154c51c7152ce6f,chapter_boundary_or_shift,1:1,Ps.67.22,Ps.68.21,accepted,high
uk5-f9db8e5ad4b8039738ff,chapter_boundary_or_shift,1:1,Ps.67.23,Ps.68.22,accepted,high
uk5-02bc92ddb2a4b3ab616e,chapter_boundary_or_shift,1:1,Ps.67.24,Ps.68.23,accepted,high
uk5-dd1de65390d2aac4903d,chapter_boundary_or_shift,1:1,Ps.67.25,Ps.68.24,accepted,high
uk5-4830721976ca015f55d0,chapter_boundary_or_shift,1:1,Ps.67.26,Ps.68.25,accepted,high
uk5-440adfb9a3b3b43fdc63,chapter_boundary_or_shift,1:1,Ps.67.27,Ps.68.26,accepted,high
uk5-808d93caff099e57c07f,chapter_boundary_or_shift,1:1,Ps.67.28,Ps.68.27,accepted,high
uk5-39970f833299c0c7a623,chapter_boundary_or_shift,1:1,Ps.67.29,Ps.68.28,accepted,high
uk5-eb79f38ada4b15c4f920,chapter_boundary_or_shift,1:1,Ps.67.30,Ps.68.29,accepted,high
uk5-e1b04df2bb836d00ea96,chapter_boundary_or_shift,1:1,Ps.67.31,Ps.68.30,accepted,high
uk5-9b359a86f6b64fe6f786,chapter_boundary_or_shift,1:1,Ps.67.32,Ps.68.31,accepted,high
uk5-8bb13bfdc94c7f8849d7,chapter_boundary_or_shift,1:1,Ps.67.33,Ps.68.32,accepted,high
uk5-f82ed315a3ff6c99b801,chapter_boundary_or_shift,1:1,Ps.67.34,Ps.68.33,accepted,high
uk5-e4e8063745471bcd8705,chapter_boundary_or_shift,1:1,Ps.67.35,Ps.68.34,accepted,high
uk5-4a846906f6c3ad9e954b,chapter_boundary_or_shift,1:1,Ps.67.36,Ps.68.35,accepted,high
uk5-28c78f5c1da866b7e64d,merge;chapter_boundary_or_shift;superscription,merge,Ps.68.1;Ps.68.2,Ps.69.1,accepted,high
uk5-cdc47c4847b3ee1896ea,chapter_boundary_or_shift,1:1,Ps.68.3,Ps.69.2,accepted,high
uk5-e6a02615432e11a1b798,chapter_boundary_or_shift,1:1,Ps.68.4,Ps.69.3,accepted,high
uk5-b86b2e13243ba70d5c07,chapter_boundary_or_shift,1:1,Ps.68.5,Ps.69.4,accepted,high
uk5-fd33cd3e90bffac8c2ca,chapter_boundary_or_shift,1:1,Ps.68.6,Ps.69.5,accepted,high
uk5-0e55f1403ff2517361b4,chapter_boundary_or_shift,1:1,Ps.68.7,Ps.69.6,accepted,high
uk5-07643026a87daa819bb9,chapter_boundary_or_shift,1:1,Ps.68.8,Ps.69.7,accepted,high
uk5-a1b965ab2b966c7b49e4,chapter_boundary_or_shift,1:1,Ps.68.9,Ps.69.8,accepted,high
uk5-a087ea4a5240ebbe1050,chapter_boundary_or_shift,1:1,Ps.68.10,Ps.69.9,accepted,high
uk5-eede55c4c8b74fdaf623,chapter_boundary_or_shift,1:1,Ps.68.11,Ps.69.10,accepted,high
uk5-dc3f9bd78edc9f7e9f5f,chapter_boundary_or_shift,1:1,Ps.68.12,Ps.69.11,accepted,high
uk5-ad6177f5ff810c27d200,chapter_boundary_or_shift,1:1,Ps.68.13,Ps.69.12,accepted,high
uk5-439951303eaa4a12406f,chapter_boundary_or_shift,1:1,Ps.68.14,Ps.69.13,accepted,high
uk5-0228305177023761d697,chapter_boundary_or_shift,1:1,Ps.68.15,Ps.69.14,accepted,high
uk5-29992515e360e14d76f9,chapter_boundary_or_shift,1:1,Ps.68.16,Ps.69.15,accepted,high
uk5-ccd218f9a4b8c9de4c7c,chapter_boundary_or_shift,1:1,Ps.68.17,Ps.69.16,accepted,high
uk5-e134b5398e8355bfc40c,chapter_boundary_or_shift,1:1,Ps.68.18,Ps.69.17,accepted,high
uk5-7a842ce710d2765e8f08,chapter_boundary_or_shift,1:1,Ps.68.19,Ps.69.18,accepted,high
uk5-75438de2a14c4e6ce1c4,chapter_boundary_or_shift,1:1,Ps.68.20,Ps.69.19,accepted,high
uk5-805fa91f012c87569ec2,chapter_boundary_or_shift,1:1,Ps.68.21,Ps.69.20,accepted,high
uk5-17448661071b26fa475d,chapter_boundary_or_shift,1:1,Ps.68.22,Ps.69.21,accepted,high
uk5-4a2e94d90453324d9cb5,chapter_boundary_or_shift,1:1,Ps.68.23,Ps.69.22,accepted,high
uk5-a97d88398b186db0a580,chapter_boundary_or_shift,1:1,Ps.68.24,Ps.69.23,accepted,high
uk5-8bc76f0eb4ba99198ac4,chapter_boundary_or_shift,1:1,Ps.68.25,Ps.69.24,accepted,high
uk5-8f012d1a4f4f9ac7f7fb,chapter_boundary_or_shift,1:1,Ps.68.26,Ps.69.25,accepted,high
uk5-15ed9e1ff373e1e4ecc5,chapter_boundary_or_shift,1:1,Ps.68.27,Ps.69.26,accepted,high
uk5-21a9219fd2347998766b,chapter_boundary_or_shift,1:1,Ps.68.28,Ps.69.27,accepted,high
uk5-47a1d3a1e2dbc6be1380,chapter_boundary_or_shift,1:1,Ps.68.29,Ps.69.28,accepted,high
uk5-f943014eac0cff3aded0,chapter_boundary_or_shift,1:1,Ps.68.30,Ps.69.29,accepted,high
uk5-bbe9182f76e27698f41e,chapter_boundary_or_shift,1:1,Ps.68.31,Ps.69.30,accepted,high
uk5-c6018fe62990467d9aed,chapter_boundary_or_shift,1:1,Ps.68.32,Ps.69.31,accepted,high
uk5-c04b477fff3af3284bc6,chapter_boundary_or_shift,1:1,Ps.68.33,Ps.69.32,accepted,high
uk5-37d2c0be485436eac2da,chapter_boundary_or_shift,1:1,Ps.68.34,Ps.69.33,accepted,high
uk5-4eb3a34be9c46d11c42d,chapter_boundary_or_shift,1:1,Ps.68.35,Ps.69.34,accepted,high
uk5-58f352e776e154e7a3e1,chapter_boundary_or_shift,1:1,Ps.68.36,Ps.69.35,accepted,high
uk5-1c5e86b6e4e74ac32ef1,chapter_boundary_or_shift,1:1,Ps.68.37,Ps.69.36,accepted,high
uk5-4fb8e111d5b51aaf0677,merge;chapter_boundary_or_shift;superscription,merge,Ps.69.1;Ps.69.2,Ps.70.1,accepted,high
uk5-3e036b0c8b1f83ef2163,chapter_boundary_or_shift,1:1,Ps.69.3,Ps.70.2,accepted,high
uk5-fdfd1a2644f7ba73dac7,chapter_boundary_or_shift,1:1,Ps.69.4,Ps.70.3,accepted,high
uk5-7dd8d1e271ef3b8a86e8,chapter_boundary_or_shift,1:1,Ps.69.5,Ps.70.4,accepted,high
uk5-d441ac714015a60ca6a1,chapter_boundary_or_shift,1:1,Ps.69.6,Ps.70.5,accepted,high
uk5-d7ad75608be5dcd133da,chapter_boundary_or_shift,1:1,Ps.70.1,Ps.71.1,accepted,high
uk5-d59efaf934540b7ceaee,chapter_boundary_or_shift,1:1,Ps.70.2,Ps.71.2,accepted,high
uk5-4572a4bce74cfcdeaa69,chapter_boundary_or_shift,1:1,Ps.70.3,Ps.71.3,accepted,high
uk5-6711748f1213342095a2,chapter_boundary_or_shift,1:1,Ps.70.4,Ps.71.4,accepted,high
uk5-87441ea45fce756baccf,chapter_boundary_or_shift,1:1,Ps.70.5,Ps.71.5,accepted,high
uk5-12b31e3b59b72a7e4e17,chapter_boundary_or_shift,1:1,Ps.70.6,Ps.71.6,accepted,high
uk5-c6d9aa2e2189c141512b,chapter_boundary_or_shift,1:1,Ps.70.7,Ps.71.7,accepted,high
uk5-f2634cf9515e4cd0614f,chapter_boundary_or_shift,1:1,Ps.70.8,Ps.71.8,accepted,high
uk5-5725f7849d642c765a12,chapter_boundary_or_shift,1:1,Ps.70.9,Ps.71.9,accepted,high
uk5-b3c04da6b3c9a5cb1216,chapter_boundary_or_shift,1:1,Ps.70.10,Ps.71.10,accepted,high
uk5-2fb5508d03fe0fed1100,chapter_boundary_or_shift,1:1,Ps.70.11,Ps.71.11,accepted,high
uk5-2e53c1fe217c9088bda8,chapter_boundary_or_shift,1:1,Ps.70.12,Ps.71.12,accepted,high
uk5-d7c3ae35d5b791a541e5,chapter_boundary_or_shift,1:1,Ps.70.13,Ps.71.13,accepted,high
uk5-8f106ff6320acbc79d69,chapter_boundary_or_shift,1:1,Ps.70.14,Ps.71.14,accepted,high
uk5-ef057bb05acd9e04c9aa,chapter_boundary_or_shift,1:1,Ps.70.15,Ps.71.15,accepted,high
uk5-d0272b990c81c2e461e7,chapter_boundary_or_shift,1:1,Ps.70.16,Ps.71.16,accepted,high
uk5-be522439ac7fd673ae67,chapter_boundary_or_shift,1:1,Ps.70.17,Ps.71.17,accepted,high
uk5-0f358037287a39427467,chapter_boundary_or_shift,1:1,Ps.70.18,Ps.71.18,accepted,high
uk5-d59406c59cb1e8841220,chapter_boundary_or_shift,1:1,Ps.70.19,Ps.71.19,accepted,high
uk5-5f87f269590f29dbf9b0,chapter_boundary_or_shift,1:1,Ps.70.20,Ps.71.20,accepted,high
uk5-8368058e9277e25efe1a,chapter_boundary_or_shift,1:1,Ps.70.21,Ps.71.21,accepted,high
uk5-cff338eb8a7dda060900,chapter_boundary_or_shift,1:1,Ps.70.22,Ps.71.22,accepted,high
uk5-b19bd4f8a14989f7d92a,chapter_boundary_or_shift,1:1,Ps.70.23,Ps.71.23,accepted,high
uk5-44fe88d31300d1195b56,chapter_boundary_or_shift,1:1,Ps.70.24,Ps.71.24,accepted,high
uk5-6c5fc1d8aee3f4aec45b,chapter_boundary_or_shift,1:1,Ps.71.1,Ps.72.1,accepted,high
uk5-2782d6769d587d5af565,chapter_boundary_or_shift,1:1,Ps.71.2,Ps.72.2,accepted,high
uk5-f859563a4f6cee450d77,chapter_boundary_or_shift,1:1,Ps.71.3,Ps.72.3,accepted,high
uk5-5286983be6e8239b7f0a,chapter_boundary_or_shift,1:1,Ps.71.4,Ps.72.4,accepted,high
uk5-5745ee630b12ff8124e2,chapter_boundary_or_shift,1:1,Ps.71.5,Ps.72.5,accepted,high
uk5-a2bc72f5613152b2e297,chapter_boundary_or_shift,1:1,Ps.71.6,Ps.72.6,accepted,high
uk5-93f68decf801134d2933,chapter_boundary_or_shift,1:1,Ps.71.7,Ps.72.7,accepted,high
uk5-ce6562bd6ce4a76281e3,chapter_boundary_or_shift,1:1,Ps.71.8,Ps.72.8,accepted,high
uk5-ff6d42a05be3a2959aa5,chapter_boundary_or_shift,1:1,Ps.71.9,Ps.72.9,accepted,high
uk5-266041699e1ebd8cbf7a,chapter_boundary_or_shift,1:1,Ps.71.10,Ps.72.10,accepted,high
uk5-ad999838ed1e5b4c6d6c,chapter_boundary_or_shift,1:1,Ps.71.11,Ps.72.11,accepted,high
uk5-e7ef9116229883bc3dfe,chapter_boundary_or_shift,1:1,Ps.71.12,Ps.72.12,accepted,high
uk5-61d6902b4d87b5ab56f0,chapter_boundary_or_shift,1:1,Ps.71.13,Ps.72.13,accepted,high
uk5-1e6d7f5f33a8b7db1cd1,chapter_boundary_or_shift,1:1,Ps.71.14,Ps.72.14,accepted,high
uk5-db5da157ce923f3cdf41,chapter_boundary_or_shift,1:1,Ps.71.15,Ps.72.15,accepted,high
uk5-57c48da3e3496bcbc7af,chapter_boundary_or_shift,1:1,Ps.71.16,Ps.72.16,accepted,high
uk5-54f38fb54d40e5a896f0,chapter_boundary_or_shift,1:1,Ps.71.17,Ps.72.17,accepted,high
uk5-b1e16b8a25bcecde1017,chapter_boundary_or_shift,1:1,Ps.71.18,Ps.72.18,accepted,high
uk5-bd0671483735f6063fd4,chapter_boundary_or_shift,1:1,Ps.71.19,Ps.72.19,accepted,high
uk5-45040820e746ab07e0ca,chapter_boundary_or_shift,1:1,Ps.71.20,Ps.72.20,accepted,high
uk5-ea24500713fafec9b40f,chapter_boundary_or_shift,1:1,Ps.72.1,Ps.73.1,accepted,high
uk5-8acb8b9c97d8fc90c1cc,chapter_boundary_or_shift,1:1,Ps.72.2,Ps.73.2,accepted,high
uk5-30a0e24fb4dd5d0cd955,chapter_boundary_or_shift,1:1,Ps.72.3,Ps.73.3,accepted,high
uk5-4830a0b08a03c4a538eb,chapter_boundary_or_shift,1:1,Ps.72.4,Ps.73.4,accepted,high
uk5-267ca52964c96815c506,chapter_boundary_or_shift,1:1,Ps.72.5,Ps.73.5,accepted,high
uk5-05410f1968daf19554e2,chapter_boundary_or_shift,1:1,Ps.72.6,Ps.73.6,accepted,high
uk5-6119d182bb0d415d390a,chapter_boundary_or_shift,1:1,Ps.72.7,Ps.73.7,accepted,high
uk5-71c016ff779e1eb1cef4,chapter_boundary_or_shift,1:1,Ps.72.8,Ps.73.8,accepted,high
uk5-27aab83b330b702affdc,chapter_boundary_or_shift,1:1,Ps.72.9,Ps.73.9,accepted,high
uk5-443ae748fb498e1d571c,chapter_boundary_or_shift,1:1,Ps.72.10,Ps.73.10,accepted,high
uk5-241b66dc4c97edc58965,chapter_boundary_or_shift,1:1,Ps.72.11,Ps.73.11,accepted,high
uk5-57294f9856526f93d8ca,chapter_boundary_or_shift,1:1,Ps.72.12,Ps.73.12,accepted,high
uk5-af9c9588238a16dd9a52,chapter_boundary_or_shift,1:1,Ps.72.13,Ps.73.13,accepted,high
uk5-80bfbd35a5e5daf38f16,chapter_boundary_or_shift,1:1,Ps.72.14,Ps.73.14,accepted,high
uk5-6b1bd036df63edaf249e,chapter_boundary_or_shift,1:1,Ps.72.15,Ps.73.15,accepted,high
uk5-e45b036bf80d0d0180ab,chapter_boundary_or_shift,1:1,Ps.72.16,Ps.73.16,accepted,high
uk5-365830c3e4c5348c6fc9,chapter_boundary_or_shift,1:1,Ps.72.17,Ps.73.17,accepted,high
uk5-46f3f1bbe1709f022978,chapter_boundary_or_shift,1:1,Ps.72.18,Ps.73.18,accepted,high
uk5-aa53a8957b0f6eb25c80,chapter_boundary_or_shift,1:1,Ps.72.19,Ps.73.19,accepted,high
uk5-3b3c939d5fc3c774d543,chapter_boundary_or_shift,1:1,Ps.72.20,Ps.73.20,accepted,high
uk5-ee076d7b603ae3aa1e6f,chapter_boundary_or_shift,1:1,Ps.72.21,Ps.73.21,accepted,high
uk5-638628a8fabe3144bf1b,chapter_boundary_or_shift,1:1,Ps.72.22,Ps.73.22,accepted,high
uk5-004218c2072f865b76a1,chapter_boundary_or_shift,1:1,Ps.72.23,Ps.73.23,accepted,high
uk5-3cfb468fce225f841a46,chapter_boundary_or_shift,1:1,Ps.72.24,Ps.73.24,accepted,high
uk5-dddbcd0e0c05846502d8,chapter_boundary_or_shift,1:1,Ps.72.25,Ps.73.25,accepted,high
uk5-47ac84a49b2bbaa8ce32,chapter_boundary_or_shift,1:1,Ps.72.26,Ps.73.26,accepted,high
uk5-301fc79886bc10fa402d,chapter_boundary_or_shift,1:1,Ps.72.27,Ps.73.27,accepted,high
uk5-4c6429b30ee533aa8f78,chapter_boundary_or_shift,1:1,Ps.72.28,Ps.73.28,accepted,high
uk5-52f19164ec4d206263f9,chapter_boundary_or_shift,1:1,Ps.73.1,Ps.74.1,accepted,high
uk5-fedb24b5369df77be3d8,chapter_boundary_or_shift,1:1,Ps.73.2,Ps.74.2,accepted,high
uk5-bf6a65f45c8966837551,chapter_boundary_or_shift,1:1,Ps.73.3,Ps.74.3,accepted,high
uk5-f354bd47fde2fba95a62,chapter_boundary_or_shift,1:1,Ps.73.4,Ps.74.4,accepted,high
uk5-c1a2481c829235e29d13,chapter_boundary_or_shift,1:1,Ps.73.5,Ps.74.5,accepted,high
uk5-f612d5ff4419de4413dd,chapter_boundary_or_shift,1:1,Ps.73.6,Ps.74.6,accepted,high
uk5-f29ce02e88c0f7de7f0a,chapter_boundary_or_shift,1:1,Ps.73.7,Ps.74.7,accepted,high
uk5-3fc356f2abd54d5f02f5,chapter_boundary_or_shift,1:1,Ps.73.8,Ps.74.8,accepted,high
uk5-275070b6aa06fef08ab7,chapter_boundary_or_shift,1:1,Ps.73.9,Ps.74.9,accepted,high
uk5-62cc1eb56fd02a52fa16,chapter_boundary_or_shift,1:1,Ps.73.10,Ps.74.10,accepted,high
uk5-f3cb73d6b92f680fcda9,chapter_boundary_or_shift,1:1,Ps.73.11,Ps.74.11,accepted,high
uk5-c821d548971e4424ce01,chapter_boundary_or_shift,1:1,Ps.73.12,Ps.74.12,accepted,high
uk5-c10a6013b02baaf018b1,chapter_boundary_or_shift,1:1,Ps.73.13,Ps.74.13,accepted,high
uk5-bb36512db56a98d8e238,chapter_boundary_or_shift,1:1,Ps.73.14,Ps.74.14,accepted,high
uk5-eb1ae88ee6b922ff10be,chapter_boundary_or_shift,1:1,Ps.73.15,Ps.74.15,accepted,high
uk5-2e4ee0dd1c642aeaf060,chapter_boundary_or_shift,1:1,Ps.73.16,Ps.74.16,accepted,high
uk5-e71321c5ca1c47ae0303,chapter_boundary_or_shift,1:1,Ps.73.17,Ps.74.17,accepted,high
uk5-9ce828f7c1bea2a1f32f,chapter_boundary_or_shift,1:1,Ps.73.18,Ps.74.18,accepted,high
uk5-f6d01e7e4f6c7534f13f,chapter_boundary_or_shift,1:1,Ps.73.19,Ps.74.19,accepted,high
uk5-78676551da2ae14ba722,chapter_boundary_or_shift,1:1,Ps.73.20,Ps.74.20,accepted,high
uk5-e3d00634506735ba4d99,chapter_boundary_or_shift,1:1,Ps.73.21,Ps.74.21,accepted,high
uk5-962fc3d1714dbeeed245,chapter_boundary_or_shift,1:1,Ps.73.22,Ps.74.22,accepted,high
uk5-7233b322b3a1ba229e3c,chapter_boundary_or_shift,1:1,Ps.73.23,Ps.74.23,accepted,high
uk5-795b153acde7b145e514,merge;chapter_boundary_or_shift;superscription,merge,Ps.74.1;Ps.74.2,Ps.75.1,accepted,high
uk5-e36a444cfd69f6f97b50,chapter_boundary_or_shift,1:1,Ps.74.3,Ps.75.2,accepted,high
uk5-a580a1cdf2fbf9ce9e23,chapter_boundary_or_shift,1:1,Ps.74.4,Ps.75.3,accepted,high
uk5-71e5ac1e184cf1a4d8e3,chapter_boundary_or_shift,1:1,Ps.74.5,Ps.75.4,accepted,high
uk5-c09500d400f9966dc2fb,chapter_boundary_or_shift,1:1,Ps.74.6,Ps.75.5,accepted,high
uk5-734c2611865f82cc8681,chapter_boundary_or_shift,1:1,Ps.74.7,Ps.75.6,accepted,high
uk5-f164de4f4f9a65c10bcc,chapter_boundary_or_shift,1:1,Ps.74.8,Ps.75.7,accepted,high
uk5-5ce942acb5162c9fe1aa,chapter_boundary_or_shift,1:1,Ps.74.9,Ps.75.8,accepted,high
uk5-fee45869a47ecc47c4d5,chapter_boundary_or_shift,1:1,Ps.74.10,Ps.75.9,accepted,high
uk5-9d2bf4bf311785dc7d84,chapter_boundary_or_shift,1:1,Ps.74.11,Ps.75.10,accepted,high
uk5-2510f6782c73b939f08a,merge;chapter_boundary_or_shift;superscription,merge,Ps.75.1;Ps.75.2,Ps.76.1,accepted,high
uk5-68eebc96a65b773e94cc,chapter_boundary_or_shift,1:1,Ps.75.3,Ps.76.2,accepted,high
uk5-d776c4611f5077cad5e0,chapter_boundary_or_shift,1:1,Ps.75.4,Ps.76.3,accepted,high
uk5-5776f6a82296977171d2,chapter_boundary_or_shift,1:1,Ps.75.5,Ps.76.4,accepted,high
uk5-b644c1fcd33201c189db,chapter_boundary_or_shift,1:1,Ps.75.6,Ps.76.5,accepted,high
uk5-0806763450abb7a32704,chapter_boundary_or_shift,1:1,Ps.75.7,Ps.76.6,accepted,high
uk5-e0e224fdaa76c70ff40c,chapter_boundary_or_shift,1:1,Ps.75.8,Ps.76.7,accepted,high
uk5-d106914dba6cedfc9c33,chapter_boundary_or_shift,1:1,Ps.75.9,Ps.76.8,accepted,high
uk5-5598442406ebf2f885f3,chapter_boundary_or_shift,1:1,Ps.75.10,Ps.76.9,accepted,high
uk5-3694ad5ec4ec915187bf,chapter_boundary_or_shift,1:1,Ps.75.11,Ps.76.10,accepted,high
uk5-639c49943a0d08b99a13,chapter_boundary_or_shift,1:1,Ps.75.12,Ps.76.11,accepted,high
uk5-94c0156b49bb4aadc51d,chapter_boundary_or_shift,1:1,Ps.75.13,Ps.76.12,accepted,high
uk5-2f442a5a9a312fa86ae1,merge;chapter_boundary_or_shift;superscription,merge,Ps.76.1;Ps.76.2,Ps.77.1,accepted,high
uk5-8b7aa4b665c830133f26,chapter_boundary_or_shift,1:1,Ps.76.3,Ps.77.2,accepted,high
uk5-8810cffa3e689e33b4fd,chapter_boundary_or_shift,1:1,Ps.76.4,Ps.77.3,accepted,high
uk5-f438e5535e7cd491994e,chapter_boundary_or_shift,1:1,Ps.76.5,Ps.77.4,accepted,high
uk5-59cd4fa815ed4367a315,chapter_boundary_or_shift,1:1,Ps.76.6,Ps.77.5,accepted,high
uk5-00a5f4ee9f4a385a8962,chapter_boundary_or_shift,1:1,Ps.76.7,Ps.77.6,accepted,high
uk5-754a21ec40eb81130018,chapter_boundary_or_shift,1:1,Ps.76.8,Ps.77.7,accepted,high
uk5-f94447899d3e527c2731,chapter_boundary_or_shift,1:1,Ps.76.9,Ps.77.8,accepted,high
uk5-d8fc0755640d0b4d465f,chapter_boundary_or_shift,1:1,Ps.76.10,Ps.77.9,accepted,high
uk5-30ef25964f18d5a27ccc,chapter_boundary_or_shift,1:1,Ps.76.11,Ps.77.10,accepted,high
uk5-415b4f849714fe7e1bb8,chapter_boundary_or_shift,1:1,Ps.76.12,Ps.77.11,accepted,high
uk5-fca43b1bd05f7ce16a74,chapter_boundary_or_shift,1:1,Ps.76.13,Ps.77.12,accepted,high
uk5-f9b0e202a16ba89c85e3,chapter_boundary_or_shift,1:1,Ps.76.14,Ps.77.13,accepted,high
uk5-068cbbd69d298d6e740f,chapter_boundary_or_shift,1:1,Ps.76.15,Ps.77.14,accepted,high
uk5-9f9e19dfe6a4b9a4035e,chapter_boundary_or_shift,1:1,Ps.76.16,Ps.77.15,accepted,high
uk5-a520f33cf3f4bdd66497,chapter_boundary_or_shift,1:1,Ps.76.17,Ps.77.16,accepted,high
uk5-278b833736164afb0b1d,chapter_boundary_or_shift,1:1,Ps.76.18,Ps.77.17,accepted,high
uk5-e729f0b64b8794d395d0,chapter_boundary_or_shift,1:1,Ps.76.19,Ps.77.18,accepted,high
uk5-6c84987df620fe18ff71,chapter_boundary_or_shift,1:1,Ps.76.20,Ps.77.19,accepted,high
uk5-c1eea11b8798370a5443,chapter_boundary_or_shift,1:1,Ps.76.21,Ps.77.20,accepted,high
uk5-f6d0423a564b31cfc47c,chapter_boundary_or_shift,1:1,Ps.77.1,Ps.78.1,accepted,high
uk5-b897bc23025ac03c027c,chapter_boundary_or_shift,1:1,Ps.77.2,Ps.78.2,accepted,high
uk5-f9e61acfd33f1181dd3b,chapter_boundary_or_shift,1:1,Ps.77.3,Ps.78.3,accepted,high
uk5-3fbc1a20f8f7951dd93d,chapter_boundary_or_shift,1:1,Ps.77.4,Ps.78.4,accepted,high
uk5-b072084c347e96169fbb,chapter_boundary_or_shift,1:1,Ps.77.5,Ps.78.5,accepted,high
uk5-6dcfe60a96416199eca3,chapter_boundary_or_shift,1:1,Ps.77.6,Ps.78.6,accepted,high
uk5-df6469bcaee97b949d0d,chapter_boundary_or_shift,1:1,Ps.77.7,Ps.78.7,accepted,high
uk5-f94035b3d05b13778ddb,chapter_boundary_or_shift,1:1,Ps.77.8,Ps.78.8,accepted,high
uk5-6d196a3a688aea7a5790,chapter_boundary_or_shift,1:1,Ps.77.9,Ps.78.9,accepted,high
uk5-4ed5ba71ca42a0353a5c,chapter_boundary_or_shift,1:1,Ps.77.10,Ps.78.10,accepted,high
uk5-5079a10a68ce689eacb9,chapter_boundary_or_shift,1:1,Ps.77.11,Ps.78.11,accepted,high
uk5-3446cdaf5fa02cf67a46,chapter_boundary_or_shift,1:1,Ps.77.12,Ps.78.12,accepted,high
uk5-2d383452c49685b1c583,chapter_boundary_or_shift,1:1,Ps.77.13,Ps.78.13,accepted,high
uk5-551289090a224b704ae6,chapter_boundary_or_shift,1:1,Ps.77.14,Ps.78.14,accepted,high
uk5-7fcaaa2faafc7ad0d147,chapter_boundary_or_shift,1:1,Ps.77.15,Ps.78.15,accepted,high
uk5-426e7c5ee6864c2df3c1,chapter_boundary_or_shift,1:1,Ps.77.16,Ps.78.16,accepted,high
uk5-4a70fd4c40b490034f29,chapter_boundary_or_shift,1:1,Ps.77.17,Ps.78.17,accepted,high
uk5-ead720d7f80d266bbf75,chapter_boundary_or_shift,1:1,Ps.77.18,Ps.78.18,accepted,high
uk5-e7b876ce8fd736fe27e3,chapter_boundary_or_shift,1:1,Ps.77.19,Ps.78.19,accepted,high
uk5-dfb4e4b987b7178d65ed,chapter_boundary_or_shift,1:1,Ps.77.20,Ps.78.20,accepted,high
uk5-55596db4a90da747eef6,chapter_boundary_or_shift,1:1,Ps.77.21,Ps.78.21,accepted,high
uk5-00602e483a0ddb04fdad,chapter_boundary_or_shift,1:1,Ps.77.22,Ps.78.22,accepted,high
uk5-986a26583f1d6136c297,chapter_boundary_or_shift,1:1,Ps.77.23,Ps.78.23,accepted,high
uk5-14072e5bd938048157c3,chapter_boundary_or_shift,1:1,Ps.77.24,Ps.78.24,accepted,high
uk5-c69ae5fc0979c3f495d5,chapter_boundary_or_shift,1:1,Ps.77.25,Ps.78.25,accepted,high
uk5-cc3ad725c73974ff3fdc,chapter_boundary_or_shift,1:1,Ps.77.26,Ps.78.26,accepted,high
uk5-aa4b0d18dbaa33ea6784,chapter_boundary_or_shift,1:1,Ps.77.27,Ps.78.27,accepted,high
uk5-ef6ab382c54629c7627a,chapter_boundary_or_shift,1:1,Ps.77.28,Ps.78.28,accepted,high
uk5-764d6a0d203ac1532857,chapter_boundary_or_shift,1:1,Ps.77.29,Ps.78.29,accepted,high
uk5-33ce65302f5106b07213,chapter_boundary_or_shift,1:1,Ps.77.30,Ps.78.30,accepted,high
uk5-bfe0878d03ec7aa67c50,chapter_boundary_or_shift,1:1,Ps.77.31,Ps.78.31,accepted,high
uk5-9ed8a047ed79facff07c,chapter_boundary_or_shift,1:1,Ps.77.32,Ps.78.32,accepted,high
uk5-d38617ea844615516d68,chapter_boundary_or_shift,1:1,Ps.77.33,Ps.78.33,accepted,high
uk5-c2ac469fa827e7fd5956,chapter_boundary_or_shift,1:1,Ps.77.34,Ps.78.34,accepted,high
uk5-7daaaf0aab9e2426f9df,chapter_boundary_or_shift,1:1,Ps.77.35,Ps.78.35,accepted,high
uk5-c3a8f12d04c09c139118,chapter_boundary_or_shift,1:1,Ps.77.36,Ps.78.36,accepted,high
uk5-46cdff587ad2c6abf49d,chapter_boundary_or_shift,1:1,Ps.77.37,Ps.78.37,accepted,high
uk5-2ab98511de927f4cc864,chapter_boundary_or_shift,1:1,Ps.77.38,Ps.78.38,accepted,high
uk5-c4e6357172b846e688d5,chapter_boundary_or_shift,1:1,Ps.77.39,Ps.78.39,accepted,high
uk5-b344fe376c5b685c3fe1,chapter_boundary_or_shift,1:1,Ps.77.40,Ps.78.40,accepted,high
uk5-191d801b4456ccc26d20,chapter_boundary_or_shift,1:1,Ps.77.41,Ps.78.41,accepted,high
uk5-bde87066acfe35548ba3,chapter_boundary_or_shift,1:1,Ps.77.42,Ps.78.42,accepted,high
uk5-b21b55502949a7708515,chapter_boundary_or_shift,1:1,Ps.77.43,Ps.78.43,accepted,high
uk5-c71d7e68db94f6ac0ee8,chapter_boundary_or_shift,1:1,Ps.77.44,Ps.78.44,accepted,high
uk5-112be1d539cf558ce6c7,chapter_boundary_or_shift,1:1,Ps.77.45,Ps.78.45,accepted,high
uk5-99784280c8460799e2c0,chapter_boundary_or_shift,1:1,Ps.77.46,Ps.78.46,accepted,high
uk5-e7aac8ed298743936b45,chapter_boundary_or_shift,1:1,Ps.77.47,Ps.78.47,accepted,high
uk5-ca9573c0b7f0e510e044,chapter_boundary_or_shift,1:1,Ps.77.48,Ps.78.48,accepted,high
uk5-e1cd333a381864dc15ad,chapter_boundary_or_shift,1:1,Ps.77.49,Ps.78.49,accepted,high
uk5-3afa1a561cf23adea647,chapter_boundary_or_shift,1:1,Ps.77.50,Ps.78.50,accepted,high
uk5-7d08082f6954ee73c100,chapter_boundary_or_shift,1:1,Ps.77.51,Ps.78.51,accepted,high
uk5-ab2def319d89526f074d,chapter_boundary_or_shift,1:1,Ps.77.52,Ps.78.52,accepted,high
uk5-a69238c113fe983c3e09,chapter_boundary_or_shift,1:1,Ps.77.53,Ps.78.53,accepted,high
uk5-c9085ff7da166a0f5376,chapter_boundary_or_shift,1:1,Ps.77.54,Ps.78.54,accepted,high
uk5-057e2ea2ba959707813c,chapter_boundary_or_shift,1:1,Ps.77.55,Ps.78.55,accepted,high
uk5-a1c54f2e5304f0b6f2d1,chapter_boundary_or_shift,1:1,Ps.77.56,Ps.78.56,accepted,high
uk5-84f026f729514f582c45,chapter_boundary_or_shift,1:1,Ps.77.57,Ps.78.57,accepted,high
uk5-6ca7b9d9843153ee4a25,chapter_boundary_or_shift,1:1,Ps.77.58,Ps.78.58,accepted,high
uk5-ce6c0d159e0ef4d23012,chapter_boundary_or_shift,1:1,Ps.77.59,Ps.78.59,accepted,high
uk5-19ee722d6f2af4ca4470,chapter_boundary_or_shift,1:1,Ps.77.60,Ps.78.60,accepted,high
uk5-08d45d5d4c6448c709ae,chapter_boundary_or_shift,1:1,Ps.77.61,Ps.78.61,accepted,high
uk5-cbc041794a4b32415338,chapter_boundary_or_shift,1:1,Ps.77.62,Ps.78.62,accepted,high
uk5-e6d3959ddfa306ebf023,chapter_boundary_or_shift,1:1,Ps.77.63,Ps.78.63,accepted,high
uk5-94937e7c20f1f74dc8ee,chapter_boundary_or_shift,1:1,Ps.77.64,Ps.78.64,accepted,high
uk5-5d9331998068f554dee3,chapter_boundary_or_shift,1:1,Ps.77.65,Ps.78.65,accepted,high
uk5-d3f432267b86e8e0182c,chapter_boundary_or_shift,1:1,Ps.77.66,Ps.78.66,accepted,high
uk5-dd9b5a601b26471d7b61,chapter_boundary_or_shift,1:1,Ps.77.67,Ps.78.67,accepted,high
uk5-ee91f880e5c1a0cb437b,chapter_boundary_or_shift,1:1,Ps.77.68,Ps.78.68,accepted,high
uk5-4222af21e80a78803f0a,chapter_boundary_or_shift,1:1,Ps.77.69,Ps.78.69,accepted,high
uk5-edfa316ec45b8a151239,chapter_boundary_or_shift,1:1,Ps.77.70,Ps.78.70,accepted,high
uk5-e95923eafb2ba593aab0,chapter_boundary_or_shift,1:1,Ps.77.71,Ps.78.71,accepted,high
uk5-eed8479b2224f8e604f5,chapter_boundary_or_shift,1:1,Ps.77.72,Ps.78.72,accepted,high
uk5-8d2074fda8ee171c54c6,chapter_boundary_or_shift,1:1,Ps.78.1,Ps.79.1,accepted,high
uk5-eaf4d9ac082806d20cad,chapter_boundary_or_shift,1:1,Ps.78.2,Ps.79.2,accepted,high
uk5-7890de252a24c183978f,chapter_boundary_or_shift,1:1,Ps.78.3,Ps.79.3,accepted,high
uk5-ad3379987fd429147490,chapter_boundary_or_shift,1:1,Ps.78.4,Ps.79.4,accepted,high
uk5-675550c871fe2ca206ab,chapter_boundary_or_shift,1:1,Ps.78.5,Ps.79.5,accepted,high
uk5-0a9db5ce0b6ec9e0a197,chapter_boundary_or_shift,1:1,Ps.78.6,Ps.79.6,accepted,high
uk5-2822a9d5c0a7cfd24c44,chapter_boundary_or_shift,1:1,Ps.78.7,Ps.79.7,accepted,high
uk5-f5301dcd4217dd87ea36,chapter_boundary_or_shift,1:1,Ps.78.8,Ps.79.8,accepted,high
uk5-62f2e870ecfcd9b698e4,chapter_boundary_or_shift,1:1,Ps.78.9,Ps.79.9,accepted,high
uk5-cf79bd57404d8c8c9a14,chapter_boundary_or_shift,1:1,Ps.78.10,Ps.79.10,accepted,high
uk5-3a9311f188cad3eea8b8,chapter_boundary_or_shift,1:1,Ps.78.11,Ps.79.11,accepted,high
uk5-ff039760e165606db22f,chapter_boundary_or_shift,1:1,Ps.78.12,Ps.79.12,accepted,high
uk5-53c7727eadf756b9cb7e,chapter_boundary_or_shift,1:1,Ps.78.13,Ps.79.13,accepted,high
uk5-3b16add783dd9a788798,merge;chapter_boundary_or_shift;superscription,merge,Ps.79.1;Ps.79.2,Ps.80.1,accepted,high
uk5-47d274e8d93c8d9fab3b,chapter_boundary_or_shift,1:1,Ps.79.3,Ps.80.2,accepted,high
uk5-2fe300e0a54b510476d9,chapter_boundary_or_shift,1:1,Ps.79.4,Ps.80.3,accepted,high
uk5-89c7442367f90d5634c2,chapter_boundary_or_shift,1:1,Ps.79.5,Ps.80.4,accepted,high
uk5-e4c89d8aa6f083a4a87d,chapter_boundary_or_shift,1:1,Ps.79.6,Ps.80.5,accepted,high
uk5-2a0e267e562a80e3250c,chapter_boundary_or_shift,1:1,Ps.79.7,Ps.80.6,accepted,high
uk5-0a5ff2b8061af1dc00cb,chapter_boundary_or_shift,1:1,Ps.79.8,Ps.80.7,accepted,high
uk5-27afa261171eb98cd897,chapter_boundary_or_shift,1:1,Ps.79.9,Ps.80.8,accepted,high
uk5-7a6489d24445c34970d5,chapter_boundary_or_shift,1:1,Ps.79.10,Ps.80.9,accepted,high
uk5-4453b200559007faafc5,chapter_boundary_or_shift,1:1,Ps.79.11,Ps.80.10,accepted,high
uk5-f03d0ce2bc4484e9eccb,chapter_boundary_or_shift,1:1,Ps.79.12,Ps.80.11,accepted,high
uk5-4077c6860f0b87dbe325,chapter_boundary_or_shift,1:1,Ps.79.13,Ps.80.12,accepted,high
uk5-61791e6a07512b0f0c30,chapter_boundary_or_shift,1:1,Ps.79.14,Ps.80.13,accepted,high
uk5-e9e428ce9c92ccca8e9a,chapter_boundary_or_shift,1:1,Ps.79.15,Ps.80.14,accepted,high
uk5-db298956498d94168281,chapter_boundary_or_shift,1:1,Ps.79.16,Ps.80.15,accepted,high
uk5-628e32d0d219ccb6eecd,chapter_boundary_or_shift,1:1,Ps.79.17,Ps.80.16,accepted,high
uk5-6c49e6b4aa27f94d899d,chapter_boundary_or_shift,1:1,Ps.79.18,Ps.80.17,accepted,high
uk5-27a914cb752138dc9184,chapter_boundary_or_shift,1:1,Ps.79.19,Ps.80.18,accepted,high
uk5-ac4173a44d08de97b434,chapter_boundary_or_shift,1:1,Ps.79.20,Ps.80.19,accepted,high
uk5-948794c7e5a816e15392,merge;chapter_boundary_or_shift;superscription,merge,Ps.80.1;Ps.80.2,Ps.81.1,accepted,high
uk5-fa9c747ddece16651a22,chapter_boundary_or_shift,1:1,Ps.80.3,Ps.81.2,accepted,high
uk5-b210c82a09d0820bcd35,chapter_boundary_or_shift,1:1,Ps.80.4,Ps.81.3,accepted,high
uk5-cccc6abc620a17b391f0,chapter_boundary_or_shift,1:1,Ps.80.5,Ps.81.4,accepted,high
uk5-a8b8c8d7d44b5d10a745,chapter_boundary_or_shift,1:1,Ps.80.6,Ps.81.5,accepted,high
uk5-f452cdd3cab70feb9f3d,chapter_boundary_or_shift,1:1,Ps.80.7,Ps.81.6,accepted,high
uk5-251622c84e3bc8c72e6f,chapter_boundary_or_shift,1:1,Ps.80.8,Ps.81.7,accepted,high
uk5-8cb33a822f18825bbd3c,chapter_boundary_or_shift,1:1,Ps.80.9,Ps.81.8,accepted,high
uk5-78eaee6130b4258dc4cf,chapter_boundary_or_shift,1:1,Ps.80.10,Ps.81.9,accepted,high
uk5-db69ab408a120aaeb574,chapter_boundary_or_shift,1:1,Ps.80.11,Ps.81.10,accepted,high
uk5-9121a586563ef1453b93,chapter_boundary_or_shift,1:1,Ps.80.12,Ps.81.11,accepted,high
uk5-1c41322ebdfdf6bf82bc,chapter_boundary_or_shift,1:1,Ps.80.13,Ps.81.12,accepted,high
uk5-ea87923af33f940aa162,chapter_boundary_or_shift,1:1,Ps.80.14,Ps.81.13,accepted,high
uk5-c67bd78a4da4970d3cef,chapter_boundary_or_shift,1:1,Ps.80.15,Ps.81.14,accepted,high
uk5-d6945a35980593903916,chapter_boundary_or_shift,1:1,Ps.80.16,Ps.81.15,accepted,high
uk5-249f01a4c65e76a99d21,chapter_boundary_or_shift,1:1,Ps.80.17,Ps.81.16,accepted,high
uk5-3de95123f9abd9f48bf7,chapter_boundary_or_shift,1:1,Ps.81.1,Ps.82.1,accepted,high
uk5-7433fdf8644e945f7e21,chapter_boundary_or_shift,1:1,Ps.81.2,Ps.82.2,accepted,high
uk5-ebd3d166a507a98877fb,chapter_boundary_or_shift,1:1,Ps.81.3,Ps.82.3,accepted,high
uk5-ec7a7d7c1f9b699ee43b,chapter_boundary_or_shift,1:1,Ps.81.4,Ps.82.4,accepted,high
uk5-02680825d978bd40277f,chapter_boundary_or_shift,1:1,Ps.81.5,Ps.82.5,accepted,high
uk5-3a56c7dac648f6af80f9,chapter_boundary_or_shift,1:1,Ps.81.6,Ps.82.6,accepted,high
uk5-963c101dcd1ebecfadcf,chapter_boundary_or_shift,1:1,Ps.81.7,Ps.82.7,accepted,high
uk5-f1abbbe244ce76327096,chapter_boundary_or_shift,1:1,Ps.81.8,Ps.82.8,accepted,high
uk5-e74746984a51e60b7bdd,merge;chapter_boundary_or_shift;superscription,merge,Ps.82.1;Ps.82.2,Ps.83.1,accepted,high
uk5-dc92f364abf996be80bf,chapter_boundary_or_shift,1:1,Ps.82.3,Ps.83.2,accepted,high
uk5-4fb945160fc3f56ce45c,chapter_boundary_or_shift,1:1,Ps.82.4,Ps.83.3,accepted,high
uk5-f35d37e81395f4742633,chapter_boundary_or_shift,1:1,Ps.82.5,Ps.83.4,accepted,high
uk5-f0d413e42dfe7f9c7f16,chapter_boundary_or_shift,1:1,Ps.82.6,Ps.83.5,accepted,high
uk5-5ffe7a0ffeedb5af0d53,chapter_boundary_or_shift,1:1,Ps.82.7,Ps.83.6,accepted,high
uk5-98036d9fe95ec3e334c8,chapter_boundary_or_shift,1:1,Ps.82.8,Ps.83.7,accepted,high
uk5-7119df68b8fd634d5dc9,chapter_boundary_or_shift,1:1,Ps.82.9,Ps.83.8,accepted,high
uk5-4b966a4086037513aa61,chapter_boundary_or_shift,1:1,Ps.82.10,Ps.83.9,accepted,high
uk5-8b20eb3487189d9fa92e,chapter_boundary_or_shift,1:1,Ps.82.11,Ps.83.10,accepted,high
uk5-b3fc4b1074817ca57300,chapter_boundary_or_shift,1:1,Ps.82.12,Ps.83.11,accepted,high
uk5-de2ca15427c9807d1730,chapter_boundary_or_shift,1:1,Ps.82.13,Ps.83.12,accepted,high
uk5-ac6351c704f671744207,chapter_boundary_or_shift,1:1,Ps.82.14,Ps.83.13,accepted,high
uk5-15fe265071958dc8717e,chapter_boundary_or_shift,1:1,Ps.82.15,Ps.83.14,accepted,high
uk5-0ff0e1fd76b8f9859a71,chapter_boundary_or_shift,1:1,Ps.82.16,Ps.83.15,accepted,high
uk5-ec016882f7208a7c6544,chapter_boundary_or_shift,1:1,Ps.82.17,Ps.83.16,accepted,high
uk5-0d9d8edd6d054097b09d,chapter_boundary_or_shift,1:1,Ps.82.18,Ps.83.17,accepted,high
uk5-7897c667f0e503dd6f46,chapter_boundary_or_shift,1:1,Ps.82.19,Ps.83.18,accepted,high
uk5-90144b009e0828ccb8a5,merge;chapter_boundary_or_shift;superscription,merge,Ps.83.1;Ps.83.2,Ps.84.1,accepted,high
uk5-f254b5b619c46da1c5fe,chapter_boundary_or_shift,1:1,Ps.83.3,Ps.84.2,accepted,high
uk5-25271702499b7e433182,chapter_boundary_or_shift,1:1,Ps.83.4,Ps.84.3,accepted,high
uk5-f96b4e23493f428fe70f,chapter_boundary_or_shift,1:1,Ps.83.5,Ps.84.4,accepted,high
uk5-4b7be670e8ce80584068,chapter_boundary_or_shift,1:1,Ps.83.6,Ps.84.5,accepted,high
uk5-b3d7957f424cea08623b,chapter_boundary_or_shift,1:1,Ps.83.7,Ps.84.6,accepted,high
uk5-f98fe7cfe96cff29d66f,chapter_boundary_or_shift,1:1,Ps.83.8,Ps.84.7,accepted,high
uk5-8b1d0240e0d768e1ce7a,chapter_boundary_or_shift,1:1,Ps.83.9,Ps.84.8,accepted,high
uk5-ef4e8387477de027c813,chapter_boundary_or_shift,1:1,Ps.83.10,Ps.84.9,accepted,high
uk5-0c0288b0bc27196d483c,chapter_boundary_or_shift,1:1,Ps.83.11,Ps.84.10,accepted,high
uk5-2dd8dc53c34eb2c58431,chapter_boundary_or_shift,1:1,Ps.83.12,Ps.84.11,accepted,high
uk5-4db23c06cbd462a3f5bc,chapter_boundary_or_shift,1:1,Ps.83.13,Ps.84.12,accepted,high
uk5-0bdf9a0001a4eddb5c5a,merge;chapter_boundary_or_shift;superscription,merge,Ps.84.1;Ps.84.2,Ps.85.1,accepted,high
uk5-d4e6ce2601aaf41a468c,chapter_boundary_or_shift,1:1,Ps.84.3,Ps.85.2,accepted,high
uk5-9db89e045740595d6438,chapter_boundary_or_shift,1:1,Ps.84.4,Ps.85.3,accepted,high
uk5-9aa1876a1f1c96d55d6b,chapter_boundary_or_shift,1:1,Ps.84.5,Ps.85.4,accepted,high
uk5-72a8e4b055a65a57c13f,chapter_boundary_or_shift,1:1,Ps.84.6,Ps.85.5,accepted,high
uk5-19f336f4417bdc7af76d,chapter_boundary_or_shift,1:1,Ps.84.7,Ps.85.6,accepted,high
uk5-672140f8bfc0c21975dd,chapter_boundary_or_shift,1:1,Ps.84.8,Ps.85.7,accepted,high
uk5-58013f33c4c04315332a,chapter_boundary_or_shift,1:1,Ps.84.9,Ps.85.8,accepted,high
uk5-92636885a804cb18d535,chapter_boundary_or_shift,1:1,Ps.84.10,Ps.85.9,accepted,high
uk5-3274660c111da0761281,chapter_boundary_or_shift,1:1,Ps.84.11,Ps.85.10,accepted,high
uk5-719b70519b6179f750ac,chapter_boundary_or_shift,1:1,Ps.84.12,Ps.85.11,accepted,high
uk5-4f382ff1741514aed090,chapter_boundary_or_shift,1:1,Ps.84.13,Ps.85.12,accepted,high
uk5-39593701c6e61ed6a793,chapter_boundary_or_shift,1:1,Ps.84.14,Ps.85.13,accepted,high
uk5-f4455a86f69dc29b47be,chapter_boundary_or_shift,1:1,Ps.85.1,Ps.86.1,accepted,high
uk5-3b560fccf7ae93e21229,chapter_boundary_or_shift,1:1,Ps.85.2,Ps.86.2,accepted,high
uk5-04656b5a9711fc16a0bb,chapter_boundary_or_shift,1:1,Ps.85.3,Ps.86.3,accepted,high
uk5-1f1babcb0c35f5b45111,chapter_boundary_or_shift,1:1,Ps.85.4,Ps.86.4,accepted,high
uk5-fac1afebbb701d70d05c,chapter_boundary_or_shift,1:1,Ps.85.5,Ps.86.5,accepted,high
uk5-f5a237779b36f55f7654,chapter_boundary_or_shift,1:1,Ps.85.6,Ps.86.6,accepted,high
uk5-cf3d2b414a16dcad091d,chapter_boundary_or_shift,1:1,Ps.85.7,Ps.86.7,accepted,high
uk5-5bae8e6edafa66c9a6d2,chapter_boundary_or_shift,1:1,Ps.85.8,Ps.86.8,accepted,high
uk5-ba7e9df42d5895af4873,chapter_boundary_or_shift,1:1,Ps.85.9,Ps.86.9,accepted,high
uk5-6980ffa509e987cc4b6e,chapter_boundary_or_shift,1:1,Ps.85.10,Ps.86.10,accepted,high
uk5-7f27a9bbabc910d20250,chapter_boundary_or_shift,1:1,Ps.85.11,Ps.86.11,accepted,high
uk5-90614607c4a796767819,chapter_boundary_or_shift,1:1,Ps.85.12,Ps.86.12,accepted,high
uk5-46767d50c812f1193954,chapter_boundary_or_shift,1:1,Ps.85.13,Ps.86.13,accepted,high
uk5-f618dd90040e1e5c5bcf,chapter_boundary_or_shift,1:1,Ps.85.14,Ps.86.14,accepted,high
uk5-9180259788bf2ebe5062,chapter_boundary_or_shift,1:1,Ps.85.15,Ps.86.15,accepted,high
uk5-810ae38de73ae939caba,chapter_boundary_or_shift,1:1,Ps.85.16,Ps.86.16,accepted,high
uk5-7a3c2dd87aab834d42b2,chapter_boundary_or_shift,1:1,Ps.85.17,Ps.86.17,accepted,high
uk5-24668cbdfb2a63e99807,chapter_boundary_or_shift,1:1,Ps.86.1,Ps.87.1,accepted,high
uk5-a505bd20277bba55c3e2,chapter_boundary_or_shift,1:1,Ps.86.2,Ps.87.2,accepted,high
uk5-d4e63f6656d92c88f238,chapter_boundary_or_shift,1:1,Ps.86.3,Ps.87.3,accepted,high
uk5-54fdd02e3cc849867478,chapter_boundary_or_shift,1:1,Ps.86.4,Ps.87.4,accepted,high
uk5-0be8e3aba0d747d2588a,chapter_boundary_or_shift,1:1,Ps.86.5,Ps.87.5,accepted,high
uk5-1a99cdc3d478fdbdd51d,chapter_boundary_or_shift,1:1,Ps.86.6,Ps.87.6,accepted,high
uk5-a1ff42cd8ce336bf4060,chapter_boundary_or_shift,1:1,Ps.86.7,Ps.87.7,accepted,high
uk5-37efbf5a77cb67890f8a,merge;chapter_boundary_or_shift;superscription,merge,Ps.87.1;Ps.87.2,Ps.88.1,accepted,high
uk5-d8aef9272309dd40019b,chapter_boundary_or_shift,1:1,Ps.87.3,Ps.88.2,accepted,high
uk5-63326009b04eea9fd7e3,chapter_boundary_or_shift,1:1,Ps.87.4,Ps.88.3,accepted,high
uk5-a78498ffc57ccbe65a3e,chapter_boundary_or_shift,1:1,Ps.87.5,Ps.88.4,accepted,high
uk5-df5a4203d8461b32dc64,chapter_boundary_or_shift,1:1,Ps.87.6,Ps.88.5,accepted,high
uk5-4ed459a2fd2727599e92,chapter_boundary_or_shift,1:1,Ps.87.7,Ps.88.6,accepted,high
uk5-93518499fe5ff62decc8,chapter_boundary_or_shift,1:1,Ps.87.8,Ps.88.7,accepted,high
uk5-f0b12397ec7b6ec1ca64,chapter_boundary_or_shift,1:1,Ps.87.9,Ps.88.8,accepted,high
uk5-dc154af0552be106a19c,chapter_boundary_or_shift,1:1,Ps.87.10,Ps.88.9,accepted,high
uk5-961cfe4bec6b1f3c0954,chapter_boundary_or_shift,1:1,Ps.87.11,Ps.88.10,accepted,high
uk5-31c74fd32909e3a61a9f,chapter_boundary_or_shift,1:1,Ps.87.12,Ps.88.11,accepted,high
uk5-58ecc4fdd25bdce38eec,chapter_boundary_or_shift,1:1,Ps.87.13,Ps.88.12,accepted,high
uk5-18809bb105c2cac31804,chapter_boundary_or_shift,1:1,Ps.87.14,Ps.88.13,accepted,high
uk5-840edbed3bef601bc7e1,chapter_boundary_or_shift,1:1,Ps.87.15,Ps.88.14,accepted,high
uk5-115a41b8bc26df4b4456,chapter_boundary_or_shift,1:1,Ps.87.16,Ps.88.15,accepted,high
uk5-74db9b419e1e12c9043d,chapter_boundary_or_shift,1:1,Ps.87.17,Ps.88.16,accepted,high
uk5-c84641637e15269b95ac,chapter_boundary_or_shift,1:1,Ps.87.18,Ps.88.17,accepted,high
uk5-76ded1c4a0b2c67f21c3,chapter_boundary_or_shift,1:1,Ps.87.19,Ps.88.18,accepted,high
uk5-d33092e3db5efb796436,merge;chapter_boundary_or_shift;superscription,merge,Ps.88.1;Ps.88.2,Ps.89.1,accepted,high
uk5-8aa875eb7a98a272436b,chapter_boundary_or_shift,1:1,Ps.88.3,Ps.89.2,accepted,high
uk5-fd3a4bc2cbda126c4b12,chapter_boundary_or_shift,1:1,Ps.88.4,Ps.89.3,accepted,high
uk5-9fa4e252e2b4e6380876,chapter_boundary_or_shift,1:1,Ps.88.5,Ps.89.4,accepted,high
uk5-165685e6637a9fced8a3,chapter_boundary_or_shift,1:1,Ps.88.6,Ps.89.5,accepted,high
uk5-2557f216c4a434d552ac,chapter_boundary_or_shift,1:1,Ps.88.7,Ps.89.6,accepted,high
uk5-70fed2ce9f7d9130c345,chapter_boundary_or_shift,1:1,Ps.88.8,Ps.89.7,accepted,high
uk5-61dfaa1797b830f7866b,chapter_boundary_or_shift,1:1,Ps.88.9,Ps.89.8,accepted,high
uk5-5a77eceee7d52a6646b5,chapter_boundary_or_shift,1:1,Ps.88.10,Ps.89.9,accepted,high
uk5-c950adc4dfcc9c3d656b,chapter_boundary_or_shift,1:1,Ps.88.11,Ps.89.10,accepted,high
uk5-1b7f520a2a8f72db0197,chapter_boundary_or_shift,1:1,Ps.88.12,Ps.89.11,accepted,high
uk5-e6c3cda0fbce797b9a00,chapter_boundary_or_shift,1:1,Ps.88.13,Ps.89.12,accepted,high
uk5-ca517194aff859cdb79d,chapter_boundary_or_shift,1:1,Ps.88.14,Ps.89.13,accepted,high
uk5-8484232d6b6f1e74fdf1,chapter_boundary_or_shift,1:1,Ps.88.15,Ps.89.14,accepted,high
uk5-56e0c0bc8e4d2fcb4449,chapter_boundary_or_shift,1:1,Ps.88.16,Ps.89.15,accepted,high
uk5-570a8e1b93ec396e1d2b,chapter_boundary_or_shift,1:1,Ps.88.17,Ps.89.16,accepted,high
uk5-481d7c29ba5cae4a3150,chapter_boundary_or_shift,1:1,Ps.88.18,Ps.89.17,accepted,high
uk5-efa29cf79b059c512ad5,chapter_boundary_or_shift,1:1,Ps.88.19,Ps.89.18,accepted,high
uk5-b0524e652c9f00c8acec,chapter_boundary_or_shift,1:1,Ps.88.20,Ps.89.19,accepted,high
uk5-22e6217450e2e367913c,chapter_boundary_or_shift,1:1,Ps.88.21,Ps.89.20,accepted,high
uk5-a05305bc66c5392cb383,chapter_boundary_or_shift,1:1,Ps.88.22,Ps.89.21,accepted,high
uk5-7f4d307db9751fdc89b8,chapter_boundary_or_shift,1:1,Ps.88.23,Ps.89.22,accepted,high
uk5-a5f9f5af1c3819c8518b,chapter_boundary_or_shift,1:1,Ps.88.24,Ps.89.23,accepted,high
uk5-a377cd32691e56268e13,chapter_boundary_or_shift,1:1,Ps.88.25,Ps.89.24,accepted,high
uk5-251d4e096726311ef42e,chapter_boundary_or_shift,1:1,Ps.88.26,Ps.89.25,accepted,high
uk5-c5311f05235a7a85e3fe,chapter_boundary_or_shift,1:1,Ps.88.27,Ps.89.26,accepted,high
uk5-2635b5d90b1031ebf726,chapter_boundary_or_shift,1:1,Ps.88.28,Ps.89.27,accepted,high
uk5-9d135aed5ff5e142af1f,chapter_boundary_or_shift,1:1,Ps.88.29,Ps.89.28,accepted,high
uk5-3c70b6d12b66c0bc1537,chapter_boundary_or_shift,1:1,Ps.88.30,Ps.89.29,accepted,high
uk5-b5537e199d2515c9b016,chapter_boundary_or_shift,1:1,Ps.88.31,Ps.89.30,accepted,high
uk5-39b242a804e3720bef96,chapter_boundary_or_shift,1:1,Ps.88.32,Ps.89.31,accepted,high
uk5-1f14b9d6360ab23fe22c,chapter_boundary_or_shift,1:1,Ps.88.33,Ps.89.32,accepted,high
uk5-4bf0e424bbfb2c5dd462,chapter_boundary_or_shift,1:1,Ps.88.34,Ps.89.33,accepted,high
uk5-c402b1189f431f92dbab,chapter_boundary_or_shift,1:1,Ps.88.35,Ps.89.34,accepted,high
uk5-99b7297ff04b1c58c5e5,chapter_boundary_or_shift,1:1,Ps.88.36,Ps.89.35,accepted,high
uk5-78d8f5af37c116d5adcf,chapter_boundary_or_shift,1:1,Ps.88.37,Ps.89.36,accepted,high
uk5-b745311f90e2326dffce,chapter_boundary_or_shift,1:1,Ps.88.38,Ps.89.37,accepted,high
uk5-499942afe2b8bc9611be,chapter_boundary_or_shift,1:1,Ps.88.39,Ps.89.38,accepted,high
uk5-1039701838d25d2da518,chapter_boundary_or_shift,1:1,Ps.88.40,Ps.89.39,accepted,high
uk5-840a18e6cf96bd031eda,chapter_boundary_or_shift,1:1,Ps.88.41,Ps.89.40,accepted,high
uk5-a8cab6c09055f6dd3c22,chapter_boundary_or_shift,1:1,Ps.88.42,Ps.89.41,accepted,high
uk5-89ccb06a132abe9832a7,chapter_boundary_or_shift,1:1,Ps.88.43,Ps.89.42,accepted,high
uk5-ad7430f84b0559461430,chapter_boundary_or_shift,1:1,Ps.88.44,Ps.89.43,accepted,high
uk5-99bd95660930d11050fe,chapter_boundary_or_shift,1:1,Ps.88.45,Ps.89.44,accepted,high
uk5-4d060c97eb95c9f8b041,chapter_boundary_or_shift,1:1,Ps.88.46,Ps.89.45,accepted,high
uk5-85b58d42a3487a599ebb,chapter_boundary_or_shift,1:1,Ps.88.47,Ps.89.46,accepted,high
uk5-9f47bff058cdff7090d9,chapter_boundary_or_shift,1:1,Ps.88.48,Ps.89.47,accepted,high
uk5-77b09537331b6afd6aae,chapter_boundary_or_shift,1:1,Ps.88.49,Ps.89.48,accepted,high
uk5-04efba514af6d331505c,chapter_boundary_or_shift,1:1,Ps.88.50,Ps.89.49,accepted,high
uk5-b37466b18b961cde29eb,chapter_boundary_or_shift,1:1,Ps.88.51,Ps.89.50,accepted,high
uk5-d013e436753906c25634,chapter_boundary_or_shift,1:1,Ps.88.52,Ps.89.51,accepted,high
uk5-6e9564255cc5c2be4cf1,chapter_boundary_or_shift,1:1,Ps.88.53,Ps.89.52,accepted,high
uk5-f221b3cd9c9bc8d1a1da,chapter_boundary_or_shift,1:1,Ps.89.1,Ps.90.1,accepted,high
uk5-0c3be28a1fc3bf6a8eb4,chapter_boundary_or_shift,1:1,Ps.89.2,Ps.90.2,accepted,high
uk5-5bb9596b7f39a806c51b,chapter_boundary_or_shift,1:1,Ps.89.3,Ps.90.3,accepted,high
uk5-38fdec2a612c9a42613b,chapter_boundary_or_shift,1:1,Ps.89.4,Ps.90.4,accepted,high
uk5-cfa4949b750fb96a3df2,chapter_boundary_or_shift,1:1,Ps.89.5,Ps.90.5,accepted,high
uk5-375b9b5f7fc08f841e89,chapter_boundary_or_shift,1:1,Ps.89.6,Ps.90.6,accepted,high
uk5-e73ac5fb66b0eb482f28,chapter_boundary_or_shift,1:1,Ps.89.7,Ps.90.7,accepted,high
uk5-bb8d8bd2d5e609f94ca1,chapter_boundary_or_shift,1:1,Ps.89.8,Ps.90.8,accepted,high
uk5-84477698f56d88f3aec7,chapter_boundary_or_shift,1:1,Ps.89.9,Ps.90.9,accepted,high
uk5-525231623b16d473d22a,chapter_boundary_or_shift,1:1,Ps.89.10,Ps.90.10,accepted,high
uk5-1ea9d376635fbcfe8748,chapter_boundary_or_shift,1:1,Ps.89.11,Ps.90.11,accepted,high
uk5-c46a6f529e1027bf54ea,chapter_boundary_or_shift,1:1,Ps.89.12,Ps.90.12,accepted,high
uk5-d03ee4e698f968e4c559,chapter_boundary_or_shift,1:1,Ps.89.13,Ps.90.13,accepted,high
uk5-06dab93f95a6459ac8d6,chapter_boundary_or_shift,1:1,Ps.89.14,Ps.90.14,accepted,high
uk5-cdf8ee3dd9608e363cec,chapter_boundary_or_shift,1:1,Ps.89.15,Ps.90.15,accepted,high
uk5-c3598a6710a1d29b4fa1,chapter_boundary_or_shift,1:1,Ps.89.16,Ps.90.16,accepted,high
uk5-e60309d06989240bde6f,chapter_boundary_or_shift,1:1,Ps.89.17,Ps.90.17,accepted,high
uk5-07f26660c0c1885673a4,chapter_boundary_or_shift,1:1,Ps.90.1,Ps.91.1,accepted,high
uk5-8c0ddea7aeebfc50c9c2,chapter_boundary_or_shift,1:1,Ps.90.2,Ps.91.2,accepted,high
uk5-933d95d1188a9b2beeb4,chapter_boundary_or_shift,1:1,Ps.90.3,Ps.91.3,accepted,high
uk5-b96448b38c29538fca59,chapter_boundary_or_shift,1:1,Ps.90.4,Ps.91.4,accepted,high
uk5-141f617475632ed0198b,chapter_boundary_or_shift,1:1,Ps.90.5,Ps.91.5,accepted,high
uk5-580359b8f7d565d4c7ec,chapter_boundary_or_shift,1:1,Ps.90.6,Ps.91.6,accepted,high
uk5-382b4bc2eb264a0ac3f6,chapter_boundary_or_shift,1:1,Ps.90.7,Ps.91.7,accepted,high
uk5-5388ed2feceb1c39a624,chapter_boundary_or_shift,1:1,Ps.90.8,Ps.91.8,accepted,high
uk5-7253f94df9388c577dc7,chapter_boundary_or_shift,1:1,Ps.90.9,Ps.91.9,accepted,high
uk5-bb36eccb3f054cbb9ab3,chapter_boundary_or_shift,1:1,Ps.90.10,Ps.91.10,accepted,high
uk5-8fd8d4854df30bfedf88,chapter_boundary_or_shift,1:1,Ps.90.11,Ps.91.11,accepted,high
uk5-c114d7e71dbe29adff25,chapter_boundary_or_shift,1:1,Ps.90.12,Ps.91.12,accepted,high
uk5-534196279107ee4663d1,chapter_boundary_or_shift,1:1,Ps.90.13,Ps.91.13,accepted,high
uk5-2917d248e3276e30068c,chapter_boundary_or_shift,1:1,Ps.90.14,Ps.91.14,accepted,high
uk5-75c1887d47b2206eee0e,chapter_boundary_or_shift,1:1,Ps.90.15,Ps.91.15,accepted,high
uk5-236a44e2786cd960f476,chapter_boundary_or_shift,1:1,Ps.90.16,Ps.91.16,accepted,high
uk5-444b0d486fd6e0db3abc,merge;chapter_boundary_or_shift;superscription,merge,Ps.91.1;Ps.91.2,Ps.92.1,accepted,high
uk5-732d97f1b48379b49535,chapter_boundary_or_shift,1:1,Ps.91.3,Ps.92.2,accepted,high
uk5-4e4c96ace29fefcee2b7,chapter_boundary_or_shift,1:1,Ps.91.4,Ps.92.3,accepted,high
uk5-0262a74641b890816b10,chapter_boundary_or_shift,1:1,Ps.91.5,Ps.92.4,accepted,high
uk5-921f15a9fe6b33bb94a8,chapter_boundary_or_shift,1:1,Ps.91.6,Ps.92.5,accepted,high
uk5-5996aaa02bb9ab73bfa1,chapter_boundary_or_shift,1:1,Ps.91.7,Ps.92.6,accepted,high
uk5-2daea94947e1d4f304da,chapter_boundary_or_shift,1:1,Ps.91.8,Ps.92.7,accepted,high
uk5-97632a28117db4944c62,chapter_boundary_or_shift,1:1,Ps.91.9,Ps.92.8,accepted,high
uk5-3a49d5f56396c416250c,chapter_boundary_or_shift,1:1,Ps.91.10,Ps.92.9,accepted,high
uk5-e9b6c5db58b12b2cbb42,chapter_boundary_or_shift,1:1,Ps.91.11,Ps.92.10,accepted,high
uk5-6a4b5c8faf3fb343b7a4,chapter_boundary_or_shift,1:1,Ps.91.12,Ps.92.11,accepted,high
uk5-599c4c9adcb9b3e38a8e,chapter_boundary_or_shift,1:1,Ps.91.13,Ps.92.12,accepted,high
uk5-9c77db0276af23edcec6,chapter_boundary_or_shift,1:1,Ps.91.14,Ps.92.13,accepted,high
uk5-2998cc01a7a27f13e7f9,chapter_boundary_or_shift,1:1,Ps.91.15,Ps.92.14,accepted,high
uk5-2faae9fe5c20e4b5c699,chapter_boundary_or_shift,1:1,Ps.91.16,Ps.92.15,accepted,high
uk5-47ba43e42bc5f9c2448e,chapter_boundary_or_shift,1:1,Ps.92.1,Ps.93.1,accepted,high
uk5-2959f10915dc2a580efa,chapter_boundary_or_shift,1:1,Ps.92.2,Ps.93.2,accepted,high
uk5-db0851f907fb76a6e43c,chapter_boundary_or_shift,1:1,Ps.92.3,Ps.93.3,accepted,high
uk5-1de3fe5e2881ca560ad6,chapter_boundary_or_shift,1:1,Ps.92.4,Ps.93.4,accepted,high
uk5-dcf6c5bf03d10a5245fc,chapter_boundary_or_shift,1:1,Ps.92.5,Ps.93.5,accepted,high
uk5-fdc7d7f6b4ca5a13ea09,chapter_boundary_or_shift,1:1,Ps.93.1,Ps.94.1,accepted,high
uk5-498cd137509fb30f89ba,chapter_boundary_or_shift,1:1,Ps.93.2,Ps.94.2,accepted,high
uk5-2faa8874cb81c5325db1,chapter_boundary_or_shift,1:1,Ps.93.3,Ps.94.3,accepted,high
uk5-ceaf009260a31bc62444,chapter_boundary_or_shift,1:1,Ps.93.4,Ps.94.4,accepted,high
uk5-8b267b366930a69203c5,chapter_boundary_or_shift,1:1,Ps.93.5,Ps.94.5,accepted,high
uk5-a21b2f806c7665b89bac,chapter_boundary_or_shift,1:1,Ps.93.6,Ps.94.6,accepted,high
uk5-a9748e4efbeff8bf1b3d,chapter_boundary_or_shift,1:1,Ps.93.7,Ps.94.7,accepted,high
uk5-9d47aefa4642951ac03f,chapter_boundary_or_shift,1:1,Ps.93.8,Ps.94.8,accepted,high
uk5-c04f1fbee9a8ae0ae4e0,chapter_boundary_or_shift,1:1,Ps.93.9,Ps.94.9,accepted,high
uk5-77036ba948efb290b701,chapter_boundary_or_shift,1:1,Ps.93.10,Ps.94.10,accepted,high
uk5-dc9470a39be65ff0e42c,chapter_boundary_or_shift,1:1,Ps.93.11,Ps.94.11,accepted,high
uk5-b46796b6fa55f5e3b448,chapter_boundary_or_shift,1:1,Ps.93.12,Ps.94.12,accepted,high
uk5-cfcdd68306ab8a13533a,chapter_boundary_or_shift,1:1,Ps.93.13,Ps.94.13,accepted,high
uk5-5d2db3403f3981e04814,chapter_boundary_or_shift,1:1,Ps.93.14,Ps.94.14,accepted,high
uk5-3512dff6cb5286e03f64,chapter_boundary_or_shift,1:1,Ps.93.15,Ps.94.15,accepted,high
uk5-3e66f34152842f8f7b5b,chapter_boundary_or_shift,1:1,Ps.93.16,Ps.94.16,accepted,high
uk5-19cdf2e58328d825d68b,chapter_boundary_or_shift,1:1,Ps.93.17,Ps.94.17,accepted,high
uk5-e6706c68a0993ed6e4e3,chapter_boundary_or_shift,1:1,Ps.93.18,Ps.94.18,accepted,high
uk5-0c3f676ac36abe1533e5,chapter_boundary_or_shift,1:1,Ps.93.19,Ps.94.19,accepted,high
uk5-99c9861640127b9ba94a,chapter_boundary_or_shift,1:1,Ps.93.20,Ps.94.20,accepted,high
uk5-38eddc2e94dccf52d49f,chapter_boundary_or_shift,1:1,Ps.93.21,Ps.94.21,accepted,high
uk5-09dfd1f8fd69b83bff43,chapter_boundary_or_shift,1:1,Ps.93.22,Ps.94.22,accepted,high
uk5-99958bff5f0a202038cc,chapter_boundary_or_shift,1:1,Ps.93.23,Ps.94.23,accepted,high
uk5-af2ea230e901f1c1ceeb,chapter_boundary_or_shift,1:1,Ps.94.1,Ps.95.1,accepted,high
uk5-0004196f6ddb8cb4829b,chapter_boundary_or_shift,1:1,Ps.94.2,Ps.95.2,accepted,high
uk5-587aa35b26e3e89ce0af,chapter_boundary_or_shift,1:1,Ps.94.3,Ps.95.3,accepted,high
uk5-c973b508fce43dcadd48,chapter_boundary_or_shift,1:1,Ps.94.4,Ps.95.4,accepted,high
uk5-8889f7e34395c2515518,chapter_boundary_or_shift,1:1,Ps.94.5,Ps.95.5,accepted,high
uk5-5668e61c9834ae9ef12f,chapter_boundary_or_shift,1:1,Ps.94.6,Ps.95.6,accepted,high
uk5-fd8f677487e476635a66,chapter_boundary_or_shift,1:1,Ps.94.7,Ps.95.7,accepted,high
uk5-220b3ae3b2456f4c7b86,chapter_boundary_or_shift,1:1,Ps.94.8,Ps.95.8,accepted,high
uk5-098ce4dffed7a287d4b0,chapter_boundary_or_shift,1:1,Ps.94.9,Ps.95.9,accepted,high
uk5-be75bfe3f1e9185741cb,chapter_boundary_or_shift,1:1,Ps.94.10,Ps.95.10,accepted,high
uk5-d942bdf79ed51693f01b,chapter_boundary_or_shift,1:1,Ps.94.11,Ps.95.11,accepted,high
uk5-65280b4fbc89a7af1eb5,chapter_boundary_or_shift,1:1,Ps.95.1,Ps.96.1,accepted,high
uk5-05be27d6c7a084291203,chapter_boundary_or_shift,1:1,Ps.95.2,Ps.96.2,accepted,high
uk5-701782b48a1d0073c720,chapter_boundary_or_shift,1:1,Ps.95.3,Ps.96.3,accepted,high
uk5-96ab58b0683f23aeb8bc,chapter_boundary_or_shift,1:1,Ps.95.4,Ps.96.4,accepted,high
uk5-39792a63cf5acdd6c7a7,chapter_boundary_or_shift,1:1,Ps.95.5,Ps.96.5,accepted,high
uk5-cc5dd966ed094d66eb0b,chapter_boundary_or_shift,1:1,Ps.95.6,Ps.96.6,accepted,high
uk5-0b9b19ff2f84a267b4bc,chapter_boundary_or_shift,1:1,Ps.95.7,Ps.96.7,accepted,high
uk5-f9b8d2c5ce881932396e,chapter_boundary_or_shift,1:1,Ps.95.8,Ps.96.8,accepted,high
uk5-2e8af3ab3d7a0d3e6e64,chapter_boundary_or_shift,1:1,Ps.95.9,Ps.96.9,accepted,high
uk5-b4c117ef3deec767fe68,chapter_boundary_or_shift,1:1,Ps.95.10,Ps.96.10,accepted,high
uk5-9a8ca98d99d0839b1b7d,chapter_boundary_or_shift,1:1,Ps.95.11,Ps.96.11,accepted,high
uk5-c6b555c2f5a3d9767960,chapter_boundary_or_shift,1:1,Ps.95.12,Ps.96.12,accepted,high
uk5-d392b009ea2c4c1e7b0c,chapter_boundary_or_shift,1:1,Ps.95.13,Ps.96.13,accepted,high
uk5-e7cde9aa0d0ce7e5978c,chapter_boundary_or_shift,1:1,Ps.96.1,Ps.97.1,accepted,high
uk5-fe5563709eda57dded65,chapter_boundary_or_shift,1:1,Ps.96.2,Ps.97.2,accepted,high
uk5-d7e16b05d2beb5395f75,chapter_boundary_or_shift,1:1,Ps.96.3,Ps.97.3,accepted,high
uk5-b980f2b0877fbfbe25fe,chapter_boundary_or_shift,1:1,Ps.96.4,Ps.97.4,accepted,high
uk5-a46a4260ba31df50483e,chapter_boundary_or_shift,1:1,Ps.96.5,Ps.97.5,accepted,high
uk5-afc9b672832dc95f84c7,chapter_boundary_or_shift,1:1,Ps.96.6,Ps.97.6,accepted,high
uk5-6f1d7838e7bafb8776f2,chapter_boundary_or_shift,1:1,Ps.96.7,Ps.97.7,accepted,high
uk5-eb99c7ffbc8297e2a117,chapter_boundary_or_shift,1:1,Ps.96.8,Ps.97.8,accepted,high
uk5-b6bf1ae95f47fac44fd5,chapter_boundary_or_shift,1:1,Ps.96.9,Ps.97.9,accepted,high
uk5-06893babebf5bd290010,chapter_boundary_or_shift,1:1,Ps.96.10,Ps.97.10,accepted,high
uk5-060747bd7406e6c6a007,chapter_boundary_or_shift,1:1,Ps.96.11,Ps.97.11,accepted,high
uk5-922d1b6e66aad6f07592,chapter_boundary_or_shift,1:1,Ps.96.12,Ps.97.12,accepted,high
uk5-9fc3e39c3c90325f9478,chapter_boundary_or_shift,1:1,Ps.97.1,Ps.98.1,accepted,high
uk5-034606af217cd969627a,chapter_boundary_or_shift,1:1,Ps.97.2,Ps.98.2,accepted,high
uk5-30c052ce4ed422537511,chapter_boundary_or_shift,1:1,Ps.97.3,Ps.98.3,accepted,high
uk5-337ed3c16caab2287367,chapter_boundary_or_shift,1:1,Ps.97.4,Ps.98.4,accepted,high
uk5-672ef0b8e6713aac8c62,chapter_boundary_or_shift,1:1,Ps.97.5,Ps.98.5,accepted,high
uk5-8e4f4c43a9287e962653,chapter_boundary_or_shift,1:1,Ps.97.6,Ps.98.6,accepted,high
uk5-808996a48296bb44cbb6,chapter_boundary_or_shift,1:1,Ps.97.7,Ps.98.7,accepted,high
uk5-14228ea1677c20bfc894,chapter_boundary_or_shift,1:1,Ps.97.8,Ps.98.8,accepted,high
uk5-4e91b939674899cd14a5,chapter_boundary_or_shift,1:1,Ps.97.9,Ps.98.9,accepted,high
uk5-00e619c799da8b2736f9,chapter_boundary_or_shift,1:1,Ps.98.1,Ps.99.1,accepted,high
uk5-a7c1e5795c23447dc10d,chapter_boundary_or_shift,1:1,Ps.98.2,Ps.99.2,accepted,high
uk5-f7db7ec950c86948f35b,chapter_boundary_or_shift,1:1,Ps.98.3,Ps.99.3,accepted,high
uk5-a542580598a63c3d29c7,chapter_boundary_or_shift,1:1,Ps.98.4,Ps.99.4,accepted,high
uk5-8e79accd3d759b7d434d,chapter_boundary_or_shift,1:1,Ps.98.5,Ps.99.5,accepted,high
uk5-7197a936574d75bfd538,chapter_boundary_or_shift,1:1,Ps.98.6,Ps.99.6,accepted,high
uk5-df9a0634426a130035f8,chapter_boundary_or_shift,1:1,Ps.98.7,Ps.99.7,accepted,high
uk5-b693c5a1db7ed61622c0,chapter_boundary_or_shift,1:1,Ps.98.8,Ps.99.8,accepted,high
uk5-158660be2204567f5353,chapter_boundary_or_shift,1:1,Ps.98.9,Ps.99.9,accepted,high
uk5-2e231512a77da848f3ca,chapter_boundary_or_shift,1:1,Ps.99.1,Ps.100.1,accepted,high
uk5-a2aeb0ac8357004ef9a7,chapter_boundary_or_shift,1:1,Ps.99.2,Ps.100.2,accepted,high
uk5-291a0ade58a811571f9a,chapter_boundary_or_shift,1:1,Ps.99.3,Ps.100.3,accepted,high
uk5-c62073308a8263d3f92d,chapter_boundary_or_shift,1:1,Ps.99.4,Ps.100.4,accepted,high
uk5-75f4d542c779ef07c920,chapter_boundary_or_shift,1:1,Ps.99.5,Ps.100.5,accepted,high
uk5-62f4c134e21a2baaadba,chapter_boundary_or_shift,1:1,Ps.100.1,Ps.101.1,accepted,high
uk5-056af34635909530ff04,chapter_boundary_or_shift,1:1,Ps.100.2,Ps.101.2,accepted,high
uk5-42bf3b3ba9457b9c6286,chapter_boundary_or_shift,1:1,Ps.100.3,Ps.101.3,accepted,high
uk5-baeeb9b090087dfbd20a,chapter_boundary_or_shift,1:1,Ps.100.4,Ps.101.4,accepted,high
uk5-e74c5e4ec7d7993b4ee2,chapter_boundary_or_shift,1:1,Ps.100.5,Ps.101.5,accepted,high
uk5-6b7b3cb282e3ec1b5fb3,chapter_boundary_or_shift,1:1,Ps.100.6,Ps.101.6,accepted,high
uk5-d439d29cd97e3416ba8a,chapter_boundary_or_shift,1:1,Ps.100.7,Ps.101.7,accepted,high
uk5-02f4e9dccee99a191805,chapter_boundary_or_shift,1:1,Ps.100.8,Ps.101.8,accepted,high
uk5-bee384f5d1d047945b75,merge;chapter_boundary_or_shift;superscription,merge,Ps.101.1;Ps.101.2,Ps.102.1,accepted,high
uk5-bd85a0efb520528266d2,chapter_boundary_or_shift,1:1,Ps.101.3,Ps.102.2,accepted,high
uk5-c7b99b6c36e0376f6f09,chapter_boundary_or_shift,1:1,Ps.101.4,Ps.102.3,accepted,high
uk5-2cbe2ea880dcf1f2f8fb,chapter_boundary_or_shift,1:1,Ps.101.5,Ps.102.4,accepted,high
uk5-99e3d599d492588c18df,chapter_boundary_or_shift,1:1,Ps.101.6,Ps.102.5,accepted,high
uk5-d1a91467acf8210ff1d6,chapter_boundary_or_shift,1:1,Ps.101.7,Ps.102.6,accepted,high
uk5-b22c9f6492e060946b7f,chapter_boundary_or_shift,1:1,Ps.101.8,Ps.102.7,accepted,high
uk5-f598aafb3b3c124a6f6b,chapter_boundary_or_shift,1:1,Ps.101.9,Ps.102.8,accepted,high
uk5-2da232fb730c36aa6a59,chapter_boundary_or_shift,1:1,Ps.101.10,Ps.102.9,accepted,high
uk5-7ee9d711e445bfab79bf,chapter_boundary_or_shift,1:1,Ps.101.11,Ps.102.10,accepted,high
uk5-44458c19c1a1a72216af,chapter_boundary_or_shift,1:1,Ps.101.12,Ps.102.11,accepted,high
uk5-9b95964b948d5ad3bdab,chapter_boundary_or_shift,1:1,Ps.101.13,Ps.102.12,accepted,high
uk5-4c3f2c1f5fe0e2718c58,chapter_boundary_or_shift,1:1,Ps.101.14,Ps.102.13,accepted,high
uk5-82c097929e53dec269e8,chapter_boundary_or_shift,1:1,Ps.101.15,Ps.102.14,accepted,high
uk5-dcb81faa9bbc4c5c11c2,chapter_boundary_or_shift,1:1,Ps.101.16,Ps.102.15,accepted,high
uk5-861b765b88713e01bbb9,chapter_boundary_or_shift,1:1,Ps.101.17,Ps.102.16,accepted,high
uk5-bcb1fc8b6f1076d13615,chapter_boundary_or_shift,1:1,Ps.101.18,Ps.102.17,accepted,high
uk5-72c6a5ce81c0241d62a2,chapter_boundary_or_shift,1:1,Ps.101.19,Ps.102.18,accepted,high
uk5-23199d98545b3afeebbf,chapter_boundary_or_shift,1:1,Ps.101.20,Ps.102.19,accepted,high
uk5-260d232e9f382985502c,chapter_boundary_or_shift,1:1,Ps.101.21,Ps.102.20,accepted,high
uk5-58eec9acb1743d4753d9,chapter_boundary_or_shift,1:1,Ps.101.22,Ps.102.21,accepted,high
uk5-0e27fc47561cc20df658,chapter_boundary_or_shift,1:1,Ps.101.23,Ps.102.22,accepted,high
uk5-0d853d357799272ae63c,chapter_boundary_or_shift,1:1,Ps.101.24,Ps.102.23,accepted,high
uk5-cf2a079029ea0c0c6d04,chapter_boundary_or_shift,1:1,Ps.101.25,Ps.102.24,accepted,high
uk5-4056c28dd8a789f0fa81,chapter_boundary_or_shift,1:1,Ps.101.26,Ps.102.25,accepted,high
uk5-9df8826b4e9203c7ed86,chapter_boundary_or_shift,1:1,Ps.101.27,Ps.102.26,accepted,high
uk5-5864a607cc50b3cfcffb,chapter_boundary_or_shift,1:1,Ps.101.28,Ps.102.27,accepted,high
uk5-4ff253246daa2dd25cf8,chapter_boundary_or_shift,1:1,Ps.101.29,Ps.102.28,accepted,high
uk5-4b08efc4a16ff1950787,chapter_boundary_or_shift,1:1,Ps.102.1,Ps.103.1,accepted,high
uk5-eb55278dc518478b4deb,chapter_boundary_or_shift,1:1,Ps.102.2,Ps.103.2,accepted,high
uk5-71bdb730f7b1ba8c0ef7,chapter_boundary_or_shift,1:1,Ps.102.3,Ps.103.3,accepted,high
uk5-938e1a43c8228c05b9c3,chapter_boundary_or_shift,1:1,Ps.102.4,Ps.103.4,accepted,high
uk5-b38b337b3b7694615509,chapter_boundary_or_shift,1:1,Ps.102.5,Ps.103.5,accepted,high
uk5-eb571feb98379287c294,chapter_boundary_or_shift,1:1,Ps.102.6,Ps.103.6,accepted,high
uk5-09dd12068e5172480b0d,chapter_boundary_or_shift,1:1,Ps.102.7,Ps.103.7,accepted,high
uk5-a10aa1ea0122e970471e,chapter_boundary_or_shift,1:1,Ps.102.8,Ps.103.8,accepted,high
uk5-2b8282a1ec0fdf10a177,chapter_boundary_or_shift,1:1,Ps.102.9,Ps.103.9,accepted,high
uk5-92b31bb212905d817877,chapter_boundary_or_shift,1:1,Ps.102.10,Ps.103.10,accepted,high
uk5-5abe242bf960fcd76c6f,chapter_boundary_or_shift,1:1,Ps.102.11,Ps.103.11,accepted,high
uk5-37c2708c46f72eeb7672,chapter_boundary_or_shift,1:1,Ps.102.12,Ps.103.12,accepted,high
uk5-c2edf8445c0acd7c117d,chapter_boundary_or_shift,1:1,Ps.102.13,Ps.103.13,accepted,high
uk5-f262d6ef2b3c362d8e3a,chapter_boundary_or_shift,1:1,Ps.102.14,Ps.103.14,accepted,high
uk5-7d5f20890f4fe214755e,chapter_boundary_or_shift,1:1,Ps.102.15,Ps.103.15,accepted,high
uk5-ba83ca7791a689f860f4,chapter_boundary_or_shift,1:1,Ps.102.16,Ps.103.16,accepted,high
uk5-2d1f8e5395300dfc6055,chapter_boundary_or_shift,1:1,Ps.102.17,Ps.103.17,accepted,high
uk5-f97ab217e7870508648c,chapter_boundary_or_shift,1:1,Ps.102.18,Ps.103.18,accepted,high
uk5-2f740dc8b8f3ecc8b2c6,chapter_boundary_or_shift,1:1,Ps.102.19,Ps.103.19,accepted,high
uk5-bf57662ba52f83711946,chapter_boundary_or_shift,1:1,Ps.102.20,Ps.103.20,accepted,high
uk5-92baa986833fc8cba8e4,chapter_boundary_or_shift,1:1,Ps.102.21,Ps.103.21,accepted,high
uk5-91cf3964a5e6d266597a,chapter_boundary_or_shift,1:1,Ps.102.22,Ps.103.22,accepted,high
uk5-a603b7168ddfbe319960,chapter_boundary_or_shift,1:1,Ps.103.1,Ps.104.1,accepted,high
uk5-7e87bfbdde97c37f6c2a,chapter_boundary_or_shift,1:1,Ps.103.2,Ps.104.2,accepted,high
uk5-fae2730903c8b1e38b48,chapter_boundary_or_shift,1:1,Ps.103.3,Ps.104.3,accepted,high
uk5-d9262d12f13b6ec1340b,chapter_boundary_or_shift,1:1,Ps.103.4,Ps.104.4,accepted,high
uk5-19ca8ea7c81ff94caff0,chapter_boundary_or_shift,1:1,Ps.103.5,Ps.104.5,accepted,high
uk5-ed87bb8d958a27a2a20b,chapter_boundary_or_shift,1:1,Ps.103.6,Ps.104.6,accepted,high
uk5-f6860e99bd7853b04156,chapter_boundary_or_shift,1:1,Ps.103.7,Ps.104.7,accepted,high
uk5-10a9528f27276d98ce0a,chapter_boundary_or_shift,1:1,Ps.103.8,Ps.104.8,accepted,high
uk5-f0d98f54440582c8afe2,chapter_boundary_or_shift,1:1,Ps.103.9,Ps.104.9,accepted,high
uk5-74b187aff5c93e63f108,chapter_boundary_or_shift,1:1,Ps.103.10,Ps.104.10,accepted,high
uk5-cae15ecb4f2d7701c204,chapter_boundary_or_shift,1:1,Ps.103.11,Ps.104.11,accepted,high
uk5-fe79b63520c590bd6393,chapter_boundary_or_shift,1:1,Ps.103.12,Ps.104.12,accepted,high
uk5-123a55fd5b8c940681e2,chapter_boundary_or_shift,1:1,Ps.103.13,Ps.104.13,accepted,high
uk5-a4cbee18ce7b34176a55,chapter_boundary_or_shift,1:1,Ps.103.14,Ps.104.14,accepted,high
uk5-2e1fb2f09a844d8ff638,chapter_boundary_or_shift,1:1,Ps.103.15,Ps.104.15,accepted,high
uk5-8dc79cd7a037c3982690,chapter_boundary_or_shift,1:1,Ps.103.16,Ps.104.16,accepted,high
uk5-5d32f944a4e1afcb7e3f,chapter_boundary_or_shift,1:1,Ps.103.17,Ps.104.17,accepted,high
uk5-a7f5d463c402af0c48f5,chapter_boundary_or_shift,1:1,Ps.103.18,Ps.104.18,accepted,high
uk5-f6d2608bf4643cd9686b,chapter_boundary_or_shift,1:1,Ps.103.19,Ps.104.19,accepted,high
uk5-f5990a8c70748f49fef2,chapter_boundary_or_shift,1:1,Ps.103.20,Ps.104.20,accepted,high
uk5-77a470bdcce6439920ee,chapter_boundary_or_shift,1:1,Ps.103.21,Ps.104.21,accepted,high
uk5-30f5755c9f65ec5d6976,chapter_boundary_or_shift,1:1,Ps.103.22,Ps.104.22,accepted,high
uk5-0ca6355d6b8f21afa9c5,chapter_boundary_or_shift,1:1,Ps.103.23,Ps.104.23,accepted,high
uk5-ba4dadfe830f468dc70f,chapter_boundary_or_shift,1:1,Ps.103.24,Ps.104.24,accepted,high
uk5-460f69ec2865de736b70,chapter_boundary_or_shift,1:1,Ps.103.25,Ps.104.25,accepted,high
uk5-b8a3fc5811caf7acf628,chapter_boundary_or_shift,1:1,Ps.103.26,Ps.104.26,accepted,high
uk5-f5ba82bbca06645fb9a0,chapter_boundary_or_shift,1:1,Ps.103.27,Ps.104.27,accepted,high
uk5-ba823c2500c635c2241b,chapter_boundary_or_shift,1:1,Ps.103.28,Ps.104.28,accepted,high
uk5-30ed01fabb9d48345283,chapter_boundary_or_shift,1:1,Ps.103.29,Ps.104.29,accepted,high
uk5-888ebf2172b3c2b74028,chapter_boundary_or_shift,1:1,Ps.103.30,Ps.104.30,accepted,high
uk5-cb5b0494cdd5cebf3b14,chapter_boundary_or_shift,1:1,Ps.103.31,Ps.104.31,accepted,high
uk5-9058b0939673756c98a6,chapter_boundary_or_shift,1:1,Ps.103.32,Ps.104.32,accepted,high
uk5-4f370dc3eb10af45408d,chapter_boundary_or_shift,1:1,Ps.103.33,Ps.104.33,accepted,high
uk5-a4db9c14b7b7b4a2fdee,chapter_boundary_or_shift,1:1,Ps.103.34,Ps.104.34,accepted,high
uk5-b0dd0cbde458f2d6a824,chapter_boundary_or_shift,1:1,Ps.103.35,Ps.104.35,accepted,high
uk5-f4ab31175b5c617ab00b,chapter_boundary_or_shift,1:1,Ps.104.1,Ps.105.1,accepted,high
uk5-14c32ad3cf0129fcd34d,chapter_boundary_or_shift,1:1,Ps.104.2,Ps.105.2,accepted,high
uk5-78a137703176632647bb,chapter_boundary_or_shift,1:1,Ps.104.3,Ps.105.3,accepted,high
uk5-a7bfaf9c296bdb538a2c,chapter_boundary_or_shift,1:1,Ps.104.4,Ps.105.4,accepted,high
uk5-3d7a1cdc62c958b7febb,chapter_boundary_or_shift,1:1,Ps.104.5,Ps.105.5,accepted,high
uk5-3b7c10e10a9538afac11,chapter_boundary_or_shift,1:1,Ps.104.6,Ps.105.6,accepted,high
uk5-bcaf9b63140c8de18c76,chapter_boundary_or_shift,1:1,Ps.104.7,Ps.105.7,accepted,high
uk5-a1b35a77435fd118201f,chapter_boundary_or_shift,1:1,Ps.104.8,Ps.105.8,accepted,high
uk5-d35f1b25c78d99d06b17,chapter_boundary_or_shift,1:1,Ps.104.9,Ps.105.9,accepted,high
uk5-66b389115e39d12e65d2,chapter_boundary_or_shift,1:1,Ps.104.10,Ps.105.10,accepted,high
uk5-9da2034be0434ef8d231,chapter_boundary_or_shift,1:1,Ps.104.11,Ps.105.11,accepted,high
uk5-d0b83c3f6f3e2c498ed8,chapter_boundary_or_shift,1:1,Ps.104.12,Ps.105.12,accepted,high
uk5-ce8394ec25f2146a4b25,chapter_boundary_or_shift,1:1,Ps.104.13,Ps.105.13,accepted,high
uk5-e0889b2245396ff43034,chapter_boundary_or_shift,1:1,Ps.104.14,Ps.105.14,accepted,high
uk5-a64518840b82cac0f396,chapter_boundary_or_shift,1:1,Ps.104.15,Ps.105.15,accepted,high
uk5-aff8777f754ac9de0fa3,chapter_boundary_or_shift,1:1,Ps.104.16,Ps.105.16,accepted,high
uk5-24a4ce6248027a73b819,chapter_boundary_or_shift,1:1,Ps.104.17,Ps.105.17,accepted,high
uk5-1b6d7c252550b7c29e66,chapter_boundary_or_shift,1:1,Ps.104.18,Ps.105.18,accepted,high
uk5-e56f51b7fc45d3d2b346,chapter_boundary_or_shift,1:1,Ps.104.19,Ps.105.19,accepted,high
uk5-a77d7d4734f3c0b448c0,chapter_boundary_or_shift,1:1,Ps.104.20,Ps.105.20,accepted,high
uk5-eefc72bacdebbcf660d1,chapter_boundary_or_shift,1:1,Ps.104.21,Ps.105.21,accepted,high
uk5-141296d2383650d7676c,chapter_boundary_or_shift,1:1,Ps.104.22,Ps.105.22,accepted,high
uk5-b13029612748908e0d1d,chapter_boundary_or_shift,1:1,Ps.104.23,Ps.105.23,accepted,high
uk5-8bd0872d42c72e115d7a,chapter_boundary_or_shift,1:1,Ps.104.24,Ps.105.24,accepted,high
uk5-3a07bfc63240e244f5fc,chapter_boundary_or_shift,1:1,Ps.104.25,Ps.105.25,accepted,high
uk5-1ed449432b3614c939ff,chapter_boundary_or_shift,1:1,Ps.104.26,Ps.105.26,accepted,high
uk5-70681388cd7f3f68f776,chapter_boundary_or_shift,1:1,Ps.104.27,Ps.105.27,accepted,high
uk5-976b0faf96fc964a77a3,chapter_boundary_or_shift,1:1,Ps.104.28,Ps.105.28,accepted,high
uk5-9d5e895871a077b881b1,chapter_boundary_or_shift,1:1,Ps.104.29,Ps.105.29,accepted,high
uk5-c4ec98348ae8ced85ced,chapter_boundary_or_shift,1:1,Ps.104.30,Ps.105.30,accepted,high
uk5-5daebbdffcd8a565efe9,chapter_boundary_or_shift,1:1,Ps.104.31,Ps.105.31,accepted,high
uk5-a84827b534ea8a058923,chapter_boundary_or_shift,1:1,Ps.104.32,Ps.105.32,accepted,high
uk5-80e39c5acfad82686366,chapter_boundary_or_shift,1:1,Ps.104.33,Ps.105.33,accepted,high
uk5-9db4bc978017d6bd00c5,chapter_boundary_or_shift,1:1,Ps.104.34,Ps.105.34,accepted,high
uk5-1ce4dcf59ee0fd0c1fbe,chapter_boundary_or_shift,1:1,Ps.104.35,Ps.105.35,accepted,high
uk5-7c83bcafa4651cca7565,chapter_boundary_or_shift,1:1,Ps.104.36,Ps.105.36,accepted,high
uk5-794a81d10360945f2339,chapter_boundary_or_shift,1:1,Ps.104.37,Ps.105.37,accepted,high
uk5-2a41c509e7bf6f69001d,chapter_boundary_or_shift,1:1,Ps.104.38,Ps.105.38,accepted,high
uk5-94cedd440450d98f0b1e,chapter_boundary_or_shift,1:1,Ps.104.39,Ps.105.39,accepted,high
uk5-a8a94fa358f2b2ca2db4,chapter_boundary_or_shift,1:1,Ps.104.40,Ps.105.40,accepted,high
uk5-692a8c86eb71fa9b60fa,chapter_boundary_or_shift,1:1,Ps.104.41,Ps.105.41,accepted,high
uk5-b5903dcaa4713ff7f371,chapter_boundary_or_shift,1:1,Ps.104.42,Ps.105.42,accepted,high
uk5-ee3bfb909b1e2c9ba75d,chapter_boundary_or_shift,1:1,Ps.104.43,Ps.105.43,accepted,high
uk5-8dad79ba9afb82bc7f68,chapter_boundary_or_shift,1:1,Ps.104.44,Ps.105.44,accepted,high
uk5-3186987ee746c6b57d21,chapter_boundary_or_shift,1:1,Ps.104.45,Ps.105.45,accepted,high
uk5-21584c87af0bf989582c,chapter_boundary_or_shift,1:1,Ps.105.1,Ps.106.1,accepted,high
uk5-95be70ed19ade95f1967,chapter_boundary_or_shift,1:1,Ps.105.2,Ps.106.2,accepted,high
uk5-933f730888d7bdc2d288,chapter_boundary_or_shift,1:1,Ps.105.3,Ps.106.3,accepted,high
uk5-95881437c3949e1d75fd,chapter_boundary_or_shift,1:1,Ps.105.4,Ps.106.4,accepted,high
uk5-10693bd81a7892783af5,chapter_boundary_or_shift,1:1,Ps.105.5,Ps.106.5,accepted,high
uk5-c1bd2204751f4fbcef75,chapter_boundary_or_shift,1:1,Ps.105.6,Ps.106.6,accepted,high
uk5-7b5f38192e6b691d69dc,chapter_boundary_or_shift,1:1,Ps.105.7,Ps.106.7,accepted,high
uk5-97fddf3ec10c0a57ef7b,chapter_boundary_or_shift,1:1,Ps.105.8,Ps.106.8,accepted,high
uk5-11db6c4fe144250573ef,chapter_boundary_or_shift,1:1,Ps.105.9,Ps.106.9,accepted,high
uk5-caa9512e319b6d822610,chapter_boundary_or_shift,1:1,Ps.105.10,Ps.106.10,accepted,high
uk5-622768e31322a5a0cd25,chapter_boundary_or_shift,1:1,Ps.105.11,Ps.106.11,accepted,high
uk5-a29e5d419f66efe63939,chapter_boundary_or_shift,1:1,Ps.105.12,Ps.106.12,accepted,high
uk5-eddfe4b00a32a3ea992d,chapter_boundary_or_shift,1:1,Ps.105.13,Ps.106.13,accepted,high
uk5-5b10ba0d7b1cee2fdec9,chapter_boundary_or_shift,1:1,Ps.105.14,Ps.106.14,accepted,high
uk5-0a75613d319f84080853,chapter_boundary_or_shift,1:1,Ps.105.15,Ps.106.15,accepted,high
uk5-7eebd307a9e53940d5cc,chapter_boundary_or_shift,1:1,Ps.105.16,Ps.106.16,accepted,high
uk5-e762aa104631fd4ba09b,chapter_boundary_or_shift,1:1,Ps.105.17,Ps.106.17,accepted,high
uk5-52bf58956f099d46db5e,chapter_boundary_or_shift,1:1,Ps.105.18,Ps.106.18,accepted,high
uk5-6beee91ecaf58cd8dccd,chapter_boundary_or_shift,1:1,Ps.105.19,Ps.106.19,accepted,high
uk5-45e7ea1ca71fed3cf5bd,chapter_boundary_or_shift,1:1,Ps.105.20,Ps.106.20,accepted,high
uk5-4e598d1b1fd638b51081,chapter_boundary_or_shift,1:1,Ps.105.21,Ps.106.21,accepted,high
uk5-b1425cc313b0a642f7ec,chapter_boundary_or_shift,1:1,Ps.105.22,Ps.106.22,accepted,high
uk5-13b89bfd62fcf1729d2e,chapter_boundary_or_shift,1:1,Ps.105.23,Ps.106.23,accepted,high
uk5-05e203849e6ff0a0d8cb,chapter_boundary_or_shift,1:1,Ps.105.24,Ps.106.24,accepted,high
uk5-e9f13d309ca7a7028195,chapter_boundary_or_shift,1:1,Ps.105.25,Ps.106.25,accepted,high
uk5-e7b1f07b066d142b3b7d,chapter_boundary_or_shift,1:1,Ps.105.26,Ps.106.26,accepted,high
uk5-3166f3928a2eb43bc074,chapter_boundary_or_shift,1:1,Ps.105.27,Ps.106.27,accepted,high
uk5-2c170bcdaae92befeda0,chapter_boundary_or_shift,1:1,Ps.105.28,Ps.106.28,accepted,high
uk5-e608c423c865aaff4ab9,chapter_boundary_or_shift,1:1,Ps.105.29,Ps.106.29,accepted,high
uk5-365ed967cf5766cb9b7a,chapter_boundary_or_shift,1:1,Ps.105.30,Ps.106.30,accepted,high
uk5-71d893da1008464c6e32,chapter_boundary_or_shift,1:1,Ps.105.31,Ps.106.31,accepted,high
uk5-e0f436c6f9f879ca1b8d,chapter_boundary_or_shift,1:1,Ps.105.32,Ps.106.32,accepted,high
uk5-50f736183013af0aa114,chapter_boundary_or_shift,1:1,Ps.105.33,Ps.106.33,accepted,high
uk5-7f5f3996de15cd3fb731,chapter_boundary_or_shift,1:1,Ps.105.34,Ps.106.34,accepted,high
uk5-14a6e11cab128856cd1b,chapter_boundary_or_shift,1:1,Ps.105.35,Ps.106.35,accepted,high
uk5-f42422c7733ab581f8ce,chapter_boundary_or_shift,1:1,Ps.105.36,Ps.106.36,accepted,high
uk5-99dc96308420416413bf,chapter_boundary_or_shift,1:1,Ps.105.37,Ps.106.37,accepted,high
uk5-d97d5f64649d7db9f192,chapter_boundary_or_shift,1:1,Ps.105.38,Ps.106.38,accepted,high
uk5-f3a2e301407910361645,chapter_boundary_or_shift,1:1,Ps.105.39,Ps.106.39,accepted,high
uk5-072acc66312f33ee6e87,chapter_boundary_or_shift,1:1,Ps.105.40,Ps.106.40,accepted,high
uk5-2499e959d198671d06e1,chapter_boundary_or_shift,1:1,Ps.105.41,Ps.106.41,accepted,high
uk5-55391b25a905269a89c4,chapter_boundary_or_shift,1:1,Ps.105.42,Ps.106.42,accepted,high
uk5-bc38e2456a765f1fb0ca,chapter_boundary_or_shift,1:1,Ps.105.43,Ps.106.43,accepted,high
uk5-260ebd067266c281188d,chapter_boundary_or_shift,1:1,Ps.105.44,Ps.106.44,accepted,high
uk5-b79fc399938ef943b4bf,chapter_boundary_or_shift,1:1,Ps.105.45,Ps.106.45,accepted,high
uk5-fb90817ff74bcf3da96a,chapter_boundary_or_shift,1:1,Ps.105.46,Ps.106.46,accepted,high
uk5-c6740728484cc0336f08,chapter_boundary_or_shift,1:1,Ps.105.47,Ps.106.47,accepted,high
uk5-044eeafadf37561c9bd0,chapter_boundary_or_shift,1:1,Ps.105.48,Ps.106.48,accepted,high
uk5-075f6cfba73761ab33ea,chapter_boundary_or_shift,1:1,Ps.106.1,Ps.107.1,accepted,high
uk5-99fda54a7cb3a50d0043,chapter_boundary_or_shift,1:1,Ps.106.2,Ps.107.2,accepted,high
uk5-ae046d6c46dd1756074f,chapter_boundary_or_shift,1:1,Ps.106.3,Ps.107.3,accepted,high
uk5-a5f3b1b340e7c658845c,chapter_boundary_or_shift,1:1,Ps.106.4,Ps.107.4,accepted,high
uk5-8b5bd0d985c4020042ac,chapter_boundary_or_shift,1:1,Ps.106.5,Ps.107.5,accepted,high
uk5-239f27bef7a9cb0829e9,chapter_boundary_or_shift,1:1,Ps.106.6,Ps.107.6,accepted,high
uk5-fc108b5c7d7e0acecea1,chapter_boundary_or_shift,1:1,Ps.106.7,Ps.107.7,accepted,high
uk5-2fff07bb4aeac614f07d,chapter_boundary_or_shift,1:1,Ps.106.8,Ps.107.8,accepted,high
uk5-a1b5db9386f68115da24,chapter_boundary_or_shift,1:1,Ps.106.9,Ps.107.9,accepted,high
uk5-479c0b1d92ab1f5c5c87,chapter_boundary_or_shift,1:1,Ps.106.10,Ps.107.10,accepted,high
uk5-49f39286b7ca891b17f6,chapter_boundary_or_shift,1:1,Ps.106.11,Ps.107.11,accepted,high
uk5-2e712dc65f5abcf98055,chapter_boundary_or_shift,1:1,Ps.106.12,Ps.107.12,accepted,high
uk5-63d2c724a2100a096e40,chapter_boundary_or_shift,1:1,Ps.106.13,Ps.107.13,accepted,high
uk5-9d64d3ee3814ea8c2ea2,chapter_boundary_or_shift,1:1,Ps.106.14,Ps.107.14,accepted,high
uk5-9e5768858a67227efdc2,chapter_boundary_or_shift,1:1,Ps.106.15,Ps.107.15,accepted,high
uk5-941bde97e8080c585b83,chapter_boundary_or_shift,1:1,Ps.106.16,Ps.107.16,accepted,high
uk5-5d8556b900b707e4ec78,chapter_boundary_or_shift,1:1,Ps.106.17,Ps.107.17,accepted,high
uk5-0fdd566d477cdf6c083f,chapter_boundary_or_shift,1:1,Ps.106.18,Ps.107.18,accepted,high
uk5-3db5ef23e005a8a5a532,chapter_boundary_or_shift,1:1,Ps.106.19,Ps.107.19,accepted,high
uk5-410059fdae6919ff5333,chapter_boundary_or_shift,1:1,Ps.106.20,Ps.107.20,accepted,high
uk5-c57a976e2b75170ad3ae,chapter_boundary_or_shift,1:1,Ps.106.21,Ps.107.21,accepted,high
uk5-04d3fb8bf0c8d9979bd9,chapter_boundary_or_shift,1:1,Ps.106.22,Ps.107.22,accepted,high
uk5-873438d55a7062c26d0f,chapter_boundary_or_shift,1:1,Ps.106.23,Ps.107.23,accepted,high
uk5-3fa17aaa7de527db010a,chapter_boundary_or_shift,1:1,Ps.106.24,Ps.107.24,accepted,high
uk5-6b412333fe6df03c4aec,chapter_boundary_or_shift,1:1,Ps.106.25,Ps.107.25,accepted,high
uk5-07e2439d95eebd7ec1a5,chapter_boundary_or_shift,1:1,Ps.106.26,Ps.107.26,accepted,high
uk5-d86850b528b880098a83,chapter_boundary_or_shift,1:1,Ps.106.27,Ps.107.27,accepted,high
uk5-9473dd0dd6a6c99962d8,chapter_boundary_or_shift,1:1,Ps.106.28,Ps.107.28,accepted,high
uk5-c24929987cf70e0f79df,chapter_boundary_or_shift,1:1,Ps.106.29,Ps.107.29,accepted,high
uk5-84d94be40e0b7b4fca66,chapter_boundary_or_shift,1:1,Ps.106.30,Ps.107.30,accepted,high
uk5-3d4b7fc6882865a1dfdd,chapter_boundary_or_shift,1:1,Ps.106.31,Ps.107.31,accepted,high
uk5-da3f8b06f811fdc77df0,chapter_boundary_or_shift,1:1,Ps.106.32,Ps.107.32,accepted,high
uk5-4d1d372414fa17cb7a64,chapter_boundary_or_shift,1:1,Ps.106.33,Ps.107.33,accepted,high
uk5-cc7995810e434dc58742,chapter_boundary_or_shift,1:1,Ps.106.34,Ps.107.34,accepted,high
uk5-9f1aee45aeb367cfea19,chapter_boundary_or_shift,1:1,Ps.106.35,Ps.107.35,accepted,high
uk5-1f81631d7d61ea810cf1,chapter_boundary_or_shift,1:1,Ps.106.36,Ps.107.36,accepted,high
uk5-1a8b66ebbb83ede655a5,chapter_boundary_or_shift,1:1,Ps.106.37,Ps.107.37,accepted,high
uk5-4560b25d94ae6dabf3cc,chapter_boundary_or_shift,1:1,Ps.106.38,Ps.107.38,accepted,high
uk5-65b49c70e86c0ae690d2,chapter_boundary_or_shift,1:1,Ps.106.39,Ps.107.39,accepted,high
uk5-9fe400a87f979d8320f9,chapter_boundary_or_shift,1:1,Ps.106.40,Ps.107.40,accepted,high
uk5-a37c4ef5dd05cd27756f,chapter_boundary_or_shift,1:1,Ps.106.41,Ps.107.41,accepted,high
uk5-9badeeb14ba4c7b1a02f,chapter_boundary_or_shift,1:1,Ps.106.42,Ps.107.42,accepted,high
uk5-38e1159e08af4b461724,chapter_boundary_or_shift,1:1,Ps.106.43,Ps.107.43,accepted,high
uk5-367eabe0d54ff3f0dad5,merge;chapter_boundary_or_shift;superscription,merge,Ps.107.1;Ps.107.2,Ps.108.1,accepted,high
uk5-2f0a676a87e77a4058a6,chapter_boundary_or_shift,1:1,Ps.107.3,Ps.108.2,accepted,high
uk5-6e54f0ff09b5d888c6b9,chapter_boundary_or_shift,1:1,Ps.107.4,Ps.108.3,accepted,high
uk5-fdd93eb4796cd2e70cb7,chapter_boundary_or_shift,1:1,Ps.107.5,Ps.108.4,accepted,high
uk5-8e1f0f6edbff9d9add90,chapter_boundary_or_shift,1:1,Ps.107.6,Ps.108.5,accepted,high
uk5-143bcb8db7cceffdda85,chapter_boundary_or_shift,1:1,Ps.107.7,Ps.108.6,accepted,high
uk5-b6cb10bfb2745789e2cc,chapter_boundary_or_shift,1:1,Ps.107.8,Ps.108.7,accepted,high
uk5-1d97571dece57b311e30,chapter_boundary_or_shift,1:1,Ps.107.9,Ps.108.8,accepted,high
uk5-0280b7aa7210ce7984cb,chapter_boundary_or_shift,1:1,Ps.107.10,Ps.108.9,accepted,high
uk5-85ddf58f6003c35384a0,chapter_boundary_or_shift,1:1,Ps.107.11,Ps.108.10,accepted,high
uk5-e571652da237d7b7e5d5,chapter_boundary_or_shift,1:1,Ps.107.12,Ps.108.11,accepted,high
uk5-6ec07812aadf84d04eef,chapter_boundary_or_shift,1:1,Ps.107.13,Ps.108.12,accepted,high
uk5-70e43df66d64f585944d,chapter_boundary_or_shift,1:1,Ps.107.14,Ps.108.13,accepted,high
uk5-e34da2e55004956a674e,chapter_boundary_or_shift,1:1,Ps.108.1,Ps.109.1,accepted,high
uk5-16742b81ca56e6ca7d2b,chapter_boundary_or_shift,1:1,Ps.108.2,Ps.109.2,accepted,high
uk5-4fe4d3484cf6d0c0afcf,chapter_boundary_or_shift,1:1,Ps.108.3,Ps.109.3,accepted,high
uk5-bf6844c473ca9dd26df6,chapter_boundary_or_shift,1:1,Ps.108.4,Ps.109.4,accepted,high
uk5-9e5e27316b6d47e4171b,chapter_boundary_or_shift,1:1,Ps.108.5,Ps.109.5,accepted,high
uk5-a05ede582222594b0d53,chapter_boundary_or_shift,1:1,Ps.108.6,Ps.109.6,accepted,high
uk5-40d4a0f6ec44624e3a6c,chapter_boundary_or_shift,1:1,Ps.108.7,Ps.109.7,accepted,high
uk5-9ffd495463a188826899,chapter_boundary_or_shift,1:1,Ps.108.8,Ps.109.8,accepted,high
uk5-3db626431b2742ed590e,chapter_boundary_or_shift,1:1,Ps.108.9,Ps.109.9,accepted,high
uk5-e3fb166d6558340e24d1,chapter_boundary_or_shift,1:1,Ps.108.10,Ps.109.10,accepted,high
uk5-80880d83e3e91799db79,chapter_boundary_or_shift,1:1,Ps.108.11,Ps.109.11,accepted,high
uk5-f56500bc26e1ae0747ec,chapter_boundary_or_shift,1:1,Ps.108.12,Ps.109.12,accepted,high
uk5-87faa961ab81cec01961,chapter_boundary_or_shift,1:1,Ps.108.13,Ps.109.13,accepted,high
uk5-6ad4c699104cfd0bf67e,chapter_boundary_or_shift,1:1,Ps.108.14,Ps.109.14,accepted,high
uk5-d545f5d88a3bae5d7561,chapter_boundary_or_shift,1:1,Ps.108.15,Ps.109.15,accepted,high
uk5-6c11dcdc30fdb9e7f260,chapter_boundary_or_shift,1:1,Ps.108.16,Ps.109.16,accepted,high
uk5-7af678d3b9662cb27b07,chapter_boundary_or_shift,1:1,Ps.108.17,Ps.109.17,accepted,high
uk5-1f8e3f718fb8d36130ba,chapter_boundary_or_shift,1:1,Ps.108.18,Ps.109.18,accepted,high
uk5-f7b59f63b98c465ba748,chapter_boundary_or_shift,1:1,Ps.108.19,Ps.109.19,accepted,high
uk5-239a5f7abd05a208f2d4,chapter_boundary_or_shift,1:1,Ps.108.20,Ps.109.20,accepted,high
uk5-54d4202ce12776b27837,chapter_boundary_or_shift,1:1,Ps.108.21,Ps.109.21,accepted,high
uk5-38d922c2e8543a766f7e,chapter_boundary_or_shift,1:1,Ps.108.22,Ps.109.22,accepted,high
uk5-3adc4632c9d15fed4a0e,chapter_boundary_or_shift,1:1,Ps.108.23,Ps.109.23,accepted,high
uk5-e8c98a2762c06505023f,chapter_boundary_or_shift,1:1,Ps.108.24,Ps.109.24,accepted,high
uk5-43613fcfc2a160872e49,chapter_boundary_or_shift,1:1,Ps.108.25,Ps.109.25,accepted,high
uk5-9873f64c408b290ae069,chapter_boundary_or_shift,1:1,Ps.108.26,Ps.109.26,accepted,high
uk5-dcd21324cdb8625d447f,chapter_boundary_or_shift,1:1,Ps.108.27,Ps.109.27,accepted,high
uk5-b7ece7ff0ab0a93f6370,chapter_boundary_or_shift,1:1,Ps.108.28,Ps.109.28,accepted,high
uk5-54d56310fae6fae9c6e4,chapter_boundary_or_shift,1:1,Ps.108.29,Ps.109.29,accepted,high
uk5-a1630a5d9bc2b4ab8dcb,chapter_boundary_or_shift,1:1,Ps.108.30,Ps.109.30,accepted,high
uk5-167682534a5a322a889d,chapter_boundary_or_shift,1:1,Ps.108.31,Ps.109.31,accepted,high
uk5-5a8672cc41d0221507d5,chapter_boundary_or_shift,1:1,Ps.109.1,Ps.110.1,accepted,high
uk5-2a6e7432add06f618995,chapter_boundary_or_shift,1:1,Ps.109.2,Ps.110.2,accepted,high
uk5-518056a12eb3c4795f1a,chapter_boundary_or_shift,1:1,Ps.109.3,Ps.110.3,accepted,high
uk5-d655dd2c73c92fd9f004,chapter_boundary_or_shift,1:1,Ps.109.4,Ps.110.4,accepted,high
uk5-dd55b67e4baf1fcfad21,chapter_boundary_or_shift,1:1,Ps.109.5,Ps.110.5,accepted,high
uk5-f92434e32501937d8cc6,chapter_boundary_or_shift,1:1,Ps.109.6,Ps.110.6,accepted,high
uk5-2d5d149510e78f227f4d,chapter_boundary_or_shift,1:1,Ps.109.7,Ps.110.7,accepted,high
uk5-8d0e3da458252d736e13,chapter_boundary_or_shift,1:1,Ps.110.1,Ps.111.1,accepted,high
uk5-dfa62db186788868ab19,chapter_boundary_or_shift,1:1,Ps.110.2,Ps.111.2,accepted,high
uk5-8dfe694ed5c8a2e19c92,chapter_boundary_or_shift,1:1,Ps.110.3,Ps.111.3,accepted,high
uk5-ece9b5fa5b21aa9ef9ac,chapter_boundary_or_shift,1:1,Ps.110.4,Ps.111.4,accepted,high
uk5-0debe8cf324d1c7ecc18,chapter_boundary_or_shift,1:1,Ps.110.5,Ps.111.5,accepted,high
uk5-6b386d4df3b081012dee,chapter_boundary_or_shift,1:1,Ps.110.6,Ps.111.6,accepted,high
uk5-90fd7fdf88b5a7bcb5b5,chapter_boundary_or_shift,1:1,Ps.110.7,Ps.111.7,accepted,high
uk5-b18c836c8b4ac1ec92dd,chapter_boundary_or_shift,1:1,Ps.110.8,Ps.111.8,accepted,high
uk5-f9523aa037ae437f3096,chapter_boundary_or_shift,1:1,Ps.110.9,Ps.111.9,accepted,high
uk5-a125487e7406eedd2387,chapter_boundary_or_shift,1:1,Ps.110.10,Ps.111.10,accepted,high
uk5-deca7dcc3bd4e8c44396,chapter_boundary_or_shift,1:1,Ps.111.1,Ps.112.1,accepted,high
uk5-5f80846fe2ba39cb8056,chapter_boundary_or_shift,1:1,Ps.111.2,Ps.112.2,accepted,high
uk5-57f563c2128e6b50777e,chapter_boundary_or_shift,1:1,Ps.111.3,Ps.112.3,accepted,high
uk5-e841500e69ecb7267931,chapter_boundary_or_shift,1:1,Ps.111.4,Ps.112.4,accepted,high
uk5-66f17551bbffd4f6e6bc,chapter_boundary_or_shift,1:1,Ps.111.5,Ps.112.5,accepted,high
uk5-80ab6c93771fc5a88db0,chapter_boundary_or_shift,1:1,Ps.111.6,Ps.112.6,accepted,high
uk5-ddadcfb1b3491f8bdc66,chapter_boundary_or_shift,1:1,Ps.111.7,Ps.112.7,accepted,high
uk5-8d7977bb784ed868ce6e,chapter_boundary_or_shift,1:1,Ps.111.8,Ps.112.8,accepted,high
uk5-291a5d0747c97cf6fd69,chapter_boundary_or_shift,1:1,Ps.111.9,Ps.112.9,accepted,high
uk5-f97f9e187e6457810d53,chapter_boundary_or_shift,1:1,Ps.111.10,Ps.112.10,accepted,high
uk5-a4c43933cd643ce14aeb,chapter_boundary_or_shift,1:1,Ps.112.1,Ps.113.1,accepted,high
uk5-ecf334a7a7f4f6eb43ea,chapter_boundary_or_shift,1:1,Ps.112.2,Ps.113.2,accepted,high
uk5-544920960dc4fb406e87,chapter_boundary_or_shift,1:1,Ps.112.3,Ps.113.3,accepted,high
uk5-64a5a90f75e7ed5226ff,chapter_boundary_or_shift,1:1,Ps.112.4,Ps.113.4,accepted,high
uk5-cb2fb33f1af4fae5d99d,chapter_boundary_or_shift,1:1,Ps.112.5,Ps.113.5,accepted,high
uk5-919d57ed4acab37dfa54,chapter_boundary_or_shift,1:1,Ps.112.6,Ps.113.6,accepted,high
uk5-0e6db42a546a27d9b61c,chapter_boundary_or_shift,1:1,Ps.112.7,Ps.113.7,accepted,high
uk5-a95461c398e99ed679d9,chapter_boundary_or_shift,1:1,Ps.112.8,Ps.113.8,accepted,high
uk5-c4cdb9b60450dc1e2daa,chapter_boundary_or_shift,1:1,Ps.112.9,Ps.113.9,accepted,high
uk5-6590b229ecd7ed69d08c,chapter_boundary_or_shift,1:1,Ps.113.1,Ps.114.1,accepted,high
uk5-17c9004d06749564d229,chapter_boundary_or_shift,1:1,Ps.113.2,Ps.114.2,accepted,high
uk5-da652e822fee2dfb3a9b,chapter_boundary_or_shift,1:1,Ps.113.3,Ps.114.3,accepted,high
uk5-c8452967aa5f37bca9b2,chapter_boundary_or_shift,1:1,Ps.113.4,Ps.114.4,accepted,high
uk5-eaa3ef37ce2f96042f9d,chapter_boundary_or_shift,1:1,Ps.113.5,Ps.114.5,accepted,high
uk5-04f1d8e96efe323d883d,chapter_boundary_or_shift,1:1,Ps.113.6,Ps.114.6,accepted,high
uk5-64b84fc85c076a23f23c,chapter_boundary_or_shift,1:1,Ps.113.7,Ps.114.7,accepted,high
uk5-4f200a81873b8ed645f5,chapter_boundary_or_shift,1:1,Ps.113.8,Ps.114.8,accepted,high
uk5-43bfceb8e132b88c8e6b,chapter_boundary_or_shift,1:1,Ps.113.9,Ps.115.1,accepted,high
uk5-f44e88f3d1e63252709f,chapter_boundary_or_shift,1:1,Ps.113.10,Ps.115.2,accepted,high
uk5-fc9ab201ab6cfd690289,chapter_boundary_or_shift,1:1,Ps.113.11,Ps.115.3,accepted,high
uk5-fcd3562a0d3c1fbd500f,chapter_boundary_or_shift,1:1,Ps.113.12,Ps.115.4,accepted,high
uk5-47eeb9189f43ff34ccb2,chapter_boundary_or_shift,1:1,Ps.113.13,Ps.115.5,accepted,high
uk5-707500193d9739385dd3,chapter_boundary_or_shift,1:1,Ps.113.14,Ps.115.6,accepted,high
uk5-47c60fb030f55ea0e37b,chapter_boundary_or_shift,1:1,Ps.113.15,Ps.115.7,accepted,high
uk5-f3337f24d272b7b3f5f8,chapter_boundary_or_shift,1:1,Ps.113.16,Ps.115.8,accepted,high
uk5-d5d5955618a2cabd0f96,chapter_boundary_or_shift,1:1,Ps.113.17,Ps.115.9,accepted,high
uk5-ef7aa9e111634db2fdb8,chapter_boundary_or_shift,1:1,Ps.113.18,Ps.115.10,accepted,high
uk5-437f1ed2dd14dd037809,chapter_boundary_or_shift,1:1,Ps.113.19,Ps.115.11,accepted,high
uk5-a8c9e893b7f33dfca4eb,chapter_boundary_or_shift,1:1,Ps.113.20,Ps.115.12,accepted,high
uk5-080d1764282be79612cd,chapter_boundary_or_shift,1:1,Ps.113.21,Ps.115.13,accepted,high
uk5-5946d3c16735b078a346,chapter_boundary_or_shift,1:1,Ps.113.22,Ps.115.14,accepted,high
uk5-4a72275fb16c2b98aba6,chapter_boundary_or_shift,1:1,Ps.113.23,Ps.115.15,accepted,high
uk5-9712344b18036c915573,chapter_boundary_or_shift,1:1,Ps.113.24,Ps.115.16,accepted,high
uk5-0b9039923f0cf3baa9d5,chapter_boundary_or_shift,1:1,Ps.113.25,Ps.115.17,accepted,high
uk5-17ae2a82f9db6df47c7a,chapter_boundary_or_shift,1:1,Ps.113.26,Ps.115.18,accepted,high
uk5-38481d45e84d4b8c4b18,chapter_boundary_or_shift,1:1,Ps.114.1,Ps.116.1,accepted,high
uk5-28d40bc323e11b6c9832,chapter_boundary_or_shift,1:1,Ps.114.2,Ps.116.2,accepted,high
uk5-5539642872811a4c4e50,chapter_boundary_or_shift,1:1,Ps.114.3,Ps.116.3,accepted,high
uk5-fdc37f46bd0d56357a1f,chapter_boundary_or_shift,1:1,Ps.114.4,Ps.116.4,accepted,high
uk5-8f517e8919d2833875f8,chapter_boundary_or_shift,1:1,Ps.114.5,Ps.116.5,accepted,high
uk5-2ea3d8f3ecf9b8a9066d,chapter_boundary_or_shift,1:1,Ps.114.6,Ps.116.6,accepted,high
uk5-6be45e30c31e9b29c759,chapter_boundary_or_shift,1:1,Ps.114.7,Ps.116.7,accepted,high
uk5-d1107fef47f73ad8a9bb,chapter_boundary_or_shift,1:1,Ps.114.8,Ps.116.8,accepted,high
uk5-df19c2afa4b342691130,chapter_boundary_or_shift,1:1,Ps.114.9,Ps.116.9,accepted,high
uk5-2a3d3723aac32a54e84f,chapter_boundary_or_shift,1:1,Ps.115.1,Ps.116.10,accepted,high
uk5-28b2ab5aa503860e6382,chapter_boundary_or_shift,1:1,Ps.115.2,Ps.116.11,accepted,high
uk5-2b759a64e528b717e7eb,chapter_boundary_or_shift,1:1,Ps.115.3,Ps.116.12,accepted,high
uk5-1e5c1d1c6f71362d5a48,chapter_boundary_or_shift,1:1,Ps.115.4,Ps.116.13,accepted,high
uk5-88c33486e7c6d1720ff1,chapter_boundary_or_shift,1:1,Ps.115.5,Ps.116.14,accepted,high
uk5-a2463bcabcd9ee034090,chapter_boundary_or_shift,1:1,Ps.115.6,Ps.116.15,accepted,high
uk5-17dfa17379536a486a92,chapter_boundary_or_shift,1:1,Ps.115.7,Ps.116.16,accepted,high
uk5-ea5020fe915cc9d136e7,chapter_boundary_or_shift,1:1,Ps.115.8,Ps.116.17,accepted,high
uk5-72eccd89a12fc5d1bab9,chapter_boundary_or_shift,1:1,Ps.115.9,Ps.116.18,accepted,high
uk5-3c5265f6b29247e6327a,chapter_boundary_or_shift,1:1,Ps.115.10,Ps.116.19,accepted,high
uk5-e33f0a4c50aedf5082f1,chapter_boundary_or_shift,1:1,Ps.116.1,Ps.117.1,accepted,high
uk5-5851fdb22f6d72312f60,chapter_boundary_or_shift,1:1,Ps.116.2,Ps.117.2,accepted,high
uk5-0d6097999d6de0cf3870,chapter_boundary_or_shift,1:1,Ps.117.1,Ps.118.1,accepted,high
uk5-0c1d7611c7e209831149,chapter_boundary_or_shift,1:1,Ps.117.2,Ps.118.2,accepted,high
uk5-1e2558d71cd283105755,chapter_boundary_or_shift,1:1,Ps.117.3,Ps.118.3,accepted,high
uk5-1358cb720108eaa3b9c0,chapter_boundary_or_shift,1:1,Ps.117.4,Ps.118.4,accepted,high
uk5-57bf1dc24820c4e3ea0d,chapter_boundary_or_shift,1:1,Ps.117.5,Ps.118.5,accepted,high
uk5-5e3387cd1703a69adbb8,chapter_boundary_or_shift,1:1,Ps.117.6,Ps.118.6,accepted,high
uk5-74d1b325b8c8e32b9d0c,chapter_boundary_or_shift,1:1,Ps.117.7,Ps.118.7,accepted,high
uk5-445a969984e8da1fcd63,chapter_boundary_or_shift,1:1,Ps.117.8,Ps.118.8,accepted,high
uk5-3f04a590aebe8e0145d0,chapter_boundary_or_shift,1:1,Ps.117.9,Ps.118.9,accepted,high
uk5-ac9fb28a65f238670590,chapter_boundary_or_shift,1:1,Ps.117.10,Ps.118.10,accepted,high
uk5-91578a187e798c453ad3,chapter_boundary_or_shift,1:1,Ps.117.11,Ps.118.11,accepted,high
uk5-16108536c5c04660feca,chapter_boundary_or_shift,1:1,Ps.117.12,Ps.118.12,accepted,high
uk5-bb6023227bd0f15a0ac2,chapter_boundary_or_shift,1:1,Ps.117.13,Ps.118.13,accepted,high
uk5-8cff51a60d37b8fb868f,chapter_boundary_or_shift,1:1,Ps.117.14,Ps.118.14,accepted,high
uk5-e18ff78b46204ebcfec3,chapter_boundary_or_shift,1:1,Ps.117.15,Ps.118.15,accepted,high
uk5-6e1668c9c7fc619015bc,chapter_boundary_or_shift,1:1,Ps.117.16,Ps.118.16,accepted,high
uk5-7a452e78b5bf529d00d7,chapter_boundary_or_shift,1:1,Ps.117.17,Ps.118.17,accepted,high
uk5-3b538460c830e250bb87,chapter_boundary_or_shift,1:1,Ps.117.18,Ps.118.18,accepted,high
uk5-84831a6455967fd6c39a,chapter_boundary_or_shift,1:1,Ps.117.19,Ps.118.19,accepted,high
uk5-176b2c9bf94787e97006,chapter_boundary_or_shift,1:1,Ps.117.20,Ps.118.20,accepted,high
uk5-e329dd5bd0f673484cf4,chapter_boundary_or_shift,1:1,Ps.117.21,Ps.118.21,accepted,high
uk5-9a162612f9861863bff4,chapter_boundary_or_shift,1:1,Ps.117.22,Ps.118.22,accepted,high
uk5-9afdcb64bca7a5cbb390,chapter_boundary_or_shift,1:1,Ps.117.23,Ps.118.23,accepted,high
uk5-e82e532f2cceddc16517,chapter_boundary_or_shift,1:1,Ps.117.24,Ps.118.24,accepted,high
uk5-a5ace6db60c76a894e8d,chapter_boundary_or_shift,1:1,Ps.117.25,Ps.118.25,accepted,high
uk5-f6380d1b5c3d978530f2,chapter_boundary_or_shift,1:1,Ps.117.26,Ps.118.26,accepted,high
uk5-b6518a09f618acfac25c,chapter_boundary_or_shift,1:1,Ps.117.27,Ps.118.27,accepted,high
uk5-4a5581a94c5171949ba8,chapter_boundary_or_shift,1:1,Ps.117.28,Ps.118.28,accepted,high
uk5-4102a6667fef51566f52,chapter_boundary_or_shift,1:1,Ps.117.29,Ps.118.29,accepted,high
uk5-6c3dec0bf23ef50b35f9,chapter_boundary_or_shift,1:1,Ps.118.1,Ps.119.1,accepted,high
uk5-739c9cbb030d59ecfedf,chapter_boundary_or_shift,1:1,Ps.118.2,Ps.119.2,accepted,high
uk5-897dc878166a35ba1d43,chapter_boundary_or_shift,1:1,Ps.118.3,Ps.119.3,accepted,high
uk5-022f52d5d9877cf38f34,chapter_boundary_or_shift,1:1,Ps.118.4,Ps.119.4,accepted,high
uk5-5ba88acc1e2dec16afbc,chapter_boundary_or_shift,1:1,Ps.118.5,Ps.119.5,accepted,high
uk5-2d7209ef59dbb68082bc,chapter_boundary_or_shift,1:1,Ps.118.6,Ps.119.6,accepted,high
uk5-9ddd02b00c352be7cc21,chapter_boundary_or_shift,1:1,Ps.118.7,Ps.119.7,accepted,high
uk5-d6e9ed9f929bb32cee42,chapter_boundary_or_shift,1:1,Ps.118.8,Ps.119.8,accepted,high
uk5-4a24f87f01a9eec300c4,chapter_boundary_or_shift,1:1,Ps.118.9,Ps.119.9,accepted,high
uk5-4361ea0a52cb9359e8fd,chapter_boundary_or_shift,1:1,Ps.118.10,Ps.119.10,accepted,high
uk5-ab4aea2fa36a09b7e70f,chapter_boundary_or_shift,1:1,Ps.118.11,Ps.119.11,accepted,high
uk5-d056103fb7fe7a4ac4cb,chapter_boundary_or_shift,1:1,Ps.118.12,Ps.119.12,accepted,high
uk5-d9deea6480b2944c7e84,chapter_boundary_or_shift,1:1,Ps.118.13,Ps.119.13,accepted,high
uk5-0c1d7afde40237ac5c38,chapter_boundary_or_shift,1:1,Ps.118.14,Ps.119.14,accepted,high
uk5-3d8a9b77175c478bca7b,chapter_boundary_or_shift,1:1,Ps.118.15,Ps.119.15,accepted,high
uk5-c016101a0ff369491c92,chapter_boundary_or_shift,1:1,Ps.118.16,Ps.119.16,accepted,high
uk5-42a933d67fb721dbae42,chapter_boundary_or_shift,1:1,Ps.118.17,Ps.119.17,accepted,high
uk5-e2243092c2aaaab57708,chapter_boundary_or_shift,1:1,Ps.118.18,Ps.119.18,accepted,high
uk5-fbafd6ac27bef15b77a5,chapter_boundary_or_shift,1:1,Ps.118.19,Ps.119.19,accepted,high
uk5-a0b1e6b046a7147c7325,chapter_boundary_or_shift,1:1,Ps.118.20,Ps.119.20,accepted,high
uk5-0ed5c2e86e6a0f3c711e,chapter_boundary_or_shift,1:1,Ps.118.21,Ps.119.21,accepted,high
uk5-39ea1e690e9a2f5a17bb,chapter_boundary_or_shift,1:1,Ps.118.22,Ps.119.22,accepted,high
uk5-4afe2e9498e3fe9b6514,chapter_boundary_or_shift,1:1,Ps.118.23,Ps.119.23,accepted,high
uk5-222a5d2992f1c00d90f2,chapter_boundary_or_shift,1:1,Ps.118.24,Ps.119.24,accepted,high
uk5-1a763348e2fe543ec4e8,chapter_boundary_or_shift,1:1,Ps.118.25,Ps.119.25,accepted,high
uk5-95b3369fc2268b49e3dd,chapter_boundary_or_shift,1:1,Ps.118.26,Ps.119.26,accepted,high
uk5-6b4ace037a1fe7b7eaf0,chapter_boundary_or_shift,1:1,Ps.118.27,Ps.119.27,accepted,high
uk5-9013728ca697e6524a6d,chapter_boundary_or_shift,1:1,Ps.118.28,Ps.119.28,accepted,high
uk5-cd9b9703bda6018f900c,chapter_boundary_or_shift,1:1,Ps.118.29,Ps.119.29,accepted,high
uk5-46dbf5e16f385e616db0,chapter_boundary_or_shift,1:1,Ps.118.30,Ps.119.30,accepted,high
uk5-96b9dbe5a82e69a15374,chapter_boundary_or_shift,1:1,Ps.118.31,Ps.119.31,accepted,high
uk5-1a25763112192322dc26,chapter_boundary_or_shift,1:1,Ps.118.32,Ps.119.32,accepted,high
uk5-6c03d26ed3cd2aefa20f,chapter_boundary_or_shift,1:1,Ps.118.33,Ps.119.33,accepted,high
uk5-bae6571be7bddb853675,chapter_boundary_or_shift,1:1,Ps.118.34,Ps.119.34,accepted,high
uk5-07442fa79787366207b9,chapter_boundary_or_shift,1:1,Ps.118.35,Ps.119.35,accepted,high
uk5-d7ebb3253049e01a4d12,chapter_boundary_or_shift,1:1,Ps.118.36,Ps.119.36,accepted,high
uk5-32e9b6b81d6b7cb7f19d,chapter_boundary_or_shift,1:1,Ps.118.37,Ps.119.37,accepted,high
uk5-78276e41e6a72323400d,chapter_boundary_or_shift,1:1,Ps.118.38,Ps.119.38,accepted,high
uk5-6527bf1cba3e6c7c80dc,chapter_boundary_or_shift,1:1,Ps.118.39,Ps.119.39,accepted,high
uk5-79a9625e3ce63c9d6765,chapter_boundary_or_shift,1:1,Ps.118.40,Ps.119.40,accepted,high
uk5-79778c3ed0d1f6e1b631,chapter_boundary_or_shift,1:1,Ps.118.41,Ps.119.41,accepted,high
uk5-e215ee94ec6699644469,chapter_boundary_or_shift,1:1,Ps.118.42,Ps.119.42,accepted,high
uk5-f88c21b5da9d6fcc18e4,chapter_boundary_or_shift,1:1,Ps.118.43,Ps.119.43,accepted,high
uk5-be222f59daef5a6d9116,chapter_boundary_or_shift,1:1,Ps.118.44,Ps.119.44,accepted,high
uk5-e5cb272e9a309be1d243,chapter_boundary_or_shift,1:1,Ps.118.45,Ps.119.45,accepted,high
uk5-684029f24320fdff99b8,chapter_boundary_or_shift,1:1,Ps.118.46,Ps.119.46,accepted,high
uk5-f1848b18cd00b449b04b,chapter_boundary_or_shift,1:1,Ps.118.47,Ps.119.47,accepted,high
uk5-cf4fe8561ae514a54107,chapter_boundary_or_shift,1:1,Ps.118.48,Ps.119.48,accepted,high
uk5-885ce94a39e86cb572d6,chapter_boundary_or_shift,1:1,Ps.118.49,Ps.119.49,accepted,high
uk5-60beeb1fed559f068237,chapter_boundary_or_shift,1:1,Ps.118.50,Ps.119.50,accepted,high
uk5-1fc41c6d56f77d20ff8d,chapter_boundary_or_shift,1:1,Ps.118.51,Ps.119.51,accepted,high
uk5-79a8f93c4d7670c157c9,chapter_boundary_or_shift,1:1,Ps.118.52,Ps.119.52,accepted,high
uk5-71e7c856da9a1fdd6534,chapter_boundary_or_shift,1:1,Ps.118.53,Ps.119.53,accepted,high
uk5-b891950baafc36188833,chapter_boundary_or_shift,1:1,Ps.118.54,Ps.119.54,accepted,high
uk5-8e630c210c12940ae481,chapter_boundary_or_shift,1:1,Ps.118.55,Ps.119.55,accepted,high
uk5-b79a84946cd86cc3e771,chapter_boundary_or_shift,1:1,Ps.118.56,Ps.119.56,accepted,high
uk5-326afb7d5ea98ec7ab8c,chapter_boundary_or_shift,1:1,Ps.118.57,Ps.119.57,accepted,high
uk5-2c4d2cdddfd1a6fbee44,chapter_boundary_or_shift,1:1,Ps.118.58,Ps.119.58,accepted,high
uk5-090ba96aead0c589d18a,chapter_boundary_or_shift,1:1,Ps.118.59,Ps.119.59,accepted,high
uk5-8f58ef9b55666ed42d01,chapter_boundary_or_shift,1:1,Ps.118.60,Ps.119.60,accepted,high
uk5-fa0122e5506ae86f88a6,chapter_boundary_or_shift,1:1,Ps.118.61,Ps.119.61,accepted,high
uk5-0ab33e2e547c733cb0d7,chapter_boundary_or_shift,1:1,Ps.118.62,Ps.119.62,accepted,high
uk5-b1668cc6a3adcf25345e,chapter_boundary_or_shift,1:1,Ps.118.63,Ps.119.63,accepted,high
uk5-dfc04ecc3f461de67a0e,chapter_boundary_or_shift,1:1,Ps.118.64,Ps.119.64,accepted,high
uk5-d658290997403bd0072e,chapter_boundary_or_shift,1:1,Ps.118.65,Ps.119.65,accepted,high
uk5-ad60af65a7fd57d4e87b,chapter_boundary_or_shift,1:1,Ps.118.66,Ps.119.66,accepted,high
uk5-66daf229fb68e587297a,chapter_boundary_or_shift,1:1,Ps.118.67,Ps.119.67,accepted,high
uk5-c8592b1e54fa8f0f6116,chapter_boundary_or_shift,1:1,Ps.118.68,Ps.119.68,accepted,high
uk5-45a36e703f4281c97679,chapter_boundary_or_shift,1:1,Ps.118.69,Ps.119.69,accepted,high
uk5-58375a5d7c03d60939d9,chapter_boundary_or_shift,1:1,Ps.118.70,Ps.119.70,accepted,high
uk5-4ea4cc0063dced4a986b,chapter_boundary_or_shift,1:1,Ps.118.71,Ps.119.71,accepted,high
uk5-a539a12e14dbad7579b6,chapter_boundary_or_shift,1:1,Ps.118.72,Ps.119.72,accepted,high
uk5-1a49c545bfbac49e46fe,chapter_boundary_or_shift,1:1,Ps.118.73,Ps.119.73,accepted,high
uk5-f89bd35c3be072934a94,chapter_boundary_or_shift,1:1,Ps.118.74,Ps.119.74,accepted,high
uk5-c35c1c722a9ae17cf0fe,chapter_boundary_or_shift,1:1,Ps.118.75,Ps.119.75,accepted,high
uk5-0099dcd09d8939ded8e8,chapter_boundary_or_shift,1:1,Ps.118.76,Ps.119.76,accepted,high
uk5-66248100cc4bcd32a836,chapter_boundary_or_shift,1:1,Ps.118.77,Ps.119.77,accepted,high
uk5-280d119b4b9d0f944828,chapter_boundary_or_shift,1:1,Ps.118.78,Ps.119.78,accepted,high
uk5-1b66e1c83b826f893374,chapter_boundary_or_shift,1:1,Ps.118.79,Ps.119.79,accepted,high
uk5-f683fdb0c90b5b8da04b,chapter_boundary_or_shift,1:1,Ps.118.80,Ps.119.80,accepted,high
uk5-0fb336727aadf293a80a,chapter_boundary_or_shift,1:1,Ps.118.81,Ps.119.81,accepted,high
uk5-2e0cad6b74ca831c86b9,chapter_boundary_or_shift,1:1,Ps.118.82,Ps.119.82,accepted,high
uk5-064f48c18e8682d51782,chapter_boundary_or_shift,1:1,Ps.118.83,Ps.119.83,accepted,high
uk5-8cdcf2388fe047c7c7e3,chapter_boundary_or_shift,1:1,Ps.118.84,Ps.119.84,accepted,high
uk5-7afdb6de1ab4cd3aa72d,chapter_boundary_or_shift,1:1,Ps.118.85,Ps.119.85,accepted,high
uk5-e1c4b76568045eb120ce,chapter_boundary_or_shift,1:1,Ps.118.86,Ps.119.86,accepted,high
uk5-4628d1c058ac1ed3c953,chapter_boundary_or_shift,1:1,Ps.118.87,Ps.119.87,accepted,high
uk5-a03dd2cfd306b35a5062,chapter_boundary_or_shift,1:1,Ps.118.88,Ps.119.88,accepted,high
uk5-56e76a8690edbb6e5252,chapter_boundary_or_shift,1:1,Ps.118.89,Ps.119.89,accepted,high
uk5-ae9fd3304f15725d1599,chapter_boundary_or_shift,1:1,Ps.118.90,Ps.119.90,accepted,high
uk5-c1acc2851ad3b9716786,chapter_boundary_or_shift,1:1,Ps.118.91,Ps.119.91,accepted,high
uk5-8032328baae9f1f257ff,chapter_boundary_or_shift,1:1,Ps.118.92,Ps.119.92,accepted,high
uk5-be827111b8b21c460958,chapter_boundary_or_shift,1:1,Ps.118.93,Ps.119.93,accepted,high
uk5-d85d95f0e6b408d29bc0,chapter_boundary_or_shift,1:1,Ps.118.94,Ps.119.94,accepted,high
uk5-445fb0149d105d5418fc,chapter_boundary_or_shift,1:1,Ps.118.95,Ps.119.95,accepted,high
uk5-26abd56615b856388965,chapter_boundary_or_shift,1:1,Ps.118.96,Ps.119.96,accepted,high
uk5-d8f993d4340e4c7bd270,chapter_boundary_or_shift,1:1,Ps.118.97,Ps.119.97,accepted,high
uk5-537539453c97530b94b2,chapter_boundary_or_shift,1:1,Ps.118.98,Ps.119.98,accepted,high
uk5-ecf5bf4f7d0df80072d8,chapter_boundary_or_shift,1:1,Ps.118.99,Ps.119.99,accepted,high
uk5-6767f3a85fee7b2a3e24,chapter_boundary_or_shift,1:1,Ps.118.100,Ps.119.100,accepted,high
uk5-15c24df7766f2b888e62,chapter_boundary_or_shift,1:1,Ps.118.101,Ps.119.101,accepted,high
uk5-84ac71e56540b7da1aeb,chapter_boundary_or_shift,1:1,Ps.118.102,Ps.119.102,accepted,high
uk5-e4bc36b04be2b590b47e,chapter_boundary_or_shift,1:1,Ps.118.103,Ps.119.103,accepted,high
uk5-5cbb18972867ae1073b1,chapter_boundary_or_shift,1:1,Ps.118.104,Ps.119.104,accepted,high
uk5-5313974c51450c6ebba2,chapter_boundary_or_shift,1:1,Ps.118.105,Ps.119.105,accepted,high
uk5-1aa558936fe33cd94cbe,chapter_boundary_or_shift,1:1,Ps.118.106,Ps.119.106,accepted,high
uk5-fd4a0e260f57d579afa0,chapter_boundary_or_shift,1:1,Ps.118.107,Ps.119.107,accepted,high
uk5-fd2d582159ba5e46fb9f,chapter_boundary_or_shift,1:1,Ps.118.108,Ps.119.108,accepted,high
uk5-e6fdd8586b76310e4beb,chapter_boundary_or_shift,1:1,Ps.118.109,Ps.119.109,accepted,high
uk5-6129036ee6cc3349f9f2,chapter_boundary_or_shift,1:1,Ps.118.110,Ps.119.110,accepted,high
uk5-35fcf765b798a52e5fe6,chapter_boundary_or_shift,1:1,Ps.118.111,Ps.119.111,accepted,high
uk5-a559f7ad67ea34ef4f10,chapter_boundary_or_shift,1:1,Ps.118.112,Ps.119.112,accepted,high
uk5-960322441911a9b53041,chapter_boundary_or_shift,1:1,Ps.118.113,Ps.119.113,accepted,high
uk5-d77a2bb04a0d4459238a,chapter_boundary_or_shift,1:1,Ps.118.114,Ps.119.114,accepted,high
uk5-4216d0397df8b9167ca9,chapter_boundary_or_shift,1:1,Ps.118.115,Ps.119.115,accepted,high
uk5-7bc9591d0d2e0df7db70,chapter_boundary_or_shift,1:1,Ps.118.116,Ps.119.116,accepted,high
uk5-b210c1f9908d50460d87,chapter_boundary_or_shift,1:1,Ps.118.117,Ps.119.117,accepted,high
uk5-85db9d6d3c3eba69fff7,chapter_boundary_or_shift,1:1,Ps.118.118,Ps.119.118,accepted,high
uk5-eea5b88f622d60a70873,chapter_boundary_or_shift,1:1,Ps.118.119,Ps.119.119,accepted,high
uk5-aa743dfd05a71c092d25,chapter_boundary_or_shift,1:1,Ps.118.120,Ps.119.120,accepted,high
uk5-9669d2fa8b0fc21e020a,chapter_boundary_or_shift,1:1,Ps.118.121,Ps.119.121,accepted,high
uk5-4495dc6f3a2b52118039,chapter_boundary_or_shift,1:1,Ps.118.122,Ps.119.122,accepted,high
uk5-59cec7bee389fc80a823,chapter_boundary_or_shift,1:1,Ps.118.123,Ps.119.123,accepted,high
uk5-53e017646d9eb0d2893e,chapter_boundary_or_shift,1:1,Ps.118.124,Ps.119.124,accepted,high
uk5-58d9afd7d498be4b428a,chapter_boundary_or_shift,1:1,Ps.118.125,Ps.119.125,accepted,high
uk5-172e4e6578120b114590,chapter_boundary_or_shift,1:1,Ps.118.126,Ps.119.126,accepted,high
uk5-bbe1534a2e1529e764a6,chapter_boundary_or_shift,1:1,Ps.118.127,Ps.119.127,accepted,high
uk5-b338cac8ff81e96dab63,chapter_boundary_or_shift,1:1,Ps.118.128,Ps.119.128,accepted,high
uk5-b8031388847a651b76bf,chapter_boundary_or_shift,1:1,Ps.118.129,Ps.119.129,accepted,high
uk5-030555ad4123f4434ae6,chapter_boundary_or_shift,1:1,Ps.118.130,Ps.119.130,accepted,high
uk5-b9d70d3a6d01865db3a7,chapter_boundary_or_shift,1:1,Ps.118.131,Ps.119.131,accepted,high
uk5-12d12b803356db184151,chapter_boundary_or_shift,1:1,Ps.118.132,Ps.119.132,accepted,high
uk5-898584637d929988c08e,chapter_boundary_or_shift,1:1,Ps.118.133,Ps.119.133,accepted,high
uk5-90f542a43685c2873594,chapter_boundary_or_shift,1:1,Ps.118.134,Ps.119.134,accepted,high
uk5-838436b217b933c56d89,chapter_boundary_or_shift,1:1,Ps.118.135,Ps.119.135,accepted,high
uk5-fb2511ff44df0a5ea423,chapter_boundary_or_shift,1:1,Ps.118.136,Ps.119.136,accepted,high
uk5-75e23e1e46336852a670,chapter_boundary_or_shift,1:1,Ps.118.137,Ps.119.137,accepted,high
uk5-a449f28df89e693690a4,chapter_boundary_or_shift,1:1,Ps.118.138,Ps.119.138,accepted,high
uk5-149fde158975aa298c3d,chapter_boundary_or_shift,1:1,Ps.118.139,Ps.119.139,accepted,high
uk5-14693f7e91511f0e7e0a,chapter_boundary_or_shift,1:1,Ps.118.140,Ps.119.140,accepted,high
uk5-342fc9a0a16e06492060,chapter_boundary_or_shift,1:1,Ps.118.141,Ps.119.141,accepted,high
uk5-29328527fc397ab65d0b,chapter_boundary_or_shift,1:1,Ps.118.142,Ps.119.142,accepted,high
uk5-a7c1509c8b6896fe3b3e,chapter_boundary_or_shift,1:1,Ps.118.143,Ps.119.143,accepted,high
uk5-7dbe622009f5e1ae9411,chapter_boundary_or_shift,1:1,Ps.118.144,Ps.119.144,accepted,high
uk5-33fd68532f883fbf0f75,chapter_boundary_or_shift,1:1,Ps.118.145,Ps.119.145,accepted,high
uk5-8eec0745c03ad0550c2a,chapter_boundary_or_shift,1:1,Ps.118.146,Ps.119.146,accepted,high
uk5-6ccf8c37e50558bd524a,chapter_boundary_or_shift,1:1,Ps.118.147,Ps.119.147,accepted,high
uk5-87d2b6cba013eb5fdcc1,chapter_boundary_or_shift,1:1,Ps.118.148,Ps.119.148,accepted,high
uk5-736cdab38741e3e8d597,chapter_boundary_or_shift,1:1,Ps.118.149,Ps.119.149,accepted,high
uk5-4f04fc897ce82d02a2a4,chapter_boundary_or_shift,1:1,Ps.118.150,Ps.119.150,accepted,high
uk5-4c7c54bfcf97ecff6050,chapter_boundary_or_shift,1:1,Ps.118.151,Ps.119.151,accepted,high
uk5-aac7b363656eea6ea827,chapter_boundary_or_shift,1:1,Ps.118.152,Ps.119.152,accepted,high
uk5-45d9e3346c4a6f8e49cc,chapter_boundary_or_shift,1:1,Ps.118.153,Ps.119.153,accepted,high
uk5-d26e59567af72765bfda,chapter_boundary_or_shift,1:1,Ps.118.154,Ps.119.154,accepted,high
uk5-9959f20e0102336c70ac,chapter_boundary_or_shift,1:1,Ps.118.155,Ps.119.155,accepted,high
uk5-afe7176c1369efc59b8a,chapter_boundary_or_shift,1:1,Ps.118.156,Ps.119.156,accepted,high
uk5-10af8c6610b80bf08d7e,chapter_boundary_or_shift,1:1,Ps.118.157,Ps.119.157,accepted,high
uk5-21591fed643d79e4549b,chapter_boundary_or_shift,1:1,Ps.118.158,Ps.119.158,accepted,high
uk5-50d2a9d05e526d133219,chapter_boundary_or_shift,1:1,Ps.118.159,Ps.119.159,accepted,high
uk5-de9bdfb55fa1485e3d3c,chapter_boundary_or_shift,1:1,Ps.118.160,Ps.119.160,accepted,high
uk5-ed93d0151a78788cc042,chapter_boundary_or_shift,1:1,Ps.118.161,Ps.119.161,accepted,high
uk5-010fed8bf2896102555e,chapter_boundary_or_shift,1:1,Ps.118.162,Ps.119.162,accepted,high
uk5-f0437a2c43145490ea15,chapter_boundary_or_shift,1:1,Ps.118.163,Ps.119.163,accepted,high
uk5-04e93cc30832ee54be9e,chapter_boundary_or_shift,1:1,Ps.118.164,Ps.119.164,accepted,high
uk5-9d89f4c4d1f2959c7e33,chapter_boundary_or_shift,1:1,Ps.118.165,Ps.119.165,accepted,high
uk5-aabf131ad373f85a272a,chapter_boundary_or_shift,1:1,Ps.118.166,Ps.119.166,accepted,high
uk5-120e5bdfcca0d29aeb80,chapter_boundary_or_shift,1:1,Ps.118.167,Ps.119.167,accepted,high
uk5-4d6b6647dcf5e4fed4f8,chapter_boundary_or_shift,1:1,Ps.118.168,Ps.119.168,accepted,high
uk5-dcbbe3de0b4451528b16,chapter_boundary_or_shift,1:1,Ps.118.169,Ps.119.169,accepted,high
uk5-f32c30db21bab6e2ecf5,chapter_boundary_or_shift,1:1,Ps.118.170,Ps.119.170,accepted,high
uk5-43858532fd75530187c2,chapter_boundary_or_shift,1:1,Ps.118.171,Ps.119.171,accepted,high
uk5-766e32e5e5875544e04f,chapter_boundary_or_shift,1:1,Ps.118.172,Ps.119.172,accepted,high
uk5-c8e8f88d6a27d9c33428,chapter_boundary_or_shift,1:1,Ps.118.173,Ps.119.173,accepted,high
uk5-f51e2eef7e1c2a9afb77,chapter_boundary_or_shift,1:1,Ps.118.174,Ps.119.174,accepted,high
uk5-6cfb9ce5fcf4f59f44ce,chapter_boundary_or_shift,1:1,Ps.118.175,Ps.119.175,accepted,high
uk5-66589601f52167d3f53a,chapter_boundary_or_shift,1:1,Ps.118.176,Ps.119.176,accepted,high
uk5-3973642db725624138f3,chapter_boundary_or_shift,1:1,Ps.119.1,Ps.120.1,accepted,high
uk5-c1869ba54ee2f063186f,chapter_boundary_or_shift,1:1,Ps.119.2,Ps.120.2,accepted,high
uk5-0adef93a469f70dc8f78,chapter_boundary_or_shift,1:1,Ps.119.3,Ps.120.3,accepted,high
uk5-f1f1a013d2b3c4223b0c,chapter_boundary_or_shift,1:1,Ps.119.4,Ps.120.4,accepted,high
uk5-3bf3268c34201a67aa15,chapter_boundary_or_shift,1:1,Ps.119.5,Ps.120.5,accepted,high
uk5-045cea7282c2460ae5d3,chapter_boundary_or_shift,1:1,Ps.119.6,Ps.120.6,accepted,high
uk5-eadf62491b150a975a0a,chapter_boundary_or_shift,1:1,Ps.119.7,Ps.120.7,accepted,high
uk5-eeb0d563a24b075f8fdc,chapter_boundary_or_shift,1:1,Ps.120.1,Ps.121.1,accepted,high
uk5-95bf9c840679071d9f2f,chapter_boundary_or_shift,1:1,Ps.120.2,Ps.121.2,accepted,high
uk5-537c763395bef338908a,chapter_boundary_or_shift,1:1,Ps.120.3,Ps.121.3,accepted,high
uk5-a523517a061a0205abea,chapter_boundary_or_shift,1:1,Ps.120.4,Ps.121.4,accepted,high
uk5-a72ecefaf2064acbd066,chapter_boundary_or_shift,1:1,Ps.120.5,Ps.121.5,accepted,high
uk5-62bff77a5e20f7f53558,chapter_boundary_or_shift,1:1,Ps.120.6,Ps.121.6,accepted,high
uk5-a071fd93fbb32d8ad39b,chapter_boundary_or_shift,1:1,Ps.120.7,Ps.121.7,accepted,high
uk5-1c68c033375f9d0f5466,chapter_boundary_or_shift,1:1,Ps.120.8,Ps.121.8,accepted,high
uk5-557a9d3fa1c8a88b7c56,chapter_boundary_or_shift,1:1,Ps.121.1,Ps.122.1,accepted,high
uk5-54d8b971dddbddfdc3b6,chapter_boundary_or_shift,1:1,Ps.121.2,Ps.122.2,accepted,high
uk5-b8ca0dbcd4fe43050c3f,chapter_boundary_or_shift,1:1,Ps.121.3,Ps.122.3,accepted,high
uk5-76fbaf06dc2175423e3a,chapter_boundary_or_shift,1:1,Ps.121.4,Ps.122.4,accepted,high
uk5-2859f35d8fcf7cbfce90,chapter_boundary_or_shift,1:1,Ps.121.5,Ps.122.5,accepted,high
uk5-2c7a7607c7e1a40d9c7c,chapter_boundary_or_shift,1:1,Ps.121.6,Ps.122.6,accepted,high
uk5-65ea8ba4a903c78fc59e,chapter_boundary_or_shift,1:1,Ps.121.7,Ps.122.7,accepted,high
uk5-0e61684e27fd1989b29a,chapter_boundary_or_shift,1:1,Ps.121.8,Ps.122.8,accepted,high
uk5-3f5155dbfef511ff856d,chapter_boundary_or_shift,1:1,Ps.121.9,Ps.122.9,accepted,high
uk5-e67a694b5a77e682f9ef,chapter_boundary_or_shift,1:1,Ps.122.1,Ps.123.1,accepted,high
uk5-a1fdae393e8b9cc0ccdd,chapter_boundary_or_shift,1:1,Ps.122.2,Ps.123.2,accepted,high
uk5-37332833bcbfe80cbc01,chapter_boundary_or_shift,1:1,Ps.122.3,Ps.123.3,accepted,high
uk5-c030c0549a50d519a412,chapter_boundary_or_shift,1:1,Ps.122.4,Ps.123.4,accepted,high
uk5-0419cd5bc1a07a1d32e8,chapter_boundary_or_shift,1:1,Ps.123.1,Ps.124.1,accepted,high
uk5-fe1d1c168be35e992ae4,chapter_boundary_or_shift,1:1,Ps.123.2,Ps.124.2,accepted,high
uk5-2d2e2472f63867f3d0e2,chapter_boundary_or_shift,1:1,Ps.123.3,Ps.124.3,accepted,high
uk5-0bcf53c81eaeacff039f,chapter_boundary_or_shift,1:1,Ps.123.4,Ps.124.4,accepted,high
uk5-7d71254bba66a9f6e637,chapter_boundary_or_shift,1:1,Ps.123.5,Ps.124.5,accepted,high
uk5-1f38d5ada1c077d3409e,chapter_boundary_or_shift,1:1,Ps.123.6,Ps.124.6,accepted,high
uk5-4c4a758d577c490f619c,chapter_boundary_or_shift,1:1,Ps.123.7,Ps.124.7,accepted,high
uk5-6383f4df162e7a86cf83,chapter_boundary_or_shift,1:1,Ps.123.8,Ps.124.8,accepted,high
uk5-19b3eafdb9e1e2f565f7,chapter_boundary_or_shift,1:1,Ps.124.1,Ps.125.1,accepted,high
uk5-45d340a40cf37c0ee3be,chapter_boundary_or_shift,1:1,Ps.124.2,Ps.125.2,accepted,high
uk5-465b46f8d1dd3dcd0fb8,chapter_boundary_or_shift,1:1,Ps.124.3,Ps.125.3,accepted,high
uk5-5b01fb456f386c2a3a6b,chapter_boundary_or_shift,1:1,Ps.124.4,Ps.125.4,accepted,high
uk5-d4343e738be1e0a698ac,chapter_boundary_or_shift,1:1,Ps.124.5,Ps.125.5,accepted,high
uk5-e0ac4c57b96611a87876,chapter_boundary_or_shift,1:1,Ps.125.1,Ps.126.1,accepted,high
uk5-78b483db606a1ce2fb6a,chapter_boundary_or_shift,1:1,Ps.125.2,Ps.126.2,accepted,high
uk5-44cc4ef09072b8535ac6,chapter_boundary_or_shift,1:1,Ps.125.3,Ps.126.3,accepted,high
uk5-80d03ba4e91f32384483,chapter_boundary_or_shift,1:1,Ps.125.4,Ps.126.4,accepted,high
uk5-d9d486c93b8cb810a916,chapter_boundary_or_shift,1:1,Ps.125.5,Ps.126.5,accepted,high
uk5-1da386b1788f894ea72b,chapter_boundary_or_shift,1:1,Ps.125.6,Ps.126.6,accepted,high
uk5-44ae82f1bf46a93fdcd0,chapter_boundary_or_shift,1:1,Ps.126.1,Ps.127.1,accepted,high
uk5-97d23cbe0109c020af29,chapter_boundary_or_shift,1:1,Ps.126.2,Ps.127.2,accepted,high
uk5-d9310b6909818295e658,chapter_boundary_or_shift,1:1,Ps.126.3,Ps.127.3,accepted,high
uk5-98197fb67305dd2ad2dd,chapter_boundary_or_shift,1:1,Ps.126.4,Ps.127.4,accepted,high
uk5-9a7b85be4e3ccf7dfe4c,chapter_boundary_or_shift,1:1,Ps.126.5,Ps.127.5,accepted,high
uk5-a652ed917bf108c942b9,chapter_boundary_or_shift,1:1,Ps.127.1,Ps.128.1,accepted,high
uk5-af7cb16baca5375cd0ed,chapter_boundary_or_shift,1:1,Ps.127.2,Ps.128.2,accepted,high
uk5-b00bac845d4512a2dfec,chapter_boundary_or_shift,1:1,Ps.127.3,Ps.128.3,accepted,high
uk5-660a0d7320e94ef7c730,chapter_boundary_or_shift,1:1,Ps.127.4,Ps.128.4,accepted,high
uk5-5686400019dec46fe058,chapter_boundary_or_shift,1:1,Ps.127.5,Ps.128.5,accepted,high
uk5-47b831a10a1ed4ebd2a2,chapter_boundary_or_shift,1:1,Ps.127.6,Ps.128.6,accepted,high
uk5-8799d9147de4ec3df63c,chapter_boundary_or_shift,1:1,Ps.128.1,Ps.129.1,accepted,high
uk5-98d963c01fcf7e281cab,chapter_boundary_or_shift,1:1,Ps.128.2,Ps.129.2,accepted,high
uk5-74855e5ee21400b2c7a2,chapter_boundary_or_shift,1:1,Ps.128.3,Ps.129.3,accepted,high
uk5-b439415c114df917cffc,chapter_boundary_or_shift,1:1,Ps.128.4,Ps.129.4,accepted,high
uk5-5e2c2c86e7431bf61637,chapter_boundary_or_shift,1:1,Ps.128.5,Ps.129.5,accepted,high
uk5-78b7b803bac4da07fed4,chapter_boundary_or_shift,1:1,Ps.128.6,Ps.129.6,accepted,high
uk5-33f562f6583ec7ccde21,chapter_boundary_or_shift,1:1,Ps.128.7,Ps.129.7,accepted,high
uk5-c982cea08380f7695ecf,chapter_boundary_or_shift,1:1,Ps.128.8,Ps.129.8,accepted,high
uk5-3ab15d7298f4dd92e840,chapter_boundary_or_shift,1:1,Ps.129.1,Ps.130.1,accepted,high
uk5-ec1fae1cedca6a5f72d1,chapter_boundary_or_shift,1:1,Ps.129.2,Ps.130.2,accepted,high
uk5-7ebd696ab9b9ec897b68,chapter_boundary_or_shift,1:1,Ps.129.3,Ps.130.3,accepted,high
uk5-497bc1ab7cb39f1aed73,chapter_boundary_or_shift,1:1,Ps.129.4,Ps.130.4,accepted,high
uk5-fac3fd44fb9b1c611241,chapter_boundary_or_shift,1:1,Ps.129.5,Ps.130.5,accepted,high
uk5-4f8dc617c5501bd2d2ac,chapter_boundary_or_shift,1:1,Ps.129.6,Ps.130.6,accepted,high
uk5-6059c50ac2f909d7083b,chapter_boundary_or_shift,1:1,Ps.129.7,Ps.130.7,accepted,high
uk5-cf87e30d4e9632a9a4bf,chapter_boundary_or_shift,1:1,Ps.129.8,Ps.130.8,accepted,high
uk5-7f57af4fa65250004e23,chapter_boundary_or_shift,1:1,Ps.130.1,Ps.131.1,accepted,high
uk5-069803d4d86f8ecd9d89,chapter_boundary_or_shift,1:1,Ps.130.2,Ps.131.2,accepted,high
uk5-8825b53f429b8d0df040,chapter_boundary_or_shift,1:1,Ps.130.3,Ps.131.3,accepted,high
uk5-f41f426d993b1dd95099,chapter_boundary_or_shift,1:1,Ps.131.1,Ps.132.1,accepted,high
uk5-d5fe417f2d22d4011730,chapter_boundary_or_shift,1:1,Ps.131.2,Ps.132.2,accepted,high
uk5-b8af7aee350c900d8538,chapter_boundary_or_shift,1:1,Ps.131.3,Ps.132.3,accepted,high
uk5-0ccc083ddc16024d61aa,chapter_boundary_or_shift,1:1,Ps.131.4,Ps.132.4,accepted,high
uk5-20f37ec56688a520fda4,chapter_boundary_or_shift,1:1,Ps.131.5,Ps.132.5,accepted,high
uk5-5080df074769878836a1,chapter_boundary_or_shift,1:1,Ps.131.6,Ps.132.6,accepted,high
uk5-b4e59482ce2261ccc767,chapter_boundary_or_shift,1:1,Ps.131.7,Ps.132.7,accepted,high
uk5-85823451fba7b0397457,chapter_boundary_or_shift,1:1,Ps.131.8,Ps.132.8,accepted,high
uk5-e844b16bbc5f92d9b33b,chapter_boundary_or_shift,1:1,Ps.131.9,Ps.132.9,accepted,high
uk5-8f0177b0bd4be762cedf,chapter_boundary_or_shift,1:1,Ps.131.10,Ps.132.10,accepted,high
uk5-2a5b8c3054b09d14146c,chapter_boundary_or_shift,1:1,Ps.131.11,Ps.132.11,accepted,high
uk5-d8a91d68203e3c44a89b,chapter_boundary_or_shift,1:1,Ps.131.12,Ps.132.12,accepted,high
uk5-54dba5cbf3da0eb08b68,chapter_boundary_or_shift,1:1,Ps.131.13,Ps.132.13,accepted,high
uk5-08368812ac62b9caf430,chapter_boundary_or_shift,1:1,Ps.131.14,Ps.132.14,accepted,high
uk5-2972b8ebda130ded834c,chapter_boundary_or_shift,1:1,Ps.131.15,Ps.132.15,accepted,high
uk5-ccc2bf2afb046aea3cfe,chapter_boundary_or_shift,1:1,Ps.131.16,Ps.132.16,accepted,high
uk5-3867c437ee8a9d5ef16c,chapter_boundary_or_shift,1:1,Ps.131.17,Ps.132.17,accepted,high
uk5-538545b23410140fc7e9,chapter_boundary_or_shift,1:1,Ps.131.18,Ps.132.18,accepted,high
uk5-1a2eff2723e5b39598c9,chapter_boundary_or_shift,1:1,Ps.132.1,Ps.133.1,accepted,high
uk5-30c9963579934546e7e5,chapter_boundary_or_shift,1:1,Ps.132.2,Ps.133.2,accepted,high
uk5-1f6d6edf7269c88a3bd6,chapter_boundary_or_shift,1:1,Ps.132.3,Ps.133.3,accepted,high
uk5-3ff0d4729516563760b3,chapter_boundary_or_shift,1:1,Ps.133.1,Ps.134.1,accepted,high
uk5-70d09d5813fc1085d1e4,chapter_boundary_or_shift,1:1,Ps.133.2,Ps.134.2,accepted,high
uk5-0bc127f842859180cbce,chapter_boundary_or_shift,1:1,Ps.133.3,Ps.134.3,accepted,high
uk5-86b5338530436ea722b2,chapter_boundary_or_shift,1:1,Ps.134.1,Ps.135.1,accepted,high
uk5-06d85271918e1905cde9,chapter_boundary_or_shift,1:1,Ps.134.2,Ps.135.2,accepted,high
uk5-699162bd3bd749c7a613,chapter_boundary_or_shift,1:1,Ps.134.3,Ps.135.3,accepted,high
uk5-a42d532b8c39536d503c,chapter_boundary_or_shift,1:1,Ps.134.4,Ps.135.4,accepted,high
uk5-8c3272344ac5e6114283,chapter_boundary_or_shift,1:1,Ps.134.5,Ps.135.5,accepted,high
uk5-67290dbd348d2eb2032d,chapter_boundary_or_shift,1:1,Ps.134.6,Ps.135.6,accepted,high
uk5-fde05202e8d1a185ef4b,chapter_boundary_or_shift,1:1,Ps.134.7,Ps.135.7,accepted,high
uk5-0c3290c39f99d83a919f,chapter_boundary_or_shift,1:1,Ps.134.8,Ps.135.8,accepted,high
uk5-3e5ebc52e2fcc6a151f4,chapter_boundary_or_shift,1:1,Ps.134.9,Ps.135.9,accepted,high
uk5-e60951b7a94860990f0a,chapter_boundary_or_shift,1:1,Ps.134.10,Ps.135.10,accepted,high
uk5-ba50c7f8f35e97747cd3,chapter_boundary_or_shift,1:1,Ps.134.11,Ps.135.11,accepted,high
uk5-6b0e5bfde484716d5149,chapter_boundary_or_shift,1:1,Ps.134.12,Ps.135.12,accepted,high
uk5-9b7e808bd0182da5a35c,chapter_boundary_or_shift,1:1,Ps.134.13,Ps.135.13,accepted,high
uk5-8007203816de193c3dc1,chapter_boundary_or_shift,1:1,Ps.134.14,Ps.135.14,accepted,high
uk5-4411cbb4a65601cbb889,chapter_boundary_or_shift,1:1,Ps.134.15,Ps.135.15,accepted,high
uk5-5fb24d753a3ed80b1aac,chapter_boundary_or_shift,1:1,Ps.134.16,Ps.135.16,accepted,high
uk5-b2fa18541d2232ea7f9a,chapter_boundary_or_shift,1:1,Ps.134.17,Ps.135.17,accepted,high
uk5-f452fd6a9c105c471366,chapter_boundary_or_shift,1:1,Ps.134.18,Ps.135.18,accepted,high
uk5-e58fe003280b28a4453c,chapter_boundary_or_shift,1:1,Ps.134.19,Ps.135.19,accepted,high
uk5-c7fa7e11697d79a5641a,chapter_boundary_or_shift,1:1,Ps.134.20,Ps.135.20,accepted,high
uk5-4c7ac9eaec8c299b123f,chapter_boundary_or_shift,1:1,Ps.134.21,Ps.135.21,accepted,high
uk5-4e888834699aa51b3d0e,chapter_boundary_or_shift,1:1,Ps.135.1,Ps.136.1,accepted,high
uk5-d891ca00d3dbe2fde6e8,chapter_boundary_or_shift,1:1,Ps.135.2,Ps.136.2,accepted,high
uk5-9e1ad12f12cbaf9fc901,chapter_boundary_or_shift,1:1,Ps.135.3,Ps.136.3,accepted,high
uk5-8bdac5a2e6c640d76a61,chapter_boundary_or_shift,1:1,Ps.135.4,Ps.136.4,accepted,high
uk5-f43eeed8bf1f21898a0e,chapter_boundary_or_shift,1:1,Ps.135.5,Ps.136.5,accepted,high
uk5-251b80d6131185e368ed,chapter_boundary_or_shift,1:1,Ps.135.6,Ps.136.6,accepted,high
uk5-06d60658c9f019ecab2f,chapter_boundary_or_shift,1:1,Ps.135.7,Ps.136.7,accepted,high
uk5-ec1f4372cf973e9bd509,chapter_boundary_or_shift,1:1,Ps.135.8,Ps.136.8,accepted,high
uk5-8a0967e79d4dbdcba4bb,chapter_boundary_or_shift,1:1,Ps.135.9,Ps.136.9,accepted,high
uk5-8545d5489f96757e8966,chapter_boundary_or_shift,1:1,Ps.135.10,Ps.136.10,accepted,high
uk5-a9ffa88a9db6a627db4f,chapter_boundary_or_shift,1:1,Ps.135.11,Ps.136.11,accepted,high
uk5-16cf450594098caa2cdd,chapter_boundary_or_shift,1:1,Ps.135.12,Ps.136.12,accepted,high
uk5-686c25e65982c206d580,chapter_boundary_or_shift,1:1,Ps.135.13,Ps.136.13,accepted,high
uk5-4b1130b6c7c0a20e692a,chapter_boundary_or_shift,1:1,Ps.135.14,Ps.136.14,accepted,high
uk5-98ef55232de0217af01a,chapter_boundary_or_shift,1:1,Ps.135.15,Ps.136.15,accepted,high
uk5-e259cfa1ee67ae21e319,chapter_boundary_or_shift,1:1,Ps.135.16,Ps.136.16,accepted,high
uk5-b5a7818bacb94126e9e9,chapter_boundary_or_shift,1:1,Ps.135.17,Ps.136.17,accepted,high
uk5-048404cc3d5a8211affb,chapter_boundary_or_shift,1:1,Ps.135.18,Ps.136.18,accepted,high
uk5-08ecaeaa4a189536206a,chapter_boundary_or_shift,1:1,Ps.135.19,Ps.136.19,accepted,high
uk5-2026ee7aa6dcf709f79a,chapter_boundary_or_shift,1:1,Ps.135.20,Ps.136.20,accepted,high
uk5-7413de77af927e5002b5,chapter_boundary_or_shift,1:1,Ps.135.21,Ps.136.21,accepted,high
uk5-3ec81ddf174704eff17d,chapter_boundary_or_shift,1:1,Ps.135.22,Ps.136.22,accepted,high
uk5-86cc2e0b5b3f1893fb50,chapter_boundary_or_shift,1:1,Ps.135.23,Ps.136.23,accepted,high
uk5-84fbbd47217ec29ca212,chapter_boundary_or_shift,1:1,Ps.135.24,Ps.136.24,accepted,high
uk5-27dbe7c95504bd1f051e,chapter_boundary_or_shift,1:1,Ps.135.25,Ps.136.25,accepted,high
uk5-de8a9d2f15ff7044873c,chapter_boundary_or_shift,1:1,Ps.135.26,Ps.136.26,accepted,high
uk5-676f34c5c1780de53db4,chapter_boundary_or_shift,1:1,Ps.136.1,Ps.137.1,accepted,high
uk5-42183410734aa728a866,chapter_boundary_or_shift,1:1,Ps.136.2,Ps.137.2,accepted,high
uk5-ee0dccfaaef0aa62b5ad,chapter_boundary_or_shift,1:1,Ps.136.3,Ps.137.3,accepted,high
uk5-8478d3f6225d0d862230,chapter_boundary_or_shift,1:1,Ps.136.4,Ps.137.4,accepted,high
uk5-f5e8113a22d38ce02e97,chapter_boundary_or_shift,1:1,Ps.136.5,Ps.137.5,accepted,high
uk5-ad6420cfc0db4bcbc649,chapter_boundary_or_shift,1:1,Ps.136.6,Ps.137.6,accepted,high
uk5-f53064f4442298e70781,chapter_boundary_or_shift,1:1,Ps.136.7,Ps.137.7,accepted,high
uk5-4b0729668af1f064b129,chapter_boundary_or_shift,1:1,Ps.136.8,Ps.137.8,accepted,high
uk5-6e425cf7cbd910136586,chapter_boundary_or_shift,1:1,Ps.136.9,Ps.137.9,accepted,high
uk5-230fa3cc626e3937b4ad,chapter_boundary_or_shift,1:1,Ps.137.1,Ps.138.1,accepted,high
uk5-2a0d86e9eeeccdf42c83,chapter_boundary_or_shift,1:1,Ps.137.2,Ps.138.2,accepted,high
uk5-8ff16c1e2943b49a3765,chapter_boundary_or_shift,1:1,Ps.137.3,Ps.138.3,accepted,high
uk5-c9a5ef7ea53d56ccedef,chapter_boundary_or_shift,1:1,Ps.137.4,Ps.138.4,accepted,high
uk5-e272711f7169c3602b63,chapter_boundary_or_shift,1:1,Ps.137.5,Ps.138.5,accepted,high
uk5-7a4906d4fd0ec7871b2e,chapter_boundary_or_shift,1:1,Ps.137.6,Ps.138.6,accepted,high
uk5-1fcefad9fb32e5968e64,chapter_boundary_or_shift,1:1,Ps.137.7,Ps.138.7,accepted,high
uk5-3424178d8d4f75bc3772,chapter_boundary_or_shift,1:1,Ps.137.8,Ps.138.8,accepted,high
uk5-3c2bd73cdca855df2d2d,chapter_boundary_or_shift,1:1,Ps.138.1,Ps.139.1,accepted,high
uk5-c68bc7a1b98218e92bed,chapter_boundary_or_shift,1:1,Ps.138.2,Ps.139.2,accepted,high
uk5-70dd737a38b491a2f329,chapter_boundary_or_shift,1:1,Ps.138.3,Ps.139.3,accepted,high
uk5-aae017e7b1a2cd3c5318,chapter_boundary_or_shift,1:1,Ps.138.4,Ps.139.4,accepted,high
uk5-34da4636b0325d1c4cf1,chapter_boundary_or_shift,1:1,Ps.138.5,Ps.139.5,accepted,high
uk5-d3a7e69bf1738363cf96,chapter_boundary_or_shift,1:1,Ps.138.6,Ps.139.6,accepted,high
uk5-700d4e9eb7e1c69f03e8,chapter_boundary_or_shift,1:1,Ps.138.7,Ps.139.7,accepted,high
uk5-b7ca39569b7bd330840a,chapter_boundary_or_shift,1:1,Ps.138.8,Ps.139.8,accepted,high
uk5-ab4b04ec29026243498f,chapter_boundary_or_shift,1:1,Ps.138.9,Ps.139.9,accepted,high
uk5-d5eff2065cd74e9ac84f,chapter_boundary_or_shift,1:1,Ps.138.10,Ps.139.10,accepted,high
uk5-efc60deae573f9327a25,chapter_boundary_or_shift,1:1,Ps.138.11,Ps.139.11,accepted,high
uk5-467cd6e6baec183f6a22,chapter_boundary_or_shift,1:1,Ps.138.12,Ps.139.12,accepted,high
uk5-b751a10ed4e8338ccaad,chapter_boundary_or_shift,1:1,Ps.138.13,Ps.139.13,accepted,high
uk5-e76c113f2d366c3eaa30,chapter_boundary_or_shift,1:1,Ps.138.14,Ps.139.14,accepted,high
uk5-72c80100c16580af4f27,chapter_boundary_or_shift,1:1,Ps.138.15,Ps.139.15,accepted,high
uk5-321084178f36ba2ad506,chapter_boundary_or_shift,1:1,Ps.138.16,Ps.139.16,accepted,high
uk5-122e13a31247e4641956,chapter_boundary_or_shift,1:1,Ps.138.17,Ps.139.17,accepted,high
uk5-f90d215375526a081921,chapter_boundary_or_shift,1:1,Ps.138.18,Ps.139.18,accepted,high
uk5-5b30a1d5d8f730cb56c7,chapter_boundary_or_shift,1:1,Ps.138.19,Ps.139.19,accepted,high
uk5-dc5e60df4cfdffaf3ec8,chapter_boundary_or_shift,1:1,Ps.138.20,Ps.139.20,accepted,high
uk5-0570a332575c4e693cb5,chapter_boundary_or_shift,1:1,Ps.138.21,Ps.139.21,accepted,high
uk5-76b0b148a49bc34ad97e,chapter_boundary_or_shift,1:1,Ps.138.22,Ps.139.22,accepted,high
uk5-e634ab3853ea5e0f5259,chapter_boundary_or_shift,1:1,Ps.138.23,Ps.139.23,accepted,high
uk5-9dcf087b666d1792f2d7,chapter_boundary_or_shift,1:1,Ps.138.24,Ps.139.24,accepted,high
uk5-391b4f2b3e02e6fd088e,merge;chapter_boundary_or_shift;superscription,merge,Ps.139.1;Ps.139.2,Ps.140.1,accepted,high
uk5-a907cfa5ca9c01648cf6,chapter_boundary_or_shift,1:1,Ps.139.3,Ps.140.2,accepted,high
uk5-eaa168bfe49efc200b5c,chapter_boundary_or_shift,1:1,Ps.139.4,Ps.140.3,accepted,high
uk5-3e40e8c7b5d120581869,chapter_boundary_or_shift,1:1,Ps.139.5,Ps.140.4,accepted,high
uk5-6c068e6e4a378ca177bf,chapter_boundary_or_shift,1:1,Ps.139.6,Ps.140.5,accepted,high
uk5-41cbe9eff1945292ac2e,chapter_boundary_or_shift,1:1,Ps.139.7,Ps.140.6,accepted,high
uk5-0fced8c0dcd12f5eb551,chapter_boundary_or_shift,1:1,Ps.139.8,Ps.140.7,accepted,high
uk5-6f5737b0cf25eaf23aa7,chapter_boundary_or_shift,1:1,Ps.139.9,Ps.140.8,accepted,high
uk5-5757b883691079b0666a,chapter_boundary_or_shift,1:1,Ps.139.10,Ps.140.9,accepted,high
uk5-ebb9f90308e1964fb872,chapter_boundary_or_shift,1:1,Ps.139.11,Ps.140.10,accepted,high
uk5-a5c6a81f472aa1709328,chapter_boundary_or_shift,1:1,Ps.139.12,Ps.140.11,accepted,high
uk5-32091f915bac96209354,chapter_boundary_or_shift,1:1,Ps.139.13,Ps.140.12,accepted,high
uk5-04c853f564f7c8d963fc,chapter_boundary_or_shift,1:1,Ps.139.14,Ps.140.13,accepted,high
uk5-d6277ba630d82532fafa,chapter_boundary_or_shift,1:1,Ps.140.1,Ps.141.1,accepted,high
uk5-452816bbda56d49c5603,chapter_boundary_or_shift,1:1,Ps.140.2,Ps.141.2,accepted,high
uk5-8fd8c2a2f8e45d70a4e3,chapter_boundary_or_shift,1:1,Ps.140.3,Ps.141.3,accepted,high
uk5-b2502824ab328f1d7cdf,chapter_boundary_or_shift,1:1,Ps.140.4,Ps.141.4,accepted,high
uk5-3cf9e6df7495ade1ca3c,chapter_boundary_or_shift,1:1,Ps.140.5,Ps.141.5,accepted,high
uk5-29725dccbc7734bf8809,chapter_boundary_or_shift,1:1,Ps.140.6,Ps.141.6,accepted,high
uk5-1e8723a6a8a27a6ef399,chapter_boundary_or_shift,1:1,Ps.140.7,Ps.141.7,accepted,high
uk5-ced861c525998260f4cd,chapter_boundary_or_shift,1:1,Ps.140.8,Ps.141.8,accepted,high
uk5-9c9923b5852dd82b6255,chapter_boundary_or_shift,1:1,Ps.140.9,Ps.141.9,accepted,high
uk5-05d3cb1c18d2aabd2319,chapter_boundary_or_shift,1:1,Ps.140.10,Ps.141.10,accepted,high
uk5-b88d07daf944036734b5,merge;chapter_boundary_or_shift;superscription,merge,Ps.141.1;Ps.141.2,Ps.142.1,accepted,high
uk5-4588795dbc7072cd42c4,chapter_boundary_or_shift,1:1,Ps.141.3,Ps.142.2,accepted,high
uk5-76a88a3f310374564079,chapter_boundary_or_shift,1:1,Ps.141.4,Ps.142.3,accepted,high
uk5-ac7a3698f4101444c19c,chapter_boundary_or_shift,1:1,Ps.141.5,Ps.142.4,accepted,high
uk5-33d0d0337909053a9401,chapter_boundary_or_shift,1:1,Ps.141.6,Ps.142.5,accepted,high
uk5-eea7d63e1faa4341a524,chapter_boundary_or_shift,1:1,Ps.141.7,Ps.142.6,accepted,high
uk5-09bc6e41427d7d9e8d53,chapter_boundary_or_shift,1:1,Ps.141.8,Ps.142.7,accepted,high
uk5-a4f0a04d679fbacf8898,chapter_boundary_or_shift,1:1,Ps.142.1,Ps.143.1,accepted,high
uk5-6baa51b225afd6b99878,chapter_boundary_or_shift,1:1,Ps.142.2,Ps.143.2,accepted,high
uk5-5ea6ecd6767ec4ef4d12,chapter_boundary_or_shift,1:1,Ps.142.3,Ps.143.3,accepted,high
uk5-c74f958476d67fc9c284,chapter_boundary_or_shift,1:1,Ps.142.4,Ps.143.4,accepted,high
uk5-fda56334a446aaf8bc27,chapter_boundary_or_shift,1:1,Ps.142.5,Ps.143.5,accepted,high
uk5-fe7123e42a15524eb013,chapter_boundary_or_shift,1:1,Ps.142.6,Ps.143.6,accepted,high
uk5-519efba5b29be0b75c9f,chapter_boundary_or_shift,1:1,Ps.142.7,Ps.143.7,accepted,high
uk5-2f68aea94138f3ae94f2,chapter_boundary_or_shift,1:1,Ps.142.8,Ps.143.8,accepted,high
uk5-60e35227524f23600aa0,chapter_boundary_or_shift,1:1,Ps.142.9,Ps.143.9,accepted,high
uk5-4b503b0b89a0aaec65af,chapter_boundary_or_shift,1:1,Ps.142.10,Ps.143.10,accepted,high
uk5-96d83c063173a86cacb6,chapter_boundary_or_shift,1:1,Ps.142.11,Ps.143.11,accepted,high
uk5-0e9d5c482da1629f8946,chapter_boundary_or_shift,1:1,Ps.142.12,Ps.143.12,accepted,high
uk5-49439af9bab5e4448625,chapter_boundary_or_shift,1:1,Ps.143.1,Ps.144.1,accepted,high
uk5-48723bbabbd3a317ac4e,chapter_boundary_or_shift,1:1,Ps.143.2,Ps.144.2,accepted,high
uk5-16103cc829879514efdf,chapter_boundary_or_shift,1:1,Ps.143.3,Ps.144.3,accepted,high
uk5-16979d0828b20f0dfb55,chapter_boundary_or_shift,1:1,Ps.143.4,Ps.144.4,accepted,high
uk5-8cf619a239da7cbcaa62,chapter_boundary_or_shift,1:1,Ps.143.5,Ps.144.5,accepted,high
uk5-b170c840fdf429b58c4a,chapter_boundary_or_shift,1:1,Ps.143.6,Ps.144.6,accepted,high
uk5-e26ed6a5600d4304deef,chapter_boundary_or_shift,1:1,Ps.143.7,Ps.144.7,accepted,high
uk5-4150a0f45349bed47e22,chapter_boundary_or_shift,1:1,Ps.143.8,Ps.144.8,accepted,high
uk5-0bebf6961c49b9845a65,chapter_boundary_or_shift,1:1,Ps.143.9,Ps.144.9,accepted,high
uk5-2919b768f1275624ceb9,chapter_boundary_or_shift,1:1,Ps.143.10,Ps.144.10,accepted,high
uk5-0a5ee6fbc91608defe26,chapter_boundary_or_shift,1:1,Ps.143.11,Ps.144.11,accepted,high
uk5-1afa828bbec68cddbc57,chapter_boundary_or_shift,1:1,Ps.143.12,Ps.144.12,accepted,high
uk5-fb2981bc71ea95b70377,chapter_boundary_or_shift,1:1,Ps.143.13,Ps.144.13,accepted,high
uk5-daf19536615adc19d001,chapter_boundary_or_shift,1:1,Ps.143.14,Ps.144.14,accepted,high
uk5-839c91d4b4428b8026c5,chapter_boundary_or_shift,1:1,Ps.143.15,Ps.144.15,accepted,high
uk5-20a143f5af72915c4439,chapter_boundary_or_shift,1:1,Ps.144.1,Ps.145.1,accepted,high
uk5-b855c5575cf0df16b325,chapter_boundary_or_shift,1:1,Ps.144.2,Ps.145.2,accepted,high
uk5-f9ccd921b29ef7e3334b,chapter_boundary_or_shift,1:1,Ps.144.3,Ps.145.3,accepted,high
uk5-1ca20e16cdce85d096cd,chapter_boundary_or_shift,1:1,Ps.144.4,Ps.145.4,accepted,high
uk5-156a0961de358aabfb57,chapter_boundary_or_shift,1:1,Ps.144.5,Ps.145.5,accepted,high
uk5-f9ffd222f849081685cf,chapter_boundary_or_shift,1:1,Ps.144.6,Ps.145.6,accepted,high
uk5-406266fdbe3a82b3a636,chapter_boundary_or_shift,1:1,Ps.144.7,Ps.145.7,accepted,high
uk5-93bde3718b391eef409c,chapter_boundary_or_shift,1:1,Ps.144.8,Ps.145.8,accepted,high
uk5-4b54bbfeb0bc6118091e,chapter_boundary_or_shift,1:1,Ps.144.9,Ps.145.9,accepted,high
uk5-b6832bbf74413c778dda,chapter_boundary_or_shift,1:1,Ps.144.10,Ps.145.10,accepted,high
uk5-098ae90c1f054993e0cc,chapter_boundary_or_shift,1:1,Ps.144.11,Ps.145.11,accepted,high
uk5-59efd78fe1887ee3c9f3,chapter_boundary_or_shift,1:1,Ps.144.12,Ps.145.12,accepted,high
uk5-7e4b62da058363a40a2a,chapter_boundary_or_shift,1:1,Ps.144.13,Ps.145.13,accepted,high
uk5-f60380d54f021c0e223a,chapter_boundary_or_shift,1:1,Ps.144.14,Ps.145.14,accepted,high
uk5-9770247d3ca498da65e9,chapter_boundary_or_shift,1:1,Ps.144.15,Ps.145.15,accepted,high
uk5-85bb376288eccb3f9b17,chapter_boundary_or_shift,1:1,Ps.144.16,Ps.145.16,accepted,high
uk5-19f8600b39259b75108b,chapter_boundary_or_shift,1:1,Ps.144.17,Ps.145.17,accepted,high
uk5-bf59bbe0eb20efe02109,chapter_boundary_or_shift,1:1,Ps.144.18,Ps.145.18,accepted,high
uk5-0da76d57263e14aa7e60,chapter_boundary_or_shift,1:1,Ps.144.19,Ps.145.19,accepted,high
uk5-68cc1695c9d8e0f17486,chapter_boundary_or_shift,1:1,Ps.144.20,Ps.145.20,accepted,high
uk5-83aae86d4fa13f6cd286,chapter_boundary_or_shift,1:1,Ps.144.21,Ps.145.21,accepted,high
uk5-c6d9f51b325eaf353b42,chapter_boundary_or_shift,1:1,Ps.145.1,Ps.146.1,accepted,high
uk5-ea53ccabb2ebdabffb15,chapter_boundary_or_shift,1:1,Ps.145.2,Ps.146.2,accepted,high
uk5-72b7d7fb8136fe20d3d1,chapter_boundary_or_shift,1:1,Ps.145.3,Ps.146.3,accepted,high
uk5-d2569a1958a318aa2fb4,chapter_boundary_or_shift,1:1,Ps.145.4,Ps.146.4,accepted,high
uk5-64853604de6d956eb72c,chapter_boundary_or_shift,1:1,Ps.145.5,Ps.146.5,accepted,high
uk5-ff40d561e8e44220645f,chapter_boundary_or_shift,1:1,Ps.145.6,Ps.146.6,accepted,high
uk5-b3b0d0f02525a3d9d2e1,chapter_boundary_or_shift,1:1,Ps.145.7,Ps.146.7,accepted,high
uk5-15c7b0a15fec234878df,chapter_boundary_or_shift,1:1,Ps.145.8,Ps.146.8,accepted,high
uk5-0e5a73f18da4f183ac8e,chapter_boundary_or_shift,1:1,Ps.145.9,Ps.146.9,accepted,high
uk5-5a11362e50a611bdc0bb,chapter_boundary_or_shift,1:1,Ps.145.10,Ps.146.10,accepted,high
uk5-489f73b7e846627fd3ae,chapter_boundary_or_shift,1:1,Ps.146.1,Ps.147.1,accepted,high
uk5-ad9610560fc64d75c938,chapter_boundary_or_shift,1:1,Ps.146.2,Ps.147.2,accepted,high
uk5-dbb305f30e4f06f4d096,chapter_boundary_or_shift,1:1,Ps.146.3,Ps.147.3,accepted,high
uk5-9dafa9b45a4e1d9175b5,chapter_boundary_or_shift,1:1,Ps.146.4,Ps.147.4,accepted,high
uk5-ed1427bdc666af286361,chapter_boundary_or_shift,1:1,Ps.146.5,Ps.147.5,accepted,high
uk5-eb4fd42a019df91a51e7,chapter_boundary_or_shift,1:1,Ps.146.6,Ps.147.6,accepted,high
uk5-90330eb704fb9a33364b,chapter_boundary_or_shift,1:1,Ps.146.7,Ps.147.7,accepted,high
uk5-dd3122878eb313e5ef41,chapter_boundary_or_shift,1:1,Ps.146.8,Ps.147.8,accepted,high
uk5-5cd7131686eafa15d4f7,chapter_boundary_or_shift,1:1,Ps.146.9,Ps.147.9,accepted,high
uk5-fa0de0ff9f0bcd405e5c,chapter_boundary_or_shift,1:1,Ps.146.10,Ps.147.10,accepted,high
uk5-b185c73715372bc135dc,chapter_boundary_or_shift,1:1,Ps.146.11,Ps.147.11,accepted,high
uk5-508537ceb65afac420cb,verse_shift,1:1,Ps.147.1,Ps.147.12,accepted,high
uk5-5c48d33b189854344b1d,verse_shift,1:1,Ps.147.2,Ps.147.13,accepted,high
uk5-0c67f5b3840fac37a3be,verse_shift,1:1,Ps.147.3,Ps.147.14,accepted,high
uk5-20d45d4e8c57a6717244,verse_shift,1:1,Ps.147.4,Ps.147.15,accepted,high
uk5-9752fbedb10b7024f9da,verse_shift,1:1,Ps.147.5,Ps.147.16,accepted,high
uk5-76d109b1a24273febf8b,verse_shift,1:1,Ps.147.6,Ps.147.17,accepted,high
uk5-7139e9d0d75c7ccca6b8,verse_shift,1:1,Ps.147.7,Ps.147.18,accepted,high
uk5-93518672f671176a6a34,verse_shift,1:1,Ps.147.8,Ps.147.19,accepted,high
uk5-2eb1f24b7d61cd3189b8,verse_shift,1:1,Ps.147.9,Ps.147.20,accepted,high
uk5-5ea012b99388cd7221c4,source_context_correction,1:1,Ps.149.4,Ps.149.4,accepted,high
uk5-30c00e0395bc03f389be,source_context_correction,1:1,Ps.149.5,Ps.149.5,accepted,high
uk5-53907207dfb11716ac19,source_context_correction,1:1,Ps.149.6,Ps.149.6,accepted,high
uk5-17389b75f47594b752e9,source_context_correction,1:1,Ps.149.7,Ps.149.7,accepted,high
uk5-613352d2b001e5ce49c9,source_context_correction,1:1,Ps.149.8,Ps.149.8,accepted,high
uk5-a352fc4492d304988393,source_context_correction,1:1,Ps.149.9,Ps.149.9,accepted,high
uk5-eb46e96033f64840ff0b,source_context_correction,1:1,Ps.150.1,Ps.150.1,accepted,high
uk5-bb5a538e2c12b2525599,source_context_correction,1:1,Ps.150.2,Ps.150.2,accepted,high
uk5-2fa0b9452a0d3b2273bc,source_context_correction,1:1,Ps.150.3,Ps.150.3,accepted,high
uk5-2f1b83aa9eec578bffe6,source_context_correction,1:1,Ps.150.4,Ps.150.4,accepted,high
uk5-41a2ac583a3f3c1e83be,source_context_correction,1:1,Ps.150.5,Ps.150.5,accepted,high
uk5-67b457429b67dcf96fe2,source_context_correction,1:1,Ps.150.6,Ps.150.6,accepted,high
uk5-a48b442f2b4c4a6a0b2a,chapter_boundary_or_shift;neighbor_better_manual_review,1:1,Eccl.4.17,Eccl.5.1,accepted,high
uk5-399d49c752803eb744f3,verse_shift;neighbor_better_manual_review,1:1,Eccl.5.1,Eccl.5.2,accepted,high
uk5-60ec74f0a540cd4f60fc,verse_shift;neighbor_better_manual_review,1:1,Eccl.5.2,Eccl.5.3,accepted,high
uk5-7475963668717f275efd,verse_shift;neighbor_better_manual_review,1:1,Eccl.5.3,Eccl.5.4,accepted,high
uk5-5a85cde002429afab6fd,verse_shift;neighbor_better_manual_review,1:1,Eccl.5.4,Eccl.5.5,accepted,high
uk5-348abc3b0e7527e8e9e4,verse_shift;neighbor_better_manual_review,1:1,Eccl.5.5,Eccl.5.6,accepted,high
uk5-5014bc275c6d1e2d5c21,verse_shift;neighbor_better_manual_review,1:1,Eccl.5.6,Eccl.5.7,accepted,high
uk5-ee71035ef1e37a4e5ca4,verse_shift;neighbor_better_manual_review,1:1,Eccl.5.7,Eccl.5.8,accepted,high
uk5-3c0f3de6a4fbd13f8596,verse_shift;neighbor_better_manual_review,1:1,Eccl.5.8,Eccl.5.9,accepted,high
uk5-f8d19d404e3763034d3f,verse_shift;neighbor_better_manual_review,1:1,Eccl.5.9,Eccl.5.10,accepted,high
uk5-07b4ccf8551a9116fbcb,verse_shift;neighbor_better_manual_review,1:1,Eccl.5.10,Eccl.5.11,accepted,high
uk5-7dad8c1116bb73f1b4f1,verse_shift;neighbor_better_manual_review,1:1,Eccl.5.11,Eccl.5.12,accepted,high
uk5-93809787c4276bbbc951,verse_shift;neighbor_better_manual_review,1:1,Eccl.5.12,Eccl.5.13,accepted,high
uk5-b0daa9ccf7238eb1510c,verse_shift;neighbor_better_manual_review,1:1,Eccl.5.13,Eccl.5.14,accepted,high
uk5-64567d4c97fac3045692,verse_shift;neighbor_better_manual_review,1:1,Eccl.5.14,Eccl.5.15,accepted,high
uk5-64479f78c589962c297b,verse_shift;neighbor_better_manual_review,1:1,Eccl.5.15,Eccl.5.16,accepted,high
uk5-06cf52b799734370e15e,verse_shift;neighbor_better_manual_review,1:1,Eccl.5.16,Eccl.5.17,accepted,high
uk5-b21841a7bc30fa45bfd5,verse_shift;neighbor_better_manual_review,1:1,Eccl.5.17,Eccl.5.18,accepted,high
uk5-26c58d7a012a600edb97,verse_shift;neighbor_better_manual_review,1:1,Eccl.5.18,Eccl.5.19,accepted,high
uk5-490f9b47c7945fc11c4d,verse_shift,1:1,Eccl.5.19,Eccl.5.20,accepted,high
uk5-bdfb9ff39794c4268392,chapter_boundary_or_shift,1:1,Song.7.1,Song.6.13,accepted,high
uk5-630b1fe76c70319f9961,verse_shift;neighbor_better_manual_review,1:1,Song.7.2,Song.7.1,accepted,high
uk5-30f1da137ec9809582da,verse_shift;neighbor_better_manual_review,1:1,Song.7.3,Song.7.2,accepted,high
uk5-62197f2cf67c49033e04,verse_shift;neighbor_better_manual_review,1:1,Song.7.4,Song.7.3,accepted,high
uk5-a5b9dee7ebfcaa7afcb4,verse_shift;neighbor_better_manual_review,1:1,Song.7.5,Song.7.4,accepted,high
uk5-c26f6d0e07070b83d067,verse_shift;neighbor_better_manual_review,1:1,Song.7.6,Song.7.5,accepted,high
uk5-7571e22fce9ed90d194e,verse_shift;neighbor_better_manual_review,1:1,Song.7.7,Song.7.6,accepted,high
uk5-e83b7f364fec4a2e4b00,verse_shift;neighbor_better_manual_review,1:1,Song.7.8,Song.7.7,accepted,high
uk5-480be406e4e58c115e3c,verse_shift;neighbor_better_manual_review,1:1,Song.7.9,Song.7.8,accepted,high
uk5-308c0db9c1273a11b97e,verse_shift;neighbor_better_manual_review,1:1,Song.7.10,Song.7.9,accepted,high
uk5-596367630d0a467be8b1,verse_shift;neighbor_better_manual_review,1:1,Song.7.11,Song.7.10,accepted,high
uk5-0ecf6703bb20236a4d57,verse_shift;neighbor_better_manual_review,1:1,Song.7.12,Song.7.11,accepted,high
uk5-f9a774e9c86dca1b1aa8,verse_shift;neighbor_better_manual_review,1:1,Song.7.13,Song.7.12,accepted,high
uk5-561064c762bdce33b350,verse_shift;neighbor_better_manual_review,1:1,Song.7.14,Song.7.13,accepted,high
uk5-f9003dbba708cc469ec8,chapter_boundary_or_shift;neighbor_better_manual_review,1:1,Isa.8.23,Isa.9.1,accepted,high
uk5-1fc00150007403c16530,verse_shift;neighbor_better_manual_review,1:1,Isa.9.1,Isa.9.2,accepted,high
uk5-d2d932089f78298d610c,verse_shift;neighbor_better_manual_review,1:1,Isa.9.2,Isa.9.3,accepted,high
uk5-adefede950aac6b621f4,verse_shift;neighbor_better_manual_review,1:1,Isa.9.3,Isa.9.4,accepted,high
uk5-31bf7b25f7312552846a,verse_shift;neighbor_better_manual_review,1:1,Isa.9.4,Isa.9.5,accepted,high
uk5-7551c4fff0945aabc114,verse_shift;neighbor_better_manual_review,1:1,Isa.9.5,Isa.9.6,accepted,high
uk5-487470009afdcb1b8bd0,verse_shift;neighbor_better_manual_review,1:1,Isa.9.6,Isa.9.7,accepted,high
uk5-546a645a1358dc584484,verse_shift;neighbor_better_manual_review,1:1,Isa.9.7,Isa.9.8,accepted,high
uk5-36d11ef0ec3aee6e545d,verse_shift;neighbor_better_manual_review,1:1,Isa.9.8,Isa.9.9,accepted,high
uk5-9e552f9ee73572337f6e,verse_shift;neighbor_better_manual_review,1:1,Isa.9.9,Isa.9.10,accepted,high
uk5-3d9b3b3ed2151f6e2360,verse_shift;neighbor_better_manual_review,1:1,Isa.9.10,Isa.9.11,accepted,high
uk5-9b7c5008e186fd136eda,verse_shift;neighbor_better_manual_review,1:1,Isa.9.11,Isa.9.12,accepted,high
uk5-1b14baa554d25452bba9,verse_shift;neighbor_better_manual_review,1:1,Isa.9.12,Isa.9.13,accepted,high
uk5-9415773fb170e6e35fb9,verse_shift;neighbor_better_manual_review,1:1,Isa.9.13,Isa.9.14,accepted,high
uk5-fb044f69f9ee4c8da52e,verse_shift;neighbor_better_manual_review,1:1,Isa.9.14,Isa.9.15,accepted,high
uk5-1a0ff1aa40b54d4670de,verse_shift;neighbor_better_manual_review,1:1,Isa.9.15,Isa.9.16,accepted,high
uk5-f76f6022e8bb2c729123,verse_shift;neighbor_better_manual_review,1:1,Isa.9.16,Isa.9.17,accepted,high
uk5-6fe0411e83efc3160565,verse_shift;neighbor_better_manual_review,1:1,Isa.9.17,Isa.9.18,accepted,high
uk5-73662c4b17a9266701fd,verse_shift;neighbor_better_manual_review,1:1,Isa.9.18,Isa.9.19,accepted,high
uk5-df2757b380018def3734,verse_shift;neighbor_better_manual_review,1:1,Isa.9.19,Isa.9.20,accepted,high
uk5-686b35f3d3fdac91e6a5,verse_shift,1:1,Isa.9.20,Isa.9.21,accepted,high
uk5-71206c8555ea1eba7b0a,source_context_correction,1:1,Jer.5.31,Jer.5.31,accepted,high
uk5-b1297f271df9cb96e490,chapter_boundary_or_shift;neighbor_better_manual_review,1:1,Jer.8.23,Jer.9.1,accepted,high
uk5-bb7be40b9ed0eacb9f26,verse_shift;neighbor_better_manual_review,1:1,Jer.9.1,Jer.9.2,accepted,high
uk5-3691021fa03dcb42671e,verse_shift;neighbor_better_manual_review,1:1,Jer.9.2,Jer.9.3,accepted,high
uk5-b8492e269ce8a8e0ec38,verse_shift;neighbor_better_manual_review,1:1,Jer.9.3,Jer.9.4,accepted,high
uk5-da92273a5fc8b0807f9a,verse_shift;neighbor_better_manual_review,1:1,Jer.9.4,Jer.9.5,accepted,high
uk5-3cc09cf21913b6d64aec,verse_shift;neighbor_better_manual_review,1:1,Jer.9.5,Jer.9.6,accepted,high
uk5-4f7e585b9c83d209de11,verse_shift;neighbor_better_manual_review,1:1,Jer.9.6,Jer.9.7,accepted,high
uk5-3844733ebf1c357038ba,verse_shift;neighbor_better_manual_review,1:1,Jer.9.7,Jer.9.8,accepted,high
uk5-c11d16eb95ad5b9dd1e2,verse_shift;neighbor_better_manual_review,1:1,Jer.9.8,Jer.9.9,accepted,high
uk5-e5a6214ec2cc76020a4a,verse_shift;neighbor_better_manual_review,1:1,Jer.9.9,Jer.9.10,accepted,high
uk5-145e981972b796ff802d,verse_shift;neighbor_better_manual_review,1:1,Jer.9.10,Jer.9.11,accepted,high
uk5-ab7ee5cbd259227ee0b4,verse_shift;neighbor_better_manual_review,1:1,Jer.9.11,Jer.9.12,accepted,high
uk5-e564de80500c134dde5f,verse_shift;neighbor_better_manual_review,1:1,Jer.9.12,Jer.9.13,accepted,high
uk5-4d51569ae4e37ce61ae9,verse_shift;neighbor_better_manual_review,1:1,Jer.9.13,Jer.9.14,accepted,high
uk5-f69c24d5eeb546f31df5,verse_shift;neighbor_better_manual_review,1:1,Jer.9.14,Jer.9.15,accepted,high
uk5-49321cac37c23f62d94a,verse_shift;neighbor_better_manual_review,1:1,Jer.9.15,Jer.9.16,accepted,high
uk5-0dcd5f63514e4e7d7369,verse_shift;neighbor_better_manual_review,1:1,Jer.9.16,Jer.9.17,accepted,high
uk5-62884f77d5bd231ec799,verse_shift;neighbor_better_manual_review,1:1,Jer.9.17,Jer.9.18,accepted,high
uk5-88177e7b611d7b59f3ce,verse_shift;neighbor_better_manual_review,1:1,Jer.9.18,Jer.9.19,accepted,high
uk5-d7d79950668733d7e9e2,verse_shift;neighbor_better_manual_review,1:1,Jer.9.19,Jer.9.20,accepted,high
uk5-bacfc05c1bff06607de7,verse_shift;neighbor_better_manual_review,1:1,Jer.9.20,Jer.9.21,accepted,high
uk5-dec43005a54902840b92,verse_shift;neighbor_better_manual_review,1:1,Jer.9.21,Jer.9.22,accepted,high
uk5-398512cbc65747c66042,verse_shift;neighbor_better_manual_review,1:1,Jer.9.22,Jer.9.23,accepted,high
uk5-9a2f8a12b9236d74c86a,verse_shift;neighbor_better_manual_review,1:1,Jer.9.23,Jer.9.24,accepted,high
uk5-a0324137f739aad2653d,verse_shift;neighbor_better_manual_review,1:1,Jer.9.24,Jer.9.25,accepted,high
uk5-d8c06992b44fcaa4d0a4,verse_shift,1:1,Jer.9.25,Jer.9.26,accepted,high
uk5-4f5654d66f60fbf0d217,chapter_boundary_or_shift,1:1,Ezek.21.1,Ezek.20.45,accepted,high
uk5-c7bf489c123ac296f010,chapter_boundary_or_shift,1:1,Ezek.21.2,Ezek.20.46,accepted,high
uk5-084be6ea51c16b63ae8f,chapter_boundary_or_shift,1:1,Ezek.21.3,Ezek.20.47,accepted,high
uk5-fe1270b01d26a5d22a9a,chapter_boundary_or_shift,1:1,Ezek.21.4,Ezek.20.48,accepted,high
uk5-96ecf6c318920c834d0a,chapter_boundary_or_shift,1:1,Ezek.21.5,Ezek.20.49,accepted,high
uk5-4a37fef307c7f4e6bf89,verse_shift,1:1,Ezek.21.6,Ezek.21.1,accepted,high
uk5-23e9f89532888cfeb77c,verse_shift,1:1,Ezek.21.7,Ezek.21.2,accepted,high
uk5-940823b9c5e843726e01,verse_shift,1:1,Ezek.21.8,Ezek.21.3,accepted,high
uk5-4bb8bbda91f7d9d824fc,verse_shift,1:1,Ezek.21.9,Ezek.21.4,accepted,high
uk5-86c4d18c03ead42e92ef,verse_shift,1:1,Ezek.21.10,Ezek.21.5,accepted,high
uk5-819ab825f0fc4a332a97,verse_shift,1:1,Ezek.21.11,Ezek.21.6,accepted,high
uk5-2481ffc08100ab28d4e6,verse_shift,1:1,Ezek.21.12,Ezek.21.7,accepted,high
uk5-3d9b5b6d2cd83be58289,verse_shift,1:1,Ezek.21.13,Ezek.21.8,accepted,high
uk5-1adc598eade266c8a9a7,verse_shift,1:1,Ezek.21.14,Ezek.21.9,accepted,high
uk5-960f2284a76e88b4d30d,verse_shift,1:1,Ezek.21.15,Ezek.21.10,accepted,high
uk5-fd9382836d9269f62917,verse_shift,1:1,Ezek.21.16,Ezek.21.11,accepted,high
uk5-100b8b5dbb38f0035eca,verse_shift,1:1,Ezek.21.17,Ezek.21.12,accepted,high
uk5-5ded446ec7d84f7e8004,verse_shift,1:1,Ezek.21.18,Ezek.21.13,accepted,high
uk5-1ad7bdaf4c2060906998,verse_shift,1:1,Ezek.21.19,Ezek.21.14,accepted,high
uk5-a59eee812d8323574ea2,verse_shift,1:1,Ezek.21.20,Ezek.21.15,accepted,high
uk5-ed5679a03dc1b48b9f49,verse_shift,1:1,Ezek.21.21,Ezek.21.16,accepted,high
uk5-d254ae3ae0c432965c23,verse_shift,1:1,Ezek.21.22,Ezek.21.17,accepted,high
uk5-db6cfecc9394e5852940,verse_shift,1:1,Ezek.21.23,Ezek.21.18,accepted,high
uk5-1a0d007c480a5032ae85,verse_shift,1:1,Ezek.21.24,Ezek.21.19,accepted,high
uk5-ef09ee7926f3b15133e9,verse_shift,1:1,Ezek.21.25,Ezek.21.20,accepted,high
uk5-d0c71153d570f1cfbd8d,verse_shift,1:1,Ezek.21.26,Ezek.21.21,accepted,high
uk5-5c933dfd686d18b6f19c,verse_shift,1:1,Ezek.21.27,Ezek.21.22,accepted,high
uk5-30376a3910c343db5875,verse_shift,1:1,Ezek.21.28,Ezek.21.23,accepted,high
uk5-aebd4210cc3a61857d5f,verse_shift,1:1,Ezek.21.29,Ezek.21.24,accepted,high
uk5-d8be3da472146d91daba,verse_shift,1:1,Ezek.21.30,Ezek.21.25,accepted,high
uk5-0e88737b978150811fa1,verse_shift,1:1,Ezek.21.31,Ezek.21.26,accepted,high
uk5-db0f25b9e5b54f5bd073,verse_shift,1:1,Ezek.21.32,Ezek.21.27,accepted,high
uk5-829602e40fd96f62e0a0,verse_shift,1:1,Ezek.21.33,Ezek.21.28,accepted,high
uk5-0ed5b12bc10a5d22d9f2,verse_shift,1:1,Ezek.21.34,Ezek.21.29,accepted,high
uk5-eacab519b1590eb5a9d5,verse_shift,1:1,Ezek.21.35,Ezek.21.30,accepted,high
uk5-563ea8740d74caf37e5f,verse_shift,1:1,Ezek.21.36,Ezek.21.31,accepted,high
uk5-5a4f29cd1775adddc393,verse_shift,1:1,Ezek.21.37,Ezek.21.32,accepted,high
uk5-1df28e9bf08e48358286,chapter_boundary_or_shift,1:1,Dan.3.31,Dan.4.1,accepted,high
uk5-9119d7a4400f2bbf24a7,chapter_boundary_or_shift,1:1,Dan.3.32,Dan.4.2,accepted,high
uk5-38dcef83a51c732cc6a2,chapter_boundary_or_shift,1:1,Dan.3.33,Dan.4.3,accepted,high
uk5-f8e5104a473b45c32392,verse_shift,1:1,Dan.4.1,Dan.4.4,accepted,high
uk5-7cce5eaaa7ed1b98a71c,verse_shift,1:1,Dan.4.2,Dan.4.5,accepted,high
uk5-e536c577ece6ae40507f,verse_shift,1:1,Dan.4.3,Dan.4.6,accepted,high
uk5-1154ebea5a60b6468f19,verse_shift,1:1,Dan.4.4,Dan.4.7,accepted,high
uk5-14201963011ba0bd3e84,verse_shift,1:1,Dan.4.5,Dan.4.8,accepted,high
uk5-cb590b0f353d59c182f8,verse_shift,1:1,Dan.4.6,Dan.4.9,accepted,high
uk5-108a4d1505d3aaa436ef,verse_shift,1:1,Dan.4.7,Dan.4.10,accepted,high
uk5-b55bb030b45117cf8d42,verse_shift,1:1,Dan.4.8,Dan.4.11,accepted,high
uk5-fa92124769efbe1a3f4b,verse_shift,1:1,Dan.4.9,Dan.4.12,accepted,high
uk5-63ce4889adcdf68e6f8f,verse_shift,1:1,Dan.4.10,Dan.4.13,accepted,high
uk5-0e8b805c58b8d1a79db1,verse_shift,1:1,Dan.4.11,Dan.4.14,accepted,high
uk5-00df6c31e3df1c2f7ea7,verse_shift,1:1,Dan.4.12,Dan.4.15,accepted,high
uk5-118c3ada0103740e23bf,verse_shift,1:1,Dan.4.13,Dan.4.16,accepted,high
uk5-95106404bcde6953d521,verse_shift,1:1,Dan.4.14,Dan.4.17,accepted,high
uk5-20cbadb56b6c850e622f,verse_shift,1:1,Dan.4.15,Dan.4.18,accepted,high
uk5-ddd684d087e0c47b6fb3,verse_shift,1:1,Dan.4.16,Dan.4.19,accepted,high
uk5-3b3232fdc928fe58343e,verse_shift,1:1,Dan.4.17,Dan.4.20,accepted,high
uk5-a34e1d9fe7e898179084,verse_shift,1:1,Dan.4.18,Dan.4.21,accepted,high
uk5-eea9d375f2d6ee7c5cd6,verse_shift,1:1,Dan.4.19,Dan.4.22,accepted,high
uk5-e47be762e6aad39daced,verse_shift,1:1,Dan.4.20,Dan.4.23,accepted,high
uk5-40e6042279e3eaa7c6f4,verse_shift,1:1,Dan.4.21,Dan.4.24,accepted,high
uk5-0a8265d8415e09f7b17b,verse_shift,1:1,Dan.4.22,Dan.4.25,accepted,high
uk5-c04f191099713e308227,verse_shift,1:1,Dan.4.23,Dan.4.26,accepted,high
uk5-1435b882375b552e190e,verse_shift,1:1,Dan.4.24,Dan.4.27,accepted,high
uk5-d16eace35e3bcf7c4c9b,verse_shift,1:1,Dan.4.25,Dan.4.28,accepted,high
uk5-efb7ac9d11163c81b03a,verse_shift,1:1,Dan.4.26,Dan.4.29,accepted,high
uk5-dd5d86b209f5229b1346,verse_shift,1:1,Dan.4.27,Dan.4.30,accepted,high
uk5-cf00d8894c512a270f56,verse_shift,1:1,Dan.4.28,Dan.4.31,accepted,high
uk5-bea7800e391d7bc796a1,verse_shift,1:1,Dan.4.29,Dan.4.32,accepted,high
uk5-4ec235398b6455222a95,verse_shift,1:1,Dan.4.30,Dan.4.33,accepted,high
uk5-cfa574cff9f8750d87f9,verse_shift,1:1,Dan.4.31,Dan.4.34,accepted,high
uk5-92345c0f4b9b3969cd89,verse_shift,1:1,Dan.4.32,Dan.4.35,accepted,high
uk5-f8f5610d85da5e1dd74f,verse_shift,1:1,Dan.4.33,Dan.4.36,accepted,high
uk5-be35ab9e024641d9db50,verse_shift,1:1,Dan.4.34,Dan.4.37,accepted,high
uk5-b97e63ad5a5664f30b59,chapter_boundary_or_shift,1:1,Dan.6.1,Dan.5.31,accepted,high
uk5-f36796b1a7f64bd9be35,verse_shift;neighbor_better_manual_review,1:1,Dan.6.2,Dan.6.1,accepted,high
uk5-5ec555aceb60deb82fa3,verse_shift;neighbor_better_manual_review,1:1,Dan.6.3,Dan.6.2,accepted,high
uk5-094bd9e63001c1411986,verse_shift;neighbor_better_manual_review,1:1,Dan.6.4,Dan.6.3,accepted,high
uk5-276f544c9b848d29a42d,verse_shift;neighbor_better_manual_review,1:1,Dan.6.5,Dan.6.4,accepted,high
uk5-43fd46bdd4efa5ce807e,verse_shift;neighbor_better_manual_review,1:1,Dan.6.6,Dan.6.5,accepted,high
uk5-b476f44b77348be9fa69,verse_shift;neighbor_better_manual_review,1:1,Dan.6.7,Dan.6.6,accepted,high
uk5-1b03b050b4a4d5c7641f,verse_shift;neighbor_better_manual_review,1:1,Dan.6.8,Dan.6.7,accepted,high
uk5-0ec3b3c1392605195d03,verse_shift;neighbor_better_manual_review,1:1,Dan.6.9,Dan.6.8,accepted,high
uk5-6f5e9cb515fa6adcf04d,verse_shift;neighbor_better_manual_review,1:1,Dan.6.10,Dan.6.9,accepted,high
uk5-4a0f4e1213c555495fd8,verse_shift;neighbor_better_manual_review,1:1,Dan.6.11,Dan.6.10,accepted,high
uk5-c36ba65136d79db4dd49,verse_shift;neighbor_better_manual_review,1:1,Dan.6.12,Dan.6.11,accepted,high
uk5-3af00b5426f30243e101,verse_shift;neighbor_better_manual_review,1:1,Dan.6.13,Dan.6.12,accepted,high
uk5-0145b8d0d63f05062955,verse_shift;neighbor_better_manual_review,1:1,Dan.6.14,Dan.6.13,accepted,high
uk5-1b04199221aeceeb3557,verse_shift;neighbor_better_manual_review,1:1,Dan.6.15,Dan.6.14,accepted,high
uk5-1221e6c7add444ae9060,verse_shift;neighbor_better_manual_review,1:1,Dan.6.16,Dan.6.15,accepted,high
uk5-4c738d88c3612ffd70cf,verse_shift;neighbor_better_manual_review,1:1,Dan.6.17,Dan.6.16,accepted,high
uk5-31fd038a25f5195a415d,verse_shift;neighbor_better_manual_review,1:1,Dan.6.18,Dan.6.17,accepted,high
uk5-8c17b82efd9b18bf2501,verse_shift;neighbor_better_manual_review,1:1,Dan.6.19,Dan.6.18,accepted,high
uk5-9b6fbca70f57337dc62c,verse_shift;neighbor_better_manual_review,1:1,Dan.6.20,Dan.6.19,accepted,high
uk5-bb201e4c6d9f02fec270,verse_shift;neighbor_better_manual_review,1:1,Dan.6.21,Dan.6.20,accepted,high
uk5-65a5faefa063d3fdace6,verse_shift;neighbor_better_manual_review,1:1,Dan.6.22,Dan.6.21,accepted,high
uk5-75f643a6a9236de8c2cf,verse_shift;neighbor_better_manual_review,1:1,Dan.6.23,Dan.6.22,accepted,high
uk5-3195c8c616e0b2c335be,verse_shift;neighbor_better_manual_review,1:1,Dan.6.24,Dan.6.23,accepted,high
uk5-b9a3aa277a695626a8a1,verse_shift;neighbor_better_manual_review,1:1,Dan.6.25,Dan.6.24,accepted,high
uk5-6f8ffb62e90ca7da8673,verse_shift;neighbor_better_manual_review,1:1,Dan.6.26,Dan.6.25,accepted,high
uk5-34d38f4389d4e5550f90,verse_shift;neighbor_better_manual_review,1:1,Dan.6.27,Dan.6.26,accepted,high
uk5-e28d300e3f319ae0ca5d,verse_shift;neighbor_better_manual_review,1:1,Dan.6.28,Dan.6.27,accepted,high
uk5-cf5713629af42f67b64b,verse_shift;neighbor_better_manual_review,1:1,Dan.6.29,Dan.6.28,accepted,high
uk5-bc35af365ebcf4f1c6c2,chapter_boundary_or_shift,1:1,Hos.2.1,Hos.1.10,accepted,high
uk5-1cbcf8c8d93a3f37da87,chapter_boundary_or_shift,1:1,Hos.2.2,Hos.1.11,accepted,high
uk5-bc0b9592153e55ea655f,verse_shift,1:1,Hos.2.3,Hos.2.1,accepted,high
uk5-96b862393279a7b28f9f,verse_shift,1:1,Hos.2.4,Hos.2.2,accepted,high
uk5-3c6298023cfd7563923f,verse_shift,1:1,Hos.2.5,Hos.2.3,accepted,high
uk5-822211aca6e11bd5af0a,verse_shift,1:1,Hos.2.6,Hos.2.4,accepted,high
uk5-38d5e2ea523dde58c14b,verse_shift,1:1,Hos.2.7,Hos.2.5,accepted,high
uk5-50bc0e04318862a08c70,verse_shift,1:1,Hos.2.8,Hos.2.6,accepted,high
uk5-a9b1a550af938ef00154,verse_shift,1:1,Hos.2.9,Hos.2.7,accepted,high
uk5-4e38cedd99d7e227afe7,verse_shift,1:1,Hos.2.10,Hos.2.8,accepted,high
uk5-621ea3a0bdf4e1b9831f,verse_shift,1:1,Hos.2.11,Hos.2.9,accepted,high
uk5-51a1d144a1078fd1175a,verse_shift,1:1,Hos.2.12,Hos.2.10,accepted,high
uk5-9a29c2e1f3ceea2f125c,verse_shift,1:1,Hos.2.13,Hos.2.11,accepted,high
uk5-9db1228307a7c6cca9d1,verse_shift,1:1,Hos.2.14,Hos.2.12,accepted,high
uk5-033ce8ab37c480234fb6,verse_shift,1:1,Hos.2.15,Hos.2.13,accepted,high
uk5-62ec3b297965b72fcff8,verse_shift,1:1,Hos.2.16,Hos.2.14,accepted,high
uk5-04621f17c3b17693246e,verse_shift,1:1,Hos.2.17,Hos.2.15,accepted,high
uk5-9cb3d3a757a15932061e,verse_shift,1:1,Hos.2.18,Hos.2.16,accepted,high
uk5-e988e913c5b03e2f4b67,verse_shift,1:1,Hos.2.19,Hos.2.17,accepted,high
uk5-2cd507ff575be33eafc8,verse_shift,1:1,Hos.2.20,Hos.2.18,accepted,high
uk5-2abdc24f5db4b50163e1,verse_shift,1:1,Hos.2.21,Hos.2.19,accepted,high
uk5-2d10cf491624ef978958,verse_shift,1:1,Hos.2.22,Hos.2.20,accepted,high
uk5-6ed601c4c317a2ac2e2f,verse_shift,1:1,Hos.2.23,Hos.2.21,accepted,high
uk5-6a3abf6ad8776a5ae894,verse_shift,1:1,Hos.2.24,Hos.2.22,accepted,high
uk5-082cffd2cb5648692ff1,verse_shift,1:1,Hos.2.25,Hos.2.23,accepted,high
uk5-8cb773ed7651a394f678,chapter_boundary_or_shift,1:1,Hos.12.1,Hos.11.12,accepted,high
uk5-9942b0db053fe1dbd8d5,verse_shift;neighbor_better_manual_review,1:1,Hos.12.2,Hos.12.1,accepted,high
uk5-4b0ae6bb7d09234dd747,verse_shift;neighbor_better_manual_review,1:1,Hos.12.3,Hos.12.2,accepted,high
uk5-ace33f18455fda578a46,verse_shift;neighbor_better_manual_review,1:1,Hos.12.4,Hos.12.3,accepted,high
uk5-e792c70ddfc70dff4716,verse_shift;neighbor_better_manual_review,1:1,Hos.12.5,Hos.12.4,accepted,high
uk5-72a967b8dee4a22f1e9f,verse_shift;neighbor_better_manual_review,1:1,Hos.12.6,Hos.12.5,accepted,high
uk5-43796e68c64a75b1883c,verse_shift;neighbor_better_manual_review,1:1,Hos.12.7,Hos.12.6,accepted,high
uk5-d121b647a5dcf8d97cbe,verse_shift;neighbor_better_manual_review,1:1,Hos.12.8,Hos.12.7,accepted,high
uk5-8591522615dd02d7dd32,verse_shift;neighbor_better_manual_review,1:1,Hos.12.9,Hos.12.8,accepted,high
uk5-d9cf8fe6b791892b3f6b,verse_shift;neighbor_better_manual_review,1:1,Hos.12.10,Hos.12.9,accepted,high
uk5-6996552a4c2d29a32bed,verse_shift;neighbor_better_manual_review,1:1,Hos.12.11,Hos.12.10,accepted,high
uk5-7dcdaabbb58f2332bb98,verse_shift;neighbor_better_manual_review,1:1,Hos.12.12,Hos.12.11,accepted,high
uk5-1b098b1204cb580fed59,verse_shift;neighbor_better_manual_review,1:1,Hos.12.13,Hos.12.12,accepted,high
uk5-b9e9f56de044a8bac947,verse_shift;neighbor_better_manual_review,1:1,Hos.12.14,Hos.12.13,accepted,high
uk5-758c56701d1529dd08b8,verse_shift;neighbor_better_manual_review,1:1,Hos.12.15,Hos.12.14,accepted,high
uk5-88f331b956e8a6e841a4,chapter_boundary_or_shift,1:1,Hos.14.1,Hos.13.16,accepted,high
uk5-648a8df6cfdc10140dbc,verse_shift;neighbor_better_manual_review,1:1,Hos.14.2,Hos.14.1,accepted,high
uk5-602463679813690e1f9c,verse_shift;neighbor_better_manual_review,1:1,Hos.14.3,Hos.14.2,accepted,high
uk5-44fc0dcaed89da9cd0ec,verse_shift;neighbor_better_manual_review,1:1,Hos.14.4,Hos.14.3,accepted,high
uk5-c28abe731b1e6ae2cb91,verse_shift;neighbor_better_manual_review,1:1,Hos.14.5,Hos.14.4,accepted,high
uk5-8e07d0623122214da5c4,verse_shift;neighbor_better_manual_review,1:1,Hos.14.6,Hos.14.5,accepted,high
uk5-ec541520c1ae06353d9f,verse_shift;neighbor_better_manual_review,1:1,Hos.14.7,Hos.14.6,accepted,high
uk5-5945dcd9f89cfa64f24c,verse_shift;neighbor_better_manual_review,1:1,Hos.14.8,Hos.14.7,accepted,high
uk5-15c6e5b0e40ea3025c04,verse_shift;neighbor_better_manual_review,1:1,Hos.14.9,Hos.14.8,accepted,high
uk5-222c319c03bb7aa9d347,verse_shift;neighbor_better_manual_review,1:1,Hos.14.10,Hos.14.9,accepted,high
uk5-4492bc64cdf83dd29400,chapter_boundary_or_shift,1:1,Joel.3.1,Joel.2.28,accepted,high
uk5-a01b731b934d549c9162,chapter_boundary_or_shift,1:1,Joel.3.2,Joel.2.29,accepted,high
uk5-b6c3ea650908dda70cb1,chapter_boundary_or_shift,1:1,Joel.3.3,Joel.2.30,accepted,high
uk5-7f761092e242c014d135,chapter_boundary_or_shift,1:1,Joel.3.4,Joel.2.31,accepted,high
uk5-c20c8afa85b36e344fb9,chapter_boundary_or_shift,1:1,Joel.3.5,Joel.2.32,accepted,high
uk5-5ec709109ddb6c63ae87,chapter_boundary_or_shift,1:1,Joel.4.1,Joel.3.1,accepted,high
uk5-8483aa669961570e4536,chapter_boundary_or_shift,1:1,Joel.4.2,Joel.3.2,accepted,high
uk5-94013dafb5fa6bdefda7,chapter_boundary_or_shift,1:1,Joel.4.3,Joel.3.3,accepted,high
uk5-e9c369a33d08027293ce,chapter_boundary_or_shift,1:1,Joel.4.4,Joel.3.4,accepted,high
uk5-4996ef50303f028a7ec7,chapter_boundary_or_shift,1:1,Joel.4.5,Joel.3.5,accepted,high
uk5-ca2384a152cd999b32ec,chapter_boundary_or_shift,1:1,Joel.4.6,Joel.3.6,accepted,high
uk5-5214f75199ab54f43f9c,chapter_boundary_or_shift,1:1,Joel.4.7,Joel.3.7,accepted,high
uk5-fdcb0c42d69dc7bb45fc,chapter_boundary_or_shift,1:1,Joel.4.8,Joel.3.8,accepted,high
uk5-d73cdbcc7ef898da784a,chapter_boundary_or_shift,1:1,Joel.4.9,Joel.3.9,accepted,high
uk5-882b5919020a9645561c,chapter_boundary_or_shift,1:1,Joel.4.10,Joel.3.10,accepted,high
uk5-ddc0aeebb61eedaa0634,chapter_boundary_or_shift,1:1,Joel.4.11,Joel.3.11,accepted,high
uk5-789843e3520e69425c07,chapter_boundary_or_shift,1:1,Joel.4.12,Joel.3.12,accepted,high
uk5-f7cf84e6cad84c2017ea,chapter_boundary_or_shift,1:1,Joel.4.13,Joel.3.13,accepted,high
uk5-4242954b468eef3ce3ea,chapter_boundary_or_shift,1:1,Joel.4.14,Joel.3.14,accepted,high
uk5-a72a894a69d7ff603aa8,chapter_boundary_or_shift,1:1,Joel.4.15,Joel.3.15,accepted,high
uk5-96293de117522dd3ad6a,chapter_boundary_or_shift,1:1,Joel.4.16,Joel.3.16,accepted,high
uk5-cda9b63f7c340f5632e6,chapter_boundary_or_shift,1:1,Joel.4.17,Joel.3.17,accepted,high
uk5-37982e952fac7887438a,chapter_boundary_or_shift,1:1,Joel.4.18,Joel.3.18,accepted,high
uk5-169ddf17c4c42edf491e,chapter_boundary_or_shift,1:1,Joel.4.19,Joel.3.19,accepted,high
uk5-8fa5a66082ff413eed99,chapter_boundary_or_shift,1:1,Joel.4.20,Joel.3.20,accepted,high
uk5-44e04c35975d91fba378,chapter_boundary_or_shift,1:1,Joel.4.21,Joel.3.21,accepted,high
uk5-f2c876375c2b403822b6,chapter_boundary_or_shift,1:1,Jonah.2.1,Jonah.1.17,accepted,high
uk5-9c3b349f6e725bc1692a,verse_shift;neighbor_better_manual_review,1:1,Jonah.2.2,Jonah.2.1,accepted,high
uk5-799a2029eb51c23d751f,verse_shift;neighbor_better_manual_review,1:1,Jonah.2.3,Jonah.2.2,accepted,high
uk5-cb1605923928c33375d8,verse_shift;neighbor_better_manual_review,1:1,Jonah.2.4,Jonah.2.3,accepted,high
uk5-bf4c0560a5f5e9cdbeab,verse_shift;neighbor_better_manual_review,1:1,Jonah.2.5,Jonah.2.4,accepted,high
uk5-cfdc7f2bce6f5fe5f379,verse_shift;neighbor_better_manual_review,1:1,Jonah.2.6,Jonah.2.5,accepted,high
uk5-27ab1b05b9c89fadab89,verse_shift;neighbor_better_manual_review,1:1,Jonah.2.7,Jonah.2.6,accepted,high
uk5-8245611ff005014cfa64,verse_shift;neighbor_better_manual_review,1:1,Jonah.2.8,Jonah.2.7,accepted,high
uk5-ca6c58a0b48ab349b799,verse_shift;neighbor_better_manual_review,1:1,Jonah.2.9,Jonah.2.8,accepted,high
uk5-087cc00e4251e51f9741,verse_shift;neighbor_better_manual_review,1:1,Jonah.2.10,Jonah.2.9,accepted,high
uk5-af15c2679020ee59fe0b,verse_shift;neighbor_better_manual_review,1:1,Jonah.2.11,Jonah.2.10,accepted,high
uk5-b25a7bcb4cf1cd2f1b04,chapter_boundary_or_shift;neighbor_better_manual_review,1:1,Mic.4.14,Mic.5.1,accepted,high
uk5-aab93804ce98b6a21d90,verse_shift;neighbor_better_manual_review,1:1,Mic.5.1,Mic.5.2,accepted,high
uk5-6a3c4fcf93418314ef15,verse_shift;neighbor_better_manual_review,1:1,Mic.5.2,Mic.5.3,accepted,high
uk5-5aa04bdaa532a7f6e412,verse_shift;neighbor_better_manual_review,1:1,Mic.5.3,Mic.5.4,accepted,high
uk5-a9a881aaa9dc54dd766b,verse_shift;neighbor_better_manual_review,1:1,Mic.5.4,Mic.5.5,accepted,high
uk5-b8b9cf9af8f6627feaeb,verse_shift;neighbor_better_manual_review,1:1,Mic.5.5,Mic.5.6,accepted,high
uk5-56ba3e3d5273874005da,verse_shift;neighbor_better_manual_review,1:1,Mic.5.6,Mic.5.7,accepted,high
uk5-7bb0bc1713fa99d3c12e,verse_shift;neighbor_better_manual_review,1:1,Mic.5.7,Mic.5.8,accepted,high
uk5-3aba6fe7c7f231185ecc,verse_shift;neighbor_better_manual_review,1:1,Mic.5.8,Mic.5.9,accepted,high
uk5-305d221043e0dcd8cf25,verse_shift;neighbor_better_manual_review,1:1,Mic.5.9,Mic.5.10,accepted,high
uk5-d42c0b9eeb0819658d15,verse_shift;neighbor_better_manual_review,1:1,Mic.5.10,Mic.5.11,accepted,high
uk5-afa42664727e467a070a,verse_shift;neighbor_better_manual_review,1:1,Mic.5.11,Mic.5.12,accepted,high
uk5-a5b1807880fa65c48571,verse_shift;neighbor_better_manual_review,1:1,Mic.5.12,Mic.5.13,accepted,high
uk5-356130aa3503c3ddff8d,verse_shift;neighbor_better_manual_review,1:1,Mic.5.13,Mic.5.14,accepted,high
uk5-d8a4e23cf1421c80e8d0,verse_shift,1:1,Mic.5.14,Mic.5.15,accepted,high
uk5-75b86e2f0c8ba1344c01,chapter_boundary_or_shift,1:1,Nah.2.1,Nah.1.15,accepted,high
uk5-a5c91e6eb33801e6b482,verse_shift;neighbor_better_manual_review,1:1,Nah.2.2,Nah.2.1,accepted,high
uk5-09eab728a59cb94b95d5,verse_shift;neighbor_better_manual_review,1:1,Nah.2.3,Nah.2.2,accepted,high
uk5-01ff6584b9ae945c3cae,verse_shift;neighbor_better_manual_review,1:1,Nah.2.4,Nah.2.3,accepted,high
uk5-957f0021921c393b3efa,verse_shift;neighbor_better_manual_review,1:1,Nah.2.5,Nah.2.4,accepted,high
uk5-e17e80723a996acbd395,verse_shift;neighbor_better_manual_review,1:1,Nah.2.6,Nah.2.5,accepted,high
uk5-0a6b0d5b71752eaeb0cb,verse_shift;neighbor_better_manual_review,1:1,Nah.2.7,Nah.2.6,accepted,high
uk5-58c302b63dab9df25902,verse_shift;neighbor_better_manual_review,1:1,Nah.2.8,Nah.2.7,accepted,high
uk5-5b21198e35eb8f744b10,verse_shift;neighbor_better_manual_review,1:1,Nah.2.9,Nah.2.8,accepted,high
uk5-45a5daf23ddfc81ce599,verse_shift;neighbor_better_manual_review,1:1,Nah.2.10,Nah.2.9,accepted,high
uk5-fc4608233e7404045b9f,verse_shift;neighbor_better_manual_review,1:1,Nah.2.11,Nah.2.10,accepted,high
uk5-f7f51490ca3a8c399e82,verse_shift;neighbor_better_manual_review,1:1,Nah.2.12,Nah.2.11,accepted,high
uk5-f7adaab8d85287cb1904,verse_shift;neighbor_better_manual_review,1:1,Nah.2.13,Nah.2.12,accepted,high
uk5-d8bf9ea417c6e81adb1f,verse_shift;neighbor_better_manual_review,1:1,Nah.2.14,Nah.2.13,accepted,high
uk5-6f7776b0eeda9c99a773,chapter_boundary_or_shift,1:1,Zech.2.1,Zech.1.18,accepted,high
uk5-db20aec2e40bdd292b08,chapter_boundary_or_shift,1:1,Zech.2.2,Zech.1.19,accepted,high
uk5-8ab48711ae5d0adf4b4f,chapter_boundary_or_shift,1:1,Zech.2.3,Zech.1.20,accepted,high
uk5-740c882d5a571afcea7a,chapter_boundary_or_shift,1:1,Zech.2.4,Zech.1.21,accepted,high
uk5-eb1cf3df82ca279c2ea2,verse_shift,1:1,Zech.2.5,Zech.2.1,accepted,high
uk5-d442b7de254573cdf780,verse_shift,1:1,Zech.2.6,Zech.2.2,accepted,high
uk5-e3555ad85bd1a44ad94b,verse_shift,1:1,Zech.2.7,Zech.2.3,accepted,high
uk5-efcee110102ea6c22e7b,verse_shift,1:1,Zech.2.8,Zech.2.4,accepted,high
uk5-806b5264e7fe72c48895,verse_shift,1:1,Zech.2.9,Zech.2.5,accepted,high
uk5-a4633ea18373e39b12cf,verse_shift,1:1,Zech.2.10,Zech.2.6,accepted,high
uk5-1e2ee41bbaeac3e8064e,verse_shift,1:1,Zech.2.11,Zech.2.7,accepted,high
uk5-a4d71fafeecc3457cd78,verse_shift,1:1,Zech.2.12,Zech.2.8,accepted,high
uk5-649e6e1622bb3fb89279,verse_shift,1:1,Zech.2.13,Zech.2.9,accepted,high
uk5-7a346e2aad591593ea3b,verse_shift,1:1,Zech.2.14,Zech.2.10,accepted,high
uk5-ff0414f97e17b200b10f,verse_shift,1:1,Zech.2.15,Zech.2.11,accepted,high
uk5-17143b2c113674d7dec6,verse_shift,1:1,Zech.2.16,Zech.2.12,accepted,high
uk5-2ad79de7faff684d95fa,verse_shift,1:1,Zech.2.17,Zech.2.13,accepted,high
uk5-f396c7f9af758d544088,split;verse_shift,split,Acts.19.40,Acts.19.40;Acts.19.41,accepted,high
uk5-efbee9e56dfaf4f134ec,split;verse_shift;neighbor_better_manual_review,split,2Cor.13.12,2Cor.13.12;2Cor.13.13,accepted,high
uk5-5b4fa7a4dcdd8ff70db8,verse_shift,1:1,2Cor.13.13,2Cor.13.14,accepted,high
uk5-4b40362ed65b651d3953,verse_shift;neighbor_better_manual_review,1:1,Phil.1.17,Phil.1.16,accepted,high
uk5-be853652eb71bfb1b1ff,verse_shift;neighbor_better_manual_review,1:1,Phil.1.16,Phil.1.17,accepted,high
uk5-f93cd5171e3523b410a4,merge;verse_shift,merge,3John.1.14;3John.1.15,3John.1.14,accepted,high
uk5-0c3f5c76feb8a2f15bdc,source_context_correction,1:1,Rev.1.1,Rev.1.1,accepted,high
uk5-6c10f9ddf3d4239ef02a,source_context_correction,1:1,Rev.1.2,Rev.1.2,accepted,high
uk5-8aaae681f48d15f8659a,source_context_correction,1:1,Rev.1.3,Rev.1.3,accepted,high
uk5-ee0a677049c6f6ae20f3,merge;chapter_boundary_or_shift,merge,Rev.12.18;Rev.13.1,Rev.13.1,accepted,high
uk5-8a849ae7516e1d910cfb,source_only;range_transfer,range_transfer,2Chr.14.14,,accepted,medium
