verse_ref,verse_key,projection_status,source_refs,continuous_series,classification_number,classification,confidence,evidence_note,conclusion_ru,source_links
Exod.28.23,1SD,confirmed_unrepresented_as_distinct_kjv_semantic_row_in_lxx_control,Exod.28.23,,10,Недостаточно данных,medium,"Follow-up span review found no distinct target segment: GreekDoc ex28 marks the row N/A in the displayed LXX controls, and CrossWire Exod.28.23 tokens are already assigned to neighboring KJV-grid targets 28.24, 28.25, and 28.29.",В проверенных LXX-контролях отдельная строка не представлена; проекция намеренно не дублирует соседний греческий текст. Исчерпывающий поиск по всем древним греческим свидетелям не доказан.,https://crosswire.org/sword/modules/ModInfo.jsp?modName=LXX;https://www.die-bibel.de/en/bible/LXX/GEN.1;https://archive.org/details/oldtestamentingr01swet
Exod.28.26,1SG,confirmed_unrepresented_as_distinct_kjv_semantic_row_in_lxx_control,Exod.28.23,Exod.28.26-28,10,Недостаточно данных,medium,"Follow-up span review found no distinct target segment: GreekDoc ex28 marks the row N/A in the displayed LXX controls, and CrossWire Exod.28.23 tokens are already assigned to neighboring KJV-grid targets 28.24, 28.25, and 28.29.",В проверенных LXX-контролях отдельная строка не представлена; проекция намеренно не дублирует соседний греческий текст. Исчерпывающий поиск по всем древним греческим свидетелям не доказан.,https://crosswire.org/sword/modules/ModInfo.jsp?modName=LXX;https://www.die-bibel.de/en/bible/LXX/GEN.1;https://archive.org/details/oldtestamentingr01swet
Exod.28.27,1SH,confirmed_unrepresented_as_distinct_kjv_semantic_row_in_lxx_control,Exod.28.23,Exod.28.26-28,10,Недостаточно данных,medium,"Follow-up span review found no distinct target segment: GreekDoc ex28 marks the row N/A in the displayed LXX controls, and CrossWire Exod.28.23 tokens are already assigned to neighboring KJV-grid targets 28.24, 28.25, and 28.29.",В проверенных LXX-контролях отдельная строка не представлена; проекция намеренно не дублирует соседний греческий текст. Исчерпывающий поиск по всем древним греческим свидетелям не доказан.,https://crosswire.org/sword/modules/ModInfo.jsp?modName=LXX;https://www.die-bibel.de/en/bible/LXX/GEN.1;https://archive.org/details/oldtestamentingr01swet
Exod.28.28,1SI,confirmed_unrepresented_as_distinct_kjv_semantic_row_in_lxx_control,Exod.28.23,Exod.28.26-28,10,Недостаточно данных,medium,"Follow-up span review found no distinct target segment: GreekDoc ex28 marks the row N/A in the displayed LXX controls, and CrossWire Exod.28.23 tokens are already assigned to neighboring KJV-grid targets 28.24, 28.25, and 28.29.",В проверенных LXX-контролях отдельная строка не представлена; проекция намеренно не дублирует соседний греческий текст. Исчерпывающий поиск по всем древним греческим свидетелям не доказан.,https://crosswire.org/sword/modules/ModInfo.jsp?modName=LXX;https://www.die-bibel.de/en/bible/LXX/GEN.1;https://archive.org/details/oldtestamentingr01swet
Exod.32.9,1W0,confirmed_unrepresented_as_distinct_kjv_semantic_row_in_lxx_control,,,10,Недостаточно данных,medium,"GreekDoc ex32.html has Alexandrinus N/A and Vaticanus text repeating the these-are-your-gods clause from the neighboring context, not the stiffnecked-people KJV semantic row.",В проверенных LXX-контролях отдельная строка не представлена; проекция намеренно не дублирует соседний греческий текст. Исчерпывающий поиск по всем древним греческим свидетелям не доказан.,https://crosswire.org/sword/modules/ModInfo.jsp?modName=LXX;https://www.die-bibel.de/en/bible/LXX/GEN.1;https://archive.org/details/oldtestamentingr01swet
Exod.35.8,1YK,confirmed_unrepresented_as_distinct_kjv_semantic_row_in_lxx_control,,,10,Недостаточно данных,medium,"GreekDoc ex35.html has Alexandrinus emerald-stones material and Vaticanus N/A, not the oil-for-light and spices KJV semantic row.",В проверенных LXX-контролях отдельная строка не представлена; проекция намеренно не дублирует соседний греческий текст. Исчерпывающий поиск по всем древним греческим свидетелям не доказан.,https://crosswire.org/sword/modules/ModInfo.jsp?modName=LXX;https://www.die-bibel.de/en/bible/LXX/GEN.1;https://archive.org/details/oldtestamentingr01swet
Exod.35.18,1YU,confirmed_unrepresented_as_distinct_kjv_semantic_row_in_lxx_control,,,10,Недостаточно данных,medium,"GreekDoc ex35.html fills the control cells with shifted LXX 35.17 inventory material, not the tabernacle/court pins and cords KJV semantic row.",В проверенных LXX-контролях отдельная строка не представлена; проекция намеренно не дублирует соседний греческий текст. Исчерпывающий поиск по всем древним греческим свидетелям не доказан.,https://crosswire.org/sword/modules/ModInfo.jsp?modName=LXX;https://www.die-bibel.de/en/bible/LXX/GEN.1;https://archive.org/details/oldtestamentingr01swet
Exod.36.10,1ZL,confirmed_unrepresented_in_lxx_control,,Exod.36.10-34,10,Недостаточно данных,medium,GreekDoc polyglot marks target 36.10 N/A in both displayed Greek witnesses.,В проверенных LXX-контролях отдельная строка не представлена; проекция намеренно не дублирует соседний греческий текст. Исчерпывающий поиск по всем древним греческим свидетелям не доказан.,https://crosswire.org/sword/modules/ModInfo.jsp?modName=LXX;https://www.die-bibel.de/en/bible/LXX/GEN.1;https://archive.org/details/oldtestamentingr01swet
Exod.36.11,1ZM,confirmed_unrepresented_in_lxx_control,,Exod.36.10-34,10,Недостаточно данных,medium,GreekDoc polyglot marks target 36.11 N/A in both displayed Greek witnesses.,В проверенных LXX-контролях отдельная строка не представлена; проекция намеренно не дублирует соседний греческий текст. Исчерпывающий поиск по всем древним греческим свидетелям не доказан.,https://crosswire.org/sword/modules/ModInfo.jsp?modName=LXX;https://www.die-bibel.de/en/bible/LXX/GEN.1;https://archive.org/details/oldtestamentingr01swet
Exod.36.12,1ZN,confirmed_unrepresented_in_lxx_control,,Exod.36.10-34,10,Недостаточно данных,medium,GreekDoc polyglot marks target 36.12 N/A in both displayed Greek witnesses.,В проверенных LXX-контролях отдельная строка не представлена; проекция намеренно не дублирует соседний греческий текст. Исчерпывающий поиск по всем древним греческим свидетелям не доказан.,https://crosswire.org/sword/modules/ModInfo.jsp?modName=LXX;https://www.die-bibel.de/en/bible/LXX/GEN.1;https://archive.org/details/oldtestamentingr01swet
Exod.36.13,1ZO,confirmed_unrepresented_in_lxx_control,,Exod.36.10-34,10,Недостаточно данных,medium,GreekDoc polyglot marks target 36.13 N/A in both displayed Greek witnesses.,В проверенных LXX-контролях отдельная строка не представлена; проекция намеренно не дублирует соседний греческий текст. Исчерпывающий поиск по всем древним греческим свидетелям не доказан.,https://crosswire.org/sword/modules/ModInfo.jsp?modName=LXX;https://www.die-bibel.de/en/bible/LXX/GEN.1;https://archive.org/details/oldtestamentingr01swet
Exod.36.14,1ZP,confirmed_unrepresented_in_lxx_control,,Exod.36.10-34,10,Недостаточно данных,medium,GreekDoc polyglot marks target 36.14 N/A in both displayed Greek witnesses.,В проверенных LXX-контролях отдельная строка не представлена; проекция намеренно не дублирует соседний греческий текст. Исчерпывающий поиск по всем древним греческим свидетелям не доказан.,https://crosswire.org/sword/modules/ModInfo.jsp?modName=LXX;https://www.die-bibel.de/en/bible/LXX/GEN.1;https://archive.org/details/oldtestamentingr01swet
Exod.36.15,1ZQ,confirmed_unrepresented_in_lxx_control,,Exod.36.10-34,10,Недостаточно данных,medium,GreekDoc polyglot marks target 36.15 N/A in both displayed Greek witnesses.,В проверенных LXX-контролях отдельная строка не представлена; проекция намеренно не дублирует соседний греческий текст. Исчерпывающий поиск по всем древним греческим свидетелям не доказан.,https://crosswire.org/sword/modules/ModInfo.jsp?modName=LXX;https://www.die-bibel.de/en/bible/LXX/GEN.1;https://archive.org/details/oldtestamentingr01swet
Exod.36.16,1ZR,confirmed_unrepresented_in_lxx_control,,Exod.36.10-34,10,Недостаточно данных,medium,GreekDoc polyglot marks target 36.16 N/A in both displayed Greek witnesses.,В проверенных LXX-контролях отдельная строка не представлена; проекция намеренно не дублирует соседний греческий текст. Исчерпывающий поиск по всем древним греческим свидетелям не доказан.,https://crosswire.org/sword/modules/ModInfo.jsp?modName=LXX;https://www.die-bibel.de/en/bible/LXX/GEN.1;https://archive.org/details/oldtestamentingr01swet
Exod.36.17,1ZS,confirmed_unrepresented_in_lxx_control,,Exod.36.10-34,10,Недостаточно данных,medium,GreekDoc polyglot marks target 36.17 N/A in both displayed Greek witnesses.,В проверенных LXX-контролях отдельная строка не представлена; проекция намеренно не дублирует соседний греческий текст. Исчерпывающий поиск по всем древним греческим свидетелям не доказан.,https://crosswire.org/sword/modules/ModInfo.jsp?modName=LXX;https://www.die-bibel.de/en/bible/LXX/GEN.1;https://archive.org/details/oldtestamentingr01swet
Exod.36.18,1ZT,confirmed_unrepresented_in_lxx_control,,Exod.36.10-34,10,Недостаточно данных,medium,GreekDoc polyglot marks target 36.18 N/A in both displayed Greek witnesses.,В проверенных LXX-контролях отдельная строка не представлена; проекция намеренно не дублирует соседний греческий текст. Исчерпывающий поиск по всем древним греческим свидетелям не доказан.,https://crosswire.org/sword/modules/ModInfo.jsp?modName=LXX;https://www.die-bibel.de/en/bible/LXX/GEN.1;https://archive.org/details/oldtestamentingr01swet
Exod.36.19,1ZU,confirmed_unrepresented_in_lxx_control,,Exod.36.10-34,10,Недостаточно данных,medium,GreekDoc polyglot marks target 36.19 N/A in both displayed Greek witnesses.,В проверенных LXX-контролях отдельная строка не представлена; проекция намеренно не дублирует соседний греческий текст. Исчерпывающий поиск по всем древним греческим свидетелям не доказан.,https://crosswire.org/sword/modules/ModInfo.jsp?modName=LXX;https://www.die-bibel.de/en/bible/LXX/GEN.1;https://archive.org/details/oldtestamentingr01swet
Exod.36.20,1ZV,confirmed_unrepresented_in_lxx_control,,Exod.36.10-34,10,Недостаточно данных,medium,GreekDoc polyglot marks target 36.20 N/A in both displayed Greek witnesses.,В проверенных LXX-контролях отдельная строка не представлена; проекция намеренно не дублирует соседний греческий текст. Исчерпывающий поиск по всем древним греческим свидетелям не доказан.,https://crosswire.org/sword/modules/ModInfo.jsp?modName=LXX;https://www.die-bibel.de/en/bible/LXX/GEN.1;https://archive.org/details/oldtestamentingr01swet
Exod.36.21,1ZW,confirmed_unrepresented_in_lxx_control,,Exod.36.10-34,10,Недостаточно данных,medium,GreekDoc polyglot marks target 36.21 N/A in both displayed Greek witnesses.,В проверенных LXX-контролях отдельная строка не представлена; проекция намеренно не дублирует соседний греческий текст. Исчерпывающий поиск по всем древним греческим свидетелям не доказан.,https://crosswire.org/sword/modules/ModInfo.jsp?modName=LXX;https://www.die-bibel.de/en/bible/LXX/GEN.1;https://archive.org/details/oldtestamentingr01swet
Exod.36.22,1ZX,confirmed_unrepresented_in_lxx_control,,Exod.36.10-34,10,Недостаточно данных,medium,GreekDoc polyglot marks target 36.22 N/A in both displayed Greek witnesses.,В проверенных LXX-контролях отдельная строка не представлена; проекция намеренно не дублирует соседний греческий текст. Исчерпывающий поиск по всем древним греческим свидетелям не доказан.,https://crosswire.org/sword/modules/ModInfo.jsp?modName=LXX;https://www.die-bibel.de/en/bible/LXX/GEN.1;https://archive.org/details/oldtestamentingr01swet
Exod.36.23,1ZY,confirmed_unrepresented_in_lxx_control,,Exod.36.10-34,10,Недостаточно данных,medium,GreekDoc polyglot marks target 36.23 N/A in both displayed Greek witnesses.,В проверенных LXX-контролях отдельная строка не представлена; проекция намеренно не дублирует соседний греческий текст. Исчерпывающий поиск по всем древним греческим свидетелям не доказан.,https://crosswire.org/sword/modules/ModInfo.jsp?modName=LXX;https://www.die-bibel.de/en/bible/LXX/GEN.1;https://archive.org/details/oldtestamentingr01swet
Exod.36.24,1ZZ,confirmed_unrepresented_in_lxx_control,,Exod.36.10-34,10,Недостаточно данных,medium,GreekDoc polyglot marks target 36.24 N/A in both displayed Greek witnesses.,В проверенных LXX-контролях отдельная строка не представлена; проекция намеренно не дублирует соседний греческий текст. Исчерпывающий поиск по всем древним греческим свидетелям не доказан.,https://crosswire.org/sword/modules/ModInfo.jsp?modName=LXX;https://www.die-bibel.de/en/bible/LXX/GEN.1;https://archive.org/details/oldtestamentingr01swet
Exod.36.25,200,confirmed_unrepresented_in_lxx_control,,Exod.36.10-34,10,Недостаточно данных,medium,GreekDoc polyglot marks target 36.25 N/A in both displayed Greek witnesses.,В проверенных LXX-контролях отдельная строка не представлена; проекция намеренно не дублирует соседний греческий текст. Исчерпывающий поиск по всем древним греческим свидетелям не доказан.,https://crosswire.org/sword/modules/ModInfo.jsp?modName=LXX;https://www.die-bibel.de/en/bible/LXX/GEN.1;https://archive.org/details/oldtestamentingr01swet
Exod.36.26,201,confirmed_unrepresented_in_lxx_control,,Exod.36.10-34,10,Недостаточно данных,medium,GreekDoc polyglot marks target 36.26 N/A in both displayed Greek witnesses.,В проверенных LXX-контролях отдельная строка не представлена; проекция намеренно не дублирует соседний греческий текст. Исчерпывающий поиск по всем древним греческим свидетелям не доказан.,https://crosswire.org/sword/modules/ModInfo.jsp?modName=LXX;https://www.die-bibel.de/en/bible/LXX/GEN.1;https://archive.org/details/oldtestamentingr01swet
Exod.36.27,202,confirmed_unrepresented_in_lxx_control,,Exod.36.10-34,10,Недостаточно данных,medium,GreekDoc polyglot marks target 36.27 N/A in both displayed Greek witnesses.,В проверенных LXX-контролях отдельная строка не представлена; проекция намеренно не дублирует соседний греческий текст. Исчерпывающий поиск по всем древним греческим свидетелям не доказан.,https://crosswire.org/sword/modules/ModInfo.jsp?modName=LXX;https://www.die-bibel.de/en/bible/LXX/GEN.1;https://archive.org/details/oldtestamentingr01swet
Exod.36.28,203,confirmed_unrepresented_in_lxx_control,,Exod.36.10-34,10,Недостаточно данных,medium,GreekDoc polyglot marks target 36.28 N/A in both displayed Greek witnesses.,В проверенных LXX-контролях отдельная строка не представлена; проекция намеренно не дублирует соседний греческий текст. Исчерпывающий поиск по всем древним греческим свидетелям не доказан.,https://crosswire.org/sword/modules/ModInfo.jsp?modName=LXX;https://www.die-bibel.de/en/bible/LXX/GEN.1;https://archive.org/details/oldtestamentingr01swet
Exod.36.29,204,confirmed_unrepresented_in_lxx_control,,Exod.36.10-34,10,Недостаточно данных,medium,GreekDoc polyglot marks target 36.29 N/A in both displayed Greek witnesses.,В проверенных LXX-контролях отдельная строка не представлена; проекция намеренно не дублирует соседний греческий текст. Исчерпывающий поиск по всем древним греческим свидетелям не доказан.,https://crosswire.org/sword/modules/ModInfo.jsp?modName=LXX;https://www.die-bibel.de/en/bible/LXX/GEN.1;https://archive.org/details/oldtestamentingr01swet
Exod.36.30,205,confirmed_unrepresented_in_lxx_control,,Exod.36.10-34,10,Недостаточно данных,medium,GreekDoc polyglot marks target 36.30 N/A in both displayed Greek witnesses.,В проверенных LXX-контролях отдельная строка не представлена; проекция намеренно не дублирует соседний греческий текст. Исчерпывающий поиск по всем древним греческим свидетелям не доказан.,https://crosswire.org/sword/modules/ModInfo.jsp?modName=LXX;https://www.die-bibel.de/en/bible/LXX/GEN.1;https://archive.org/details/oldtestamentingr01swet
Exod.36.31,206,confirmed_unrepresented_in_lxx_control,,Exod.36.10-34,10,Недостаточно данных,medium,GreekDoc polyglot marks target 36.31 N/A in both displayed Greek witnesses.,В проверенных LXX-контролях отдельная строка не представлена; проекция намеренно не дублирует соседний греческий текст. Исчерпывающий поиск по всем древним греческим свидетелям не доказан.,https://crosswire.org/sword/modules/ModInfo.jsp?modName=LXX;https://www.die-bibel.de/en/bible/LXX/GEN.1;https://archive.org/details/oldtestamentingr01swet
Exod.36.32,207,confirmed_unrepresented_in_lxx_control,,Exod.36.10-34,10,Недостаточно данных,medium,GreekDoc polyglot marks target 36.32 N/A in both displayed Greek witnesses.,В проверенных LXX-контролях отдельная строка не представлена; проекция намеренно не дублирует соседний греческий текст. Исчерпывающий поиск по всем древним греческим свидетелям не доказан.,https://crosswire.org/sword/modules/ModInfo.jsp?modName=LXX;https://www.die-bibel.de/en/bible/LXX/GEN.1;https://archive.org/details/oldtestamentingr01swet
Exod.36.33,208,confirmed_unrepresented_in_lxx_control,,Exod.36.10-34,10,Недостаточно данных,medium,GreekDoc polyglot marks target 36.33 N/A in both displayed Greek witnesses.,В проверенных LXX-контролях отдельная строка не представлена; проекция намеренно не дублирует соседний греческий текст. Исчерпывающий поиск по всем древним греческим свидетелям не доказан.,https://crosswire.org/sword/modules/ModInfo.jsp?modName=LXX;https://www.die-bibel.de/en/bible/LXX/GEN.1;https://archive.org/details/oldtestamentingr01swet
Exod.36.34,209,confirmed_unrepresented_in_lxx_control,,Exod.36.10-34,10,Недостаточно данных,medium,GreekDoc polyglot marks target 36.34 N/A in both displayed Greek witnesses.,В проверенных LXX-контролях отдельная строка не представлена; проекция намеренно не дублирует соседний греческий текст. Исчерпывающий поиск по всем древним греческим свидетелям не доказан.,https://crosswire.org/sword/modules/ModInfo.jsp?modName=LXX;https://www.die-bibel.de/en/bible/LXX/GEN.1;https://archive.org/details/oldtestamentingr01swet
Exod.37.11,20O,confirmed_unrepresented_as_distinct_kjv_semantic_row_in_lxx_control,Exod.38.9,Exod.37.11-12,10,Недостаточно данных,medium,"Follow-up span review found no distinct target segment: GreekDoc ex37 marks the row N/A in the displayed LXX controls, and CrossWire Exod.38.9 is already used for target 37.10 without a separable gold-overlay row.",В проверенных LXX-контролях отдельная строка не представлена; проекция намеренно не дублирует соседний греческий текст. Исчерпывающий поиск по всем древним греческим свидетелям не доказан.,https://crosswire.org/sword/modules/ModInfo.jsp?modName=LXX;https://www.die-bibel.de/en/bible/LXX/GEN.1;https://archive.org/details/oldtestamentingr01swet
Exod.37.12,20P,confirmed_unrepresented_in_lxx_control,,Exod.37.11-12,10,Недостаточно данных,medium,GreekDoc polyglot marks target 37.12 N/A in both displayed Greek witnesses.,В проверенных LXX-контролях отдельная строка не представлена; проекция намеренно не дублирует соседний греческий текст. Исчерпывающий поиск по всем древним греческим свидетелям не доказан.,https://crosswire.org/sword/modules/ModInfo.jsp?modName=LXX;https://www.die-bibel.de/en/bible/LXX/GEN.1;https://archive.org/details/oldtestamentingr01swet
Exod.37.14,20R,confirmed_unrepresented_as_distinct_kjv_semantic_row_in_lxx_control,Exod.38.10,,10,Недостаточно данных,medium,"Follow-up span review found no distinct target segment: GreekDoc ex37 marks the row N/A in the displayed LXX controls, and CrossWire Exod.38.10 is already used for target 37.13 without a separable ring-placement row.",В проверенных LXX-контролях отдельная строка не представлена; проекция намеренно не дублирует соседний греческий текст. Исчерпывающий поиск по всем древним греческим свидетелям не доказан.,https://crosswire.org/sword/modules/ModInfo.jsp?modName=LXX;https://www.die-bibel.de/en/bible/LXX/GEN.1;https://archive.org/details/oldtestamentingr01swet
Exod.37.20,20X,confirmed_unrepresented_as_distinct_kjv_semantic_row_in_lxx_control,Exod.38.16,Exod.37.20-22,10,Недостаточно данных,medium,"Follow-up span review found no distinct target segment: GreekDoc ex37 marks the row N/A in the displayed LXX controls, and CrossWire Exod.38.16 is a compact lampstand line without separable KJV rows 37.20-22.",В проверенных LXX-контролях отдельная строка не представлена; проекция намеренно не дублирует соседний греческий текст. Исчерпывающий поиск по всем древним греческим свидетелям не доказан.,https://crosswire.org/sword/modules/ModInfo.jsp?modName=LXX;https://www.die-bibel.de/en/bible/LXX/GEN.1;https://archive.org/details/oldtestamentingr01swet
Exod.37.21,20Y,confirmed_unrepresented_as_distinct_kjv_semantic_row_in_lxx_control,Exod.38.16,Exod.37.20-22,10,Недостаточно данных,medium,"Follow-up span review found no distinct target segment: GreekDoc ex37 marks the row N/A in the displayed LXX controls, and CrossWire Exod.38.16 is a compact lampstand line without separable KJV rows 37.20-22.",В проверенных LXX-контролях отдельная строка не представлена; проекция намеренно не дублирует соседний греческий текст. Исчерпывающий поиск по всем древним греческим свидетелям не доказан.,https://crosswire.org/sword/modules/ModInfo.jsp?modName=LXX;https://www.die-bibel.de/en/bible/LXX/GEN.1;https://archive.org/details/oldtestamentingr01swet
Exod.37.22,20Z,confirmed_unrepresented_as_distinct_kjv_semantic_row_in_lxx_control,Exod.38.16,Exod.37.20-22,10,Недостаточно данных,medium,"Follow-up span review found no distinct target segment: GreekDoc ex37 marks the row N/A in the displayed LXX controls, and CrossWire Exod.38.16 is a compact lampstand line without separable KJV rows 37.20-22.",В проверенных LXX-контролях отдельная строка не представлена; проекция намеренно не дублирует соседний греческий текст. Исчерпывающий поиск по всем древним греческим свидетелям не доказан.,https://crosswire.org/sword/modules/ModInfo.jsp?modName=LXX;https://www.die-bibel.de/en/bible/LXX/GEN.1;https://archive.org/details/oldtestamentingr01swet
Exod.37.24,211,confirmed_unrepresented_in_lxx_control,,Exod.37.24-28,10,Недостаточно данных,medium,GreekDoc polyglot marks target 37.24 N/A in both displayed Greek witnesses.,В проверенных LXX-контролях отдельная строка не представлена; проекция намеренно не дублирует соседний греческий текст. Исчерпывающий поиск по всем древним греческим свидетелям не доказан.,https://crosswire.org/sword/modules/ModInfo.jsp?modName=LXX;https://www.die-bibel.de/en/bible/LXX/GEN.1;https://archive.org/details/oldtestamentingr01swet
Exod.37.25,212,confirmed_unrepresented_in_lxx_control,,Exod.37.24-28,10,Недостаточно данных,medium,GreekDoc polyglot marks target 37.25 N/A in both displayed Greek witnesses.,В проверенных LXX-контролях отдельная строка не представлена; проекция намеренно не дублирует соседний греческий текст. Исчерпывающий поиск по всем древним греческим свидетелям не доказан.,https://crosswire.org/sword/modules/ModInfo.jsp?modName=LXX;https://www.die-bibel.de/en/bible/LXX/GEN.1;https://archive.org/details/oldtestamentingr01swet
Exod.37.26,213,confirmed_unrepresented_in_lxx_control,,Exod.37.24-28,10,Недостаточно данных,medium,GreekDoc polyglot marks target 37.26 N/A in both displayed Greek witnesses.,В проверенных LXX-контролях отдельная строка не представлена; проекция намеренно не дублирует соседний греческий текст. Исчерпывающий поиск по всем древним греческим свидетелям не доказан.,https://crosswire.org/sword/modules/ModInfo.jsp?modName=LXX;https://www.die-bibel.de/en/bible/LXX/GEN.1;https://archive.org/details/oldtestamentingr01swet
Exod.37.27,214,confirmed_unrepresented_in_lxx_control,,Exod.37.24-28,10,Недостаточно данных,medium,GreekDoc polyglot marks target 37.27 N/A in both displayed Greek witnesses.,В проверенных LXX-контролях отдельная строка не представлена; проекция намеренно не дублирует соседний греческий текст. Исчерпывающий поиск по всем древним греческим свидетелям не доказан.,https://crosswire.org/sword/modules/ModInfo.jsp?modName=LXX;https://www.die-bibel.de/en/bible/LXX/GEN.1;https://archive.org/details/oldtestamentingr01swet
Exod.37.28,215,confirmed_unrepresented_in_lxx_control,,Exod.37.24-28,10,Недостаточно данных,medium,GreekDoc polyglot marks target 37.28 N/A in both displayed Greek witnesses.,В проверенных LXX-контролях отдельная строка не представлена; проекция намеренно не дублирует соседний греческий текст. Исчерпывающий поиск по всем древним греческим свидетелям не доказан.,https://crosswire.org/sword/modules/ModInfo.jsp?modName=LXX;https://www.die-bibel.de/en/bible/LXX/GEN.1;https://archive.org/details/oldtestamentingr01swet
Exod.38.2,218,confirmed_unrepresented_as_distinct_kjv_semantic_row_in_lxx_control,Exod.38.22,,10,Недостаточно данных,medium,"Follow-up span review found no distinct target segment: CrossWire Exod.38.22 contains the bronze altar-from-censers material already assigned to target 38.1, not the horns/corners/staves KJV semantic row.",В проверенных LXX-контролях отдельная строка не представлена; проекция намеренно не дублирует соседний греческий текст. Исчерпывающий поиск по всем древним греческим свидетелям не доказан.,https://crosswire.org/sword/modules/ModInfo.jsp?modName=LXX;https://www.die-bibel.de/en/bible/LXX/GEN.1;https://archive.org/details/oldtestamentingr01swet
Exod.38.6,21C,confirmed_unrepresented_in_lxx_control,,Exod.38.6-7,10,Недостаточно данных,medium,GreekDoc polyglot marks target 38.6 N/A in both displayed Greek witnesses.,В проверенных LXX-контролях отдельная строка не представлена; проекция намеренно не дублирует соседний греческий текст. Исчерпывающий поиск по всем древним греческим свидетелям не доказан.,https://crosswire.org/sword/modules/ModInfo.jsp?modName=LXX;https://www.die-bibel.de/en/bible/LXX/GEN.1;https://archive.org/details/oldtestamentingr01swet
Exod.38.7,21D,confirmed_unrepresented_in_lxx_control,,Exod.38.6-7,10,Недостаточно данных,medium,GreekDoc polyglot marks target 38.7 N/A in both displayed Greek witnesses.,В проверенных LXX-контролях отдельная строка не представлена; проекция намеренно не дублирует соседний греческий текст. Исчерпывающий поиск по всем древним греческим свидетелям не доказан.,https://crosswire.org/sword/modules/ModInfo.jsp?modName=LXX;https://www.die-bibel.de/en/bible/LXX/GEN.1;https://archive.org/details/oldtestamentingr01swet
Exod.39.39,234,confirmed_unrepresented_as_distinct_kjv_semantic_row_in_lxx_control,Exod.39.9;Exod.39.15,,10,Недостаточно данных,medium,"Follow-up span review found no distinct target segment: GreekDoc ex39 places lampstand/oil material at 39.39, while the KJV row requires bronze altar/grate/staves/laver material; CrossWire has no separable matching row in the checked source lines.",В проверенных LXX-контролях отдельная строка не представлена; проекция намеренно не дублирует соседний греческий текст. Исчерпывающий поиск по всем древним греческим свидетелям не доказан.,https://crosswire.org/sword/modules/ModInfo.jsp?modName=LXX;https://www.die-bibel.de/en/bible/LXX/GEN.1;https://archive.org/details/oldtestamentingr01swet
Exod.40.7,23F,confirmed_unrepresented_in_lxx_control,,,10,Недостаточно данных,medium,GreekDoc polyglot marks target 40.7 N/A in both displayed Greek witnesses.,В проверенных LXX-контролях отдельная строка не представлена; проекция намеренно не дублирует соседний греческий текст. Исчерпывающий поиск по всем древним греческим свидетелям не доказан.,https://crosswire.org/sword/modules/ModInfo.jsp?modName=LXX;https://www.die-bibel.de/en/bible/LXX/GEN.1;https://archive.org/details/oldtestamentingr01swet
Exod.40.11,23J,confirmed_unrepresented_in_lxx_control,,,10,Недостаточно данных,medium,GreekDoc polyglot marks target 40.11 N/A in both displayed Greek witnesses.,В проверенных LXX-контролях отдельная строка не представлена; проекция намеренно не дублирует соседний греческий текст. Исчерпывающий поиск по всем древним греческим свидетелям не доказан.,https://crosswire.org/sword/modules/ModInfo.jsp?modName=LXX;https://www.die-bibel.de/en/bible/LXX/GEN.1;https://archive.org/details/oldtestamentingr01swet
Exod.40.28,240,confirmed_unrepresented_in_lxx_control,,,10,Недостаточно данных,medium,GreekDoc polyglot marks target 40.28 N/A in both displayed Greek witnesses.,В проверенных LXX-контролях отдельная строка не представлена; проекция намеренно не дублирует соседний греческий текст. Исчерпывающий поиск по всем древним греческим свидетелям не доказан.,https://crosswire.org/sword/modules/ModInfo.jsp?modName=LXX;https://www.die-bibel.de/en/bible/LXX/GEN.1;https://archive.org/details/oldtestamentingr01swet
Josh.6.4,4LE,confirmed_unrepresented_as_distinct_kjv_semantic_row_in_lxx_control,,,10,Недостаточно данных,medium,"CrossWire source 6.4 resumes with target 6.5 content. GreekDoc shows either N/A or an opening segment of target 6.5 content under label 6.4, not the KJV 6.4 priests/seventh-day instruction. Related procession narrative occurs later.",В проверенных LXX-контролях отдельная строка не представлена; проекция намеренно не дублирует соседний греческий текст. Исчерпывающий поиск по всем древним греческим свидетелям не доказан.,https://crosswire.org/sword/modules/ModInfo.jsp?modName=LXX;https://www.die-bibel.de/en/bible/LXX/GEN.1;https://archive.org/details/oldtestamentingr01swet
Josh.8.13,4N4,confirmed_unrepresented_in_lxx_control,,,10,Недостаточно данных,medium,GreekDoc marks target 8.13 N/A in the displayed LXX controls. CrossWire source 8.13 resumes with target 8.14 content.,В проверенных LXX-контролях отдельная строка не представлена; проекция намеренно не дублирует соседний греческий текст. Исчерпывающий поиск по всем древним греческим свидетелям не доказан.,https://crosswire.org/sword/modules/ModInfo.jsp?modName=LXX;https://www.die-bibel.de/en/bible/LXX/GEN.1;https://archive.org/details/oldtestamentingr01swet
Josh.8.26,4NH,confirmed_unrepresented_in_lxx_control,,,10,Недостаточно данных,medium,GreekDoc marks target 8.26 N/A in the displayed LXX controls. CrossWire source 8.25 resumes with target 8.27 content.,В проверенных LXX-контролях отдельная строка не представлена; проекция намеренно не дублирует соседний греческий текст. Исчерпывающий поиск по всем древним греческим свидетелям не доказан.,https://crosswire.org/sword/modules/ModInfo.jsp?modName=LXX;https://www.die-bibel.de/en/bible/LXX/GEN.1;https://archive.org/details/oldtestamentingr01swet
Josh.10.15,4OW,confirmed_unrepresented_in_lxx_control,,,10,Недостаточно данных,medium,GreekDoc marks the first Gilgal-return row 10.15 N/A in the displayed LXX controls. CrossWire source 10.15 resumes with target 10.16 content.,В проверенных LXX-контролях отдельная строка не представлена; проекция намеренно не дублирует соседний греческий текст. Исчерпывающий поиск по всем древним греческим свидетелям не доказан.,https://crosswire.org/sword/modules/ModInfo.jsp?modName=LXX;https://www.die-bibel.de/en/bible/LXX/GEN.1;https://archive.org/details/oldtestamentingr01swet
Josh.10.43,4PO,confirmed_unrepresented_in_lxx_control,,,10,Недостаточно данных,medium,GreekDoc marks the second Gilgal-return row 10.43 N/A in the displayed LXX controls. CrossWire source chapter 10 ends after target 10.42 content.,В проверенных LXX-контролях отдельная строка не представлена; проекция намеренно не дублирует соседний греческий текст. Исчерпывающий поиск по всем древним греческим свидетелям не доказан.,https://crosswire.org/sword/modules/ModInfo.jsp?modName=LXX;https://www.die-bibel.de/en/bible/LXX/GEN.1;https://archive.org/details/oldtestamentingr01swet
Josh.13.33,4RW,confirmed_unrepresented_in_lxx_control,,,10,Недостаточно данных,medium,GreekDoc marks the Levi-no-inheritance row 13.33 N/A in the displayed LXX controls. CrossWire source chapter 13 ends after target 13.32 content.,В проверенных LXX-контролях отдельная строка не представлена; проекция намеренно не дублирует соседний греческий текст. Исчерпывающий поиск по всем древним греческим свидетелям не доказан.,https://crosswire.org/sword/modules/ModInfo.jsp?modName=LXX;https://www.die-bibel.de/en/bible/LXX/GEN.1;https://archive.org/details/oldtestamentingr01swet
1Sam.13.1,5RZ,confirmed_unrepresented_in_lxx_control,,,10,Недостаточно данных,medium,CrossWire source 13.1 aligns with KJV 13.2. GreekDoc polyglot 1sam13.html marks the reign-duration line at target 13.1 N/A in both Alexandrinus and Vaticanus controls.,В проверенных LXX-контролях отдельная строка не представлена; проекция намеренно не дублирует соседний греческий текст. Исчерпывающий поиск по всем древним греческим свидетелям не доказан.,https://crosswire.org/sword/modules/ModInfo.jsp?modName=LXX;https://www.die-bibel.de/en/bible/LXX/GEN.1;https://archive.org/details/oldtestamentingr01swet
1Sam.17.12,5VZ,short_greek_recension_lacks_long_mt_kjv_material,,1Sam.17.12-31,7,Исторически засвидетельствованный текстуальный вариант,high,Known minus in the shorter Greek 1 Samuel 17-18 account followed by CrossWire: do not synthesize the longer MT/KJV material into LXX text.,Короткая греческая редакция не содержит отдельной MT/KJV-семантической строки; пустота воспроизводится утверждённой проекцией.,https://crosswire.org/sword/modules/ModInfo.jsp?modName=LXX;https://www.die-bibel.de/en/bible/LXX/GEN.1;https://archive.org/details/oldtestamentingr01swet
1Sam.17.13,5W0,short_greek_recension_lacks_long_mt_kjv_material,,1Sam.17.12-31,7,Исторически засвидетельствованный текстуальный вариант,high,Known minus in the shorter Greek 1 Samuel 17-18 account followed by CrossWire: do not synthesize the longer MT/KJV material into LXX text.,Короткая греческая редакция не содержит отдельной MT/KJV-семантической строки; пустота воспроизводится утверждённой проекцией.,https://crosswire.org/sword/modules/ModInfo.jsp?modName=LXX;https://www.die-bibel.de/en/bible/LXX/GEN.1;https://archive.org/details/oldtestamentingr01swet
1Sam.17.14,5W1,short_greek_recension_lacks_long_mt_kjv_material,,1Sam.17.12-31,7,Исторически засвидетельствованный текстуальный вариант,high,Known minus in the shorter Greek 1 Samuel 17-18 account followed by CrossWire: do not synthesize the longer MT/KJV material into LXX text.,Короткая греческая редакция не содержит отдельной MT/KJV-семантической строки; пустота воспроизводится утверждённой проекцией.,https://crosswire.org/sword/modules/ModInfo.jsp?modName=LXX;https://www.die-bibel.de/en/bible/LXX/GEN.1;https://archive.org/details/oldtestamentingr01swet
1Sam.17.15,5W2,short_greek_recension_lacks_long_mt_kjv_material,,1Sam.17.12-31,7,Исторически засвидетельствованный текстуальный вариант,high,Known minus in the shorter Greek 1 Samuel 17-18 account followed by CrossWire: do not synthesize the longer MT/KJV material into LXX text.,Короткая греческая редакция не содержит отдельной MT/KJV-семантической строки; пустота воспроизводится утверждённой проекцией.,https://crosswire.org/sword/modules/ModInfo.jsp?modName=LXX;https://www.die-bibel.de/en/bible/LXX/GEN.1;https://archive.org/details/oldtestamentingr01swet
1Sam.17.16,5W3,short_greek_recension_lacks_long_mt_kjv_material,,1Sam.17.12-31,7,Исторически засвидетельствованный текстуальный вариант,high,Known minus in the shorter Greek 1 Samuel 17-18 account followed by CrossWire: do not synthesize the longer MT/KJV material into LXX text.,Короткая греческая редакция не содержит отдельной MT/KJV-семантической строки; пустота воспроизводится утверждённой проекцией.,https://crosswire.org/sword/modules/ModInfo.jsp?modName=LXX;https://www.die-bibel.de/en/bible/LXX/GEN.1;https://archive.org/details/oldtestamentingr01swet
1Sam.17.17,5W4,short_greek_recension_lacks_long_mt_kjv_material,,1Sam.17.12-31,7,Исторически засвидетельствованный текстуальный вариант,high,Known minus in the shorter Greek 1 Samuel 17-18 account followed by CrossWire: do not synthesize the longer MT/KJV material into LXX text.,Короткая греческая редакция не содержит отдельной MT/KJV-семантической строки; пустота воспроизводится утверждённой проекцией.,https://crosswire.org/sword/modules/ModInfo.jsp?modName=LXX;https://www.die-bibel.de/en/bible/LXX/GEN.1;https://archive.org/details/oldtestamentingr01swet
1Sam.17.18,5W5,short_greek_recension_lacks_long_mt_kjv_material,,1Sam.17.12-31,7,Исторически засвидетельствованный текстуальный вариант,high,Known minus in the shorter Greek 1 Samuel 17-18 account followed by CrossWire: do not synthesize the longer MT/KJV material into LXX text.,Короткая греческая редакция не содержит отдельной MT/KJV-семантической строки; пустота воспроизводится утверждённой проекцией.,https://crosswire.org/sword/modules/ModInfo.jsp?modName=LXX;https://www.die-bibel.de/en/bible/LXX/GEN.1;https://archive.org/details/oldtestamentingr01swet
1Sam.17.19,5W6,short_greek_recension_lacks_long_mt_kjv_material,,1Sam.17.12-31,7,Исторически засвидетельствованный текстуальный вариант,high,Known minus in the shorter Greek 1 Samuel 17-18 account followed by CrossWire: do not synthesize the longer MT/KJV material into LXX text.,Короткая греческая редакция не содержит отдельной MT/KJV-семантической строки; пустота воспроизводится утверждённой проекцией.,https://crosswire.org/sword/modules/ModInfo.jsp?modName=LXX;https://www.die-bibel.de/en/bible/LXX/GEN.1;https://archive.org/details/oldtestamentingr01swet
1Sam.17.20,5W7,short_greek_recension_lacks_long_mt_kjv_material,,1Sam.17.12-31,7,Исторически засвидетельствованный текстуальный вариант,high,Known minus in the shorter Greek 1 Samuel 17-18 account followed by CrossWire: do not synthesize the longer MT/KJV material into LXX text.,Короткая греческая редакция не содержит отдельной MT/KJV-семантической строки; пустота воспроизводится утверждённой проекцией.,https://crosswire.org/sword/modules/ModInfo.jsp?modName=LXX;https://www.die-bibel.de/en/bible/LXX/GEN.1;https://archive.org/details/oldtestamentingr01swet
1Sam.17.21,5W8,short_greek_recension_lacks_long_mt_kjv_material,,1Sam.17.12-31,7,Исторически засвидетельствованный текстуальный вариант,high,Known minus in the shorter Greek 1 Samuel 17-18 account followed by CrossWire: do not synthesize the longer MT/KJV material into LXX text.,Короткая греческая редакция не содержит отдельной MT/KJV-семантической строки; пустота воспроизводится утверждённой проекцией.,https://crosswire.org/sword/modules/ModInfo.jsp?modName=LXX;https://www.die-bibel.de/en/bible/LXX/GEN.1;https://archive.org/details/oldtestamentingr01swet
1Sam.17.22,5W9,short_greek_recension_lacks_long_mt_kjv_material,,1Sam.17.12-31,7,Исторически засвидетельствованный текстуальный вариант,high,Known minus in the shorter Greek 1 Samuel 17-18 account followed by CrossWire: do not synthesize the longer MT/KJV material into LXX text.,Короткая греческая редакция не содержит отдельной MT/KJV-семантической строки; пустота воспроизводится утверждённой проекцией.,https://crosswire.org/sword/modules/ModInfo.jsp?modName=LXX;https://www.die-bibel.de/en/bible/LXX/GEN.1;https://archive.org/details/oldtestamentingr01swet
1Sam.17.23,5WA,short_greek_recension_lacks_long_mt_kjv_material,,1Sam.17.12-31,7,Исторически засвидетельствованный текстуальный вариант,high,Known minus in the shorter Greek 1 Samuel 17-18 account followed by CrossWire: do not synthesize the longer MT/KJV material into LXX text.,Короткая греческая редакция не содержит отдельной MT/KJV-семантической строки; пустота воспроизводится утверждённой проекцией.,https://crosswire.org/sword/modules/ModInfo.jsp?modName=LXX;https://www.die-bibel.de/en/bible/LXX/GEN.1;https://archive.org/details/oldtestamentingr01swet
1Sam.17.24,5WB,short_greek_recension_lacks_long_mt_kjv_material,,1Sam.17.12-31,7,Исторически засвидетельствованный текстуальный вариант,high,Known minus in the shorter Greek 1 Samuel 17-18 account followed by CrossWire: do not synthesize the longer MT/KJV material into LXX text.,Короткая греческая редакция не содержит отдельной MT/KJV-семантической строки; пустота воспроизводится утверждённой проекцией.,https://crosswire.org/sword/modules/ModInfo.jsp?modName=LXX;https://www.die-bibel.de/en/bible/LXX/GEN.1;https://archive.org/details/oldtestamentingr01swet
1Sam.17.25,5WC,short_greek_recension_lacks_long_mt_kjv_material,,1Sam.17.12-31,7,Исторически засвидетельствованный текстуальный вариант,high,Known minus in the shorter Greek 1 Samuel 17-18 account followed by CrossWire: do not synthesize the longer MT/KJV material into LXX text.,Короткая греческая редакция не содержит отдельной MT/KJV-семантической строки; пустота воспроизводится утверждённой проекцией.,https://crosswire.org/sword/modules/ModInfo.jsp?modName=LXX;https://www.die-bibel.de/en/bible/LXX/GEN.1;https://archive.org/details/oldtestamentingr01swet
1Sam.17.26,5WD,short_greek_recension_lacks_long_mt_kjv_material,,1Sam.17.12-31,7,Исторически засвидетельствованный текстуальный вариант,high,Known minus in the shorter Greek 1 Samuel 17-18 account followed by CrossWire: do not synthesize the longer MT/KJV material into LXX text.,Короткая греческая редакция не содержит отдельной MT/KJV-семантической строки; пустота воспроизводится утверждённой проекцией.,https://crosswire.org/sword/modules/ModInfo.jsp?modName=LXX;https://www.die-bibel.de/en/bible/LXX/GEN.1;https://archive.org/details/oldtestamentingr01swet
1Sam.17.27,5WE,short_greek_recension_lacks_long_mt_kjv_material,,1Sam.17.12-31,7,Исторически засвидетельствованный текстуальный вариант,high,Known minus in the shorter Greek 1 Samuel 17-18 account followed by CrossWire: do not synthesize the longer MT/KJV material into LXX text.,Короткая греческая редакция не содержит отдельной MT/KJV-семантической строки; пустота воспроизводится утверждённой проекцией.,https://crosswire.org/sword/modules/ModInfo.jsp?modName=LXX;https://www.die-bibel.de/en/bible/LXX/GEN.1;https://archive.org/details/oldtestamentingr01swet
1Sam.17.28,5WF,short_greek_recension_lacks_long_mt_kjv_material,,1Sam.17.12-31,7,Исторически засвидетельствованный текстуальный вариант,high,Known minus in the shorter Greek 1 Samuel 17-18 account followed by CrossWire: do not synthesize the longer MT/KJV material into LXX text.,Короткая греческая редакция не содержит отдельной MT/KJV-семантической строки; пустота воспроизводится утверждённой проекцией.,https://crosswire.org/sword/modules/ModInfo.jsp?modName=LXX;https://www.die-bibel.de/en/bible/LXX/GEN.1;https://archive.org/details/oldtestamentingr01swet
1Sam.17.29,5WG,short_greek_recension_lacks_long_mt_kjv_material,,1Sam.17.12-31,7,Исторически засвидетельствованный текстуальный вариант,high,Known minus in the shorter Greek 1 Samuel 17-18 account followed by CrossWire: do not synthesize the longer MT/KJV material into LXX text.,Короткая греческая редакция не содержит отдельной MT/KJV-семантической строки; пустота воспроизводится утверждённой проекцией.,https://crosswire.org/sword/modules/ModInfo.jsp?modName=LXX;https://www.die-bibel.de/en/bible/LXX/GEN.1;https://archive.org/details/oldtestamentingr01swet
1Sam.17.30,5WH,short_greek_recension_lacks_long_mt_kjv_material,,1Sam.17.12-31,7,Исторически засвидетельствованный текстуальный вариант,high,Known minus in the shorter Greek 1 Samuel 17-18 account followed by CrossWire: do not synthesize the longer MT/KJV material into LXX text.,Короткая греческая редакция не содержит отдельной MT/KJV-семантической строки; пустота воспроизводится утверждённой проекцией.,https://crosswire.org/sword/modules/ModInfo.jsp?modName=LXX;https://www.die-bibel.de/en/bible/LXX/GEN.1;https://archive.org/details/oldtestamentingr01swet
1Sam.17.31,5WI,short_greek_recension_lacks_long_mt_kjv_material,,1Sam.17.12-31,7,Исторически засвидетельствованный текстуальный вариант,high,Known minus in the shorter Greek 1 Samuel 17-18 account followed by CrossWire: do not synthesize the longer MT/KJV material into LXX text.,Короткая греческая редакция не содержит отдельной MT/KJV-семантической строки; пустота воспроизводится утверждённой проекцией.,https://crosswire.org/sword/modules/ModInfo.jsp?modName=LXX;https://www.die-bibel.de/en/bible/LXX/GEN.1;https://archive.org/details/oldtestamentingr01swet
1Sam.17.41,5WS,short_greek_recension_lacks_long_mt_kjv_material,,,7,Исторически засвидетельствованный текстуальный вариант,high,Known minus in the shorter Greek 1 Samuel 17-18 account followed by CrossWire: do not synthesize the longer MT/KJV material into LXX text.,Короткая греческая редакция не содержит отдельной MT/KJV-семантической строки; пустота воспроизводится утверждённой проекцией.,https://crosswire.org/sword/modules/ModInfo.jsp?modName=LXX;https://www.die-bibel.de/en/bible/LXX/GEN.1;https://archive.org/details/oldtestamentingr01swet
1Sam.17.50,5X1,short_greek_recension_lacks_long_mt_kjv_material,,,7,Исторически засвидетельствованный текстуальный вариант,high,Known minus in the shorter Greek 1 Samuel 17-18 account followed by CrossWire: do not synthesize the longer MT/KJV material into LXX text.,Короткая греческая редакция не содержит отдельной MT/KJV-семантической строки; пустота воспроизводится утверждённой проекцией.,https://crosswire.org/sword/modules/ModInfo.jsp?modName=LXX;https://www.die-bibel.de/en/bible/LXX/GEN.1;https://archive.org/details/oldtestamentingr01swet
1Sam.17.55,5X6,short_greek_recension_lacks_long_mt_kjv_material,,1Sam.17.55-58,7,Исторически засвидетельствованный текстуальный вариант,high,Known minus in the shorter Greek 1 Samuel 17-18 account followed by CrossWire: do not synthesize the longer MT/KJV material into LXX text.,Короткая греческая редакция не содержит отдельной MT/KJV-семантической строки; пустота воспроизводится утверждённой проекцией.,https://crosswire.org/sword/modules/ModInfo.jsp?modName=LXX;https://www.die-bibel.de/en/bible/LXX/GEN.1;https://archive.org/details/oldtestamentingr01swet
1Sam.17.56,5X7,short_greek_recension_lacks_long_mt_kjv_material,,1Sam.17.55-58,7,Исторически засвидетельствованный текстуальный вариант,high,Known minus in the shorter Greek 1 Samuel 17-18 account followed by CrossWire: do not synthesize the longer MT/KJV material into LXX text.,Короткая греческая редакция не содержит отдельной MT/KJV-семантической строки; пустота воспроизводится утверждённой проекцией.,https://crosswire.org/sword/modules/ModInfo.jsp?modName=LXX;https://www.die-bibel.de/en/bible/LXX/GEN.1;https://archive.org/details/oldtestamentingr01swet
1Sam.17.57,5X8,short_greek_recension_lacks_long_mt_kjv_material,,1Sam.17.55-58,7,Исторически засвидетельствованный текстуальный вариант,high,Known minus in the shorter Greek 1 Samuel 17-18 account followed by CrossWire: do not synthesize the longer MT/KJV material into LXX text.,Короткая греческая редакция не содержит отдельной MT/KJV-семантической строки; пустота воспроизводится утверждённой проекцией.,https://crosswire.org/sword/modules/ModInfo.jsp?modName=LXX;https://www.die-bibel.de/en/bible/LXX/GEN.1;https://archive.org/details/oldtestamentingr01swet
1Sam.17.58,5X9,short_greek_recension_lacks_long_mt_kjv_material,,1Sam.17.55-58,7,Исторически засвидетельствованный текстуальный вариант,high,Known minus in the shorter Greek 1 Samuel 17-18 account followed by CrossWire: do not synthesize the longer MT/KJV material into LXX text.,Короткая греческая редакция не содержит отдельной MT/KJV-семантической строки; пустота воспроизводится утверждённой проекцией.,https://crosswire.org/sword/modules/ModInfo.jsp?modName=LXX;https://www.die-bibel.de/en/bible/LXX/GEN.1;https://archive.org/details/oldtestamentingr01swet
1Sam.18.1,5XA,short_greek_recension_lacks_long_mt_kjv_material,,1Sam.18.1-5,7,Исторически засвидетельствованный текстуальный вариант,high,Known minus in the shorter Greek 1 Samuel 17-18 account followed by CrossWire: do not synthesize the longer MT/KJV material into LXX text.,Короткая греческая редакция не содержит отдельной MT/KJV-семантической строки; пустота воспроизводится утверждённой проекцией.,https://crosswire.org/sword/modules/ModInfo.jsp?modName=LXX;https://www.die-bibel.de/en/bible/LXX/GEN.1;https://archive.org/details/oldtestamentingr01swet
1Sam.18.2,5XB,short_greek_recension_lacks_long_mt_kjv_material,,1Sam.18.1-5,7,Исторически засвидетельствованный текстуальный вариант,high,Known minus in the shorter Greek 1 Samuel 17-18 account followed by CrossWire: do not synthesize the longer MT/KJV material into LXX text.,Короткая греческая редакция не содержит отдельной MT/KJV-семантической строки; пустота воспроизводится утверждённой проекцией.,https://crosswire.org/sword/modules/ModInfo.jsp?modName=LXX;https://www.die-bibel.de/en/bible/LXX/GEN.1;https://archive.org/details/oldtestamentingr01swet
1Sam.18.3,5XC,short_greek_recension_lacks_long_mt_kjv_material,,1Sam.18.1-5,7,Исторически засвидетельствованный текстуальный вариант,high,Known minus in the shorter Greek 1 Samuel 17-18 account followed by CrossWire: do not synthesize the longer MT/KJV material into LXX text.,Короткая греческая редакция не содержит отдельной MT/KJV-семантической строки; пустота воспроизводится утверждённой проекцией.,https://crosswire.org/sword/modules/ModInfo.jsp?modName=LXX;https://www.die-bibel.de/en/bible/LXX/GEN.1;https://archive.org/details/oldtestamentingr01swet
1Sam.18.4,5XD,short_greek_recension_lacks_long_mt_kjv_material,,1Sam.18.1-5,7,Исторически засвидетельствованный текстуальный вариант,high,Known minus in the shorter Greek 1 Samuel 17-18 account followed by CrossWire: do not synthesize the longer MT/KJV material into LXX text.,Короткая греческая редакция не содержит отдельной MT/KJV-семантической строки; пустота воспроизводится утверждённой проекцией.,https://crosswire.org/sword/modules/ModInfo.jsp?modName=LXX;https://www.die-bibel.de/en/bible/LXX/GEN.1;https://archive.org/details/oldtestamentingr01swet
1Sam.18.5,5XE,short_greek_recension_lacks_long_mt_kjv_material,,1Sam.18.1-5,7,Исторически засвидетельствованный текстуальный вариант,high,Known minus in the shorter Greek 1 Samuel 17-18 account followed by CrossWire: do not synthesize the longer MT/KJV material into LXX text.,Короткая греческая редакция не содержит отдельной MT/KJV-семантической строки; пустота воспроизводится утверждённой проекцией.,https://crosswire.org/sword/modules/ModInfo.jsp?modName=LXX;https://www.die-bibel.de/en/bible/LXX/GEN.1;https://archive.org/details/oldtestamentingr01swet
1Sam.18.10,5XJ,short_greek_recension_lacks_long_mt_kjv_material,,1Sam.18.10-11,7,Исторически засвидетельствованный текстуальный вариант,high,Known minus in the shorter Greek 1 Samuel 17-18 account followed by CrossWire: do not synthesize the longer MT/KJV material into LXX text.,Короткая греческая редакция не содержит отдельной MT/KJV-семантической строки; пустота воспроизводится утверждённой проекцией.,https://crosswire.org/sword/modules/ModInfo.jsp?modName=LXX;https://www.die-bibel.de/en/bible/LXX/GEN.1;https://archive.org/details/oldtestamentingr01swet
1Sam.18.11,5XK,short_greek_recension_lacks_long_mt_kjv_material,,1Sam.18.10-11,7,Исторически засвидетельствованный текстуальный вариант,high,Known minus in the shorter Greek 1 Samuel 17-18 account followed by CrossWire: do not synthesize the longer MT/KJV material into LXX text.,Короткая греческая редакция не содержит отдельной MT/KJV-семантической строки; пустота воспроизводится утверждённой проекцией.,https://crosswire.org/sword/modules/ModInfo.jsp?modName=LXX;https://www.die-bibel.de/en/bible/LXX/GEN.1;https://archive.org/details/oldtestamentingr01swet
1Sam.18.17,5XQ,short_greek_recension_lacks_long_mt_kjv_material,,1Sam.18.17-19,7,Исторически засвидетельствованный текстуальный вариант,high,Known minus in the shorter Greek 1 Samuel 17-18 account followed by CrossWire: do not synthesize the longer MT/KJV material into LXX text.,Короткая греческая редакция не содержит отдельной MT/KJV-семантической строки; пустота воспроизводится утверждённой проекцией.,https://crosswire.org/sword/modules/ModInfo.jsp?modName=LXX;https://www.die-bibel.de/en/bible/LXX/GEN.1;https://archive.org/details/oldtestamentingr01swet
1Sam.18.18,5XR,short_greek_recension_lacks_long_mt_kjv_material,,1Sam.18.17-19,7,Исторически засвидетельствованный текстуальный вариант,high,Known minus in the shorter Greek 1 Samuel 17-18 account followed by CrossWire: do not synthesize the longer MT/KJV material into LXX text.,Короткая греческая редакция не содержит отдельной MT/KJV-семантической строки; пустота воспроизводится утверждённой проекцией.,https://crosswire.org/sword/modules/ModInfo.jsp?modName=LXX;https://www.die-bibel.de/en/bible/LXX/GEN.1;https://archive.org/details/oldtestamentingr01swet
1Sam.18.19,5XS,short_greek_recension_lacks_long_mt_kjv_material,,1Sam.18.17-19,7,Исторически засвидетельствованный текстуальный вариант,high,Known minus in the shorter Greek 1 Samuel 17-18 account followed by CrossWire: do not synthesize the longer MT/KJV material into LXX text.,Короткая греческая редакция не содержит отдельной MT/KJV-семантической строки; пустота воспроизводится утверждённой проекцией.,https://crosswire.org/sword/modules/ModInfo.jsp?modName=LXX;https://www.die-bibel.de/en/bible/LXX/GEN.1;https://archive.org/details/oldtestamentingr01swet
1Sam.18.30,5Y3,short_greek_recension_lacks_long_mt_kjv_material,,,7,Исторически засвидетельствованный текстуальный вариант,high,Known minus in the shorter Greek 1 Samuel 17-18 account followed by CrossWire: do not synthesize the longer MT/KJV material into LXX text.,Короткая греческая редакция не содержит отдельной MT/KJV-семантической строки; пустота воспроизводится утверждённой проекцией.,https://crosswire.org/sword/modules/ModInfo.jsp?modName=LXX;https://www.die-bibel.de/en/bible/LXX/GEN.1;https://archive.org/details/oldtestamentingr01swet
1Kgs.7.31,6X2,confirmed_unrepresented_in_lxx_control,,,10,Недостаточно данных,medium,GreekDoc polyglot marks target 7.31 N/A in both displayed Greek witnesses.,В проверенных LXX-контролях отдельная строка не представлена; проекция намеренно не дублирует соседний греческий текст. Исчерпывающий поиск по всем древним греческим свидетелям не доказан.,https://crosswire.org/sword/modules/ModInfo.jsp?modName=LXX;https://www.die-bibel.de/en/bible/LXX/GEN.1;https://archive.org/details/oldtestamentingr01swet
1Kgs.9.23,703,confirmed_unrepresented_in_lxx_control,,,10,Недостаточно данных,medium,GreekDoc polyglot marks target 9.23 N/A in both displayed Greek witnesses.,В проверенных LXX-контролях отдельная строка не представлена; проекция намеренно не дублирует соседний греческий текст. Исчерпывающий поиск по всем древним греческим свидетелям не доказан.,https://crosswire.org/sword/modules/ModInfo.jsp?modName=LXX;https://www.die-bibel.de/en/bible/LXX/GEN.1;https://archive.org/details/oldtestamentingr01swet
1Kgs.9.25,705,confirmed_unrepresented_in_lxx_control,,,10,Недостаточно данных,medium,GreekDoc polyglot marks target 9.25 N/A in both displayed Greek witnesses.,В проверенных LXX-контролях отдельная строка не представлена; проекция намеренно не дублирует соседний греческий текст. Исчерпывающий поиск по всем древним греческим свидетелям не доказан.,https://crosswire.org/sword/modules/ModInfo.jsp?modName=LXX;https://www.die-bibel.de/en/bible/LXX/GEN.1;https://archive.org/details/oldtestamentingr01swet
1Kgs.11.39,724,confirmed_unrepresented_in_lxx_control,,,10,Недостаточно данных,medium,GreekDoc polyglot marks target 11.39 N/A in both displayed Greek witnesses.,В проверенных LXX-контролях отдельная строка не представлена; проекция намеренно не дублирует соседний греческий текст. Исчерпывающий поиск по всем древним греческим свидетелям не доказан.,https://crosswire.org/sword/modules/ModInfo.jsp?modName=LXX;https://www.die-bibel.de/en/bible/LXX/GEN.1;https://archive.org/details/oldtestamentingr01swet
1Kgs.12.17,72P,confirmed_unrepresented_in_lxx_control,,,10,Недостаточно данных,medium,GreekDoc polyglot marks target 12.17 N/A in both displayed Greek witnesses.,В проверенных LXX-контролях отдельная строка не представлена; проекция намеренно не дублирует соседний греческий текст. Исчерпывающий поиск по всем древним греческим свидетелям не доказан.,https://crosswire.org/sword/modules/ModInfo.jsp?modName=LXX;https://www.die-bibel.de/en/bible/LXX/GEN.1;https://archive.org/details/oldtestamentingr01swet
1Kgs.13.27,73W,confirmed_unrepresented_in_lxx_control,,,10,Недостаточно данных,medium,GreekDoc polyglot marks target 13.27 N/A in both displayed Greek witnesses.,В проверенных LXX-контролях отдельная строка не представлена; проекция намеренно не дублирует соседний греческий текст. Исчерпывающий поиск по всем древним греческим свидетелям не доказан.,https://crosswire.org/sword/modules/ModInfo.jsp?modName=LXX;https://www.die-bibel.de/en/bible/LXX/GEN.1;https://archive.org/details/oldtestamentingr01swet
1Kgs.15.6,754,confirmed_unrepresented_in_lxx_control,,,10,Недостаточно данных,medium,GreekDoc polyglot marks target 15.6 N/A in both displayed Greek witnesses.,В проверенных LXX-контролях отдельная строка не представлена; проекция намеренно не дублирует соседний греческий текст. Исчерпывающий поиск по всем древним греческим свидетелям не доказан.,https://crosswire.org/sword/modules/ModInfo.jsp?modName=LXX;https://www.die-bibel.de/en/bible/LXX/GEN.1;https://archive.org/details/oldtestamentingr01swet
2Chr.27.8,92S,confirmed_unrepresented_in_lxx_control,,,10,Недостаточно данных,medium,GreekDoc shows no distinct Greek text for the KJV 27.8 age/regnal-length statement. The following death-and-burial line is numbered 27.8 in one displayed Greek witness and 27.9 in the other; CrossWire source 27.8 aligns with KJV target 27.9.,В проверенных LXX-контролях отдельная строка не представлена; проекция намеренно не дублирует соседний греческий текст. Исчерпывающий поиск по всем древним греческим свидетелям не доказан.,https://crosswire.org/sword/modules/ModInfo.jsp?modName=LXX;https://www.die-bibel.de/en/bible/LXX/GEN.1;https://archive.org/details/oldtestamentingr01swet
Neh.4.6,9JI,confirmed_unrepresented_in_lxx_control,,,10,Недостаточно данных,medium,GreekDoc marks Neh.4.6 N/A; CrossWire source 4.1 resumes with KJV 4.7 content.,В проверенных LXX-контролях отдельная строка не представлена; проекция намеренно не дублирует соседний греческий текст. Исчерпывающий поиск по всем древним греческим свидетелям не доказан.,https://crosswire.org/sword/modules/ModInfo.jsp?modName=LXX;https://www.die-bibel.de/en/bible/LXX/GEN.1;https://archive.org/details/oldtestamentingr01swet
Neh.11.16,9Q5,confirmed_unrepresented_in_lxx_control,,,10,Недостаточно данных,medium,GreekDoc marks Neh.11.16 N/A; CrossWire source 11.16 resumes with the Mattaniah line corresponding to target 11.17.,В проверенных LXX-контролях отдельная строка не представлена; проекция намеренно не дублирует соседний греческий текст. Исчерпывающий поиск по всем древним греческим свидетелям не доказан.,https://crosswire.org/sword/modules/ModInfo.jsp?modName=LXX;https://www.die-bibel.de/en/bible/LXX/GEN.1;https://archive.org/details/oldtestamentingr01swet
Neh.11.20,9Q9,confirmed_unrepresented_in_lxx_control,,Neh.11.20-21,10,Недостаточно данных,medium,GreekDoc marks Neh.11.20 N/A; CrossWire source proceeds from target 11.19 to target 11.22.,В проверенных LXX-контролях отдельная строка не представлена; проекция намеренно не дублирует соседний греческий текст. Исчерпывающий поиск по всем древним греческим свидетелям не доказан.,https://crosswire.org/sword/modules/ModInfo.jsp?modName=LXX;https://www.die-bibel.de/en/bible/LXX/GEN.1;https://archive.org/details/oldtestamentingr01swet
Neh.11.21,9QA,confirmed_unrepresented_in_lxx_control,,Neh.11.20-21,10,Недостаточно данных,medium,GreekDoc marks Neh.11.21 N/A; CrossWire source proceeds from target 11.19 to target 11.22.,В проверенных LXX-контролях отдельная строка не представлена; проекция намеренно не дублирует соседний греческий текст. Исчерпывающий поиск по всем древним греческим свидетелям не доказан.,https://crosswire.org/sword/modules/ModInfo.jsp?modName=LXX;https://www.die-bibel.de/en/bible/LXX/GEN.1;https://archive.org/details/oldtestamentingr01swet
Neh.11.28,9QH,confirmed_unrepresented_in_lxx_control,,Neh.11.28-29,10,Недостаточно данных,medium,GreekDoc marks Neh.11.28 N/A; CrossWire source proceeds from target 11.27 to target 11.30.,В проверенных LXX-контролях отдельная строка не представлена; проекция намеренно не дублирует соседний греческий текст. Исчерпывающий поиск по всем древним греческим свидетелям не доказан.,https://crosswire.org/sword/modules/ModInfo.jsp?modName=LXX;https://www.die-bibel.de/en/bible/LXX/GEN.1;https://archive.org/details/oldtestamentingr01swet
Neh.11.29,9QI,confirmed_unrepresented_in_lxx_control,,Neh.11.28-29,10,Недостаточно данных,medium,GreekDoc marks Neh.11.29 N/A; CrossWire source proceeds from target 11.27 to target 11.30.,В проверенных LXX-контролях отдельная строка не представлена; проекция намеренно не дублирует соседний греческий текст. Исчерпывающий поиск по всем древним греческим свидетелям не доказан.,https://crosswire.org/sword/modules/ModInfo.jsp?modName=LXX;https://www.die-bibel.de/en/bible/LXX/GEN.1;https://archive.org/details/oldtestamentingr01swet
Neh.11.32,9QL,confirmed_unrepresented_in_lxx_control,,Neh.11.32-35,10,Недостаточно данных,medium,GreekDoc marks Neh.11.32 N/A; CrossWire source proceeds from target 11.31 to target 11.36.,В проверенных LXX-контролях отдельная строка не представлена; проекция намеренно не дублирует соседний греческий текст. Исчерпывающий поиск по всем древним греческим свидетелям не доказан.,https://crosswire.org/sword/modules/ModInfo.jsp?modName=LXX;https://www.die-bibel.de/en/bible/LXX/GEN.1;https://archive.org/details/oldtestamentingr01swet
Neh.11.33,9QM,confirmed_unrepresented_in_lxx_control,,Neh.11.32-35,10,Недостаточно данных,medium,GreekDoc marks Neh.11.33 N/A; CrossWire source proceeds from target 11.31 to target 11.36.,В проверенных LXX-контролях отдельная строка не представлена; проекция намеренно не дублирует соседний греческий текст. Исчерпывающий поиск по всем древним греческим свидетелям не доказан.,https://crosswire.org/sword/modules/ModInfo.jsp?modName=LXX;https://www.die-bibel.de/en/bible/LXX/GEN.1;https://archive.org/details/oldtestamentingr01swet
Neh.11.34,9QN,confirmed_unrepresented_in_lxx_control,,Neh.11.32-35,10,Недостаточно данных,medium,GreekDoc marks Neh.11.34 N/A; CrossWire source proceeds from target 11.31 to target 11.36.,В проверенных LXX-контролях отдельная строка не представлена; проекция намеренно не дублирует соседний греческий текст. Исчерпывающий поиск по всем древним греческим свидетелям не доказан.,https://crosswire.org/sword/modules/ModInfo.jsp?modName=LXX;https://www.die-bibel.de/en/bible/LXX/GEN.1;https://archive.org/details/oldtestamentingr01swet
Neh.11.35,9QO,confirmed_unrepresented_in_lxx_control,,Neh.11.32-35,10,Недостаточно данных,medium,GreekDoc marks Neh.11.35 N/A; CrossWire source proceeds from target 11.31 to target 11.36.,В проверенных LXX-контролях отдельная строка не представлена; проекция намеренно не дублирует соседний греческий текст. Исчерпывающий поиск по всем древним греческим свидетелям не доказан.,https://crosswire.org/sword/modules/ModInfo.jsp?modName=LXX;https://www.die-bibel.de/en/bible/LXX/GEN.1;https://archive.org/details/oldtestamentingr01swet
Neh.12.4,9QT,confirmed_unrepresented_in_lxx_control,,Neh.12.4-6,10,Недостаточно данных,medium,GreekDoc marks Neh.12.4 N/A; CrossWire source 12.4 resumes with target 12.7 content.,В проверенных LXX-контролях отдельная строка не представлена; проекция намеренно не дублирует соседний греческий текст. Исчерпывающий поиск по всем древним греческим свидетелям не доказан.,https://crosswire.org/sword/modules/ModInfo.jsp?modName=LXX;https://www.die-bibel.de/en/bible/LXX/GEN.1;https://archive.org/details/oldtestamentingr01swet
Neh.12.5,9QU,confirmed_unrepresented_in_lxx_control,,Neh.12.4-6,10,Недостаточно данных,medium,GreekDoc marks Neh.12.5 N/A; CrossWire source 12.4 resumes with target 12.7 content.,В проверенных LXX-контролях отдельная строка не представлена; проекция намеренно не дублирует соседний греческий текст. Исчерпывающий поиск по всем древним греческим свидетелям не доказан.,https://crosswire.org/sword/modules/ModInfo.jsp?modName=LXX;https://www.die-bibel.de/en/bible/LXX/GEN.1;https://archive.org/details/oldtestamentingr01swet
Neh.12.6,9QV,confirmed_unrepresented_in_lxx_control,,Neh.12.4-6,10,Недостаточно данных,medium,GreekDoc marks Neh.12.6 N/A; CrossWire source 12.4 resumes with target 12.7 content.,В проверенных LXX-контролях отдельная строка не представлена; проекция намеренно не дублирует соседний греческий текст. Исчерпывающий поиск по всем древним греческим свидетелям не доказан.,https://crosswire.org/sword/modules/ModInfo.jsp?modName=LXX;https://www.die-bibel.de/en/bible/LXX/GEN.1;https://archive.org/details/oldtestamentingr01swet
Esth.4.6,9UP,confirmed_unrepresented_in_lxx_control,,,10,Недостаточно данных,medium,GreekDoc marks target 4.6 N/A in all displayed controls. CrossWire source 4.6 resumes with target 4.7 content.,В проверенных LXX-контролях отдельная строка не представлена; проекция намеренно не дублирует соседний греческий текст. Исчерпывающий поиск по всем древним греческим свидетелям не доказан.,https://crosswire.org/sword/modules/ModInfo.jsp?modName=LXX;https://www.die-bibel.de/en/bible/LXX/GEN.1;https://archive.org/details/oldtestamentingr01swet
Esth.9.5,9WO,confirmed_unrepresented_in_lxx_control,,,10,Недостаточно данных,medium,GreekDoc marks target 9.5 N/A in all displayed controls. CrossWire source 9.5 resumes with target 9.6 Shushan-five-hundred content.,В проверенных LXX-контролях отдельная строка не представлена; проекция намеренно не дублирует соседний греческий текст. Исчерпывающий поиск по всем древним греческим свидетелям не доказан.,https://crosswire.org/sword/modules/ModInfo.jsp?modName=LXX;https://www.die-bibel.de/en/bible/LXX/GEN.1;https://archive.org/details/oldtestamentingr01swet
Esth.9.30,9XD,confirmed_unrepresented_in_lxx_control,,,10,Недостаточно данных,medium,GreekDoc marks target 9.30 N/A in all displayed controls. CrossWire source 9.29 resumes with target 9.31 content.,В проверенных LXX-контролях отдельная строка не представлена; проекция намеренно не дублирует соседний греческий текст. Исчерпывающий поиск по всем древним греческим свидетелям не доказан.,https://crosswire.org/sword/modules/ModInfo.jsp?modName=LXX;https://www.die-bibel.de/en/bible/LXX/GEN.1;https://archive.org/details/oldtestamentingr01swet
Job.23.14,AD6,confirmed_unrepresented_in_lxx_control,,,10,Недостаточно данных,medium,"GreekDoc marks Job.23.14 N/A. CrossWire compact source Job.23.14 begins with the Therefore/I am troubled line corresponding to KJV Job.23.15, so target 23.14 is not embedded in a neighboring CrossWire row.",В проверенных LXX-контролях отдельная строка не представлена; проекция намеренно не дублирует соседний греческий текст. Исчерпывающий поиск по всем древним греческим свидетелям не доказан.,https://crosswire.org/sword/modules/ModInfo.jsp?modName=LXX;https://www.die-bibel.de/en/bible/LXX/GEN.1;https://archive.org/details/oldtestamentingr01swet
Prov.4.7,CQA,confirmed_unrepresented_in_lxx_control,,,10,Недостаточно данных,medium,GreekDoc marks the wisdom-is-principal row 4.7 N/A. CrossWire source 4.7 resumes with target 4.8 content.,В проверенных LXX-контролях отдельная строка не представлена; проекция намеренно не дублирует соседний греческий текст. Исчерпывающий поиск по всем древним греческим свидетелям не доказан.,https://crosswire.org/sword/modules/ModInfo.jsp?modName=LXX;https://www.die-bibel.de/en/bible/LXX/GEN.1;https://archive.org/details/oldtestamentingr01swet
Prov.11.4,CVP,confirmed_unrepresented_in_lxx_control,,,10,Недостаточно данных,medium,GreekDoc marks the riches-profit-not row 11.4 N/A. CrossWire source 11.4 resumes with target 11.5 content.,В проверенных LXX-контролях отдельная строка не представлена; проекция намеренно не дублирует соседний греческий текст. Исчерпывающий поиск по всем древним греческим свидетелям не доказан.,https://crosswire.org/sword/modules/ModInfo.jsp?modName=LXX;https://www.die-bibel.de/en/bible/LXX/GEN.1;https://archive.org/details/oldtestamentingr01swet
Prov.15.31,CZR,confirmed_unrepresented_in_lxx_control,,,10,Недостаточно данных,medium,GreekDoc marks the ear-hearing-reproof row 15.31 N/A. CrossWire source 15.31 resumes with target 15.32 content.,В проверенных LXX-контролях отдельная строка не представлена; проекция намеренно не дублирует соседний греческий текст. Исчерпывающий поиск по всем древним греческим свидетелям не доказан.,https://crosswire.org/sword/modules/ModInfo.jsp?modName=LXX;https://www.die-bibel.de/en/bible/LXX/GEN.1;https://archive.org/details/oldtestamentingr01swet
Prov.16.1,CZU,confirmed_unrepresented_in_lxx_control,,Prov.16.1-3,10,Недостаточно данных,medium,GreekDoc marks the preparations-of-heart row 16.1 N/A in the displayed LXX controls.,В проверенных LXX-контролях отдельная строка не представлена; проекция намеренно не дублирует соседний греческий текст. Исчерпывающий поиск по всем древним греческим свидетелям не доказан.,https://crosswire.org/sword/modules/ModInfo.jsp?modName=LXX;https://www.die-bibel.de/en/bible/LXX/GEN.1;https://archive.org/details/oldtestamentingr01swet
Prov.16.2,CZV,unrepresented_as_kjv_semantic_row_lxx_variant_present,Prov.16.1,Prov.16.1-3,10,Недостаточно данных,medium,CrossWire source 16.1 and GreekDoc row 16.2 preserve a nearby LXX variant about works being manifest before God and the wicked perishing in an evil day. It is not the KJV-semantic ways-clean-in-own-eyes proverb and must not be imported as target 16.2.,В проверенных LXX-контролях отдельная строка не представлена; проекция намеренно не дублирует соседний греческий текст. Исчерпывающий поиск по всем древним греческим свидетелям не доказан.,https://crosswire.org/sword/modules/ModInfo.jsp?modName=LXX;https://www.die-bibel.de/en/bible/LXX/GEN.1;https://archive.org/details/oldtestamentingr01swet
Prov.16.3,CZW,confirmed_unrepresented_in_lxx_control,,Prov.16.1-3,10,Недостаточно данных,medium,GreekDoc marks the commit-thy-works row 16.3 N/A in the displayed LXX controls.,В проверенных LXX-контролях отдельная строка не представлена; проекция намеренно не дублирует соседний греческий текст. Исчерпывающий поиск по всем древним греческим свидетелям не доказан.,https://crosswire.org/sword/modules/ModInfo.jsp?modName=LXX;https://www.die-bibel.de/en/bible/LXX/GEN.1;https://archive.org/details/oldtestamentingr01swet
Prov.18.23,D25,confirmed_unrepresented_in_lxx_control,,Prov.18.23-24,10,Недостаточно данных,medium,GreekDoc marks the poor-using-entreaties row 18.23 N/A.,В проверенных LXX-контролях отдельная строка не представлена; проекция намеренно не дублирует соседний греческий текст. Исчерпывающий поиск по всем древним греческим свидетелям не доказан.,https://crosswire.org/sword/modules/ModInfo.jsp?modName=LXX;https://www.die-bibel.de/en/bible/LXX/GEN.1;https://archive.org/details/oldtestamentingr01swet
Prov.18.24,D26,confirmed_unrepresented_in_lxx_control,,Prov.18.23-24,10,Недостаточно данных,medium,GreekDoc marks the friend-sticking-closer-than-brother row 18.24 N/A.,В проверенных LXX-контролях отдельная строка не представлена; проекция намеренно не дублирует соседний греческий текст. Исчерпывающий поиск по всем древним греческим свидетелям не доказан.,https://crosswire.org/sword/modules/ModInfo.jsp?modName=LXX;https://www.die-bibel.de/en/bible/LXX/GEN.1;https://archive.org/details/oldtestamentingr01swet
Prov.19.1,D27,confirmed_unrepresented_in_lxx_control,,Prov.19.1-2,10,Недостаточно данных,medium,GreekDoc marks the poor-walking-in-integrity row 19.1 N/A. CrossWire source 19.1 resumes with target 19.3 content.,В проверенных LXX-контролях отдельная строка не представлена; проекция намеренно не дублирует соседний греческий текст. Исчерпывающий поиск по всем древним греческим свидетелям не доказан.,https://crosswire.org/sword/modules/ModInfo.jsp?modName=LXX;https://www.die-bibel.de/en/bible/LXX/GEN.1;https://archive.org/details/oldtestamentingr01swet
Prov.19.2,D28,confirmed_unrepresented_in_lxx_control,,Prov.19.1-2,10,Недостаточно данных,medium,GreekDoc marks the soul-without-knowledge row 19.2 N/A. CrossWire source 19.1 resumes with target 19.3 content.,В проверенных LXX-контролях отдельная строка не представлена; проекция намеренно не дублирует соседний греческий текст. Исчерпывающий поиск по всем древним греческим свидетелям не доказан.,https://crosswire.org/sword/modules/ModInfo.jsp?modName=LXX;https://www.die-bibel.de/en/bible/LXX/GEN.1;https://archive.org/details/oldtestamentingr01swet
Prov.20.14,D3D,confirmed_unrepresented_in_lxx_control,,Prov.20.14-19,10,Недостаточно данных,medium,GreekDoc marks the buyer-saying-naught row 20.14 N/A.,В проверенных LXX-контролях отдельная строка не представлена; проекция намеренно не дублирует соседний греческий текст. Исчерпывающий поиск по всем древним греческим свидетелям не доказан.,https://crosswire.org/sword/modules/ModInfo.jsp?modName=LXX;https://www.die-bibel.de/en/bible/LXX/GEN.1;https://archive.org/details/oldtestamentingr01swet
Prov.20.15,D3E,confirmed_unrepresented_in_lxx_control,,Prov.20.14-19,10,Недостаточно данных,medium,GreekDoc marks the lips-of-knowledge row 20.15 N/A.,В проверенных LXX-контролях отдельная строка не представлена; проекция намеренно не дублирует соседний греческий текст. Исчерпывающий поиск по всем древним греческим свидетелям не доказан.,https://crosswire.org/sword/modules/ModInfo.jsp?modName=LXX;https://www.die-bibel.de/en/bible/LXX/GEN.1;https://archive.org/details/oldtestamentingr01swet
Prov.20.16,D3F,confirmed_unrepresented_in_lxx_control,,Prov.20.14-19,10,Недостаточно данных,medium,GreekDoc marks the garment-for-surety row 20.16 N/A.,В проверенных LXX-контролях отдельная строка не представлена; проекция намеренно не дублирует соседний греческий текст. Исчерпывающий поиск по всем древним греческим свидетелям не доказан.,https://crosswire.org/sword/modules/ModInfo.jsp?modName=LXX;https://www.die-bibel.de/en/bible/LXX/GEN.1;https://archive.org/details/oldtestamentingr01swet
Prov.20.17,D3G,confirmed_unrepresented_in_lxx_control,,Prov.20.14-19,10,Недостаточно данных,medium,GreekDoc marks the bread-of-deceit row 20.17 N/A.,В проверенных LXX-контролях отдельная строка не представлена; проекция намеренно не дублирует соседний греческий текст. Исчерпывающий поиск по всем древним греческим свидетелям не доказан.,https://crosswire.org/sword/modules/ModInfo.jsp?modName=LXX;https://www.die-bibel.de/en/bible/LXX/GEN.1;https://archive.org/details/oldtestamentingr01swet
Prov.20.18,D3H,confirmed_unrepresented_in_lxx_control,,Prov.20.14-19,10,Недостаточно данных,medium,GreekDoc marks the counsel-before-war row 20.18 N/A.,В проверенных LXX-контролях отдельная строка не представлена; проекция намеренно не дублирует соседний греческий текст. Исчерпывающий поиск по всем древним греческим свидетелям не доказан.,https://crosswire.org/sword/modules/ModInfo.jsp?modName=LXX;https://www.die-bibel.de/en/bible/LXX/GEN.1;https://archive.org/details/oldtestamentingr01swet
Prov.20.19,D3I,confirmed_unrepresented_in_lxx_control,,Prov.20.14-19,10,Недостаточно данных,medium,GreekDoc marks the talebearer row 20.19 N/A.,В проверенных LXX-контролях отдельная строка не представлена; проекция намеренно не дублирует соседний греческий текст. Исчерпывающий поиск по всем древним греческим свидетелям не доказан.,https://crosswire.org/sword/modules/ModInfo.jsp?modName=LXX;https://www.die-bibel.de/en/bible/LXX/GEN.1;https://archive.org/details/oldtestamentingr01swet
Prov.21.5,D3Y,confirmed_unrepresented_in_lxx_control,,,10,Недостаточно данных,medium,GreekDoc marks the thoughts-of-the-diligent row 21.5 N/A. CrossWire source 21.5 resumes with target 21.6 content.,В проверенных LXX-контролях отдельная строка не представлена; проекция намеренно не дублирует соседний греческий текст. Исчерпывающий поиск по всем древним греческим свидетелям не доказан.,https://crosswire.org/sword/modules/ModInfo.jsp?modName=LXX;https://www.die-bibel.de/en/bible/LXX/GEN.1;https://archive.org/details/oldtestamentingr01swet
Prov.22.6,D4U,confirmed_unrepresented_in_lxx_control,,,10,Недостаточно данных,medium,GreekDoc marks the train-up-a-child row 22.6 N/A. CrossWire source 22.6 resumes with target 22.7 content.,В проверенных LXX-контролях отдельная строка не представлена; проекция намеренно не дублирует соседний греческий текст. Исчерпывающий поиск по всем древним греческим свидетелям не доказан.,https://crosswire.org/sword/modules/ModInfo.jsp?modName=LXX;https://www.die-bibel.de/en/bible/LXX/GEN.1;https://archive.org/details/oldtestamentingr01swet
Isa.2.22,DNW,confirmed_unrepresented_in_lxx_control,,,10,Недостаточно данных,medium,"GreekDoc marks target Isa.2.22 N/A in both displayed Greek columns. CrossWire chapter 2 ends after source 2.21, which aligns directly with target 2.21.",В проверенных LXX-контролях отдельная строка не представлена; проекция намеренно не дублирует соседний греческий текст. Исчерпывающий поиск по всем древним греческим свидетелям не доказан.,https://crosswire.org/sword/modules/ModInfo.jsp?modName=LXX;https://www.die-bibel.de/en/bible/LXX/GEN.1;https://archive.org/details/oldtestamentingr01swet
Isa.56.12,EHA,confirmed_unrepresented_in_lxx_control,,,10,Недостаточно данных,medium,"GreekDoc marks target Isa.56.12 N/A in both displayed Greek columns. CrossWire chapter 56 ends after source 56.11, which aligns directly with target 56.11.",В проверенных LXX-контролях отдельная строка не представлена; проекция намеренно не дублирует соседний греческий текст. Исчерпывающий поиск по всем древним греческим свидетелям не доказан.,https://crosswire.org/sword/modules/ModInfo.jsp?modName=LXX;https://www.die-bibel.de/en/bible/LXX/GEN.1;https://archive.org/details/oldtestamentingr01swet
Jer.7.1,ER5,confirmed_unrepresented_in_lxx_control,,,10,Недостаточно данных,medium,GreekDoc marks target Jer.7.1 N/A in the displayed LXX controls. Keep the fixed KJV-grid row blank.,В проверенных LXX-контролях отдельная строка не представлена; проекция намеренно не дублирует соседний греческий текст. Исчерпывающий поиск по всем древним греческим свидетелям не доказан.,https://crosswire.org/sword/modules/ModInfo.jsp?modName=LXX;https://www.die-bibel.de/en/bible/LXX/GEN.1;https://archive.org/details/oldtestamentingr01swet
Jer.8.11,ESD,confirmed_unrepresented_in_lxx_control,,Jer.8.11-12,10,Недостаточно данных,medium,GreekDoc marks target Jer.8.11 N/A in the displayed LXX controls. Keep the fixed KJV-grid row blank.,В проверенных LXX-контролях отдельная строка не представлена; проекция намеренно не дублирует соседний греческий текст. Исчерпывающий поиск по всем древним греческим свидетелям не доказан.,https://crosswire.org/sword/modules/ModInfo.jsp?modName=LXX;https://www.die-bibel.de/en/bible/LXX/GEN.1;https://archive.org/details/oldtestamentingr01swet
Jer.8.12,ESE,confirmed_unrepresented_in_lxx_control,,Jer.8.11-12,10,Недостаточно данных,medium,GreekDoc marks target Jer.8.12 N/A in the displayed LXX controls. Keep the fixed KJV-grid row blank.,В проверенных LXX-контролях отдельная строка не представлена; проекция намеренно не дублирует соседний греческий текст. Исчерпывающий поиск по всем древним греческим свидетелям не доказан.,https://crosswire.org/sword/modules/ModInfo.jsp?modName=LXX;https://www.die-bibel.de/en/bible/LXX/GEN.1;https://archive.org/details/oldtestamentingr01swet
Jer.10.6,ETK,confirmed_unrepresented_in_lxx_control,,Jer.10.6-8,10,Недостаточно данных,medium,GreekDoc marks target Jer.10.6 N/A in the displayed LXX controls. Keep the fixed KJV-grid row blank.,В проверенных LXX-контролях отдельная строка не представлена; проекция намеренно не дублирует соседний греческий текст. Исчерпывающий поиск по всем древним греческим свидетелям не доказан.,https://crosswire.org/sword/modules/ModInfo.jsp?modName=LXX;https://www.die-bibel.de/en/bible/LXX/GEN.1;https://archive.org/details/oldtestamentingr01swet
Jer.10.7,ETL,confirmed_unrepresented_in_lxx_control,,Jer.10.6-8,10,Недостаточно данных,medium,GreekDoc marks target Jer.10.7 N/A in the displayed LXX controls. Keep the fixed KJV-grid row blank.,В проверенных LXX-контролях отдельная строка не представлена; проекция намеренно не дублирует соседний греческий текст. Исчерпывающий поиск по всем древним греческим свидетелям не доказан.,https://crosswire.org/sword/modules/ModInfo.jsp?modName=LXX;https://www.die-bibel.de/en/bible/LXX/GEN.1;https://archive.org/details/oldtestamentingr01swet
Jer.10.8,ETM,confirmed_unrepresented_in_lxx_control,,Jer.10.6-8,10,Недостаточно данных,medium,GreekDoc marks target Jer.10.8 N/A in the displayed LXX controls. Keep the fixed KJV-grid row blank.,В проверенных LXX-контролях отдельная строка не представлена; проекция намеренно не дублирует соседний греческий текст. Исчерпывающий поиск по всем древним греческим свидетелям не доказан.,https://crosswire.org/sword/modules/ModInfo.jsp?modName=LXX;https://www.die-bibel.de/en/bible/LXX/GEN.1;https://archive.org/details/oldtestamentingr01swet
Jer.10.10,ETO,confirmed_unrepresented_as_distinct_kjv_semantic_row_in_lxx_control,,,10,Недостаточно данных,medium,"GreekDoc displays an idol-description row under target 10.10, duplicating material semantically aligned elsewhere rather than the KJV living-God row. CrossWire source 10.6 aligns with target 10.9 and source 10.7 resumes with target 10.11. Keep the fixed KJV-grid row blank unless an ancient Greek source for the KJV-semantic row is found.",В проверенных LXX-контролях отдельная строка не представлена; проекция намеренно не дублирует соседний греческий текст. Исчерпывающий поиск по всем древним греческим свидетелям не доказан.,https://crosswire.org/sword/modules/ModInfo.jsp?modName=LXX;https://www.die-bibel.de/en/bible/LXX/GEN.1;https://archive.org/details/oldtestamentingr01swet
Jer.11.7,EUA,confirmed_unrepresented_in_lxx_control,,,10,Недостаточно данных,medium,GreekDoc marks target Jer.11.7 N/A in the displayed LXX controls. Keep the fixed KJV-grid row blank.,В проверенных LXX-контролях отдельная строка не представлена; проекция намеренно не дублирует соседний греческий текст. Исчерпывающий поиск по всем древним греческим свидетелям не доказан.,https://crosswire.org/sword/modules/ModInfo.jsp?modName=LXX;https://www.die-bibel.de/en/bible/LXX/GEN.1;https://archive.org/details/oldtestamentingr01swet
Jer.17.1,EXR,confirmed_unrepresented_in_lxx_control,,Jer.17.1-4,10,Недостаточно данных,medium,GreekDoc marks target Jer.17.1 N/A in the displayed LXX controls. Keep the fixed KJV-grid row blank.,В проверенных LXX-контролях отдельная строка не представлена; проекция намеренно не дублирует соседний греческий текст. Исчерпывающий поиск по всем древним греческим свидетелям не доказан.,https://crosswire.org/sword/modules/ModInfo.jsp?modName=LXX;https://www.die-bibel.de/en/bible/LXX/GEN.1;https://archive.org/details/oldtestamentingr01swet
Jer.17.2,EXS,confirmed_unrepresented_in_lxx_control,,Jer.17.1-4,10,Недостаточно данных,medium,GreekDoc marks target Jer.17.2 N/A in the displayed LXX controls. Keep the fixed KJV-grid row blank.,В проверенных LXX-контролях отдельная строка не представлена; проекция намеренно не дублирует соседний греческий текст. Исчерпывающий поиск по всем древним греческим свидетелям не доказан.,https://crosswire.org/sword/modules/ModInfo.jsp?modName=LXX;https://www.die-bibel.de/en/bible/LXX/GEN.1;https://archive.org/details/oldtestamentingr01swet
Jer.17.3,EXT,confirmed_unrepresented_in_lxx_control,,Jer.17.1-4,10,Недостаточно данных,medium,GreekDoc marks target Jer.17.3 N/A in the displayed LXX controls. Keep the fixed KJV-grid row blank.,В проверенных LXX-контролях отдельная строка не представлена; проекция намеренно не дублирует соседний греческий текст. Исчерпывающий поиск по всем древним греческим свидетелям не доказан.,https://crosswire.org/sword/modules/ModInfo.jsp?modName=LXX;https://www.die-bibel.de/en/bible/LXX/GEN.1;https://archive.org/details/oldtestamentingr01swet
Jer.17.4,EXU,confirmed_unrepresented_in_lxx_control,,Jer.17.1-4,10,Недостаточно данных,medium,GreekDoc marks target Jer.17.4 N/A in the displayed LXX controls. Keep the fixed KJV-grid row blank.,В проверенных LXX-контролях отдельная строка не представлена; проекция намеренно не дублирует соседний греческий текст. Исчерпывающий поиск по всем древним греческим свидетелям не доказан.,https://crosswire.org/sword/modules/ModInfo.jsp?modName=LXX;https://www.die-bibel.de/en/bible/LXX/GEN.1;https://archive.org/details/oldtestamentingr01swet
Jer.25.14,F31,confirmed_unrepresented_in_lxx_control,,,10,Недостаточно данных,medium,GreekDoc marks target Jer.25.14 N/A in the displayed LXX controls. Keep the fixed KJV-grid row blank.,В проверенных LXX-контролях отдельная строка не представлена; проекция намеренно не дублирует соседний греческий текст. Исчерпывающий поиск по всем древним греческим свидетелям не доказан.,https://crosswire.org/sword/modules/ModInfo.jsp?modName=LXX;https://www.die-bibel.de/en/bible/LXX/GEN.1;https://archive.org/details/oldtestamentingr01swet
Jer.27.1,F4E,confirmed_unrepresented_in_lxx_control,,,10,Недостаточно данных,medium,GreekDoc marks target Jer.27.1 N/A in the displayed LXX controls. Keep the fixed KJV-grid row blank.,В проверенных LXX-контролях отдельная строка не представлена; проекция намеренно не дублирует соседний греческий текст. Исчерпывающий поиск по всем древним греческим свидетелям не доказан.,https://crosswire.org/sword/modules/ModInfo.jsp?modName=LXX;https://www.die-bibel.de/en/bible/LXX/GEN.1;https://archive.org/details/oldtestamentingr01swet
Jer.27.7,F4K,confirmed_unrepresented_in_lxx_control,,,10,Недостаточно данных,medium,GreekDoc marks target Jer.27.7 N/A in the displayed LXX controls. Keep the fixed KJV-grid row blank.,В проверенных LXX-контролях отдельная строка не представлена; проекция намеренно не дублирует соседний греческий текст. Исчерпывающий поиск по всем древним греческим свидетелям не доказан.,https://crosswire.org/sword/modules/ModInfo.jsp?modName=LXX;https://www.die-bibel.de/en/bible/LXX/GEN.1;https://archive.org/details/oldtestamentingr01swet
Jer.27.13,F4Q,confirmed_unrepresented_in_lxx_control,,,10,Недостаточно данных,medium,GreekDoc marks target Jer.27.13 N/A in the displayed LXX controls. Keep the fixed KJV-grid row blank.,В проверенных LXX-контролях отдельная строка не представлена; проекция намеренно не дублирует соседний греческий текст. Исчерпывающий поиск по всем древним греческим свидетелям не доказан.,https://crosswire.org/sword/modules/ModInfo.jsp?modName=LXX;https://www.die-bibel.de/en/bible/LXX/GEN.1;https://archive.org/details/oldtestamentingr01swet
Jer.27.21,F4Y,confirmed_unrepresented_in_lxx_control,,,10,Недостаточно данных,medium,GreekDoc marks target Jer.27.21 N/A in the displayed LXX controls. Keep the fixed KJV-grid row blank.,В проверенных LXX-контролях отдельная строка не представлена; проекция намеренно не дублирует соседний греческий текст. Исчерпывающий поиск по всем древним греческим свидетелям не доказан.,https://crosswire.org/sword/modules/ModInfo.jsp?modName=LXX;https://www.die-bibel.de/en/bible/LXX/GEN.1;https://archive.org/details/oldtestamentingr01swet
Jer.29.16,F5W,confirmed_unrepresented_in_lxx_control,,Jer.29.16-20,10,Недостаточно данных,medium,GreekDoc marks target Jer.29.16 N/A in the displayed LXX controls. Keep the fixed KJV-grid row blank.,В проверенных LXX-контролях отдельная строка не представлена; проекция намеренно не дублирует соседний греческий текст. Исчерпывающий поиск по всем древним греческим свидетелям не доказан.,https://crosswire.org/sword/modules/ModInfo.jsp?modName=LXX;https://www.die-bibel.de/en/bible/LXX/GEN.1;https://archive.org/details/oldtestamentingr01swet
Jer.29.17,F5X,confirmed_unrepresented_in_lxx_control,,Jer.29.16-20,10,Недостаточно данных,medium,GreekDoc marks target Jer.29.17 N/A in the displayed LXX controls. Keep the fixed KJV-grid row blank.,В проверенных LXX-контролях отдельная строка не представлена; проекция намеренно не дублирует соседний греческий текст. Исчерпывающий поиск по всем древним греческим свидетелям не доказан.,https://crosswire.org/sword/modules/ModInfo.jsp?modName=LXX;https://www.die-bibel.de/en/bible/LXX/GEN.1;https://archive.org/details/oldtestamentingr01swet
Jer.29.18,F5Y,confirmed_unrepresented_in_lxx_control,,Jer.29.16-20,10,Недостаточно данных,medium,GreekDoc marks target Jer.29.18 N/A in the displayed LXX controls. Keep the fixed KJV-grid row blank.,В проверенных LXX-контролях отдельная строка не представлена; проекция намеренно не дублирует соседний греческий текст. Исчерпывающий поиск по всем древним греческим свидетелям не доказан.,https://crosswire.org/sword/modules/ModInfo.jsp?modName=LXX;https://www.die-bibel.de/en/bible/LXX/GEN.1;https://archive.org/details/oldtestamentingr01swet
Jer.29.19,F5Z,confirmed_unrepresented_in_lxx_control,,Jer.29.16-20,10,Недостаточно данных,medium,GreekDoc marks target Jer.29.19 N/A in the displayed LXX controls. Keep the fixed KJV-grid row blank.,В проверенных LXX-контролях отдельная строка не представлена; проекция намеренно не дублирует соседний греческий текст. Исчерпывающий поиск по всем древним греческим свидетелям не доказан.,https://crosswire.org/sword/modules/ModInfo.jsp?modName=LXX;https://www.die-bibel.de/en/bible/LXX/GEN.1;https://archive.org/details/oldtestamentingr01swet
Jer.29.20,F60,confirmed_unrepresented_in_lxx_control,,Jer.29.16-20,10,Недостаточно данных,medium,GreekDoc marks target Jer.29.20 N/A in the displayed LXX controls. Keep the fixed KJV-grid row blank.,В проверенных LXX-контролях отдельная строка не представлена; проекция намеренно не дублирует соседний греческий текст. Исчерпывающий поиск по всем древним греческим свидетелям не доказан.,https://crosswire.org/sword/modules/ModInfo.jsp?modName=LXX;https://www.die-bibel.de/en/bible/LXX/GEN.1;https://archive.org/details/oldtestamentingr01swet
Jer.30.10,F6M,confirmed_unrepresented_in_lxx_control,,Jer.30.10-11,10,Недостаточно данных,medium,GreekDoc marks target Jer.30.10 N/A in the displayed LXX controls. Keep the fixed KJV-grid row blank.,В проверенных LXX-контролях отдельная строка не представлена; проекция намеренно не дублирует соседний греческий текст. Исчерпывающий поиск по всем древним греческим свидетелям не доказан.,https://crosswire.org/sword/modules/ModInfo.jsp?modName=LXX;https://www.die-bibel.de/en/bible/LXX/GEN.1;https://archive.org/details/oldtestamentingr01swet
Jer.30.11,F6N,confirmed_unrepresented_in_lxx_control,,Jer.30.10-11,10,Недостаточно данных,medium,GreekDoc marks target Jer.30.11 N/A in the displayed LXX controls. Keep the fixed KJV-grid row blank.,В проверенных LXX-контролях отдельная строка не представлена; проекция намеренно не дублирует соседний греческий текст. Исчерпывающий поиск по всем древним греческим свидетелям не доказан.,https://crosswire.org/sword/modules/ModInfo.jsp?modName=LXX;https://www.die-bibel.de/en/bible/LXX/GEN.1;https://archive.org/details/oldtestamentingr01swet
Jer.30.15,F6R,confirmed_unrepresented_in_lxx_control,,,10,Недостаточно данных,medium,GreekDoc marks target Jer.30.15 N/A in the displayed LXX controls. Keep the fixed KJV-grid row blank.,В проверенных LXX-контролях отдельная строка не представлена; проекция намеренно не дублирует соседний греческий текст. Исчерпывающий поиск по всем древним греческим свидетелям не доказан.,https://crosswire.org/sword/modules/ModInfo.jsp?modName=LXX;https://www.die-bibel.de/en/bible/LXX/GEN.1;https://archive.org/details/oldtestamentingr01swet
Jer.30.22,F6Y,confirmed_unrepresented_in_lxx_control,,,10,Недостаточно данных,medium,GreekDoc marks target Jer.30.22 N/A in the displayed LXX controls. Keep the fixed KJV-grid row blank.,В проверенных LXX-контролях отдельная строка не представлена; проекция намеренно не дублирует соседний греческий текст. Исчерпывающий поиск по всем древним греческим свидетелям не доказан.,https://crosswire.org/sword/modules/ModInfo.jsp?modName=LXX;https://www.die-bibel.de/en/bible/LXX/GEN.1;https://archive.org/details/oldtestamentingr01swet
Jer.33.14,F9Q,confirmed_unrepresented_in_lxx_control,,Jer.33.14-26,10,Недостаточно данных,medium,GreekDoc marks target Jer.33.14 N/A in the displayed LXX controls. Keep the fixed KJV-grid row blank.,В проверенных LXX-контролях отдельная строка не представлена; проекция намеренно не дублирует соседний греческий текст. Исчерпывающий поиск по всем древним греческим свидетелям не доказан.,https://crosswire.org/sword/modules/ModInfo.jsp?modName=LXX;https://www.die-bibel.de/en/bible/LXX/GEN.1;https://archive.org/details/oldtestamentingr01swet
Jer.33.15,F9R,confirmed_unrepresented_in_lxx_control,,Jer.33.14-26,10,Недостаточно данных,medium,GreekDoc marks target Jer.33.15 N/A in the displayed LXX controls. Keep the fixed KJV-grid row blank.,В проверенных LXX-контролях отдельная строка не представлена; проекция намеренно не дублирует соседний греческий текст. Исчерпывающий поиск по всем древним греческим свидетелям не доказан.,https://crosswire.org/sword/modules/ModInfo.jsp?modName=LXX;https://www.die-bibel.de/en/bible/LXX/GEN.1;https://archive.org/details/oldtestamentingr01swet
Jer.33.16,F9S,confirmed_unrepresented_in_lxx_control,,Jer.33.14-26,10,Недостаточно данных,medium,GreekDoc marks target Jer.33.16 N/A in the displayed LXX controls. Keep the fixed KJV-grid row blank.,В проверенных LXX-контролях отдельная строка не представлена; проекция намеренно не дублирует соседний греческий текст. Исчерпывающий поиск по всем древним греческим свидетелям не доказан.,https://crosswire.org/sword/modules/ModInfo.jsp?modName=LXX;https://www.die-bibel.de/en/bible/LXX/GEN.1;https://archive.org/details/oldtestamentingr01swet
Jer.33.17,F9T,confirmed_unrepresented_in_lxx_control,,Jer.33.14-26,10,Недостаточно данных,medium,GreekDoc marks target Jer.33.17 N/A in the displayed LXX controls. Keep the fixed KJV-grid row blank.,В проверенных LXX-контролях отдельная строка не представлена; проекция намеренно не дублирует соседний греческий текст. Исчерпывающий поиск по всем древним греческим свидетелям не доказан.,https://crosswire.org/sword/modules/ModInfo.jsp?modName=LXX;https://www.die-bibel.de/en/bible/LXX/GEN.1;https://archive.org/details/oldtestamentingr01swet
Jer.33.18,F9U,confirmed_unrepresented_in_lxx_control,,Jer.33.14-26,10,Недостаточно данных,medium,GreekDoc marks target Jer.33.18 N/A in the displayed LXX controls. Keep the fixed KJV-grid row blank.,В проверенных LXX-контролях отдельная строка не представлена; проекция намеренно не дублирует соседний греческий текст. Исчерпывающий поиск по всем древним греческим свидетелям не доказан.,https://crosswire.org/sword/modules/ModInfo.jsp?modName=LXX;https://www.die-bibel.de/en/bible/LXX/GEN.1;https://archive.org/details/oldtestamentingr01swet
Jer.33.19,F9V,confirmed_unrepresented_in_lxx_control,,Jer.33.14-26,10,Недостаточно данных,medium,GreekDoc marks target Jer.33.19 N/A in the displayed LXX controls. Keep the fixed KJV-grid row blank.,В проверенных LXX-контролях отдельная строка не представлена; проекция намеренно не дублирует соседний греческий текст. Исчерпывающий поиск по всем древним греческим свидетелям не доказан.,https://crosswire.org/sword/modules/ModInfo.jsp?modName=LXX;https://www.die-bibel.de/en/bible/LXX/GEN.1;https://archive.org/details/oldtestamentingr01swet
Jer.33.20,F9W,confirmed_unrepresented_in_lxx_control,,Jer.33.14-26,10,Недостаточно данных,medium,GreekDoc marks target Jer.33.20 N/A in the displayed LXX controls. Keep the fixed KJV-grid row blank.,В проверенных LXX-контролях отдельная строка не представлена; проекция намеренно не дублирует соседний греческий текст. Исчерпывающий поиск по всем древним греческим свидетелям не доказан.,https://crosswire.org/sword/modules/ModInfo.jsp?modName=LXX;https://www.die-bibel.de/en/bible/LXX/GEN.1;https://archive.org/details/oldtestamentingr01swet
Jer.33.21,F9X,confirmed_unrepresented_in_lxx_control,,Jer.33.14-26,10,Недостаточно данных,medium,GreekDoc marks target Jer.33.21 N/A in the displayed LXX controls. Keep the fixed KJV-grid row blank.,В проверенных LXX-контролях отдельная строка не представлена; проекция намеренно не дублирует соседний греческий текст. Исчерпывающий поиск по всем древним греческим свидетелям не доказан.,https://crosswire.org/sword/modules/ModInfo.jsp?modName=LXX;https://www.die-bibel.de/en/bible/LXX/GEN.1;https://archive.org/details/oldtestamentingr01swet
Jer.33.22,F9Y,confirmed_unrepresented_in_lxx_control,,Jer.33.14-26,10,Недостаточно данных,medium,GreekDoc marks target Jer.33.22 N/A in the displayed LXX controls. Keep the fixed KJV-grid row blank.,В проверенных LXX-контролях отдельная строка не представлена; проекция намеренно не дублирует соседний греческий текст. Исчерпывающий поиск по всем древним греческим свидетелям не доказан.,https://crosswire.org/sword/modules/ModInfo.jsp?modName=LXX;https://www.die-bibel.de/en/bible/LXX/GEN.1;https://archive.org/details/oldtestamentingr01swet
Jer.33.23,F9Z,confirmed_unrepresented_in_lxx_control,,Jer.33.14-26,10,Недостаточно данных,medium,GreekDoc marks target Jer.33.23 N/A in the displayed LXX controls. Keep the fixed KJV-grid row blank.,В проверенных LXX-контролях отдельная строка не представлена; проекция намеренно не дублирует соседний греческий текст. Исчерпывающий поиск по всем древним греческим свидетелям не доказан.,https://crosswire.org/sword/modules/ModInfo.jsp?modName=LXX;https://www.die-bibel.de/en/bible/LXX/GEN.1;https://archive.org/details/oldtestamentingr01swet
Jer.33.24,FA0,confirmed_unrepresented_in_lxx_control,,Jer.33.14-26,10,Недостаточно данных,medium,GreekDoc marks target Jer.33.24 N/A in the displayed LXX controls. Keep the fixed KJV-grid row blank.,В проверенных LXX-контролях отдельная строка не представлена; проекция намеренно не дублирует соседний греческий текст. Исчерпывающий поиск по всем древним греческим свидетелям не доказан.,https://crosswire.org/sword/modules/ModInfo.jsp?modName=LXX;https://www.die-bibel.de/en/bible/LXX/GEN.1;https://archive.org/details/oldtestamentingr01swet
Jer.33.25,FA1,confirmed_unrepresented_in_lxx_control,,Jer.33.14-26,10,Недостаточно данных,medium,GreekDoc marks target Jer.33.25 N/A in the displayed LXX controls. Keep the fixed KJV-grid row blank.,В проверенных LXX-контролях отдельная строка не представлена; проекция намеренно не дублирует соседний греческий текст. Исчерпывающий поиск по всем древним греческим свидетелям не доказан.,https://crosswire.org/sword/modules/ModInfo.jsp?modName=LXX;https://www.die-bibel.de/en/bible/LXX/GEN.1;https://archive.org/details/oldtestamentingr01swet
Jer.33.26,FA2,confirmed_unrepresented_in_lxx_control,,Jer.33.14-26,10,Недостаточно данных,medium,GreekDoc marks target Jer.33.26 N/A in the displayed LXX controls. Keep the fixed KJV-grid row blank.,В проверенных LXX-контролях отдельная строка не представлена; проекция намеренно не дублирует соседний греческий текст. Исчерпывающий поиск по всем древним греческим свидетелям не доказан.,https://crosswire.org/sword/modules/ModInfo.jsp?modName=LXX;https://www.die-bibel.de/en/bible/LXX/GEN.1;https://archive.org/details/oldtestamentingr01swet
Jer.39.4,FDK,confirmed_unrepresented_in_lxx_control,,Jer.39.4-13,10,Недостаточно данных,medium,GreekDoc marks target Jer.39.4 N/A in the displayed LXX controls. Keep the fixed KJV-grid row blank.,В проверенных LXX-контролях отдельная строка не представлена; проекция намеренно не дублирует соседний греческий текст. Исчерпывающий поиск по всем древним греческим свидетелям не доказан.,https://crosswire.org/sword/modules/ModInfo.jsp?modName=LXX;https://www.die-bibel.de/en/bible/LXX/GEN.1;https://archive.org/details/oldtestamentingr01swet
Jer.39.5,FDL,confirmed_unrepresented_in_lxx_control,,Jer.39.4-13,10,Недостаточно данных,medium,GreekDoc marks target Jer.39.5 N/A in the displayed LXX controls. Keep the fixed KJV-grid row blank.,В проверенных LXX-контролях отдельная строка не представлена; проекция намеренно не дублирует соседний греческий текст. Исчерпывающий поиск по всем древним греческим свидетелям не доказан.,https://crosswire.org/sword/modules/ModInfo.jsp?modName=LXX;https://www.die-bibel.de/en/bible/LXX/GEN.1;https://archive.org/details/oldtestamentingr01swet
Jer.39.6,FDM,confirmed_unrepresented_in_lxx_control,,Jer.39.4-13,10,Недостаточно данных,medium,GreekDoc marks target Jer.39.6 N/A in the displayed LXX controls. Keep the fixed KJV-grid row blank.,В проверенных LXX-контролях отдельная строка не представлена; проекция намеренно не дублирует соседний греческий текст. Исчерпывающий поиск по всем древним греческим свидетелям не доказан.,https://crosswire.org/sword/modules/ModInfo.jsp?modName=LXX;https://www.die-bibel.de/en/bible/LXX/GEN.1;https://archive.org/details/oldtestamentingr01swet
Jer.39.7,FDN,confirmed_unrepresented_in_lxx_control,,Jer.39.4-13,10,Недостаточно данных,medium,GreekDoc marks target Jer.39.7 N/A in the displayed LXX controls. Keep the fixed KJV-grid row blank.,В проверенных LXX-контролях отдельная строка не представлена; проекция намеренно не дублирует соседний греческий текст. Исчерпывающий поиск по всем древним греческим свидетелям не доказан.,https://crosswire.org/sword/modules/ModInfo.jsp?modName=LXX;https://www.die-bibel.de/en/bible/LXX/GEN.1;https://archive.org/details/oldtestamentingr01swet
Jer.39.8,FDO,confirmed_unrepresented_in_lxx_control,,Jer.39.4-13,10,Недостаточно данных,medium,GreekDoc marks target Jer.39.8 N/A in the displayed LXX controls. Keep the fixed KJV-grid row blank.,В проверенных LXX-контролях отдельная строка не представлена; проекция намеренно не дублирует соседний греческий текст. Исчерпывающий поиск по всем древним греческим свидетелям не доказан.,https://crosswire.org/sword/modules/ModInfo.jsp?modName=LXX;https://www.die-bibel.de/en/bible/LXX/GEN.1;https://archive.org/details/oldtestamentingr01swet
Jer.39.9,FDP,confirmed_unrepresented_in_lxx_control,,Jer.39.4-13,10,Недостаточно данных,medium,GreekDoc marks target Jer.39.9 N/A in the displayed LXX controls. Keep the fixed KJV-grid row blank.,В проверенных LXX-контролях отдельная строка не представлена; проекция намеренно не дублирует соседний греческий текст. Исчерпывающий поиск по всем древним греческим свидетелям не доказан.,https://crosswire.org/sword/modules/ModInfo.jsp?modName=LXX;https://www.die-bibel.de/en/bible/LXX/GEN.1;https://archive.org/details/oldtestamentingr01swet
Jer.39.10,FDQ,confirmed_unrepresented_in_lxx_control,,Jer.39.4-13,10,Недостаточно данных,medium,GreekDoc marks target Jer.39.10 N/A in the displayed LXX controls. Keep the fixed KJV-grid row blank.,В проверенных LXX-контролях отдельная строка не представлена; проекция намеренно не дублирует соседний греческий текст. Исчерпывающий поиск по всем древним греческим свидетелям не доказан.,https://crosswire.org/sword/modules/ModInfo.jsp?modName=LXX;https://www.die-bibel.de/en/bible/LXX/GEN.1;https://archive.org/details/oldtestamentingr01swet
Jer.39.11,FDR,confirmed_unrepresented_in_lxx_control,,Jer.39.4-13,10,Недостаточно данных,medium,GreekDoc marks target Jer.39.11 N/A in the displayed LXX controls. Keep the fixed KJV-grid row blank.,В проверенных LXX-контролях отдельная строка не представлена; проекция намеренно не дублирует соседний греческий текст. Исчерпывающий поиск по всем древним греческим свидетелям не доказан.,https://crosswire.org/sword/modules/ModInfo.jsp?modName=LXX;https://www.die-bibel.de/en/bible/LXX/GEN.1;https://archive.org/details/oldtestamentingr01swet
Jer.39.12,FDS,confirmed_unrepresented_in_lxx_control,,Jer.39.4-13,10,Недостаточно данных,medium,GreekDoc marks target Jer.39.12 N/A in the displayed LXX controls. Keep the fixed KJV-grid row blank.,В проверенных LXX-контролях отдельная строка не представлена; проекция намеренно не дублирует соседний греческий текст. Исчерпывающий поиск по всем древним греческим свидетелям не доказан.,https://crosswire.org/sword/modules/ModInfo.jsp?modName=LXX;https://www.die-bibel.de/en/bible/LXX/GEN.1;https://archive.org/details/oldtestamentingr01swet
Jer.39.13,FDT,confirmed_unrepresented_in_lxx_control,,Jer.39.4-13,10,Недостаточно данных,medium,GreekDoc marks target Jer.39.13 N/A in the displayed LXX controls. Keep the fixed KJV-grid row blank.,В проверенных LXX-контролях отдельная строка не представлена; проекция намеренно не дублирует соседний греческий текст. Исчерпывающий поиск по всем древним греческим свидетелям не доказан.,https://crosswire.org/sword/modules/ModInfo.jsp?modName=LXX;https://www.die-bibel.de/en/bible/LXX/GEN.1;https://archive.org/details/oldtestamentingr01swet
Jer.46.1,FGV,confirmed_unrepresented_in_lxx_control,,,10,Недостаточно данных,medium,GreekDoc marks target Jer.46.1 N/A in the displayed LXX controls. Keep the fixed KJV-grid row blank.,В проверенных LXX-контролях отдельная строка не представлена; проекция намеренно не дублирует соседний греческий текст. Исчерпывающий поиск по всем древним греческим свидетелям не доказан.,https://crosswire.org/sword/modules/ModInfo.jsp?modName=LXX;https://www.die-bibel.de/en/bible/LXX/GEN.1;https://archive.org/details/oldtestamentingr01swet
Jer.46.26,FHK,confirmed_unrepresented_in_lxx_control,,,10,Недостаточно данных,medium,GreekDoc marks target Jer.46.26 N/A in the displayed LXX controls. Keep the fixed KJV-grid row blank.,В проверенных LXX-контролях отдельная строка не представлена; проекция намеренно не дублирует соседний греческий текст. Исчерпывающий поиск по всем древним греческим свидетелям не доказан.,https://crosswire.org/sword/modules/ModInfo.jsp?modName=LXX;https://www.die-bibel.de/en/bible/LXX/GEN.1;https://archive.org/details/oldtestamentingr01swet
Jer.48.45,FJ2,confirmed_unrepresented_in_lxx_control,,Jer.48.45-47,10,Недостаточно данных,medium,GreekDoc marks target Jer.48.45 N/A in the displayed LXX controls. Keep the fixed KJV-grid row blank.,В проверенных LXX-контролях отдельная строка не представлена; проекция намеренно не дублирует соседний греческий текст. Исчерпывающий поиск по всем древним греческим свидетелям не доказан.,https://crosswire.org/sword/modules/ModInfo.jsp?modName=LXX;https://www.die-bibel.de/en/bible/LXX/GEN.1;https://archive.org/details/oldtestamentingr01swet
Jer.48.46,FJ3,confirmed_unrepresented_in_lxx_control,,Jer.48.45-47,10,Недостаточно данных,medium,GreekDoc marks target Jer.48.46 N/A in the displayed LXX controls. Keep the fixed KJV-grid row blank.,В проверенных LXX-контролях отдельная строка не представлена; проекция намеренно не дублирует соседний греческий текст. Исчерпывающий поиск по всем древним греческим свидетелям не доказан.,https://crosswire.org/sword/modules/ModInfo.jsp?modName=LXX;https://www.die-bibel.de/en/bible/LXX/GEN.1;https://archive.org/details/oldtestamentingr01swet
Jer.48.47,FJ4,confirmed_unrepresented_in_lxx_control,,Jer.48.45-47,10,Недостаточно данных,medium,GreekDoc marks target Jer.48.47 N/A in the displayed LXX controls. Keep the fixed KJV-grid row blank.,В проверенных LXX-контролях отдельная строка не представлена; проекция намеренно не дублирует соседний греческий текст. Исчерпывающий поиск по всем древним греческим свидетелям не доказан.,https://crosswire.org/sword/modules/ModInfo.jsp?modName=LXX;https://www.die-bibel.de/en/bible/LXX/GEN.1;https://archive.org/details/oldtestamentingr01swet
Jer.49.6,FJA,confirmed_unrepresented_in_lxx_control,,,10,Недостаточно данных,medium,GreekDoc marks target Jer.49.6 N/A in the displayed LXX controls. Keep the fixed KJV-grid row blank.,В проверенных LXX-контролях отдельная строка не представлена; проекция намеренно не дублирует соседний греческий текст. Исчерпывающий поиск по всем древним греческим свидетелям не доказан.,https://crosswire.org/sword/modules/ModInfo.jsp?modName=LXX;https://www.die-bibel.de/en/bible/LXX/GEN.1;https://archive.org/details/oldtestamentingr01swet
Jer.51.45,FMQ,confirmed_unrepresented_in_lxx_control,,Jer.51.45-48,10,Недостаточно данных,medium,GreekDoc marks target Jer.51.45 N/A in the displayed LXX controls. Keep the fixed KJV-grid row blank.,В проверенных LXX-контролях отдельная строка не представлена; проекция намеренно не дублирует соседний греческий текст. Исчерпывающий поиск по всем древним греческим свидетелям не доказан.,https://crosswire.org/sword/modules/ModInfo.jsp?modName=LXX;https://www.die-bibel.de/en/bible/LXX/GEN.1;https://archive.org/details/oldtestamentingr01swet
Jer.51.46,FMR,confirmed_unrepresented_in_lxx_control,,Jer.51.45-48,10,Недостаточно данных,medium,GreekDoc marks target Jer.51.46 N/A in the displayed LXX controls. Keep the fixed KJV-grid row blank.,В проверенных LXX-контролях отдельная строка не представлена; проекция намеренно не дублирует соседний греческий текст. Исчерпывающий поиск по всем древним греческим свидетелям не доказан.,https://crosswire.org/sword/modules/ModInfo.jsp?modName=LXX;https://www.die-bibel.de/en/bible/LXX/GEN.1;https://archive.org/details/oldtestamentingr01swet
Jer.51.47,FMS,confirmed_unrepresented_in_lxx_control,,Jer.51.45-48,10,Недостаточно данных,medium,GreekDoc marks target Jer.51.47 N/A in the displayed LXX controls. Keep the fixed KJV-grid row blank.,В проверенных LXX-контролях отдельная строка не представлена; проекция намеренно не дублирует соседний греческий текст. Исчерпывающий поиск по всем древним греческим свидетелям не доказан.,https://crosswire.org/sword/modules/ModInfo.jsp?modName=LXX;https://www.die-bibel.de/en/bible/LXX/GEN.1;https://archive.org/details/oldtestamentingr01swet
Jer.51.48,FMT,confirmed_unrepresented_in_lxx_control,,Jer.51.45-48,10,Недостаточно данных,medium,GreekDoc marks target Jer.51.48 N/A in the displayed LXX controls. Keep the fixed KJV-grid row blank.,В проверенных LXX-контролях отдельная строка не представлена; проекция намеренно не дублирует соседний греческий текст. Исчерпывающий поиск по всем древним греческим свидетелям не доказан.,https://crosswire.org/sword/modules/ModInfo.jsp?modName=LXX;https://www.die-bibel.de/en/bible/LXX/GEN.1;https://archive.org/details/oldtestamentingr01swet
Jer.52.2,FNB,confirmed_unrepresented_in_lxx_control,,Jer.52.2-3,10,Недостаточно данных,medium,GreekDoc marks target Jer.52.2 N/A in the displayed LXX controls. Keep the fixed KJV-grid row blank.,В проверенных LXX-контролях отдельная строка не представлена; проекция намеренно не дублирует соседний греческий текст. Исчерпывающий поиск по всем древним греческим свидетелям не доказан.,https://crosswire.org/sword/modules/ModInfo.jsp?modName=LXX;https://www.die-bibel.de/en/bible/LXX/GEN.1;https://archive.org/details/oldtestamentingr01swet
Jer.52.3,FNC,confirmed_unrepresented_in_lxx_control,,Jer.52.2-3,10,Недостаточно данных,medium,GreekDoc marks target Jer.52.3 N/A in the displayed LXX controls. Keep the fixed KJV-grid row blank.,В проверенных LXX-контролях отдельная строка не представлена; проекция намеренно не дублирует соседний греческий текст. Исчерпывающий поиск по всем древним греческим свидетелям не доказан.,https://crosswire.org/sword/modules/ModInfo.jsp?modName=LXX;https://www.die-bibel.de/en/bible/LXX/GEN.1;https://archive.org/details/oldtestamentingr01swet
Jer.52.15,FNO,confirmed_unrepresented_in_lxx_control,,,10,Недостаточно данных,medium,GreekDoc marks target Jer.52.15 N/A in the displayed LXX controls. Keep the fixed KJV-grid row blank.,В проверенных LXX-контролях отдельная строка не представлена; проекция намеренно не дублирует соседний греческий текст. Исчерпывающий поиск по всем древним греческим свидетелям не доказан.,https://crosswire.org/sword/modules/ModInfo.jsp?modName=LXX;https://www.die-bibel.de/en/bible/LXX/GEN.1;https://archive.org/details/oldtestamentingr01swet
Jer.52.28,FO1,confirmed_unrepresented_in_lxx_control,,Jer.52.28-30,10,Недостаточно данных,medium,GreekDoc marks target Jer.52.28 N/A in the displayed LXX controls. Keep the fixed KJV-grid row blank.,В проверенных LXX-контролях отдельная строка не представлена; проекция намеренно не дублирует соседний греческий текст. Исчерпывающий поиск по всем древним греческим свидетелям не доказан.,https://crosswire.org/sword/modules/ModInfo.jsp?modName=LXX;https://www.die-bibel.de/en/bible/LXX/GEN.1;https://archive.org/details/oldtestamentingr01swet
Jer.52.29,FO2,confirmed_unrepresented_in_lxx_control,,Jer.52.28-30,10,Недостаточно данных,medium,GreekDoc marks target Jer.52.29 N/A in the displayed LXX controls. Keep the fixed KJV-grid row blank.,В проверенных LXX-контролях отдельная строка не представлена; проекция намеренно не дублирует соседний греческий текст. Исчерпывающий поиск по всем древним греческим свидетелям не доказан.,https://crosswire.org/sword/modules/ModInfo.jsp?modName=LXX;https://www.die-bibel.de/en/bible/LXX/GEN.1;https://archive.org/details/oldtestamentingr01swet
Jer.52.30,FO3,confirmed_unrepresented_in_lxx_control,,Jer.52.28-30,10,Недостаточно данных,medium,GreekDoc marks target Jer.52.30 N/A in the displayed LXX controls. Keep the fixed KJV-grid row blank.,В проверенных LXX-контролях отдельная строка не представлена; проекция намеренно не дублирует соседний греческий текст. Исчерпывающий поиск по всем древним греческим свидетелям не доказан.,https://crosswire.org/sword/modules/ModInfo.jsp?modName=LXX;https://www.die-bibel.de/en/bible/LXX/GEN.1;https://archive.org/details/oldtestamentingr01swet
Lam.3.29,FQ8,confirmed_unrepresented_in_lxx_control,,,10,Недостаточно данных,medium,GreekDoc marks target Lam.3.29 N/A in both displayed Greek witnesses. CrossWire source Lam.3.25 aligns with target 3.28 and source 3.26 with target 3.30.,В проверенных LXX-контролях отдельная строка не представлена; проекция намеренно не дублирует соседний греческий текст. Исчерпывающий поиск по всем древним греческим свидетелям не доказан.,https://crosswire.org/sword/modules/ModInfo.jsp?modName=LXX;https://www.die-bibel.de/en/bible/LXX/GEN.1;https://archive.org/details/oldtestamentingr01swet
Ezek.1.14,FSV,confirmed_unrepresented_in_lxx_control,,,10,Недостаточно данных,medium,GreekDoc marks target Ezek.1.14 N/A in both displayed Greek columns. CrossWire source 1.14 resumes with target 1.15 wheel content.,В проверенных LXX-контролях отдельная строка не представлена; проекция намеренно не дублирует соседний греческий текст. Исчерпывающий поиск по всем древним греческим свидетелям не доказан.,https://crosswire.org/sword/modules/ModInfo.jsp?modName=LXX;https://www.die-bibel.de/en/bible/LXX/GEN.1;https://archive.org/details/oldtestamentingr01swet
Ezek.27.31,GBL,confirmed_unrepresented_in_lxx_control,,,10,Недостаточно данных,medium,GreekDoc marks target Ezek.27.31 N/A in both displayed Greek columns. CrossWire source 27.31 resumes with target 27.32 lamentation content.,В проверенных LXX-контролях отдельная строка не представлена; проекция намеренно не дублирует соседний греческий текст. Исчерпывающий поиск по всем древним греческим свидетелям не доказан.,https://crosswire.org/sword/modules/ModInfo.jsp?modName=LXX;https://www.die-bibel.de/en/bible/LXX/GEN.1;https://archive.org/details/oldtestamentingr01swet
Ezek.32.19,GES,confirmed_unrepresented_in_lxx_control,,,10,Недостаточно данных,medium,GreekDoc marks target Ezek.32.19 N/A in both displayed Greek columns. CrossWire source 32.19 resumes with target 32.20 fallen-by-sword content.,В проверенных LXX-контролях отдельная строка не представлена; проекция намеренно не дублирует соседний греческий текст. Исчерпывающий поиск по всем древним греческим свидетелям не доказан.,https://crosswire.org/sword/modules/ModInfo.jsp?modName=LXX;https://www.die-bibel.de/en/bible/LXX/GEN.1;https://archive.org/details/oldtestamentingr01swet
Ezek.33.26,GFV,confirmed_unrepresented_in_lxx_control,,,10,Недостаточно данных,medium,GreekDoc marks target Ezek.33.26 N/A in both displayed Greek columns. CrossWire source 33.26 resumes with target 33.27 wastes/sword content.,В проверенных LXX-контролях отдельная строка не представлена; проекция намеренно не дублирует соседний греческий текст. Исчерпывающий поиск по всем древним греческим свидетелям не доказан.,https://crosswire.org/sword/modules/ModInfo.jsp?modName=LXX;https://www.die-bibel.de/en/bible/LXX/GEN.1;https://archive.org/details/oldtestamentingr01swet
Ezek.40.30,GLG,confirmed_unrepresented_in_lxx_control,,,10,Недостаточно данных,medium,"GreekDoc marks target Ezek.40.30 N/A in both displayed Greek columns. CrossWire source 40.29 aligns directly with target 40.29, and source 40.30 resumes with target 40.31 content.",В проверенных LXX-контролях отдельная строка не представлена; проекция намеренно не дублирует соседний греческий текст. Исчерпывающий поиск по всем древним греческим свидетелям не доказан.,https://crosswire.org/sword/modules/ModInfo.jsp?modName=LXX;https://www.die-bibel.de/en/bible/LXX/GEN.1;https://archive.org/details/oldtestamentingr01swet
